table_id,table_name,dimension,dimension_value,indicador,tipo_dato,periodo,periodo_parsed,valor
10838,Gasto por país de residencia,País de residencia,Total,Gasto total,Dato base,2026M07,2026-07,18217.95
10838,Gasto por país de residencia,País de residencia,Total,Gasto total,Dato base,2026M06,2026-06,13579.04
10838,Gasto por país de residencia,País de residencia,Total,Gasto total,Dato base,2026M05,2026-05,13553.47
10838,Gasto por país de residencia,País de residencia,Total,Gasto total,Dato base,2026M04,2026-04,11685.64
10838,Gasto por país de residencia,País de residencia,Total,Gasto total,Dato base,2026M03,2026-03,9606.4
10838,Gasto por país de residencia,País de residencia,Total,Gasto total,Dato base,2026M02,2026-02,7606.44
10838,Gasto por país de residencia,País de residencia,Total,Gasto total,Dato base,2026M01,2026-01,7804.61
10838,Gasto por país de residencia,País de residencia,Total,Gasto total,Dato base,2025M12,2025-12,7993.41
10838,Gasto por país de residencia,País de residencia,Total,Gasto total,Dato base,2025M11,2025-11,8087.84
10838,Gasto por país de residencia,País de residencia,Total,Gasto total,Dato base,2025M10,2025-10,12803.0
10838,Gasto por país de residencia,País de residencia,Total,Gasto total,Dato base,2025M09,2025-09,13404.59
10838,Gasto por país de residencia,País de residencia,Total,Gasto total,Dato base,2025M08,2025-08,16341.58
10838,Gasto por país de residencia,País de residencia,Total,Gasto total,Dato base,2025M07,2025-07,16432.61
10838,Gasto por país de residencia,País de residencia,Total,Gasto total,Dato base,2025M06,2025-06,13050.58
10838,Gasto por país de residencia,País de residencia,Total,Gasto total,Dato base,2025M05,2025-05,12226.41
10838,Gasto por país de residencia,País de residencia,Total,Gasto total,Dato base,2025M04,2025-04,10875.75
10838,Gasto por país de residencia,País de residencia,Total,Gasto total,Dato base,2025M03,2025-03,9112.01
10838,Gasto por país de residencia,País de residencia,Total,Gasto total,Dato base,2025M02,2025-02,7272.63
10838,Gasto por país de residencia,País de residencia,Total,Gasto total,Dato base,2025M01,2025-01,7142.91
10838,Gasto por país de residencia,País de residencia,Total,Gasto total,Dato base,2024M12,2024-12,7590.34
10838,Gasto por país de residencia,País de residencia,Total,Gasto total,Dato base,2024M11,2024-11,7707.67
10838,Gasto por país de residencia,País de residencia,Total,Gasto total,Dato base,2024M10,2024-10,11898.7
10838,Gasto por país de residencia,País de residencia,Total,Gasto total,Dato base,2024M09,2024-09,12613.05
10838,Gasto por país de residencia,País de residencia,Total,Gasto total,Dato base,2024M08,2024-08,15364.42
10838,Gasto por país de residencia,País de residencia,Total,Gasto total,Dato base,2024M07,2024-07,15513.29
10838,Gasto por país de residencia,País de residencia,Total,Gasto total,Dato base,2024M06,2024-06,12356.78
10838,Gasto por país de residencia,País de residencia,Total,Gasto total,Dato base,2024M05,2024-05,11686.91
10838,Gasto por país de residencia,País de residencia,Total,Gasto total,Dato base,2024M04,2024-04,9488.1
10838,Gasto por país de residencia,País de residencia,Total,Gasto total,Dato base,2024M03,2024-03,8631.35
10838,Gasto por país de residencia,País de residencia,Total,Gasto total,Dato base,2024M02,2024-02,6746.32
10838,Gasto por país de residencia,País de residencia,Total,Gasto total,Dato base,2024M01,2024-01,6546.3
10838,Gasto por país de residencia,País de residencia,Total,Gasto total,Dato base,2023M12,2023-12,7090.5
10838,Gasto por país de residencia,País de residencia,Total,Gasto total,Dato base,2023M11,2023-11,6644.47
10838,Gasto por país de residencia,País de residencia,Total,Gasto total,Dato base,2023M10,2023-10,10302.07
10838,Gasto por país de residencia,País de residencia,Total,Gasto total,Dato base,2023M09,2023-09,11193.59
10838,Gasto por país de residencia,País de residencia,Total,Gasto total,Dato base,2023M08,2023-08,13599.39
10838,Gasto por país de residencia,País de residencia,Total,Gasto total,Dato base,2023M07,2023-07,13880.83
10838,Gasto por país de residencia,País de residencia,Total,Gasto total,Dato base,2023M06,2023-06,10607.99
10838,Gasto por país de residencia,País de residencia,Total,Gasto total,Dato base,2023M05,2023-05,9766.97
10838,Gasto por país de residencia,País de residencia,Total,Gasto total,Dato base,2023M04,2023-04,8454.47
10838,Gasto por país de residencia,País de residencia,Total,Gasto total,Dato base,2023M03,2023-03,6668.07
10838,Gasto por país de residencia,País de residencia,Total,Gasto total,Dato base,2023M02,2023-02,5364.13
10838,Gasto por país de residencia,País de residencia,Total,Gasto total,Dato base,2023M01,2023-01,5216.94
10838,Gasto por país de residencia,País de residencia,Total,Gasto total,Dato base,2022M12,2022-12,5238.8
10838,Gasto por país de residencia,País de residencia,Total,Gasto total,Dato base,2022M11,2022-11,5381.97
10838,Gasto por país de residencia,País de residencia,Total,Gasto total,Dato base,2022M10,2022-10,8311.2
10838,Gasto por país de residencia,País de residencia,Total,Gasto total,Dato base,2022M09,2022-09,9147.69
10838,Gasto por país de residencia,País de residencia,Total,Gasto total,Dato base,2022M08,2022-08,11281.82
10838,Gasto por país de residencia,País de residencia,Total,Gasto total,Dato base,2022M07,2022-07,11902.1
10838,Gasto por país de residencia,País de residencia,Total,Gasto total,Dato base,2022M06,2022-06,9025.67
10838,Gasto por país de residencia,País de residencia,Total,Gasto total,Dato base,2022M05,2022-05,8046.91
10838,Gasto por país de residencia,País de residencia,Total,Gasto total,Dato base,2022M04,2022-04,6910.11
10838,Gasto por país de residencia,País de residencia,Total,Gasto total,Dato base,2022M03,2022-03,5077.45
10838,Gasto por país de residencia,País de residencia,Total,Gasto total,Dato base,2022M02,2022-02,3774.69
10838,Gasto por país de residencia,País de residencia,Total,Gasto total,Dato base,2022M01,2022-01,3039.78
10838,Gasto por país de residencia,País de residencia,Total,Gasto total,Dato base,2021M12,2021-12,3536.59
10838,Gasto por país de residencia,País de residencia,Total,Gasto total,Dato base,2021M11,2021-11,3761.5
10838,Gasto por país de residencia,País de residencia,Total,Gasto total,Dato base,2021M10,2021-10,5606.29
10838,Gasto por país de residencia,País de residencia,Total,Gasto total,Dato base,2021M09,2021-09,5051.2
10838,Gasto por país de residencia,País de residencia,Total,Gasto total,Dato base,2021M08,2021-08,5907.3
10838,Gasto por país de residencia,País de residencia,Total,Gasto total,Dato base,2021M07,2021-07,5229.47
10838,Gasto por país de residencia,País de residencia,Total,Gasto total,Dato base,2021M06,2021-06,2421.69
10838,Gasto por país de residencia,País de residencia,Total,Gasto total,Dato base,2021M05,2021-05,1395.78
10838,Gasto por país de residencia,País de residencia,Total,Gasto total,Dato base,2021M04,2021-04,668.42
10838,Gasto por país de residencia,País de residencia,Total,Gasto total,Dato base,2021M03,2021-03,543.89
10838,Gasto por país de residencia,País de residencia,Total,Gasto total,Dato base,2021M02,2021-02,323.82
10838,Gasto por país de residencia,País de residencia,Total,Gasto total,Dato base,2021M01,2021-01,457.43
10838,Gasto por país de residencia,País de residencia,Total,Gasto total,Dato base,2020M12,2020-12,696.81
10838,Gasto por país de residencia,País de residencia,Total,Gasto total,Dato base,2020M11,2020-11,481.98
10838,Gasto por país de residencia,País de residencia,Total,Gasto total,Dato base,2020M10,2020-10,864.49
10838,Gasto por país de residencia,País de residencia,Total,Gasto total,Dato base,2020M09,2020-09,964.49
10838,Gasto por país de residencia,País de residencia,Total,Gasto total,Dato base,2020M08,2020-08,2456.85
10838,Gasto por país de residencia,País de residencia,Total,Gasto total,Dato base,2020M07,2020-07,2457.94
10838,Gasto por país de residencia,País de residencia,Total,Gasto total,Dato base,2020M06,2020-06,133.89
10838,Gasto por país de residencia,País de residencia,Total,Gasto total,Dato base,2020M05,2020-05,0.0
10838,Gasto por país de residencia,País de residencia,Total,Gasto total,Dato base,2020M04,2020-04,0.0
10838,Gasto por país de residencia,País de residencia,Total,Gasto total,Dato base,2020M03,2020-03,2173.73
10838,Gasto por país de residencia,País de residencia,Total,Gasto total,Dato base,2020M02,2020-02,4789.29
10838,Gasto por país de residencia,País de residencia,Total,Gasto total,Dato base,2020M01,2020-01,4767.31
10838,Gasto por país de residencia,País de residencia,Total,Gasto total,Dato base,2019M12,2019-12,5010.84
10838,Gasto por país de residencia,País de residencia,Total,Gasto total,Dato base,2019M11,2019-11,5062.63
10838,Gasto por país de residencia,País de residencia,Total,Gasto total,Dato base,2019M10,2019-10,8322.55
10838,Gasto por país de residencia,País de residencia,Total,Gasto total,Dato base,2019M09,2019-09,9617.21
10838,Gasto por país de residencia,País de residencia,Total,Gasto total,Dato base,2019M08,2019-08,11704.76
10838,Gasto por país de residencia,País de residencia,Total,Gasto total,Dato base,2019M07,2019-07,11941.51
10838,Gasto por país de residencia,País de residencia,Total,Gasto total,Dato base,2019M06,2019-06,9686.12
10838,Gasto por país de residencia,País de residencia,Total,Gasto total,Dato base,2019M05,2019-05,8137.84
10838,Gasto por país de residencia,País de residencia,Total,Gasto total,Dato base,2019M04,2019-04,7056.36
10838,Gasto por país de residencia,País de residencia,Total,Gasto total,Dato base,2019M03,2019-03,6034.87
10838,Gasto por país de residencia,País de residencia,Total,Gasto total,Dato base,2019M02,2019-02,4658.61
10838,Gasto por país de residencia,País de residencia,Total,Gasto total,Dato base,2019M01,2019-01,4678.67
10838,Gasto por país de residencia,País de residencia,Total,Gasto total,Dato base,2018M12,2018-12,5009.52
10838,Gasto por país de residencia,País de residencia,Total,Gasto total,Dato base,2018M11,2018-11,4888.55
10838,Gasto por país de residencia,País de residencia,Total,Gasto total,Dato base,2018M10,2018-10,8164.58
10838,Gasto por país de residencia,País de residencia,Total,Gasto total,Dato base,2018M09,2018-09,9545.81
10838,Gasto por país de residencia,País de residencia,Total,Gasto total,Dato base,2018M08,2018-08,11459.69
10838,Gasto por país de residencia,País de residencia,Total,Gasto total,Dato base,2018M07,2018-07,11748.1
10838,Gasto por país de residencia,País de residencia,Total,Gasto total,Dato base,2018M06,2018-06,9370.81
10838,Gasto por país de residencia,País de residencia,Total,Gasto total,Dato base,2018M05,2018-05,8155.06
10838,Gasto por país de residencia,País de residencia,Total,Gasto total,Dato base,2018M04,2018-04,6621.53
10838,Gasto por país de residencia,País de residencia,Total,Gasto total,Dato base,2018M03,2018-03,5726.73
10838,Gasto por país de residencia,País de residencia,Total,Gasto total,Dato base,2018M02,2018-02,4535.94
10838,Gasto por país de residencia,País de residencia,Total,Gasto total,Dato base,2018M01,2018-01,4524.43
10838,Gasto por país de residencia,País de residencia,Total,Gasto total,Dato base,2017M12,2017-12,4530.66
10838,Gasto por país de residencia,País de residencia,Total,Gasto total,Dato base,2017M11,2017-11,4642.35
10838,Gasto por país de residencia,País de residencia,Total,Gasto total,Dato base,2017M10,2017-10,7789.23
10838,Gasto por país de residencia,País de residencia,Total,Gasto total,Dato base,2017M09,2017-09,9476.29
10838,Gasto por país de residencia,País de residencia,Total,Gasto total,Dato base,2017M08,2017-08,11340.29
10838,Gasto por país de residencia,País de residencia,Total,Gasto total,Dato base,2017M07,2017-07,11850.99
10838,Gasto por país de residencia,País de residencia,Total,Gasto total,Dato base,2017M06,2017-06,8987.77
10838,Gasto por país de residencia,País de residencia,Total,Gasto total,Dato base,2017M05,2017-05,7927.07
10838,Gasto por país de residencia,País de residencia,Total,Gasto total,Dato base,2017M04,2017-04,6782.08
10838,Gasto por país de residencia,País de residencia,Total,Gasto total,Dato base,2017M03,2017-03,5109.49
10838,Gasto por país de residencia,País de residencia,Total,Gasto total,Dato base,2017M02,2017-02,4304.73
10838,Gasto por país de residencia,País de residencia,Total,Gasto total,Dato base,2017M01,2017-01,4262.99
10838,Gasto por país de residencia,País de residencia,Total,Gasto total,Dato base,2016M12,2016-12,4525.45
10838,Gasto por país de residencia,País de residencia,Total,Gasto total,Dato base,2016M11,2016-11,4205.06
10838,Gasto por país de residencia,País de residencia,Total,Gasto total,Dato base,2016M10,2016-10,7333.85
10838,Gasto por país de residencia,País de residencia,Total,Gasto total,Dato base,2016M09,2016-09,8399.31
10838,Gasto por país de residencia,País de residencia,Total,Gasto total,Dato base,2016M08,2016-08,10281.98
10838,Gasto por país de residencia,País de residencia,Total,Gasto total,Dato base,2016M07,2016-07,10238.54
10838,Gasto por país de residencia,País de residencia,Total,Gasto total,Dato base,2016M06,2016-06,7817.41
10838,Gasto por país de residencia,País de residencia,Total,Gasto total,Dato base,2016M05,2016-05,6917.93
10838,Gasto por país de residencia,País de residencia,Total,Gasto total,Dato base,2016M04,2016-04,5627.99
10838,Gasto por país de residencia,País de residencia,Total,Gasto total,Dato base,2016M03,2016-03,4624.47
10838,Gasto por país de residencia,País de residencia,Total,Gasto total,Dato base,2016M02,2016-02,3706.27
10838,Gasto por país de residencia,País de residencia,Total,Gasto total,Dato base,2016M01,2016-01,3737.26
10838,Gasto por país de residencia,País de residencia,Total,Gasto total,Dato base,2015M12,2015-12,3773.27
10838,Gasto por país de residencia,País de residencia,Total,Gasto total,Dato base,2015M11,2015-11,3872.84
10838,Gasto por país de residencia,País de residencia,Total,Gasto total,Dato base,2015M10,2015-10,6280.63
10838,Gasto por país de residencia,País de residencia,Reino Unido,Gasto total,Dato base,2026M07,2026-07,3038.17
10838,Gasto por país de residencia,País de residencia,Reino Unido,Gasto total,Dato base,2026M06,2026-06,2802.7
10838,Gasto por país de residencia,País de residencia,Reino Unido,Gasto total,Dato base,2026M05,2026-05,2502.58
10838,Gasto por país de residencia,País de residencia,Reino Unido,Gasto total,Dato base,2026M04,2026-04,1857.16
10838,Gasto por país de residencia,País de residencia,Reino Unido,Gasto total,Dato base,2026M03,2026-03,1434.62
10838,Gasto por país de residencia,País de residencia,Reino Unido,Gasto total,Dato base,2026M02,2026-02,1164.93
10838,Gasto por país de residencia,País de residencia,Reino Unido,Gasto total,Dato base,2026M01,2026-01,1085.08
10838,Gasto por país de residencia,País de residencia,Reino Unido,Gasto total,Dato base,2025M12,2025-12,1077.02
10838,Gasto por país de residencia,País de residencia,Reino Unido,Gasto total,Dato base,2025M11,2025-11,1301.9
10838,Gasto por país de residencia,País de residencia,Reino Unido,Gasto total,Dato base,2025M10,2025-10,2203.0
10838,Gasto por país de residencia,País de residencia,Reino Unido,Gasto total,Dato base,2025M09,2025-09,2557.33
10838,Gasto por país de residencia,País de residencia,Reino Unido,Gasto total,Dato base,2025M08,2025-08,3129.65
10838,Gasto por país de residencia,País de residencia,Reino Unido,Gasto total,Dato base,2025M07,2025-07,2899.71
10838,Gasto por país de residencia,País de residencia,Reino Unido,Gasto total,Dato base,2025M06,2025-06,2616.92
10838,Gasto por país de residencia,País de residencia,Reino Unido,Gasto total,Dato base,2025M05,2025-05,2357.02
10838,Gasto por país de residencia,País de residencia,Reino Unido,Gasto total,Dato base,2025M04,2025-04,1773.77
10838,Gasto por país de residencia,País de residencia,Reino Unido,Gasto total,Dato base,2025M03,2025-03,1435.16
10838,Gasto por país de residencia,País de residencia,Reino Unido,Gasto total,Dato base,2025M02,2025-02,1210.4
10838,Gasto por país de residencia,País de residencia,Reino Unido,Gasto total,Dato base,2025M01,2025-01,1104.28
10838,Gasto por país de residencia,País de residencia,Reino Unido,Gasto total,Dato base,2024M12,2024-12,1096.36
10838,Gasto por país de residencia,País de residencia,Reino Unido,Gasto total,Dato base,2024M11,2024-11,1156.75
10838,Gasto por país de residencia,País de residencia,Reino Unido,Gasto total,Dato base,2024M10,2024-10,2124.25
10838,Gasto por país de residencia,País de residencia,Reino Unido,Gasto total,Dato base,2024M09,2024-09,2451.03
10838,Gasto por país de residencia,País de residencia,Reino Unido,Gasto total,Dato base,2024M08,2024-08,3025.96
10838,Gasto por país de residencia,País de residencia,Reino Unido,Gasto total,Dato base,2024M07,2024-07,2846.6
10838,Gasto por país de residencia,País de residencia,Reino Unido,Gasto total,Dato base,2024M06,2024-06,2481.75
10838,Gasto por país de residencia,País de residencia,Reino Unido,Gasto total,Dato base,2024M05,2024-05,2193.7
10838,Gasto por país de residencia,País de residencia,Reino Unido,Gasto total,Dato base,2024M04,2024-04,1585.78
10838,Gasto por país de residencia,País de residencia,Reino Unido,Gasto total,Dato base,2024M03,2024-03,1358.9
10838,Gasto por país de residencia,País de residencia,Reino Unido,Gasto total,Dato base,2024M02,2024-02,1160.75
10838,Gasto por país de residencia,País de residencia,Reino Unido,Gasto total,Dato base,2024M01,2024-01,1069.83
10838,Gasto por país de residencia,País de residencia,Reino Unido,Gasto total,Dato base,2023M12,2023-12,1091.47
10838,Gasto por país de residencia,País de residencia,Reino Unido,Gasto total,Dato base,2023M11,2023-11,1067.86
10838,Gasto por país de residencia,País de residencia,Reino Unido,Gasto total,Dato base,2023M10,2023-10,1927.88
10838,Gasto por país de residencia,País de residencia,Reino Unido,Gasto total,Dato base,2023M09,2023-09,2246.0
10838,Gasto por país de residencia,País de residencia,Reino Unido,Gasto total,Dato base,2023M08,2023-08,2713.63
10838,Gasto por país de residencia,País de residencia,Reino Unido,Gasto total,Dato base,2023M07,2023-07,2582.58
10838,Gasto por país de residencia,País de residencia,Reino Unido,Gasto total,Dato base,2023M06,2023-06,2182.21
10838,Gasto por país de residencia,País de residencia,Reino Unido,Gasto total,Dato base,2023M05,2023-05,1891.2
10838,Gasto por país de residencia,País de residencia,Reino Unido,Gasto total,Dato base,2023M04,2023-04,1346.35
10838,Gasto por país de residencia,País de residencia,Reino Unido,Gasto total,Dato base,2023M03,2023-03,1158.88
10838,Gasto por país de residencia,País de residencia,Reino Unido,Gasto total,Dato base,2023M02,2023-02,851.81
10838,Gasto por país de residencia,País de residencia,Reino Unido,Gasto total,Dato base,2023M01,2023-01,845.83
10838,Gasto por país de residencia,País de residencia,Reino Unido,Gasto total,Dato base,2022M12,2022-12,844.1
10838,Gasto por país de residencia,País de residencia,Reino Unido,Gasto total,Dato base,2022M11,2022-11,901.82
10838,Gasto por país de residencia,País de residencia,Reino Unido,Gasto total,Dato base,2022M10,2022-10,1637.38
10838,Gasto por país de residencia,País de residencia,Reino Unido,Gasto total,Dato base,2022M09,2022-09,1947.59
10838,Gasto por país de residencia,País de residencia,Reino Unido,Gasto total,Dato base,2022M08,2022-08,2317.96
10838,Gasto por país de residencia,País de residencia,Reino Unido,Gasto total,Dato base,2022M07,2022-07,2385.73
10838,Gasto por país de residencia,País de residencia,Reino Unido,Gasto total,Dato base,2022M06,2022-06,1951.1
10838,Gasto por país de residencia,País de residencia,Reino Unido,Gasto total,Dato base,2022M05,2022-05,1741.96
10838,Gasto por país de residencia,País de residencia,Reino Unido,Gasto total,Dato base,2022M04,2022-04,1294.67
10838,Gasto por país de residencia,País de residencia,Reino Unido,Gasto total,Dato base,2022M03,2022-03,1013.97
10838,Gasto por país de residencia,País de residencia,Reino Unido,Gasto total,Dato base,2022M02,2022-02,672.47
10838,Gasto por país de residencia,País de residencia,Reino Unido,Gasto total,Dato base,2022M01,2022-01,446.27
10838,Gasto por país de residencia,País de residencia,Reino Unido,Gasto total,Dato base,2021M12,2021-12,478.57
10838,Gasto por país de residencia,País de residencia,Reino Unido,Gasto total,Dato base,2021M11,2021-11,638.33
10838,Gasto por país de residencia,País de residencia,Reino Unido,Gasto total,Dato base,2021M10,2021-10,998.69
10838,Gasto por país de residencia,País de residencia,Reino Unido,Gasto total,Dato base,2021M09,2021-09,828.87
10838,Gasto por país de residencia,País de residencia,Reino Unido,Gasto total,Dato base,2021M08,2021-08,858.42
10838,Gasto por país de residencia,País de residencia,Reino Unido,Gasto total,Dato base,2021M07,2021-07,663.14
10838,Gasto por país de residencia,País de residencia,Reino Unido,Gasto total,Dato base,2021M06,2021-06,151.43
10838,Gasto por país de residencia,País de residencia,Reino Unido,Gasto total,Dato base,2021M05,2021-05,58.66
10838,Gasto por país de residencia,País de residencia,Reino Unido,Gasto total,Dato base,2021M04,2021-04,26.2
10838,Gasto por país de residencia,País de residencia,Reino Unido,Gasto total,Dato base,2021M03,2021-03,27.57
10838,Gasto por país de residencia,País de residencia,Reino Unido,Gasto total,Dato base,2021M02,2021-02,16.68
10838,Gasto por país de residencia,País de residencia,Reino Unido,Gasto total,Dato base,2021M01,2021-01,27.11
10838,Gasto por país de residencia,País de residencia,Reino Unido,Gasto total,Dato base,2020M12,2020-12,125.18
10838,Gasto por país de residencia,País de residencia,Reino Unido,Gasto total,Dato base,2020M11,2020-11,95.38
10838,Gasto por país de residencia,País de residencia,Reino Unido,Gasto total,Dato base,2020M10,2020-10,155.4
10838,Gasto por país de residencia,País de residencia,Reino Unido,Gasto total,Dato base,2020M09,2020-09,150.71
10838,Gasto por país de residencia,País de residencia,Reino Unido,Gasto total,Dato base,2020M08,2020-08,277.81
10838,Gasto por país de residencia,País de residencia,Reino Unido,Gasto total,Dato base,2020M07,2020-07,375.49
10838,Gasto por país de residencia,País de residencia,Reino Unido,Gasto total,Dato base,2020M06,2020-06,4.43
10838,Gasto por país de residencia,País de residencia,Reino Unido,Gasto total,Dato base,2020M05,2020-05,0.0
10838,Gasto por país de residencia,País de residencia,Reino Unido,Gasto total,Dato base,2020M04,2020-04,0.0
10838,Gasto por país de residencia,País de residencia,Reino Unido,Gasto total,Dato base,2020M03,2020-03,374.41
10838,Gasto por país de residencia,País de residencia,Reino Unido,Gasto total,Dato base,2020M02,2020-02,839.86
10838,Gasto por país de residencia,País de residencia,Reino Unido,Gasto total,Dato base,2020M01,2020-01,724.93
10838,Gasto por país de residencia,País de residencia,Reino Unido,Gasto total,Dato base,2019M12,2019-12,772.53
10838,Gasto por país de residencia,País de residencia,Reino Unido,Gasto total,Dato base,2019M11,2019-11,816.96
10838,Gasto por país de residencia,País de residencia,Reino Unido,Gasto total,Dato base,2019M10,2019-10,1579.67
10838,Gasto por país de residencia,País de residencia,Reino Unido,Gasto total,Dato base,2019M09,2019-09,2020.15
10838,Gasto por país de residencia,País de residencia,Reino Unido,Gasto total,Dato base,2019M08,2019-08,2510.04
10838,Gasto por país de residencia,País de residencia,Reino Unido,Gasto total,Dato base,2019M07,2019-07,2446.99
10838,Gasto por país de residencia,País de residencia,Reino Unido,Gasto total,Dato base,2019M06,2019-06,1957.2
10838,Gasto por país de residencia,País de residencia,Reino Unido,Gasto total,Dato base,2019M05,2019-05,1795.5
10838,Gasto por país de residencia,País de residencia,Reino Unido,Gasto total,Dato base,2019M04,2019-04,1281.45
10838,Gasto por país de residencia,País de residencia,Reino Unido,Gasto total,Dato base,2019M03,2019-03,1034.01
10838,Gasto por país de residencia,País de residencia,Reino Unido,Gasto total,Dato base,2019M02,2019-02,814.4
10838,Gasto por país de residencia,País de residencia,Reino Unido,Gasto total,Dato base,2019M01,2019-01,805.25
10838,Gasto por país de residencia,País de residencia,Reino Unido,Gasto total,Dato base,2018M12,2018-12,832.94
10838,Gasto por país de residencia,País de residencia,Reino Unido,Gasto total,Dato base,2018M11,2018-11,896.11
10838,Gasto por país de residencia,País de residencia,Reino Unido,Gasto total,Dato base,2018M10,2018-10,1616.2
10838,Gasto por país de residencia,País de residencia,Reino Unido,Gasto total,Dato base,2018M09,2018-09,2025.66
10838,Gasto por país de residencia,País de residencia,Reino Unido,Gasto total,Dato base,2018M08,2018-08,2517.63
10838,Gasto por país de residencia,País de residencia,Reino Unido,Gasto total,Dato base,2018M07,2018-07,2387.59
10838,Gasto por país de residencia,País de residencia,Reino Unido,Gasto total,Dato base,2018M06,2018-06,2031.87
10838,Gasto por país de residencia,País de residencia,Reino Unido,Gasto total,Dato base,2018M05,2018-05,1801.01
10838,Gasto por país de residencia,País de residencia,Reino Unido,Gasto total,Dato base,2018M04,2018-04,1205.34
10838,Gasto por país de residencia,País de residencia,Reino Unido,Gasto total,Dato base,2018M03,2018-03,1087.38
10838,Gasto por país de residencia,País de residencia,Reino Unido,Gasto total,Dato base,2018M02,2018-02,790.66
10838,Gasto por país de residencia,País de residencia,Reino Unido,Gasto total,Dato base,2018M01,2018-01,752.34
10838,Gasto por país de residencia,País de residencia,Reino Unido,Gasto total,Dato base,2017M12,2017-12,817.45
10838,Gasto por país de residencia,País de residencia,Reino Unido,Gasto total,Dato base,2017M11,2017-11,832.3
10838,Gasto por país de residencia,País de residencia,Reino Unido,Gasto total,Dato base,2017M10,2017-10,1506.04
10838,Gasto por país de residencia,País de residencia,Reino Unido,Gasto total,Dato base,2017M09,2017-09,1965.15
10838,Gasto por país de residencia,País de residencia,Reino Unido,Gasto total,Dato base,2017M08,2017-08,2414.13
10838,Gasto por país de residencia,País de residencia,Reino Unido,Gasto total,Dato base,2017M07,2017-07,2349.26
10838,Gasto por país de residencia,País de residencia,Reino Unido,Gasto total,Dato base,2017M06,2017-06,1931.5
10838,Gasto por país de residencia,País de residencia,Reino Unido,Gasto total,Dato base,2017M05,2017-05,1822.89
10838,Gasto por país de residencia,País de residencia,Reino Unido,Gasto total,Dato base,2017M04,2017-04,1235.82
10838,Gasto por país de residencia,País de residencia,Reino Unido,Gasto total,Dato base,2017M03,2017-03,1045.73
10838,Gasto por país de residencia,País de residencia,Reino Unido,Gasto total,Dato base,2017M02,2017-02,802.8
10838,Gasto por país de residencia,País de residencia,Reino Unido,Gasto total,Dato base,2017M01,2017-01,766.32
10838,Gasto por país de residencia,País de residencia,Reino Unido,Gasto total,Dato base,2016M12,2016-12,915.22
10838,Gasto por país de residencia,País de residencia,Reino Unido,Gasto total,Dato base,2016M11,2016-11,780.66
10838,Gasto por país de residencia,País de residencia,Reino Unido,Gasto total,Dato base,2016M10,2016-10,1469.62
10838,Gasto por país de residencia,País de residencia,Reino Unido,Gasto total,Dato base,2016M09,2016-09,1828.17
10838,Gasto por país de residencia,País de residencia,Reino Unido,Gasto total,Dato base,2016M08,2016-08,2274.45
10838,Gasto por país de residencia,País de residencia,Reino Unido,Gasto total,Dato base,2016M07,2016-07,2197.01
10838,Gasto por país de residencia,País de residencia,Reino Unido,Gasto total,Dato base,2016M06,2016-06,1766.61
10838,Gasto por país de residencia,País de residencia,Reino Unido,Gasto total,Dato base,2016M05,2016-05,1495.25
10838,Gasto por país de residencia,País de residencia,Reino Unido,Gasto total,Dato base,2016M04,2016-04,1153.23
10838,Gasto por país de residencia,País de residencia,Reino Unido,Gasto total,Dato base,2016M03,2016-03,924.02
10838,Gasto por país de residencia,País de residencia,Reino Unido,Gasto total,Dato base,2016M02,2016-02,690.25
10838,Gasto por país de residencia,País de residencia,Reino Unido,Gasto total,Dato base,2016M01,2016-01,608.99
10838,Gasto por país de residencia,País de residencia,Reino Unido,Gasto total,Dato base,2015M12,2015-12,731.74
10838,Gasto por país de residencia,País de residencia,Reino Unido,Gasto total,Dato base,2015M11,2015-11,659.06
10838,Gasto por país de residencia,País de residencia,Reino Unido,Gasto total,Dato base,2015M10,2015-10,1336.41
10838,Gasto por país de residencia,País de residencia,Países Nórdicos,Gasto total,Dato base,2026M07,2026-07,1064.68
10838,Gasto por país de residencia,País de residencia,Países Nórdicos,Gasto total,Dato base,2026M06,2026-06,627.35
10838,Gasto por país de residencia,País de residencia,Países Nórdicos,Gasto total,Dato base,2026M05,2026-05,499.66
10838,Gasto por país de residencia,País de residencia,Países Nórdicos,Gasto total,Dato base,2026M04,2026-04,666.15
10838,Gasto por país de residencia,País de residencia,Países Nórdicos,Gasto total,Dato base,2026M03,2026-03,781.17
10838,Gasto por país de residencia,País de residencia,Países Nórdicos,Gasto total,Dato base,2026M02,2026-02,594.42
10838,Gasto por país de residencia,País de residencia,Países Nórdicos,Gasto total,Dato base,2026M01,2026-01,550.05
10838,Gasto por país de residencia,País de residencia,Países Nórdicos,Gasto total,Dato base,2025M12,2025-12,627.41
10838,Gasto por país de residencia,País de residencia,Países Nórdicos,Gasto total,Dato base,2025M11,2025-11,654.04
10838,Gasto por país de residencia,País de residencia,Países Nórdicos,Gasto total,Dato base,2025M10,2025-10,837.95
10838,Gasto por país de residencia,País de residencia,Países Nórdicos,Gasto total,Dato base,2025M09,2025-09,610.27
10838,Gasto por país de residencia,País de residencia,Países Nórdicos,Gasto total,Dato base,2025M08,2025-08,562.91
10838,Gasto por país de residencia,País de residencia,Países Nórdicos,Gasto total,Dato base,2025M07,2025-07,1141.9
10838,Gasto por país de residencia,País de residencia,Países Nórdicos,Gasto total,Dato base,2025M06,2025-06,602.13
10838,Gasto por país de residencia,País de residencia,Países Nórdicos,Gasto total,Dato base,2025M05,2025-05,532.94
10838,Gasto por país de residencia,País de residencia,Países Nórdicos,Gasto total,Dato base,2025M04,2025-04,692.95
10838,Gasto por país de residencia,País de residencia,Países Nórdicos,Gasto total,Dato base,2025M03,2025-03,785.09
10838,Gasto por país de residencia,País de residencia,Países Nórdicos,Gasto total,Dato base,2025M02,2025-02,634.88
10838,Gasto por país de residencia,País de residencia,Países Nórdicos,Gasto total,Dato base,2025M01,2025-01,594.48
10838,Gasto por país de residencia,País de residencia,Países Nórdicos,Gasto total,Dato base,2024M12,2024-12,628.9
10838,Gasto por país de residencia,País de residencia,Países Nórdicos,Gasto total,Dato base,2024M11,2024-11,687.4
10838,Gasto por país de residencia,País de residencia,Países Nórdicos,Gasto total,Dato base,2024M10,2024-10,785.42
10838,Gasto por país de residencia,País de residencia,Países Nórdicos,Gasto total,Dato base,2024M09,2024-09,598.42
10838,Gasto por país de residencia,País de residencia,Países Nórdicos,Gasto total,Dato base,2024M08,2024-08,522.26
10838,Gasto por país de residencia,País de residencia,Países Nórdicos,Gasto total,Dato base,2024M07,2024-07,1041.21
10838,Gasto por país de residencia,País de residencia,Países Nórdicos,Gasto total,Dato base,2024M06,2024-06,614.17
10838,Gasto por país de residencia,País de residencia,Países Nórdicos,Gasto total,Dato base,2024M05,2024-05,513.16
10838,Gasto por país de residencia,País de residencia,Países Nórdicos,Gasto total,Dato base,2024M04,2024-04,589.36
10838,Gasto por país de residencia,País de residencia,Países Nórdicos,Gasto total,Dato base,2024M03,2024-03,743.31
10838,Gasto por país de residencia,País de residencia,Países Nórdicos,Gasto total,Dato base,2024M02,2024-02,588.51
10838,Gasto por país de residencia,País de residencia,Países Nórdicos,Gasto total,Dato base,2024M01,2024-01,548.41
10838,Gasto por país de residencia,País de residencia,Países Nórdicos,Gasto total,Dato base,2023M12,2023-12,552.41
10838,Gasto por país de residencia,País de residencia,Países Nórdicos,Gasto total,Dato base,2023M11,2023-11,635.69
10838,Gasto por país de residencia,País de residencia,Países Nórdicos,Gasto total,Dato base,2023M10,2023-10,672.33
10838,Gasto por país de residencia,País de residencia,Países Nórdicos,Gasto total,Dato base,2023M09,2023-09,543.17
10838,Gasto por país de residencia,País de residencia,Países Nórdicos,Gasto total,Dato base,2023M08,2023-08,510.67
10838,Gasto por país de residencia,País de residencia,Países Nórdicos,Gasto total,Dato base,2023M07,2023-07,963.51
10838,Gasto por país de residencia,País de residencia,Países Nórdicos,Gasto total,Dato base,2023M06,2023-06,529.91
10838,Gasto por país de residencia,País de residencia,Países Nórdicos,Gasto total,Dato base,2023M05,2023-05,410.14
10838,Gasto por país de residencia,País de residencia,Países Nórdicos,Gasto total,Dato base,2023M04,2023-04,626.05
10838,Gasto por país de residencia,País de residencia,Países Nórdicos,Gasto total,Dato base,2023M03,2023-03,581.79
10838,Gasto por país de residencia,País de residencia,Países Nórdicos,Gasto total,Dato base,2023M02,2023-02,465.23
10838,Gasto por país de residencia,País de residencia,Países Nórdicos,Gasto total,Dato base,2023M01,2023-01,479.74
10838,Gasto por país de residencia,País de residencia,Países Nórdicos,Gasto total,Dato base,2022M12,2022-12,460.28
10838,Gasto por país de residencia,País de residencia,Países Nórdicos,Gasto total,Dato base,2022M11,2022-11,534.11
10838,Gasto por país de residencia,País de residencia,Países Nórdicos,Gasto total,Dato base,2022M10,2022-10,623.75
10838,Gasto por país de residencia,País de residencia,Países Nórdicos,Gasto total,Dato base,2022M09,2022-09,445.42
10838,Gasto por país de residencia,País de residencia,Países Nórdicos,Gasto total,Dato base,2022M08,2022-08,450.84
10838,Gasto por país de residencia,País de residencia,Países Nórdicos,Gasto total,Dato base,2022M07,2022-07,902.96
10838,Gasto por país de residencia,País de residencia,Países Nórdicos,Gasto total,Dato base,2022M06,2022-06,476.35
10838,Gasto por país de residencia,País de residencia,Países Nórdicos,Gasto total,Dato base,2022M05,2022-05,427.67
10838,Gasto por país de residencia,País de residencia,Países Nórdicos,Gasto total,Dato base,2022M04,2022-04,537.7
10838,Gasto por país de residencia,País de residencia,Países Nórdicos,Gasto total,Dato base,2022M03,2022-03,439.66
10838,Gasto por país de residencia,País de residencia,Países Nórdicos,Gasto total,Dato base,2022M02,2022-02,347.25
10838,Gasto por país de residencia,País de residencia,Países Nórdicos,Gasto total,Dato base,2022M01,2022-01,291.22
10838,Gasto por país de residencia,País de residencia,Países Nórdicos,Gasto total,Dato base,2021M12,2021-12,375.82
10838,Gasto por país de residencia,País de residencia,Países Nórdicos,Gasto total,Dato base,2021M11,2021-11,397.27
10838,Gasto por país de residencia,País de residencia,Países Nórdicos,Gasto total,Dato base,2021M10,2021-10,438.28
10838,Gasto por país de residencia,País de residencia,Países Nórdicos,Gasto total,Dato base,2021M09,2021-09,262.78
10838,Gasto por país de residencia,País de residencia,Países Nórdicos,Gasto total,Dato base,2021M08,2021-08,241.63
10838,Gasto por país de residencia,País de residencia,Países Nórdicos,Gasto total,Dato base,2021M07,2021-07,434.95
10838,Gasto por país de residencia,País de residencia,Países Nórdicos,Gasto total,Dato base,2021M06,2021-06,132.21
10838,Gasto por país de residencia,País de residencia,Países Nórdicos,Gasto total,Dato base,2021M05,2021-05,54.2
10838,Gasto por país de residencia,País de residencia,Países Nórdicos,Gasto total,Dato base,2021M04,2021-04,34.05
10838,Gasto por país de residencia,País de residencia,Países Nórdicos,Gasto total,Dato base,2021M03,2021-03,27.2
10838,Gasto por país de residencia,País de residencia,Países Nórdicos,Gasto total,Dato base,2021M02,2021-02,18.51
10838,Gasto por país de residencia,País de residencia,Países Nórdicos,Gasto total,Dato base,2021M01,2021-01,29.27
10838,Gasto por país de residencia,País de residencia,Países Nórdicos,Gasto total,Dato base,2020M12,2020-12,31.77
10838,Gasto por país de residencia,País de residencia,Países Nórdicos,Gasto total,Dato base,2020M11,2020-11,28.07
10838,Gasto por país de residencia,País de residencia,Países Nórdicos,Gasto total,Dato base,2020M10,2020-10,57.31
10838,Gasto por país de residencia,País de residencia,Países Nórdicos,Gasto total,Dato base,2020M09,2020-09,38.11
10838,Gasto por país de residencia,País de residencia,Países Nórdicos,Gasto total,Dato base,2020M08,2020-08,64.63
10838,Gasto por país de residencia,País de residencia,Países Nórdicos,Gasto total,Dato base,2020M07,2020-07,120.74
10838,Gasto por país de residencia,País de residencia,Países Nórdicos,Gasto total,Dato base,2020M06,2020-06,3.72
10838,Gasto por país de residencia,País de residencia,Países Nórdicos,Gasto total,Dato base,2020M05,2020-05,0.0
10838,Gasto por país de residencia,País de residencia,Países Nórdicos,Gasto total,Dato base,2020M04,2020-04,0.0
10838,Gasto por país de residencia,País de residencia,Países Nórdicos,Gasto total,Dato base,2020M03,2020-03,224.4
10838,Gasto por país de residencia,País de residencia,Países Nórdicos,Gasto total,Dato base,2020M02,2020-02,495.82
10838,Gasto por país de residencia,País de residencia,Países Nórdicos,Gasto total,Dato base,2020M01,2020-01,434.89
10838,Gasto por país de residencia,País de residencia,Países Nórdicos,Gasto total,Dato base,2019M12,2019-12,480.13
10838,Gasto por país de residencia,País de residencia,Países Nórdicos,Gasto total,Dato base,2019M11,2019-11,563.96
10838,Gasto por país de residencia,País de residencia,Países Nórdicos,Gasto total,Dato base,2019M10,2019-10,640.52
10838,Gasto por país de residencia,País de residencia,Países Nórdicos,Gasto total,Dato base,2019M09,2019-09,514.25
10838,Gasto por país de residencia,País de residencia,Países Nórdicos,Gasto total,Dato base,2019M08,2019-08,539.04
10838,Gasto por país de residencia,País de residencia,Países Nórdicos,Gasto total,Dato base,2019M07,2019-07,879.15
10838,Gasto por país de residencia,País de residencia,Países Nórdicos,Gasto total,Dato base,2019M06,2019-06,558.42
10838,Gasto por país de residencia,País de residencia,Países Nórdicos,Gasto total,Dato base,2019M05,2019-05,462.18
10838,Gasto por país de residencia,País de residencia,Países Nórdicos,Gasto total,Dato base,2019M04,2019-04,561.4
10838,Gasto por país de residencia,País de residencia,Países Nórdicos,Gasto total,Dato base,2019M03,2019-03,640.35
10838,Gasto por país de residencia,País de residencia,Países Nórdicos,Gasto total,Dato base,2019M02,2019-02,449.18
10838,Gasto por país de residencia,País de residencia,Países Nórdicos,Gasto total,Dato base,2019M01,2019-01,470.57
10838,Gasto por país de residencia,País de residencia,Países Nórdicos,Gasto total,Dato base,2018M12,2018-12,476.65
10838,Gasto por país de residencia,País de residencia,Países Nórdicos,Gasto total,Dato base,2018M11,2018-11,533.03
10838,Gasto por país de residencia,País de residencia,Países Nórdicos,Gasto total,Dato base,2018M10,2018-10,658.09
10838,Gasto por país de residencia,País de residencia,Países Nórdicos,Gasto total,Dato base,2018M09,2018-09,499.78
10838,Gasto por país de residencia,País de residencia,Países Nórdicos,Gasto total,Dato base,2018M08,2018-08,513.75
10838,Gasto por país de residencia,País de residencia,Países Nórdicos,Gasto total,Dato base,2018M07,2018-07,1022.79
10838,Gasto por país de residencia,País de residencia,Países Nórdicos,Gasto total,Dato base,2018M06,2018-06,575.38
10838,Gasto por país de residencia,País de residencia,Países Nórdicos,Gasto total,Dato base,2018M05,2018-05,541.04
10838,Gasto por país de residencia,País de residencia,Países Nórdicos,Gasto total,Dato base,2018M04,2018-04,552.94
10838,Gasto por país de residencia,País de residencia,Países Nórdicos,Gasto total,Dato base,2018M03,2018-03,631.8
10838,Gasto por país de residencia,País de residencia,Países Nórdicos,Gasto total,Dato base,2018M02,2018-02,503.98
10838,Gasto por país de residencia,País de residencia,Países Nórdicos,Gasto total,Dato base,2018M01,2018-01,545.03
10838,Gasto por país de residencia,País de residencia,Países Nórdicos,Gasto total,Dato base,2017M12,2017-12,524.16
10838,Gasto por país de residencia,País de residencia,Países Nórdicos,Gasto total,Dato base,2017M11,2017-11,560.73
10838,Gasto por país de residencia,País de residencia,Países Nórdicos,Gasto total,Dato base,2017M10,2017-10,654.5
10838,Gasto por país de residencia,País de residencia,Países Nórdicos,Gasto total,Dato base,2017M09,2017-09,534.07
10838,Gasto por país de residencia,País de residencia,Países Nórdicos,Gasto total,Dato base,2017M08,2017-08,534.64
10838,Gasto por país de residencia,País de residencia,Países Nórdicos,Gasto total,Dato base,2017M07,2017-07,947.8
10838,Gasto por país de residencia,País de residencia,Países Nórdicos,Gasto total,Dato base,2017M06,2017-06,534.6
10838,Gasto por país de residencia,País de residencia,Países Nórdicos,Gasto total,Dato base,2017M05,2017-05,543.99
10838,Gasto por país de residencia,País de residencia,Países Nórdicos,Gasto total,Dato base,2017M04,2017-04,578.15
10838,Gasto por país de residencia,País de residencia,Países Nórdicos,Gasto total,Dato base,2017M03,2017-03,596.79
10838,Gasto por país de residencia,País de residencia,Países Nórdicos,Gasto total,Dato base,2017M02,2017-02,495.8
10838,Gasto por país de residencia,País de residencia,Países Nórdicos,Gasto total,Dato base,2017M01,2017-01,477.16
10838,Gasto por país de residencia,País de residencia,Países Nórdicos,Gasto total,Dato base,2016M12,2016-12,492.75
10838,Gasto por país de residencia,País de residencia,Países Nórdicos,Gasto total,Dato base,2016M11,2016-11,484.87
10838,Gasto por país de residencia,País de residencia,Países Nórdicos,Gasto total,Dato base,2016M10,2016-10,587.81
10838,Gasto por país de residencia,País de residencia,Países Nórdicos,Gasto total,Dato base,2016M09,2016-09,416.99
10838,Gasto por país de residencia,País de residencia,Países Nórdicos,Gasto total,Dato base,2016M08,2016-08,426.38
10838,Gasto por país de residencia,País de residencia,Países Nórdicos,Gasto total,Dato base,2016M07,2016-07,817.74
10838,Gasto por país de residencia,País de residencia,Países Nórdicos,Gasto total,Dato base,2016M06,2016-06,418.73
10838,Gasto por país de residencia,País de residencia,Países Nórdicos,Gasto total,Dato base,2016M05,2016-05,384.16
10838,Gasto por país de residencia,País de residencia,Países Nórdicos,Gasto total,Dato base,2016M04,2016-04,463.99
10838,Gasto por país de residencia,País de residencia,Países Nórdicos,Gasto total,Dato base,2016M03,2016-03,536.79
10838,Gasto por país de residencia,País de residencia,Países Nórdicos,Gasto total,Dato base,2016M02,2016-02,473.38
10838,Gasto por país de residencia,País de residencia,Países Nórdicos,Gasto total,Dato base,2016M01,2016-01,493.27
10838,Gasto por país de residencia,País de residencia,Países Nórdicos,Gasto total,Dato base,2015M12,2015-12,426.94
10838,Gasto por país de residencia,País de residencia,Países Nórdicos,Gasto total,Dato base,2015M11,2015-11,469.27
10838,Gasto por país de residencia,País de residencia,Países Nórdicos,Gasto total,Dato base,2015M10,2015-10,526.16
10838,Gasto por país de residencia,País de residencia,Resto del Mundo,Gasto total,Dato base,2026M07,2026-07,9881.67
10838,Gasto por país de residencia,País de residencia,Resto del Mundo,Gasto total,Dato base,2026M06,2026-06,7232.23
10838,Gasto por país de residencia,País de residencia,Resto del Mundo,Gasto total,Dato base,2026M05,2026-05,7515.62
10838,Gasto por país de residencia,País de residencia,Resto del Mundo,Gasto total,Dato base,2026M04,2026-04,6165.69
10838,Gasto por país de residencia,País de residencia,Resto del Mundo,Gasto total,Dato base,2026M03,2026-03,5073.64
10838,Gasto por país de residencia,País de residencia,Resto del Mundo,Gasto total,Dato base,2026M02,2026-02,4076.37
10838,Gasto por país de residencia,País de residencia,Resto del Mundo,Gasto total,Dato base,2026M01,2026-01,4539.37
10838,Gasto por país de residencia,País de residencia,Resto del Mundo,Gasto total,Dato base,2025M12,2025-12,4347.58
10838,Gasto por país de residencia,País de residencia,Resto del Mundo,Gasto total,Dato base,2025M11,2025-11,4282.19
10838,Gasto por país de residencia,País de residencia,Resto del Mundo,Gasto total,Dato base,2025M10,2025-10,6700.57
10838,Gasto por país de residencia,País de residencia,Resto del Mundo,Gasto total,Dato base,2025M09,2025-09,7128.23
10838,Gasto por país de residencia,País de residencia,Resto del Mundo,Gasto total,Dato base,2025M08,2025-08,7674.42
10838,Gasto por país de residencia,País de residencia,Resto del Mundo,Gasto total,Dato base,2025M07,2025-07,8686.61
10838,Gasto por país de residencia,País de residencia,Resto del Mundo,Gasto total,Dato base,2025M06,2025-06,6905.6
10838,Gasto por país de residencia,País de residencia,Resto del Mundo,Gasto total,Dato base,2025M05,2025-05,6647.48
10838,Gasto por país de residencia,País de residencia,Resto del Mundo,Gasto total,Dato base,2025M04,2025-04,5443.16
10838,Gasto por país de residencia,País de residencia,Resto del Mundo,Gasto total,Dato base,2025M03,2025-03,4593.48
10838,Gasto por país de residencia,País de residencia,Resto del Mundo,Gasto total,Dato base,2025M02,2025-02,3653.21
10838,Gasto por país de residencia,País de residencia,Resto del Mundo,Gasto total,Dato base,2025M01,2025-01,3820.65
10838,Gasto por país de residencia,País de residencia,Resto del Mundo,Gasto total,Dato base,2024M12,2024-12,3918.73
10838,Gasto por país de residencia,País de residencia,Resto del Mundo,Gasto total,Dato base,2024M11,2024-11,3996.3
10838,Gasto por país de residencia,País de residencia,Resto del Mundo,Gasto total,Dato base,2024M10,2024-10,6000.79
10838,Gasto por país de residencia,País de residencia,Resto del Mundo,Gasto total,Dato base,2024M09,2024-09,6441.72
10838,Gasto por país de residencia,País de residencia,Resto del Mundo,Gasto total,Dato base,2024M08,2024-08,7101.1
10838,Gasto por país de residencia,País de residencia,Resto del Mundo,Gasto total,Dato base,2024M07,2024-07,7890.93
10838,Gasto por país de residencia,País de residencia,Resto del Mundo,Gasto total,Dato base,2024M06,2024-06,6615.82
10838,Gasto por país de residencia,País de residencia,Resto del Mundo,Gasto total,Dato base,2024M05,2024-05,6187.35
10838,Gasto por país de residencia,País de residencia,Resto del Mundo,Gasto total,Dato base,2024M04,2024-04,4693.01
10838,Gasto por país de residencia,País de residencia,Resto del Mundo,Gasto total,Dato base,2024M03,2024-03,4430.8
10838,Gasto por país de residencia,País de residencia,Resto del Mundo,Gasto total,Dato base,2024M02,2024-02,3409.84
10838,Gasto por país de residencia,País de residencia,Resto del Mundo,Gasto total,Dato base,2024M01,2024-01,3470.52
10838,Gasto por país de residencia,País de residencia,Resto del Mundo,Gasto total,Dato base,2023M12,2023-12,3674.73
10838,Gasto por país de residencia,País de residencia,Resto del Mundo,Gasto total,Dato base,2023M11,2023-11,3391.67
10838,Gasto por país de residencia,País de residencia,Resto del Mundo,Gasto total,Dato base,2023M10,2023-10,5213.49
10838,Gasto por país de residencia,País de residencia,Resto del Mundo,Gasto total,Dato base,2023M09,2023-09,5705.9
10838,Gasto por país de residencia,País de residencia,Resto del Mundo,Gasto total,Dato base,2023M08,2023-08,6162.64
10838,Gasto por país de residencia,País de residencia,Resto del Mundo,Gasto total,Dato base,2023M07,2023-07,6915.85
10838,Gasto por país de residencia,País de residencia,Resto del Mundo,Gasto total,Dato base,2023M06,2023-06,5469.27
10838,Gasto por país de residencia,País de residencia,Resto del Mundo,Gasto total,Dato base,2023M05,2023-05,5114.88
10838,Gasto por país de residencia,País de residencia,Resto del Mundo,Gasto total,Dato base,2023M04,2023-04,4152.87
10838,Gasto por país de residencia,País de residencia,Resto del Mundo,Gasto total,Dato base,2023M03,2023-03,3372.04
10838,Gasto por país de residencia,País de residencia,Resto del Mundo,Gasto total,Dato base,2023M02,2023-02,2757.61
10838,Gasto por país de residencia,País de residencia,Resto del Mundo,Gasto total,Dato base,2023M01,2023-01,2732.82
10838,Gasto por país de residencia,País de residencia,Resto del Mundo,Gasto total,Dato base,2022M12,2022-12,2535.97
10838,Gasto por país de residencia,País de residencia,Resto del Mundo,Gasto total,Dato base,2022M11,2022-11,2620.08
10838,Gasto por país de residencia,País de residencia,Resto del Mundo,Gasto total,Dato base,2022M10,2022-10,3895.92
10838,Gasto por país de residencia,País de residencia,Resto del Mundo,Gasto total,Dato base,2022M09,2022-09,4358.4
10838,Gasto por país de residencia,País de residencia,Resto del Mundo,Gasto total,Dato base,2022M08,2022-08,4905.88
10838,Gasto por país de residencia,País de residencia,Resto del Mundo,Gasto total,Dato base,2022M07,2022-07,5587.55
10838,Gasto por país de residencia,País de residencia,Resto del Mundo,Gasto total,Dato base,2022M06,2022-06,4388.61
10838,Gasto por país de residencia,País de residencia,Resto del Mundo,Gasto total,Dato base,2022M05,2022-05,3821.21
10838,Gasto por país de residencia,País de residencia,Resto del Mundo,Gasto total,Dato base,2022M04,2022-04,3119.74
10838,Gasto por país de residencia,País de residencia,Resto del Mundo,Gasto total,Dato base,2022M03,2022-03,2320.96
10838,Gasto por país de residencia,País de residencia,Resto del Mundo,Gasto total,Dato base,2022M02,2022-02,1742.85
10838,Gasto por país de residencia,País de residencia,Resto del Mundo,Gasto total,Dato base,2022M01,2022-01,1518.63
10838,Gasto por país de residencia,País de residencia,Resto del Mundo,Gasto total,Dato base,2021M12,2021-12,1649.1
10838,Gasto por país de residencia,País de residencia,Resto del Mundo,Gasto total,Dato base,2021M11,2021-11,1620.22
10838,Gasto por país de residencia,País de residencia,Resto del Mundo,Gasto total,Dato base,2021M10,2021-10,2394.16
10838,Gasto por país de residencia,País de residencia,Resto del Mundo,Gasto total,Dato base,2021M09,2021-09,2274.9
10838,Gasto por país de residencia,País de residencia,Resto del Mundo,Gasto total,Dato base,2021M08,2021-08,2542.6
10838,Gasto por país de residencia,País de residencia,Resto del Mundo,Gasto total,Dato base,2021M07,2021-07,2370.58
10838,Gasto por país de residencia,País de residencia,Resto del Mundo,Gasto total,Dato base,2021M06,2021-06,1169.3
10838,Gasto por país de residencia,País de residencia,Resto del Mundo,Gasto total,Dato base,2021M05,2021-05,657.72
10838,Gasto por país de residencia,País de residencia,Resto del Mundo,Gasto total,Dato base,2021M04,2021-04,329.18
10838,Gasto por país de residencia,País de residencia,Resto del Mundo,Gasto total,Dato base,2021M03,2021-03,272.23
10838,Gasto por país de residencia,País de residencia,Resto del Mundo,Gasto total,Dato base,2021M02,2021-02,173.81
10838,Gasto por país de residencia,País de residencia,Resto del Mundo,Gasto total,Dato base,2021M01,2021-01,256.67
10838,Gasto por país de residencia,País de residencia,Resto del Mundo,Gasto total,Dato base,2020M12,2020-12,322.12
10838,Gasto por país de residencia,País de residencia,Resto del Mundo,Gasto total,Dato base,2020M11,2020-11,221.72
10838,Gasto por país de residencia,País de residencia,Resto del Mundo,Gasto total,Dato base,2020M10,2020-10,341.52
10838,Gasto por país de residencia,País de residencia,Resto del Mundo,Gasto total,Dato base,2020M09,2020-09,401.97
10838,Gasto por país de residencia,País de residencia,Resto del Mundo,Gasto total,Dato base,2020M08,2020-08,1025.89
10838,Gasto por país de residencia,País de residencia,Resto del Mundo,Gasto total,Dato base,2020M07,2020-07,1046.34
10838,Gasto por país de residencia,País de residencia,Resto del Mundo,Gasto total,Dato base,2020M06,2020-06,56.23
10838,Gasto por país de residencia,País de residencia,Resto del Mundo,Gasto total,Dato base,2020M05,2020-05,0.0
10838,Gasto por país de residencia,País de residencia,Resto del Mundo,Gasto total,Dato base,2020M04,2020-04,0.0
10838,Gasto por país de residencia,País de residencia,Resto del Mundo,Gasto total,Dato base,2020M03,2020-03,1079.37
10838,Gasto por país de residencia,País de residencia,Resto del Mundo,Gasto total,Dato base,2020M02,2020-02,2309.41
10838,Gasto por país de residencia,País de residencia,Resto del Mundo,Gasto total,Dato base,2020M01,2020-01,2557.53
10838,Gasto por país de residencia,País de residencia,Resto del Mundo,Gasto total,Dato base,2019M12,2019-12,2600.22
10838,Gasto por país de residencia,País de residencia,Resto del Mundo,Gasto total,Dato base,2019M11,2019-11,2511.29
10838,Gasto por país de residencia,País de residencia,Resto del Mundo,Gasto total,Dato base,2019M10,2019-10,4106.96
10838,Gasto por país de residencia,País de residencia,Resto del Mundo,Gasto total,Dato base,2019M09,2019-09,4696.24
10838,Gasto por país de residencia,País de residencia,Resto del Mundo,Gasto total,Dato base,2019M08,2019-08,5134.87
10838,Gasto por país de residencia,País de residencia,Resto del Mundo,Gasto total,Dato base,2019M07,2019-07,5677.87
10838,Gasto por país de residencia,País de residencia,Resto del Mundo,Gasto total,Dato base,2019M06,2019-06,4923.56
10838,Gasto por país de residencia,País de residencia,Resto del Mundo,Gasto total,Dato base,2019M05,2019-05,3929.11
10838,Gasto por país de residencia,País de residencia,Resto del Mundo,Gasto total,Dato base,2019M04,2019-04,3328.9
10838,Gasto por país de residencia,País de residencia,Resto del Mundo,Gasto total,Dato base,2019M03,2019-03,2873.39
10838,Gasto por país de residencia,País de residencia,Resto del Mundo,Gasto total,Dato base,2019M02,2019-02,2301.84
10838,Gasto por país de residencia,País de residencia,Resto del Mundo,Gasto total,Dato base,2019M01,2019-01,2403.49
10838,Gasto por país de residencia,País de residencia,Resto del Mundo,Gasto total,Dato base,2018M12,2018-12,2568.36
10838,Gasto por país de residencia,País de residencia,Resto del Mundo,Gasto total,Dato base,2018M11,2018-11,2357.64
10838,Gasto por país de residencia,País de residencia,Resto del Mundo,Gasto total,Dato base,2018M10,2018-10,3803.79
10838,Gasto por país de residencia,País de residencia,Resto del Mundo,Gasto total,Dato base,2018M09,2018-09,4485.1
10838,Gasto por país de residencia,País de residencia,Resto del Mundo,Gasto total,Dato base,2018M08,2018-08,4831.53
10838,Gasto por país de residencia,País de residencia,Resto del Mundo,Gasto total,Dato base,2018M07,2018-07,5487.21
10838,Gasto por país de residencia,País de residencia,Resto del Mundo,Gasto total,Dato base,2018M06,2018-06,4637.24
10838,Gasto por país de residencia,País de residencia,Resto del Mundo,Gasto total,Dato base,2018M05,2018-05,3724.4
10838,Gasto por país de residencia,País de residencia,Resto del Mundo,Gasto total,Dato base,2018M04,2018-04,3143.72
10838,Gasto por país de residencia,País de residencia,Resto del Mundo,Gasto total,Dato base,2018M03,2018-03,2548.11
10838,Gasto por país de residencia,País de residencia,Resto del Mundo,Gasto total,Dato base,2018M02,2018-02,2201.1
10838,Gasto por país de residencia,País de residencia,Resto del Mundo,Gasto total,Dato base,2018M01,2018-01,2214.58
10838,Gasto por país de residencia,País de residencia,Resto del Mundo,Gasto total,Dato base,2017M12,2017-12,2128.25
10838,Gasto por país de residencia,País de residencia,Resto del Mundo,Gasto total,Dato base,2017M11,2017-11,2157.69
10838,Gasto por país de residencia,País de residencia,Resto del Mundo,Gasto total,Dato base,2017M10,2017-10,3586.98
10838,Gasto por país de residencia,País de residencia,Resto del Mundo,Gasto total,Dato base,2017M09,2017-09,4595.95
10838,Gasto por país de residencia,País de residencia,Resto del Mundo,Gasto total,Dato base,2017M08,2017-08,4816.91
10838,Gasto por país de residencia,País de residencia,Resto del Mundo,Gasto total,Dato base,2017M07,2017-07,5629.76
10838,Gasto por país de residencia,País de residencia,Resto del Mundo,Gasto total,Dato base,2017M06,2017-06,4283.29
10838,Gasto por país de residencia,País de residencia,Resto del Mundo,Gasto total,Dato base,2017M05,2017-05,3582.51
10838,Gasto por país de residencia,País de residencia,Resto del Mundo,Gasto total,Dato base,2017M04,2017-04,2985.1
10838,Gasto por país de residencia,País de residencia,Resto del Mundo,Gasto total,Dato base,2017M03,2017-03,2223.85
10838,Gasto por país de residencia,País de residencia,Resto del Mundo,Gasto total,Dato base,2017M02,2017-02,1975.9
10838,Gasto por país de residencia,País de residencia,Resto del Mundo,Gasto total,Dato base,2017M01,2017-01,2038.67
10838,Gasto por país de residencia,País de residencia,Resto del Mundo,Gasto total,Dato base,2016M12,2016-12,2048.52
10838,Gasto por país de residencia,País de residencia,Resto del Mundo,Gasto total,Dato base,2016M11,2016-11,1962.91
10838,Gasto por país de residencia,País de residencia,Resto del Mundo,Gasto total,Dato base,2016M10,2016-10,3244.37
10838,Gasto por país de residencia,País de residencia,Resto del Mundo,Gasto total,Dato base,2016M09,2016-09,3956.84
10838,Gasto por país de residencia,País de residencia,Resto del Mundo,Gasto total,Dato base,2016M08,2016-08,4123.68
10838,Gasto por país de residencia,País de residencia,Resto del Mundo,Gasto total,Dato base,2016M07,2016-07,4547.45
10838,Gasto por país de residencia,País de residencia,Resto del Mundo,Gasto total,Dato base,2016M06,2016-06,3651.79
10838,Gasto por país de residencia,País de residencia,Resto del Mundo,Gasto total,Dato base,2016M05,2016-05,3117.13
10838,Gasto por país de residencia,País de residencia,Resto del Mundo,Gasto total,Dato base,2016M04,2016-04,2415.05
10838,Gasto por país de residencia,País de residencia,Resto del Mundo,Gasto total,Dato base,2016M03,2016-03,1981.14
10838,Gasto por país de residencia,País de residencia,Resto del Mundo,Gasto total,Dato base,2016M02,2016-02,1629.28
10838,Gasto por país de residencia,País de residencia,Resto del Mundo,Gasto total,Dato base,2016M01,2016-01,1739.33
10838,Gasto por país de residencia,País de residencia,Resto del Mundo,Gasto total,Dato base,2015M12,2015-12,1740.17
10838,Gasto por país de residencia,País de residencia,Resto del Mundo,Gasto total,Dato base,2015M11,2015-11,1773.86
10838,Gasto por país de residencia,País de residencia,Resto del Mundo,Gasto total,Dato base,2015M10,2015-10,2626.53
10838,Gasto por país de residencia,País de residencia,Alemania,Gasto total,Dato base,2026M07,2026-07,1750.66
10838,Gasto por país de residencia,País de residencia,Alemania,Gasto total,Dato base,2026M06,2026-06,1501.5
10838,Gasto por país de residencia,País de residencia,Alemania,Gasto total,Dato base,2026M05,2026-05,1510.19
10838,Gasto por país de residencia,País de residencia,Alemania,Gasto total,Dato base,2026M04,2026-04,1464.56
10838,Gasto por país de residencia,País de residencia,Alemania,Gasto total,Dato base,2026M03,2026-03,1282.67
10838,Gasto por país de residencia,País de residencia,Alemania,Gasto total,Dato base,2026M02,2026-02,904.08
10838,Gasto por país de residencia,País de residencia,Alemania,Gasto total,Dato base,2026M01,2026-01,825.65
10838,Gasto por país de residencia,País de residencia,Alemania,Gasto total,Dato base,2025M12,2025-12,888.69
10838,Gasto por país de residencia,País de residencia,Alemania,Gasto total,Dato base,2025M11,2025-11,948.05
10838,Gasto por país de residencia,País de residencia,Alemania,Gasto total,Dato base,2025M10,2025-10,1614.19
10838,Gasto por país de residencia,País de residencia,Alemania,Gasto total,Dato base,2025M09,2025-09,1680.71
10838,Gasto por país de residencia,País de residencia,Alemania,Gasto total,Dato base,2025M08,2025-08,1825.03
10838,Gasto por país de residencia,País de residencia,Alemania,Gasto total,Dato base,2025M07,2025-07,1570.13
10838,Gasto por país de residencia,País de residencia,Alemania,Gasto total,Dato base,2025M06,2025-06,1501.23
10838,Gasto por país de residencia,País de residencia,Alemania,Gasto total,Dato base,2025M05,2025-05,1332.22
10838,Gasto por país de residencia,País de residencia,Alemania,Gasto total,Dato base,2025M04,2025-04,1604.04
10838,Gasto por país de residencia,País de residencia,Alemania,Gasto total,Dato base,2025M03,2025-03,1280.79
10838,Gasto por país de residencia,País de residencia,Alemania,Gasto total,Dato base,2025M02,2025-02,837.14
10838,Gasto por país de residencia,País de residencia,Alemania,Gasto total,Dato base,2025M01,2025-01,791.15
10838,Gasto por país de residencia,País de residencia,Alemania,Gasto total,Dato base,2024M12,2024-12,950.14
10838,Gasto por país de residencia,País de residencia,Alemania,Gasto total,Dato base,2024M11,2024-11,956.05
10838,Gasto por país de residencia,País de residencia,Alemania,Gasto total,Dato base,2024M10,2024-10,1666.19
10838,Gasto por país de residencia,País de residencia,Alemania,Gasto total,Dato base,2024M09,2024-09,1651.34
10838,Gasto por país de residencia,País de residencia,Alemania,Gasto total,Dato base,2024M08,2024-08,1661.18
10838,Gasto por país de residencia,País de residencia,Alemania,Gasto total,Dato base,2024M07,2024-07,1662.93
10838,Gasto por país de residencia,País de residencia,Alemania,Gasto total,Dato base,2024M06,2024-06,1372.98
10838,Gasto por país de residencia,País de residencia,Alemania,Gasto total,Dato base,2024M05,2024-05,1413.55
10838,Gasto por país de residencia,País de residencia,Alemania,Gasto total,Dato base,2024M04,2024-04,1400.08
10838,Gasto por país de residencia,País de residencia,Alemania,Gasto total,Dato base,2024M03,2024-03,1207.92
10838,Gasto por país de residencia,País de residencia,Alemania,Gasto total,Dato base,2024M02,2024-02,825.36
10838,Gasto por país de residencia,País de residencia,Alemania,Gasto total,Dato base,2024M01,2024-01,747.64
10838,Gasto por país de residencia,País de residencia,Alemania,Gasto total,Dato base,2023M12,2023-12,790.7
10838,Gasto por país de residencia,País de residencia,Alemania,Gasto total,Dato base,2023M11,2023-11,796.85
10838,Gasto por país de residencia,País de residencia,Alemania,Gasto total,Dato base,2023M10,2023-10,1349.96
10838,Gasto por país de residencia,País de residencia,Alemania,Gasto total,Dato base,2023M09,2023-09,1515.14
10838,Gasto por país de residencia,País de residencia,Alemania,Gasto total,Dato base,2023M08,2023-08,1444.49
10838,Gasto por país de residencia,País de residencia,Alemania,Gasto total,Dato base,2023M07,2023-07,1434.75
10838,Gasto por país de residencia,País de residencia,Alemania,Gasto total,Dato base,2023M06,2023-06,1335.63
10838,Gasto por país de residencia,País de residencia,Alemania,Gasto total,Dato base,2023M05,2023-05,1196.23
10838,Gasto por país de residencia,País de residencia,Alemania,Gasto total,Dato base,2023M04,2023-04,1251.92
10838,Gasto por país de residencia,País de residencia,Alemania,Gasto total,Dato base,2023M03,2023-03,831.95
10838,Gasto por país de residencia,País de residencia,Alemania,Gasto total,Dato base,2023M02,2023-02,660.57
10838,Gasto por país de residencia,País de residencia,Alemania,Gasto total,Dato base,2023M01,2023-01,596.47
10838,Gasto por país de residencia,País de residencia,Alemania,Gasto total,Dato base,2022M12,2022-12,614.42
10838,Gasto por país de residencia,País de residencia,Alemania,Gasto total,Dato base,2022M11,2022-11,685.16
10838,Gasto por país de residencia,País de residencia,Alemania,Gasto total,Dato base,2022M10,2022-10,1180.55
10838,Gasto por país de residencia,País de residencia,Alemania,Gasto total,Dato base,2022M09,2022-09,1284.46
10838,Gasto por país de residencia,País de residencia,Alemania,Gasto total,Dato base,2022M08,2022-08,1327.09
10838,Gasto por país de residencia,País de residencia,Alemania,Gasto total,Dato base,2022M07,2022-07,1343.73
10838,Gasto por país de residencia,País de residencia,Alemania,Gasto total,Dato base,2022M06,2022-06,1251.18
10838,Gasto por país de residencia,País de residencia,Alemania,Gasto total,Dato base,2022M05,2022-05,1083.85
10838,Gasto por país de residencia,País de residencia,Alemania,Gasto total,Dato base,2022M04,2022-04,1100.89
10838,Gasto por país de residencia,País de residencia,Alemania,Gasto total,Dato base,2022M03,2022-03,767.08
10838,Gasto por país de residencia,País de residencia,Alemania,Gasto total,Dato base,2022M02,2022-02,489.79
10838,Gasto por país de residencia,País de residencia,Alemania,Gasto total,Dato base,2022M01,2022-01,398.24
10838,Gasto por país de residencia,País de residencia,Alemania,Gasto total,Dato base,2021M12,2021-12,492.37
10838,Gasto por país de residencia,País de residencia,Alemania,Gasto total,Dato base,2021M11,2021-11,591.24
10838,Gasto por país de residencia,País de residencia,Alemania,Gasto total,Dato base,2021M10,2021-10,1082.8
10838,Gasto por país de residencia,País de residencia,Alemania,Gasto total,Dato base,2021M09,2021-09,960.14
10838,Gasto por país de residencia,País de residencia,Alemania,Gasto total,Dato base,2021M08,2021-08,765.14
10838,Gasto por país de residencia,País de residencia,Alemania,Gasto total,Dato base,2021M07,2021-07,856.09
10838,Gasto por país de residencia,País de residencia,Alemania,Gasto total,Dato base,2021M06,2021-06,555.2
10838,Gasto por país de residencia,País de residencia,Alemania,Gasto total,Dato base,2021M05,2021-05,358.82
10838,Gasto por país de residencia,País de residencia,Alemania,Gasto total,Dato base,2021M04,2021-04,150.1
10838,Gasto por país de residencia,País de residencia,Alemania,Gasto total,Dato base,2021M03,2021-03,117.52
10838,Gasto por país de residencia,País de residencia,Alemania,Gasto total,Dato base,2021M02,2021-02,46.46
10838,Gasto por país de residencia,País de residencia,Alemania,Gasto total,Dato base,2021M01,2021-01,58.68
10838,Gasto por país de residencia,País de residencia,Alemania,Gasto total,Dato base,2020M12,2020-12,106.75
10838,Gasto por país de residencia,País de residencia,Alemania,Gasto total,Dato base,2020M11,2020-11,86.75
10838,Gasto por país de residencia,País de residencia,Alemania,Gasto total,Dato base,2020M10,2020-10,87.01
10838,Gasto por país de residencia,País de residencia,Alemania,Gasto total,Dato base,2020M09,2020-09,90.05
10838,Gasto por país de residencia,País de residencia,Alemania,Gasto total,Dato base,2020M08,2020-08,326.82
10838,Gasto por país de residencia,País de residencia,Alemania,Gasto total,Dato base,2020M07,2020-07,454.64
10838,Gasto por país de residencia,País de residencia,Alemania,Gasto total,Dato base,2020M06,2020-06,30.94
10838,Gasto por país de residencia,País de residencia,Alemania,Gasto total,Dato base,2020M05,2020-05,0.0
10838,Gasto por país de residencia,País de residencia,Alemania,Gasto total,Dato base,2020M04,2020-04,0.0
10838,Gasto por país de residencia,País de residencia,Alemania,Gasto total,Dato base,2020M03,2020-03,286.34
10838,Gasto por país de residencia,País de residencia,Alemania,Gasto total,Dato base,2020M02,2020-02,581.99
10838,Gasto por país de residencia,País de residencia,Alemania,Gasto total,Dato base,2020M01,2020-01,570.01
10838,Gasto por país de residencia,País de residencia,Alemania,Gasto total,Dato base,2019M12,2019-12,571.02
10838,Gasto por país de residencia,País de residencia,Alemania,Gasto total,Dato base,2019M11,2019-11,619.0
10838,Gasto por país de residencia,País de residencia,Alemania,Gasto total,Dato base,2019M10,2019-10,1190.15
10838,Gasto por país de residencia,País de residencia,Alemania,Gasto total,Dato base,2019M09,2019-09,1312.56
10838,Gasto por país de residencia,País de residencia,Alemania,Gasto total,Dato base,2019M08,2019-08,1297.59
10838,Gasto por país de residencia,País de residencia,Alemania,Gasto total,Dato base,2019M07,2019-07,1406.2
10838,Gasto por país de residencia,País de residencia,Alemania,Gasto total,Dato base,2019M06,2019-06,1289.89
10838,Gasto por país de residencia,País de residencia,Alemania,Gasto total,Dato base,2019M05,2019-05,1031.95
10838,Gasto por país de residencia,País de residencia,Alemania,Gasto total,Dato base,2019M04,2019-04,1029.67
10838,Gasto por país de residencia,País de residencia,Alemania,Gasto total,Dato base,2019M03,2019-03,823.61
10838,Gasto por país de residencia,País de residencia,Alemania,Gasto total,Dato base,2019M02,2019-02,564.28
10838,Gasto por país de residencia,País de residencia,Alemania,Gasto total,Dato base,2019M01,2019-01,550.67
10838,Gasto por país de residencia,País de residencia,Alemania,Gasto total,Dato base,2018M12,2018-12,581.64
10838,Gasto por país de residencia,País de residencia,Alemania,Gasto total,Dato base,2018M11,2018-11,621.67
10838,Gasto por país de residencia,País de residencia,Alemania,Gasto total,Dato base,2018M10,2018-10,1272.41
10838,Gasto por país de residencia,País de residencia,Alemania,Gasto total,Dato base,2018M09,2018-09,1439.29
10838,Gasto por país de residencia,País de residencia,Alemania,Gasto total,Dato base,2018M08,2018-08,1454.57
10838,Gasto por país de residencia,País de residencia,Alemania,Gasto total,Dato base,2018M07,2018-07,1404.88
10838,Gasto por país de residencia,País de residencia,Alemania,Gasto total,Dato base,2018M06,2018-06,1213.7
10838,Gasto por país de residencia,País de residencia,Alemania,Gasto total,Dato base,2018M05,2018-05,1155.19
10838,Gasto por país de residencia,País de residencia,Alemania,Gasto total,Dato base,2018M04,2018-04,892.16
10838,Gasto por país de residencia,País de residencia,Alemania,Gasto total,Dato base,2018M03,2018-03,856.06
10838,Gasto por país de residencia,País de residencia,Alemania,Gasto total,Dato base,2018M02,2018-02,543.53
10838,Gasto por país de residencia,País de residencia,Alemania,Gasto total,Dato base,2018M01,2018-01,541.6
10838,Gasto por país de residencia,País de residencia,Alemania,Gasto total,Dato base,2017M12,2017-12,528.64
10838,Gasto por país de residencia,País de residencia,Alemania,Gasto total,Dato base,2017M11,2017-11,616.9
10838,Gasto por país de residencia,País de residencia,Alemania,Gasto total,Dato base,2017M10,2017-10,1247.24
10838,Gasto por país de residencia,País de residencia,Alemania,Gasto total,Dato base,2017M09,2017-09,1448.11
10838,Gasto por país de residencia,País de residencia,Alemania,Gasto total,Dato base,2017M08,2017-08,1518.84
10838,Gasto por país de residencia,País de residencia,Alemania,Gasto total,Dato base,2017M07,2017-07,1496.58
10838,Gasto por país de residencia,País de residencia,Alemania,Gasto total,Dato base,2017M06,2017-06,1405.34
10838,Gasto por país de residencia,País de residencia,Alemania,Gasto total,Dato base,2017M05,2017-05,1106.28
10838,Gasto por país de residencia,País de residencia,Alemania,Gasto total,Dato base,2017M04,2017-04,1106.29
10838,Gasto por país de residencia,País de residencia,Alemania,Gasto total,Dato base,2017M03,2017-03,703.29
10838,Gasto por país de residencia,País de residencia,Alemania,Gasto total,Dato base,2017M02,2017-02,531.38
10838,Gasto por país de residencia,País de residencia,Alemania,Gasto total,Dato base,2017M01,2017-01,524.54
10838,Gasto por país de residencia,País de residencia,Alemania,Gasto total,Dato base,2016M12,2016-12,507.34
10838,Gasto por país de residencia,País de residencia,Alemania,Gasto total,Dato base,2016M11,2016-11,529.47
10838,Gasto por país de residencia,País de residencia,Alemania,Gasto total,Dato base,2016M10,2016-10,1252.16
10838,Gasto por país de residencia,País de residencia,Alemania,Gasto total,Dato base,2016M09,2016-09,1279.46
10838,Gasto por país de residencia,País de residencia,Alemania,Gasto total,Dato base,2016M08,2016-08,1449.51
10838,Gasto por país de residencia,País de residencia,Alemania,Gasto total,Dato base,2016M07,2016-07,1328.19
10838,Gasto por país de residencia,País de residencia,Alemania,Gasto total,Dato base,2016M06,2016-06,1180.99
10838,Gasto por país de residencia,País de residencia,Alemania,Gasto total,Dato base,2016M05,2016-05,1106.14
10838,Gasto por país de residencia,País de residencia,Alemania,Gasto total,Dato base,2016M04,2016-04,811.79
10838,Gasto por país de residencia,País de residencia,Alemania,Gasto total,Dato base,2016M03,2016-03,709.67
10838,Gasto por país de residencia,País de residencia,Alemania,Gasto total,Dato base,2016M02,2016-02,474.44
10838,Gasto por país de residencia,País de residencia,Alemania,Gasto total,Dato base,2016M01,2016-01,469.04
10838,Gasto por país de residencia,País de residencia,Alemania,Gasto total,Dato base,2015M12,2015-12,419.04
10838,Gasto por país de residencia,País de residencia,Alemania,Gasto total,Dato base,2015M11,2015-11,512.06
10838,Gasto por país de residencia,País de residencia,Alemania,Gasto total,Dato base,2015M10,2015-10,1022.25
10838,Gasto por país de residencia,País de residencia,Francia,Gasto total,Dato base,2026M07,2026-07,1644.04
10838,Gasto por país de residencia,País de residencia,Francia,Gasto total,Dato base,2026M06,2026-06,878.8
10838,Gasto por país de residencia,País de residencia,Francia,Gasto total,Dato base,2026M05,2026-05,1054.61
10838,Gasto por país de residencia,País de residencia,Francia,Gasto total,Dato base,2026M04,2026-04,1108.88
10838,Gasto por país de residencia,País de residencia,Francia,Gasto total,Dato base,2026M03,2026-03,660.1
10838,Gasto por país de residencia,País de residencia,Francia,Gasto total,Dato base,2026M02,2026-02,551.09
10838,Gasto por país de residencia,País de residencia,Francia,Gasto total,Dato base,2026M01,2026-01,474.1
10838,Gasto por país de residencia,País de residencia,Francia,Gasto total,Dato base,2025M12,2025-12,637.84
10838,Gasto por país de residencia,País de residencia,Francia,Gasto total,Dato base,2025M11,2025-11,578.44
10838,Gasto por país de residencia,País de residencia,Francia,Gasto total,Dato base,2025M10,2025-10,999.82
10838,Gasto por país de residencia,País de residencia,Francia,Gasto total,Dato base,2025M09,2025-09,990.78
10838,Gasto por país de residencia,País de residencia,Francia,Gasto total,Dato base,2025M08,2025-08,2194.28
10838,Gasto por país de residencia,País de residencia,Francia,Gasto total,Dato base,2025M07,2025-07,1460.56
10838,Gasto por país de residencia,País de residencia,Francia,Gasto total,Dato base,2025M06,2025-06,937.74
10838,Gasto por país de residencia,País de residencia,Francia,Gasto total,Dato base,2025M05,2025-05,983.64
10838,Gasto por país de residencia,País de residencia,Francia,Gasto total,Dato base,2025M04,2025-04,984.18
10838,Gasto por país de residencia,País de residencia,Francia,Gasto total,Dato base,2025M03,2025-03,649.56
10838,Gasto por país de residencia,País de residencia,Francia,Gasto total,Dato base,2025M02,2025-02,626.07
10838,Gasto por país de residencia,País de residencia,Francia,Gasto total,Dato base,2025M01,2025-01,548.84
10838,Gasto por país de residencia,País de residencia,Francia,Gasto total,Dato base,2024M12,2024-12,602.87
10838,Gasto por país de residencia,País de residencia,Francia,Gasto total,Dato base,2024M11,2024-11,581.98
10838,Gasto por país de residencia,País de residencia,Francia,Gasto total,Dato base,2024M10,2024-10,912.22
10838,Gasto por país de residencia,País de residencia,Francia,Gasto total,Dato base,2024M09,2024-09,1018.55
10838,Gasto por país de residencia,País de residencia,Francia,Gasto total,Dato base,2024M08,2024-08,2172.06
10838,Gasto por país de residencia,País de residencia,Francia,Gasto total,Dato base,2024M07,2024-07,1496.8
10838,Gasto por país de residencia,País de residencia,Francia,Gasto total,Dato base,2024M06,2024-06,831.51
10838,Gasto por país de residencia,País de residencia,Francia,Gasto total,Dato base,2024M05,2024-05,987.65
10838,Gasto por país de residencia,País de residencia,Francia,Gasto total,Dato base,2024M04,2024-04,851.98
10838,Gasto por país de residencia,País de residencia,Francia,Gasto total,Dato base,2024M03,2024-03,599.11
10838,Gasto por país de residencia,País de residencia,Francia,Gasto total,Dato base,2024M02,2024-02,477.23
10838,Gasto por país de residencia,País de residencia,Francia,Gasto total,Dato base,2024M01,2024-01,437.25
10838,Gasto por país de residencia,País de residencia,Francia,Gasto total,Dato base,2023M12,2023-12,610.62
10838,Gasto por país de residencia,País de residencia,Francia,Gasto total,Dato base,2023M11,2023-11,477.49
10838,Gasto por país de residencia,País de residencia,Francia,Gasto total,Dato base,2023M10,2023-10,792.0
10838,Gasto por país de residencia,País de residencia,Francia,Gasto total,Dato base,2023M09,2023-09,807.4
10838,Gasto por país de residencia,País de residencia,Francia,Gasto total,Dato base,2023M08,2023-08,1969.5
10838,Gasto por país de residencia,País de residencia,Francia,Gasto total,Dato base,2023M07,2023-07,1475.74
10838,Gasto por país de residencia,País de residencia,Francia,Gasto total,Dato base,2023M06,2023-06,742.74
10838,Gasto por país de residencia,País de residencia,Francia,Gasto total,Dato base,2023M05,2023-05,841.8
10838,Gasto por país de residencia,País de residencia,Francia,Gasto total,Dato base,2023M04,2023-04,772.87
10838,Gasto por país de residencia,País de residencia,Francia,Gasto total,Dato base,2023M03,2023-03,474.29
10838,Gasto por país de residencia,País de residencia,Francia,Gasto total,Dato base,2023M02,2023-02,428.91
10838,Gasto por país de residencia,País de residencia,Francia,Gasto total,Dato base,2023M01,2023-01,344.99
10838,Gasto por país de residencia,País de residencia,Francia,Gasto total,Dato base,2022M12,2022-12,520.36
10838,Gasto por país de residencia,País de residencia,Francia,Gasto total,Dato base,2022M11,2022-11,425.31
10838,Gasto por país de residencia,País de residencia,Francia,Gasto total,Dato base,2022M10,2022-10,692.78
10838,Gasto por país de residencia,País de residencia,Francia,Gasto total,Dato base,2022M09,2022-09,760.8
10838,Gasto por país de residencia,País de residencia,Francia,Gasto total,Dato base,2022M08,2022-08,1620.79
10838,Gasto por país de residencia,País de residencia,Francia,Gasto total,Dato base,2022M07,2022-07,1225.2
10838,Gasto por país de residencia,País de residencia,Francia,Gasto total,Dato base,2022M06,2022-06,638.5
10838,Gasto por país de residencia,País de residencia,Francia,Gasto total,Dato base,2022M05,2022-05,711.61
10838,Gasto por país de residencia,País de residencia,Francia,Gasto total,Dato base,2022M04,2022-04,591.49
10838,Gasto por país de residencia,País de residencia,Francia,Gasto total,Dato base,2022M03,2022-03,336.1
10838,Gasto por país de residencia,País de residencia,Francia,Gasto total,Dato base,2022M02,2022-02,383.78
10838,Gasto por país de residencia,País de residencia,Francia,Gasto total,Dato base,2022M01,2022-01,254.58
10838,Gasto por país de residencia,País de residencia,Francia,Gasto total,Dato base,2021M12,2021-12,351.45
10838,Gasto por país de residencia,País de residencia,Francia,Gasto total,Dato base,2021M11,2021-11,351.66
10838,Gasto por país de residencia,País de residencia,Francia,Gasto total,Dato base,2021M10,2021-10,513.97
10838,Gasto por país de residencia,País de residencia,Francia,Gasto total,Dato base,2021M09,2021-09,521.44
10838,Gasto por país de residencia,País de residencia,Francia,Gasto total,Dato base,2021M08,2021-08,1186.95
10838,Gasto por país de residencia,País de residencia,Francia,Gasto total,Dato base,2021M07,2021-07,712.36
10838,Gasto por país de residencia,País de residencia,Francia,Gasto total,Dato base,2021M06,2021-06,302.04
10838,Gasto por país de residencia,País de residencia,Francia,Gasto total,Dato base,2021M05,2021-05,216.1
10838,Gasto por país de residencia,País de residencia,Francia,Gasto total,Dato base,2021M04,2021-04,89.23
10838,Gasto por país de residencia,País de residencia,Francia,Gasto total,Dato base,2021M03,2021-03,76.38
10838,Gasto por país de residencia,País de residencia,Francia,Gasto total,Dato base,2021M02,2021-02,51.74
10838,Gasto por país de residencia,País de residencia,Francia,Gasto total,Dato base,2021M01,2021-01,67.12
10838,Gasto por país de residencia,País de residencia,Francia,Gasto total,Dato base,2020M12,2020-12,91.16
10838,Gasto por país de residencia,País de residencia,Francia,Gasto total,Dato base,2020M11,2020-11,34.58
10838,Gasto por país de residencia,País de residencia,Francia,Gasto total,Dato base,2020M10,2020-10,192.93
10838,Gasto por país de residencia,País de residencia,Francia,Gasto total,Dato base,2020M09,2020-09,238.59
10838,Gasto por país de residencia,País de residencia,Francia,Gasto total,Dato base,2020M08,2020-08,635.44
10838,Gasto por país de residencia,País de residencia,Francia,Gasto total,Dato base,2020M07,2020-07,374.32
10838,Gasto por país de residencia,País de residencia,Francia,Gasto total,Dato base,2020M06,2020-06,30.61
10838,Gasto por país de residencia,País de residencia,Francia,Gasto total,Dato base,2020M05,2020-05,0.0
10838,Gasto por país de residencia,País de residencia,Francia,Gasto total,Dato base,2020M04,2020-04,0.0
10838,Gasto por país de residencia,País de residencia,Francia,Gasto total,Dato base,2020M03,2020-03,163.24
10838,Gasto por país de residencia,País de residencia,Francia,Gasto total,Dato base,2020M02,2020-02,364.24
10838,Gasto por país de residencia,País de residencia,Francia,Gasto total,Dato base,2020M01,2020-01,297.13
10838,Gasto por país de residencia,País de residencia,Francia,Gasto total,Dato base,2019M12,2019-12,351.13
10838,Gasto por país de residencia,País de residencia,Francia,Gasto total,Dato base,2019M11,2019-11,345.01
10838,Gasto por país de residencia,País de residencia,Francia,Gasto total,Dato base,2019M10,2019-10,571.03
10838,Gasto por país de residencia,País de residencia,Francia,Gasto total,Dato base,2019M09,2019-09,706.67
10838,Gasto por país de residencia,País de residencia,Francia,Gasto total,Dato base,2019M08,2019-08,1584.13
10838,Gasto por país de residencia,País de residencia,Francia,Gasto total,Dato base,2019M07,2019-07,1078.44
10838,Gasto por país de residencia,País de residencia,Francia,Gasto total,Dato base,2019M06,2019-06,659.04
10838,Gasto por país de residencia,País de residencia,Francia,Gasto total,Dato base,2019M05,2019-05,659.73
10838,Gasto por país de residencia,País de residencia,Francia,Gasto total,Dato base,2019M04,2019-04,598.65
10838,Gasto por país de residencia,País de residencia,Francia,Gasto total,Dato base,2019M03,2019-03,428.96
10838,Gasto por país de residencia,País de residencia,Francia,Gasto total,Dato base,2019M02,2019-02,344.14
10838,Gasto por país de residencia,País de residencia,Francia,Gasto total,Dato base,2019M01,2019-01,266.52
10838,Gasto por país de residencia,País de residencia,Francia,Gasto total,Dato base,2018M12,2018-12,347.35
10838,Gasto por país de residencia,País de residencia,Francia,Gasto total,Dato base,2018M11,2018-11,283.7
10838,Gasto por país de residencia,País de residencia,Francia,Gasto total,Dato base,2018M10,2018-10,572.25
10838,Gasto por país de residencia,País de residencia,Francia,Gasto total,Dato base,2018M09,2018-09,722.39
10838,Gasto por país de residencia,País de residencia,Francia,Gasto total,Dato base,2018M08,2018-08,1535.77
10838,Gasto por país de residencia,País de residencia,Francia,Gasto total,Dato base,2018M07,2018-07,1005.51
10838,Gasto por país de residencia,País de residencia,Francia,Gasto total,Dato base,2018M06,2018-06,609.95
10838,Gasto por país de residencia,País de residencia,Francia,Gasto total,Dato base,2018M05,2018-05,708.95
10838,Gasto por país de residencia,País de residencia,Francia,Gasto total,Dato base,2018M04,2018-04,607.47
10838,Gasto por país de residencia,País de residencia,Francia,Gasto total,Dato base,2018M03,2018-03,397.11
10838,Gasto por país de residencia,País de residencia,Francia,Gasto total,Dato base,2018M02,2018-02,325.45
10838,Gasto por país de residencia,País de residencia,Francia,Gasto total,Dato base,2018M01,2018-01,289.63
10838,Gasto por país de residencia,País de residencia,Francia,Gasto total,Dato base,2017M12,2017-12,338.84
10838,Gasto por país de residencia,País de residencia,Francia,Gasto total,Dato base,2017M11,2017-11,295.03
10838,Gasto por país de residencia,País de residencia,Francia,Gasto total,Dato base,2017M10,2017-10,547.49
10838,Gasto por país de residencia,País de residencia,Francia,Gasto total,Dato base,2017M09,2017-09,640.17
10838,Gasto por país de residencia,País de residencia,Francia,Gasto total,Dato base,2017M08,2017-08,1432.89
10838,Gasto por país de residencia,País de residencia,Francia,Gasto total,Dato base,2017M07,2017-07,992.82
10838,Gasto por país de residencia,País de residencia,Francia,Gasto total,Dato base,2017M06,2017-06,534.02
10838,Gasto por país de residencia,País de residencia,Francia,Gasto total,Dato base,2017M05,2017-05,636.82
10838,Gasto por país de residencia,País de residencia,Francia,Gasto total,Dato base,2017M04,2017-04,647.58
10838,Gasto por país de residencia,País de residencia,Francia,Gasto total,Dato base,2017M03,2017-03,364.23
10838,Gasto por país de residencia,País de residencia,Francia,Gasto total,Dato base,2017M02,2017-02,341.32
10838,Gasto por país de residencia,País de residencia,Francia,Gasto total,Dato base,2017M01,2017-01,281.15
10838,Gasto por país de residencia,País de residencia,Francia,Gasto total,Dato base,2016M12,2016-12,350.25
10838,Gasto por país de residencia,País de residencia,Francia,Gasto total,Dato base,2016M11,2016-11,291.65
10838,Gasto por país de residencia,País de residencia,Francia,Gasto total,Dato base,2016M10,2016-10,561.45
10838,Gasto por país de residencia,País de residencia,Francia,Gasto total,Dato base,2016M09,2016-09,632.13
10838,Gasto por país de residencia,País de residencia,Francia,Gasto total,Dato base,2016M08,2016-08,1380.66
10838,Gasto por país de residencia,País de residencia,Francia,Gasto total,Dato base,2016M07,2016-07,974.5
10838,Gasto por país de residencia,País de residencia,Francia,Gasto total,Dato base,2016M06,2016-06,529.1
10838,Gasto por país de residencia,País de residencia,Francia,Gasto total,Dato base,2016M05,2016-05,607.96
10838,Gasto por país de residencia,País de residencia,Francia,Gasto total,Dato base,2016M04,2016-04,596.41
10838,Gasto por país de residencia,País de residencia,Francia,Gasto total,Dato base,2016M03,2016-03,288.39
10838,Gasto por país de residencia,País de residencia,Francia,Gasto total,Dato base,2016M02,2016-02,288.49
10838,Gasto por país de residencia,País de residencia,Francia,Gasto total,Dato base,2016M01,2016-01,275.22
10838,Gasto por país de residencia,País de residencia,Francia,Gasto total,Dato base,2015M12,2015-12,283.86
10838,Gasto por país de residencia,País de residencia,Francia,Gasto total,Dato base,2015M11,2015-11,319.66
10838,Gasto por país de residencia,País de residencia,Francia,Gasto total,Dato base,2015M10,2015-10,579.09
10838,Gasto por país de residencia,País de residencia,Italia,Gasto total,Dato base,2026M07,2026-07,838.72
10838,Gasto por país de residencia,País de residencia,Italia,Gasto total,Dato base,2026M06,2026-06,536.47
10838,Gasto por país de residencia,País de residencia,Italia,Gasto total,Dato base,2026M05,2026-05,470.81
10838,Gasto por país de residencia,País de residencia,Italia,Gasto total,Dato base,2026M04,2026-04,423.2
10838,Gasto por país de residencia,País de residencia,Italia,Gasto total,Dato base,2026M03,2026-03,374.2
10838,Gasto por país de residencia,País de residencia,Italia,Gasto total,Dato base,2026M02,2026-02,315.54
10838,Gasto por país de residencia,País de residencia,Italia,Gasto total,Dato base,2026M01,2026-01,330.36
10838,Gasto por país de residencia,País de residencia,Italia,Gasto total,Dato base,2025M12,2025-12,414.87
10838,Gasto por país de residencia,País de residencia,Italia,Gasto total,Dato base,2025M11,2025-11,323.2
10838,Gasto por país de residencia,País de residencia,Italia,Gasto total,Dato base,2025M10,2025-10,447.47
10838,Gasto por país de residencia,País de residencia,Italia,Gasto total,Dato base,2025M09,2025-09,437.26
10838,Gasto por país de residencia,País de residencia,Italia,Gasto total,Dato base,2025M08,2025-08,955.29
10838,Gasto por país de residencia,País de residencia,Italia,Gasto total,Dato base,2025M07,2025-07,673.71
10838,Gasto por país de residencia,País de residencia,Italia,Gasto total,Dato base,2025M06,2025-06,486.96
10838,Gasto por país de residencia,País de residencia,Italia,Gasto total,Dato base,2025M05,2025-05,373.12
10838,Gasto por país de residencia,País de residencia,Italia,Gasto total,Dato base,2025M04,2025-04,377.65
10838,Gasto por país de residencia,País de residencia,Italia,Gasto total,Dato base,2025M03,2025-03,367.93
10838,Gasto por país de residencia,País de residencia,Italia,Gasto total,Dato base,2025M02,2025-02,310.95
10838,Gasto por país de residencia,País de residencia,Italia,Gasto total,Dato base,2025M01,2025-01,283.52
10838,Gasto por país de residencia,País de residencia,Italia,Gasto total,Dato base,2024M12,2024-12,393.33
10838,Gasto por país de residencia,País de residencia,Italia,Gasto total,Dato base,2024M11,2024-11,329.21
10838,Gasto por país de residencia,País de residencia,Italia,Gasto total,Dato base,2024M10,2024-10,409.83
10838,Gasto por país de residencia,País de residencia,Italia,Gasto total,Dato base,2024M09,2024-09,451.99
10838,Gasto por país de residencia,País de residencia,Italia,Gasto total,Dato base,2024M08,2024-08,881.85
10838,Gasto por país de residencia,País de residencia,Italia,Gasto total,Dato base,2024M07,2024-07,574.82
10838,Gasto por país de residencia,País de residencia,Italia,Gasto total,Dato base,2024M06,2024-06,440.54
10838,Gasto por país de residencia,País de residencia,Italia,Gasto total,Dato base,2024M05,2024-05,391.51
10838,Gasto por país de residencia,País de residencia,Italia,Gasto total,Dato base,2024M04,2024-04,367.89
10838,Gasto por país de residencia,País de residencia,Italia,Gasto total,Dato base,2024M03,2024-03,291.31
10838,Gasto por país de residencia,País de residencia,Italia,Gasto total,Dato base,2024M02,2024-02,284.62
10838,Gasto por país de residencia,País de residencia,Italia,Gasto total,Dato base,2024M01,2024-01,272.65
10838,Gasto por país de residencia,País de residencia,Italia,Gasto total,Dato base,2023M12,2023-12,370.57
10838,Gasto por país de residencia,País de residencia,Italia,Gasto total,Dato base,2023M11,2023-11,274.91
10838,Gasto por país de residencia,País de residencia,Italia,Gasto total,Dato base,2023M10,2023-10,346.4
10838,Gasto por país de residencia,País de residencia,Italia,Gasto total,Dato base,2023M09,2023-09,375.98
10838,Gasto por país de residencia,País de residencia,Italia,Gasto total,Dato base,2023M08,2023-08,798.46
10838,Gasto por país de residencia,País de residencia,Italia,Gasto total,Dato base,2023M07,2023-07,508.4
10838,Gasto por país de residencia,País de residencia,Italia,Gasto total,Dato base,2023M06,2023-06,348.22
10838,Gasto por país de residencia,País de residencia,Italia,Gasto total,Dato base,2023M05,2023-05,312.72
10838,Gasto por país de residencia,País de residencia,Italia,Gasto total,Dato base,2023M04,2023-04,304.41
10838,Gasto por país de residencia,País de residencia,Italia,Gasto total,Dato base,2023M03,2023-03,249.13
10838,Gasto por país de residencia,País de residencia,Italia,Gasto total,Dato base,2023M02,2023-02,200.0
10838,Gasto por país de residencia,País de residencia,Italia,Gasto total,Dato base,2023M01,2023-01,217.09
10838,Gasto por país de residencia,País de residencia,Italia,Gasto total,Dato base,2022M12,2022-12,263.68
10838,Gasto por país de residencia,País de residencia,Italia,Gasto total,Dato base,2022M11,2022-11,215.49
10838,Gasto por país de residencia,País de residencia,Italia,Gasto total,Dato base,2022M10,2022-10,280.82
10838,Gasto por país de residencia,País de residencia,Italia,Gasto total,Dato base,2022M09,2022-09,351.02
10838,Gasto por país de residencia,País de residencia,Italia,Gasto total,Dato base,2022M08,2022-08,659.26
10838,Gasto por país de residencia,País de residencia,Italia,Gasto total,Dato base,2022M07,2022-07,456.93
10838,Gasto por país de residencia,País de residencia,Italia,Gasto total,Dato base,2022M06,2022-06,319.92
10838,Gasto por país de residencia,País de residencia,Italia,Gasto total,Dato base,2022M05,2022-05,260.6
10838,Gasto por país de residencia,País de residencia,Italia,Gasto total,Dato base,2022M04,2022-04,265.6
10838,Gasto por país de residencia,País de residencia,Italia,Gasto total,Dato base,2022M03,2022-03,199.67
10838,Gasto por país de residencia,País de residencia,Italia,Gasto total,Dato base,2022M02,2022-02,138.56
10838,Gasto por país de residencia,País de residencia,Italia,Gasto total,Dato base,2022M01,2022-01,130.84
10838,Gasto por país de residencia,País de residencia,Italia,Gasto total,Dato base,2021M12,2021-12,189.27
10838,Gasto por país de residencia,País de residencia,Italia,Gasto total,Dato base,2021M11,2021-11,162.78
10838,Gasto por país de residencia,País de residencia,Italia,Gasto total,Dato base,2021M10,2021-10,178.4
10838,Gasto por país de residencia,País de residencia,Italia,Gasto total,Dato base,2021M09,2021-09,203.07
10838,Gasto por país de residencia,País de residencia,Italia,Gasto total,Dato base,2021M08,2021-08,312.56
10838,Gasto por país de residencia,País de residencia,Italia,Gasto total,Dato base,2021M07,2021-07,192.35
10838,Gasto por país de residencia,País de residencia,Italia,Gasto total,Dato base,2021M06,2021-06,111.51
10838,Gasto por país de residencia,País de residencia,Italia,Gasto total,Dato base,2021M05,2021-05,50.29
10838,Gasto por país de residencia,País de residencia,Italia,Gasto total,Dato base,2021M04,2021-04,39.65
10838,Gasto por país de residencia,País de residencia,Italia,Gasto total,Dato base,2021M03,2021-03,22.99
10838,Gasto por país de residencia,País de residencia,Italia,Gasto total,Dato base,2021M02,2021-02,16.62
10838,Gasto por país de residencia,País de residencia,Italia,Gasto total,Dato base,2021M01,2021-01,18.58
10838,Gasto por país de residencia,País de residencia,Italia,Gasto total,Dato base,2020M12,2020-12,19.83
10838,Gasto por país de residencia,País de residencia,Italia,Gasto total,Dato base,2020M11,2020-11,15.47
10838,Gasto por país de residencia,País de residencia,Italia,Gasto total,Dato base,2020M10,2020-10,30.32
10838,Gasto por país de residencia,País de residencia,Italia,Gasto total,Dato base,2020M09,2020-09,45.07
10838,Gasto por país de residencia,País de residencia,Italia,Gasto total,Dato base,2020M08,2020-08,126.27
10838,Gasto por país de residencia,País de residencia,Italia,Gasto total,Dato base,2020M07,2020-07,86.41
10838,Gasto por país de residencia,País de residencia,Italia,Gasto total,Dato base,2020M06,2020-06,7.97
10838,Gasto por país de residencia,País de residencia,Italia,Gasto total,Dato base,2020M05,2020-05,0.0
10838,Gasto por país de residencia,País de residencia,Italia,Gasto total,Dato base,2020M04,2020-04,0.0
10838,Gasto por país de residencia,País de residencia,Italia,Gasto total,Dato base,2020M03,2020-03,45.96
10838,Gasto por país de residencia,País de residencia,Italia,Gasto total,Dato base,2020M02,2020-02,197.97
10838,Gasto por país de residencia,País de residencia,Italia,Gasto total,Dato base,2020M01,2020-01,182.82
10838,Gasto por país de residencia,País de residencia,Italia,Gasto total,Dato base,2019M12,2019-12,235.82
10838,Gasto por país de residencia,País de residencia,Italia,Gasto total,Dato base,2019M11,2019-11,206.41
10838,Gasto por país de residencia,País de residencia,Italia,Gasto total,Dato base,2019M10,2019-10,234.22
10838,Gasto por país de residencia,País de residencia,Italia,Gasto total,Dato base,2019M09,2019-09,367.33
10838,Gasto por país de residencia,País de residencia,Italia,Gasto total,Dato base,2019M08,2019-08,639.09
10838,Gasto por país de residencia,País de residencia,Italia,Gasto total,Dato base,2019M07,2019-07,452.85
10838,Gasto por país de residencia,País de residencia,Italia,Gasto total,Dato base,2019M06,2019-06,298.02
10838,Gasto por país de residencia,País de residencia,Italia,Gasto total,Dato base,2019M05,2019-05,259.38
10838,Gasto por país de residencia,País de residencia,Italia,Gasto total,Dato base,2019M04,2019-04,256.3
10838,Gasto por país de residencia,País de residencia,Italia,Gasto total,Dato base,2019M03,2019-03,234.55
10838,Gasto por país de residencia,País de residencia,Italia,Gasto total,Dato base,2019M02,2019-02,184.78
10838,Gasto por país de residencia,País de residencia,Italia,Gasto total,Dato base,2019M01,2019-01,182.16
10838,Gasto por país de residencia,País de residencia,Italia,Gasto total,Dato base,2018M12,2018-12,202.59
10838,Gasto por país de residencia,País de residencia,Italia,Gasto total,Dato base,2018M11,2018-11,196.4
10838,Gasto por país de residencia,País de residencia,Italia,Gasto total,Dato base,2018M10,2018-10,241.84
10838,Gasto por país de residencia,País de residencia,Italia,Gasto total,Dato base,2018M09,2018-09,373.58
10838,Gasto por país de residencia,País de residencia,Italia,Gasto total,Dato base,2018M08,2018-08,606.44
10838,Gasto por país de residencia,País de residencia,Italia,Gasto total,Dato base,2018M07,2018-07,440.12
10838,Gasto por país de residencia,País de residencia,Italia,Gasto total,Dato base,2018M06,2018-06,302.66
10838,Gasto por país de residencia,País de residencia,Italia,Gasto total,Dato base,2018M05,2018-05,224.46
10838,Gasto por país de residencia,País de residencia,Italia,Gasto total,Dato base,2018M04,2018-04,219.9
10838,Gasto por país de residencia,País de residencia,Italia,Gasto total,Dato base,2018M03,2018-03,206.27
10838,Gasto por país de residencia,País de residencia,Italia,Gasto total,Dato base,2018M02,2018-02,171.23
10838,Gasto por país de residencia,País de residencia,Italia,Gasto total,Dato base,2018M01,2018-01,181.26
10838,Gasto por país de residencia,País de residencia,Italia,Gasto total,Dato base,2017M12,2017-12,193.31
10838,Gasto por país de residencia,País de residencia,Italia,Gasto total,Dato base,2017M11,2017-11,179.69
10838,Gasto por país de residencia,País de residencia,Italia,Gasto total,Dato base,2017M10,2017-10,246.98
10838,Gasto por país de residencia,País de residencia,Italia,Gasto total,Dato base,2017M09,2017-09,292.84
10838,Gasto por país de residencia,País de residencia,Italia,Gasto total,Dato base,2017M08,2017-08,622.89
10838,Gasto por país de residencia,País de residencia,Italia,Gasto total,Dato base,2017M07,2017-07,434.77
10838,Gasto por país de residencia,País de residencia,Italia,Gasto total,Dato base,2017M06,2017-06,299.02
10838,Gasto por país de residencia,País de residencia,Italia,Gasto total,Dato base,2017M05,2017-05,234.58
10838,Gasto por país de residencia,País de residencia,Italia,Gasto total,Dato base,2017M04,2017-04,229.13
10838,Gasto por país de residencia,País de residencia,Italia,Gasto total,Dato base,2017M03,2017-03,175.59
10838,Gasto por país de residencia,País de residencia,Italia,Gasto total,Dato base,2017M02,2017-02,157.54
10838,Gasto por país de residencia,País de residencia,Italia,Gasto total,Dato base,2017M01,2017-01,175.14
10838,Gasto por país de residencia,País de residencia,Italia,Gasto total,Dato base,2016M12,2016-12,211.38
10838,Gasto por país de residencia,País de residencia,Italia,Gasto total,Dato base,2016M11,2016-11,155.49
10838,Gasto por país de residencia,País de residencia,Italia,Gasto total,Dato base,2016M10,2016-10,218.44
10838,Gasto por país de residencia,País de residencia,Italia,Gasto total,Dato base,2016M09,2016-09,285.72
10838,Gasto por país de residencia,País de residencia,Italia,Gasto total,Dato base,2016M08,2016-08,627.3
10838,Gasto por país de residencia,País de residencia,Italia,Gasto total,Dato base,2016M07,2016-07,373.65
10838,Gasto por país de residencia,País de residencia,Italia,Gasto total,Dato base,2016M06,2016-06,270.19
10838,Gasto por país de residencia,País de residencia,Italia,Gasto total,Dato base,2016M05,2016-05,207.29
10838,Gasto por país de residencia,País de residencia,Italia,Gasto total,Dato base,2016M04,2016-04,187.51
10838,Gasto por país de residencia,País de residencia,Italia,Gasto total,Dato base,2016M03,2016-03,184.46
10838,Gasto por país de residencia,País de residencia,Italia,Gasto total,Dato base,2016M02,2016-02,150.42
10838,Gasto por país de residencia,País de residencia,Italia,Gasto total,Dato base,2016M01,2016-01,151.41
10838,Gasto por país de residencia,País de residencia,Italia,Gasto total,Dato base,2015M12,2015-12,171.52
10838,Gasto por país de residencia,País de residencia,Italia,Gasto total,Dato base,2015M11,2015-11,138.93
10838,Gasto por país de residencia,País de residencia,Italia,Gasto total,Dato base,2015M10,2015-10,190.18
10839,Gasto por CCAA destino,Comunidades autónomas,Total,Gasto total,Dato base,2026M07,2026-07,18217.95
10839,Gasto por CCAA destino,Comunidades autónomas,Total,Gasto total,Dato base,2026M06,2026-06,13579.04
10839,Gasto por CCAA destino,Comunidades autónomas,Total,Gasto total,Dato base,2026M05,2026-05,13553.47
10839,Gasto por CCAA destino,Comunidades autónomas,Total,Gasto total,Dato base,2026M04,2026-04,11685.64
10839,Gasto por CCAA destino,Comunidades autónomas,Total,Gasto total,Dato base,2026M03,2026-03,9606.4
10839,Gasto por CCAA destino,Comunidades autónomas,Total,Gasto total,Dato base,2026M02,2026-02,7606.44
10839,Gasto por CCAA destino,Comunidades autónomas,Total,Gasto total,Dato base,2026M01,2026-01,7804.61
10839,Gasto por CCAA destino,Comunidades autónomas,Total,Gasto total,Dato base,2025M12,2025-12,7993.41
10839,Gasto por CCAA destino,Comunidades autónomas,Total,Gasto total,Dato base,2025M11,2025-11,8087.84
10839,Gasto por CCAA destino,Comunidades autónomas,Total,Gasto total,Dato base,2025M10,2025-10,12803.0
10839,Gasto por CCAA destino,Comunidades autónomas,Total,Gasto total,Dato base,2025M09,2025-09,13404.59
10839,Gasto por CCAA destino,Comunidades autónomas,Total,Gasto total,Dato base,2025M08,2025-08,16341.58
10839,Gasto por CCAA destino,Comunidades autónomas,Total,Gasto total,Dato base,2025M07,2025-07,16432.61
10839,Gasto por CCAA destino,Comunidades autónomas,Total,Gasto total,Dato base,2025M06,2025-06,13050.58
10839,Gasto por CCAA destino,Comunidades autónomas,Total,Gasto total,Dato base,2025M05,2025-05,12226.41
10839,Gasto por CCAA destino,Comunidades autónomas,Total,Gasto total,Dato base,2025M04,2025-04,10875.75
10839,Gasto por CCAA destino,Comunidades autónomas,Total,Gasto total,Dato base,2025M03,2025-03,9112.01
10839,Gasto por CCAA destino,Comunidades autónomas,Total,Gasto total,Dato base,2025M02,2025-02,7272.63
10839,Gasto por CCAA destino,Comunidades autónomas,Total,Gasto total,Dato base,2025M01,2025-01,7142.91
10839,Gasto por CCAA destino,Comunidades autónomas,Total,Gasto total,Dato base,2024M12,2024-12,7590.34
10839,Gasto por CCAA destino,Comunidades autónomas,Total,Gasto total,Dato base,2024M11,2024-11,7707.67
10839,Gasto por CCAA destino,Comunidades autónomas,Total,Gasto total,Dato base,2024M10,2024-10,11898.7
10839,Gasto por CCAA destino,Comunidades autónomas,Total,Gasto total,Dato base,2024M09,2024-09,12613.05
10839,Gasto por CCAA destino,Comunidades autónomas,Total,Gasto total,Dato base,2024M08,2024-08,15364.42
10839,Gasto por CCAA destino,Comunidades autónomas,Total,Gasto total,Dato base,2024M07,2024-07,15513.29
10839,Gasto por CCAA destino,Comunidades autónomas,Total,Gasto total,Dato base,2024M06,2024-06,12356.78
10839,Gasto por CCAA destino,Comunidades autónomas,Total,Gasto total,Dato base,2024M05,2024-05,11686.91
10839,Gasto por CCAA destino,Comunidades autónomas,Total,Gasto total,Dato base,2024M04,2024-04,9488.1
10839,Gasto por CCAA destino,Comunidades autónomas,Total,Gasto total,Dato base,2024M03,2024-03,8631.35
10839,Gasto por CCAA destino,Comunidades autónomas,Total,Gasto total,Dato base,2024M02,2024-02,6746.32
10839,Gasto por CCAA destino,Comunidades autónomas,Total,Gasto total,Dato base,2024M01,2024-01,6546.3
10839,Gasto por CCAA destino,Comunidades autónomas,Total,Gasto total,Dato base,2023M12,2023-12,7090.5
10839,Gasto por CCAA destino,Comunidades autónomas,Total,Gasto total,Dato base,2023M11,2023-11,6644.47
10839,Gasto por CCAA destino,Comunidades autónomas,Total,Gasto total,Dato base,2023M10,2023-10,10302.07
10839,Gasto por CCAA destino,Comunidades autónomas,Total,Gasto total,Dato base,2023M09,2023-09,11193.59
10839,Gasto por CCAA destino,Comunidades autónomas,Total,Gasto total,Dato base,2023M08,2023-08,13599.39
10839,Gasto por CCAA destino,Comunidades autónomas,Total,Gasto total,Dato base,2023M07,2023-07,13880.83
10839,Gasto por CCAA destino,Comunidades autónomas,Total,Gasto total,Dato base,2023M06,2023-06,10607.99
10839,Gasto por CCAA destino,Comunidades autónomas,Total,Gasto total,Dato base,2023M05,2023-05,9766.97
10839,Gasto por CCAA destino,Comunidades autónomas,Total,Gasto total,Dato base,2023M04,2023-04,8454.47
10839,Gasto por CCAA destino,Comunidades autónomas,Total,Gasto total,Dato base,2023M03,2023-03,6668.07
10839,Gasto por CCAA destino,Comunidades autónomas,Total,Gasto total,Dato base,2023M02,2023-02,5364.13
10839,Gasto por CCAA destino,Comunidades autónomas,Total,Gasto total,Dato base,2023M01,2023-01,5216.94
10839,Gasto por CCAA destino,Comunidades autónomas,Total,Gasto total,Dato base,2022M12,2022-12,5238.8
10839,Gasto por CCAA destino,Comunidades autónomas,Total,Gasto total,Dato base,2022M11,2022-11,5381.97
10839,Gasto por CCAA destino,Comunidades autónomas,Total,Gasto total,Dato base,2022M10,2022-10,8311.2
10839,Gasto por CCAA destino,Comunidades autónomas,Total,Gasto total,Dato base,2022M09,2022-09,9147.69
10839,Gasto por CCAA destino,Comunidades autónomas,Total,Gasto total,Dato base,2022M08,2022-08,11281.82
10839,Gasto por CCAA destino,Comunidades autónomas,Total,Gasto total,Dato base,2022M07,2022-07,11902.1
10839,Gasto por CCAA destino,Comunidades autónomas,Total,Gasto total,Dato base,2022M06,2022-06,9025.67
10839,Gasto por CCAA destino,Comunidades autónomas,Total,Gasto total,Dato base,2022M05,2022-05,8046.91
10839,Gasto por CCAA destino,Comunidades autónomas,Total,Gasto total,Dato base,2022M04,2022-04,6910.11
10839,Gasto por CCAA destino,Comunidades autónomas,Total,Gasto total,Dato base,2022M03,2022-03,5077.45
10839,Gasto por CCAA destino,Comunidades autónomas,Total,Gasto total,Dato base,2022M02,2022-02,3774.69
10839,Gasto por CCAA destino,Comunidades autónomas,Total,Gasto total,Dato base,2022M01,2022-01,3039.78
10839,Gasto por CCAA destino,Comunidades autónomas,Total,Gasto total,Dato base,2021M12,2021-12,3536.59
10839,Gasto por CCAA destino,Comunidades autónomas,Total,Gasto total,Dato base,2021M11,2021-11,3761.5
10839,Gasto por CCAA destino,Comunidades autónomas,Total,Gasto total,Dato base,2021M10,2021-10,5606.29
10839,Gasto por CCAA destino,Comunidades autónomas,Total,Gasto total,Dato base,2021M09,2021-09,5051.2
10839,Gasto por CCAA destino,Comunidades autónomas,Total,Gasto total,Dato base,2021M08,2021-08,5907.3
10839,Gasto por CCAA destino,Comunidades autónomas,Total,Gasto total,Dato base,2021M07,2021-07,5229.47
10839,Gasto por CCAA destino,Comunidades autónomas,Total,Gasto total,Dato base,2021M06,2021-06,2421.69
10839,Gasto por CCAA destino,Comunidades autónomas,Total,Gasto total,Dato base,2021M05,2021-05,1395.78
10839,Gasto por CCAA destino,Comunidades autónomas,Total,Gasto total,Dato base,2021M04,2021-04,668.42
10839,Gasto por CCAA destino,Comunidades autónomas,Total,Gasto total,Dato base,2021M03,2021-03,543.89
10839,Gasto por CCAA destino,Comunidades autónomas,Total,Gasto total,Dato base,2021M02,2021-02,323.82
10839,Gasto por CCAA destino,Comunidades autónomas,Total,Gasto total,Dato base,2021M01,2021-01,457.43
10839,Gasto por CCAA destino,Comunidades autónomas,Total,Gasto total,Dato base,2020M12,2020-12,696.81
10839,Gasto por CCAA destino,Comunidades autónomas,Total,Gasto total,Dato base,2020M11,2020-11,481.98
10839,Gasto por CCAA destino,Comunidades autónomas,Total,Gasto total,Dato base,2020M10,2020-10,864.49
10839,Gasto por CCAA destino,Comunidades autónomas,Total,Gasto total,Dato base,2020M09,2020-09,964.49
10839,Gasto por CCAA destino,Comunidades autónomas,Total,Gasto total,Dato base,2020M08,2020-08,2456.85
10839,Gasto por CCAA destino,Comunidades autónomas,Total,Gasto total,Dato base,2020M07,2020-07,2457.94
10839,Gasto por CCAA destino,Comunidades autónomas,Total,Gasto total,Dato base,2020M06,2020-06,133.89
10839,Gasto por CCAA destino,Comunidades autónomas,Total,Gasto total,Dato base,2020M05,2020-05,0.0
10839,Gasto por CCAA destino,Comunidades autónomas,Total,Gasto total,Dato base,2020M04,2020-04,0.0
10839,Gasto por CCAA destino,Comunidades autónomas,Total,Gasto total,Dato base,2020M03,2020-03,2173.73
10839,Gasto por CCAA destino,Comunidades autónomas,Total,Gasto total,Dato base,2020M02,2020-02,4789.29
10839,Gasto por CCAA destino,Comunidades autónomas,Total,Gasto total,Dato base,2020M01,2020-01,4767.31
10839,Gasto por CCAA destino,Comunidades autónomas,Total,Gasto total,Dato base,2019M12,2019-12,5010.84
10839,Gasto por CCAA destino,Comunidades autónomas,Total,Gasto total,Dato base,2019M11,2019-11,5062.63
10839,Gasto por CCAA destino,Comunidades autónomas,Total,Gasto total,Dato base,2019M10,2019-10,8322.55
10839,Gasto por CCAA destino,Comunidades autónomas,Total,Gasto total,Dato base,2019M09,2019-09,9617.21
10839,Gasto por CCAA destino,Comunidades autónomas,Total,Gasto total,Dato base,2019M08,2019-08,11704.76
10839,Gasto por CCAA destino,Comunidades autónomas,Total,Gasto total,Dato base,2019M07,2019-07,11941.51
10839,Gasto por CCAA destino,Comunidades autónomas,Total,Gasto total,Dato base,2019M06,2019-06,9686.12
10839,Gasto por CCAA destino,Comunidades autónomas,Total,Gasto total,Dato base,2019M05,2019-05,8137.84
10839,Gasto por CCAA destino,Comunidades autónomas,Total,Gasto total,Dato base,2019M04,2019-04,7056.36
10839,Gasto por CCAA destino,Comunidades autónomas,Total,Gasto total,Dato base,2019M03,2019-03,6034.87
10839,Gasto por CCAA destino,Comunidades autónomas,Total,Gasto total,Dato base,2019M02,2019-02,4658.61
10839,Gasto por CCAA destino,Comunidades autónomas,Total,Gasto total,Dato base,2019M01,2019-01,4678.67
10839,Gasto por CCAA destino,Comunidades autónomas,Total,Gasto total,Dato base,2018M12,2018-12,5009.52
10839,Gasto por CCAA destino,Comunidades autónomas,Total,Gasto total,Dato base,2018M11,2018-11,4888.55
10839,Gasto por CCAA destino,Comunidades autónomas,Total,Gasto total,Dato base,2018M10,2018-10,8164.58
10839,Gasto por CCAA destino,Comunidades autónomas,Total,Gasto total,Dato base,2018M09,2018-09,9545.81
10839,Gasto por CCAA destino,Comunidades autónomas,Total,Gasto total,Dato base,2018M08,2018-08,11459.69
10839,Gasto por CCAA destino,Comunidades autónomas,Total,Gasto total,Dato base,2018M07,2018-07,11748.1
10839,Gasto por CCAA destino,Comunidades autónomas,Total,Gasto total,Dato base,2018M06,2018-06,9370.81
10839,Gasto por CCAA destino,Comunidades autónomas,Total,Gasto total,Dato base,2018M05,2018-05,8155.06
10839,Gasto por CCAA destino,Comunidades autónomas,Total,Gasto total,Dato base,2018M04,2018-04,6621.53
10839,Gasto por CCAA destino,Comunidades autónomas,Total,Gasto total,Dato base,2018M03,2018-03,5726.73
10839,Gasto por CCAA destino,Comunidades autónomas,Total,Gasto total,Dato base,2018M02,2018-02,4535.94
10839,Gasto por CCAA destino,Comunidades autónomas,Total,Gasto total,Dato base,2018M01,2018-01,4524.43
10839,Gasto por CCAA destino,Comunidades autónomas,Total,Gasto total,Dato base,2017M12,2017-12,4530.66
10839,Gasto por CCAA destino,Comunidades autónomas,Total,Gasto total,Dato base,2017M11,2017-11,4642.35
10839,Gasto por CCAA destino,Comunidades autónomas,Total,Gasto total,Dato base,2017M10,2017-10,7789.23
10839,Gasto por CCAA destino,Comunidades autónomas,Total,Gasto total,Dato base,2017M09,2017-09,9476.29
10839,Gasto por CCAA destino,Comunidades autónomas,Total,Gasto total,Dato base,2017M08,2017-08,11340.29
10839,Gasto por CCAA destino,Comunidades autónomas,Total,Gasto total,Dato base,2017M07,2017-07,11850.99
10839,Gasto por CCAA destino,Comunidades autónomas,Total,Gasto total,Dato base,2017M06,2017-06,8987.77
10839,Gasto por CCAA destino,Comunidades autónomas,Total,Gasto total,Dato base,2017M05,2017-05,7927.07
10839,Gasto por CCAA destino,Comunidades autónomas,Total,Gasto total,Dato base,2017M04,2017-04,6782.08
10839,Gasto por CCAA destino,Comunidades autónomas,Total,Gasto total,Dato base,2017M03,2017-03,5109.49
10839,Gasto por CCAA destino,Comunidades autónomas,Total,Gasto total,Dato base,2017M02,2017-02,4304.73
10839,Gasto por CCAA destino,Comunidades autónomas,Total,Gasto total,Dato base,2017M01,2017-01,4262.99
10839,Gasto por CCAA destino,Comunidades autónomas,Total,Gasto total,Dato base,2016M12,2016-12,4525.45
10839,Gasto por CCAA destino,Comunidades autónomas,Total,Gasto total,Dato base,2016M11,2016-11,4205.06
10839,Gasto por CCAA destino,Comunidades autónomas,Total,Gasto total,Dato base,2016M10,2016-10,7333.85
10839,Gasto por CCAA destino,Comunidades autónomas,Total,Gasto total,Dato base,2016M09,2016-09,8399.31
10839,Gasto por CCAA destino,Comunidades autónomas,Total,Gasto total,Dato base,2016M08,2016-08,10281.98
10839,Gasto por CCAA destino,Comunidades autónomas,Total,Gasto total,Dato base,2016M07,2016-07,10238.54
10839,Gasto por CCAA destino,Comunidades autónomas,Total,Gasto total,Dato base,2016M06,2016-06,7817.41
10839,Gasto por CCAA destino,Comunidades autónomas,Total,Gasto total,Dato base,2016M05,2016-05,6917.93
10839,Gasto por CCAA destino,Comunidades autónomas,Total,Gasto total,Dato base,2016M04,2016-04,5627.99
10839,Gasto por CCAA destino,Comunidades autónomas,Total,Gasto total,Dato base,2016M03,2016-03,4624.47
10839,Gasto por CCAA destino,Comunidades autónomas,Total,Gasto total,Dato base,2016M02,2016-02,3706.27
10839,Gasto por CCAA destino,Comunidades autónomas,Total,Gasto total,Dato base,2016M01,2016-01,3737.26
10839,Gasto por CCAA destino,Comunidades autónomas,Total,Gasto total,Dato base,2015M12,2015-12,3773.27
10839,Gasto por CCAA destino,Comunidades autónomas,Total,Gasto total,Dato base,2015M11,2015-11,3872.84
10839,Gasto por CCAA destino,Comunidades autónomas,Total,Gasto total,Dato base,2015M10,2015-10,6280.63
10839,Gasto por CCAA destino,Comunidades autónomas,01 Andalucía,Gasto total,Dato base,2026M07,2026-07,2690.92
10839,Gasto por CCAA destino,Comunidades autónomas,01 Andalucía,Gasto total,Dato base,2026M06,2026-06,1981.94
10839,Gasto por CCAA destino,Comunidades autónomas,01 Andalucía,Gasto total,Dato base,2026M05,2026-05,2055.25
10839,Gasto por CCAA destino,Comunidades autónomas,01 Andalucía,Gasto total,Dato base,2026M04,2026-04,1875.34
10839,Gasto por CCAA destino,Comunidades autónomas,01 Andalucía,Gasto total,Dato base,2026M03,2026-03,1703.15
10839,Gasto por CCAA destino,Comunidades autónomas,01 Andalucía,Gasto total,Dato base,2026M02,2026-02,1088.51
10839,Gasto por CCAA destino,Comunidades autónomas,01 Andalucía,Gasto total,Dato base,2026M01,2026-01,1079.35
10839,Gasto por CCAA destino,Comunidades autónomas,01 Andalucía,Gasto total,Dato base,2025M12,2025-12,1116.43
10839,Gasto por CCAA destino,Comunidades autónomas,01 Andalucía,Gasto total,Dato base,2025M11,2025-11,1175.76
10839,Gasto por CCAA destino,Comunidades autónomas,01 Andalucía,Gasto total,Dato base,2025M10,2025-10,2029.29
10839,Gasto por CCAA destino,Comunidades autónomas,01 Andalucía,Gasto total,Dato base,2025M09,2025-09,2019.96
10839,Gasto por CCAA destino,Comunidades autónomas,01 Andalucía,Gasto total,Dato base,2025M08,2025-08,2353.56
10839,Gasto por CCAA destino,Comunidades autónomas,01 Andalucía,Gasto total,Dato base,2025M07,2025-07,2180.01
10839,Gasto por CCAA destino,Comunidades autónomas,01 Andalucía,Gasto total,Dato base,2025M06,2025-06,1915.27
10839,Gasto por CCAA destino,Comunidades autónomas,01 Andalucía,Gasto total,Dato base,2025M05,2025-05,1896.06
10839,Gasto por CCAA destino,Comunidades autónomas,01 Andalucía,Gasto total,Dato base,2025M04,2025-04,1731.92
10839,Gasto por CCAA destino,Comunidades autónomas,01 Andalucía,Gasto total,Dato base,2025M03,2025-03,1588.94
10839,Gasto por CCAA destino,Comunidades autónomas,01 Andalucía,Gasto total,Dato base,2025M02,2025-02,1035.16
10839,Gasto por CCAA destino,Comunidades autónomas,01 Andalucía,Gasto total,Dato base,2025M01,2025-01,990.45
10839,Gasto por CCAA destino,Comunidades autónomas,01 Andalucía,Gasto total,Dato base,2024M12,2024-12,1004.53
10839,Gasto por CCAA destino,Comunidades autónomas,01 Andalucía,Gasto total,Dato base,2024M11,2024-11,1158.97
10839,Gasto por CCAA destino,Comunidades autónomas,01 Andalucía,Gasto total,Dato base,2024M10,2024-10,1844.08
10839,Gasto por CCAA destino,Comunidades autónomas,01 Andalucía,Gasto total,Dato base,2024M09,2024-09,1891.81
10839,Gasto por CCAA destino,Comunidades autónomas,01 Andalucía,Gasto total,Dato base,2024M08,2024-08,2280.88
10839,Gasto por CCAA destino,Comunidades autónomas,01 Andalucía,Gasto total,Dato base,2024M07,2024-07,2027.07
10839,Gasto por CCAA destino,Comunidades autónomas,01 Andalucía,Gasto total,Dato base,2024M06,2024-06,1747.03
10839,Gasto por CCAA destino,Comunidades autónomas,01 Andalucía,Gasto total,Dato base,2024M05,2024-05,1711.87
10839,Gasto por CCAA destino,Comunidades autónomas,01 Andalucía,Gasto total,Dato base,2024M04,2024-04,1464.23
10839,Gasto por CCAA destino,Comunidades autónomas,01 Andalucía,Gasto total,Dato base,2024M03,2024-03,1455.14
10839,Gasto por CCAA destino,Comunidades autónomas,01 Andalucía,Gasto total,Dato base,2024M02,2024-02,973.66
10839,Gasto por CCAA destino,Comunidades autónomas,01 Andalucía,Gasto total,Dato base,2024M01,2024-01,901.07
10839,Gasto por CCAA destino,Comunidades autónomas,01 Andalucía,Gasto total,Dato base,2023M12,2023-12,882.21
10839,Gasto por CCAA destino,Comunidades autónomas,01 Andalucía,Gasto total,Dato base,2023M11,2023-11,920.55
10839,Gasto por CCAA destino,Comunidades autónomas,01 Andalucía,Gasto total,Dato base,2023M10,2023-10,1499.58
10839,Gasto por CCAA destino,Comunidades autónomas,01 Andalucía,Gasto total,Dato base,2023M09,2023-09,1625.73
10839,Gasto por CCAA destino,Comunidades autónomas,01 Andalucía,Gasto total,Dato base,2023M08,2023-08,1975.34
10839,Gasto por CCAA destino,Comunidades autónomas,01 Andalucía,Gasto total,Dato base,2023M07,2023-07,1843.9
10839,Gasto por CCAA destino,Comunidades autónomas,01 Andalucía,Gasto total,Dato base,2023M06,2023-06,1424.55
10839,Gasto por CCAA destino,Comunidades autónomas,01 Andalucía,Gasto total,Dato base,2023M05,2023-05,1428.25
10839,Gasto por CCAA destino,Comunidades autónomas,01 Andalucía,Gasto total,Dato base,2023M04,2023-04,1328.45
10839,Gasto por CCAA destino,Comunidades autónomas,01 Andalucía,Gasto total,Dato base,2023M03,2023-03,989.75
10839,Gasto por CCAA destino,Comunidades autónomas,01 Andalucía,Gasto total,Dato base,2023M02,2023-02,722.08
10839,Gasto por CCAA destino,Comunidades autónomas,01 Andalucía,Gasto total,Dato base,2023M01,2023-01,674.59
10839,Gasto por CCAA destino,Comunidades autónomas,01 Andalucía,Gasto total,Dato base,2022M12,2022-12,713.19
10839,Gasto por CCAA destino,Comunidades autónomas,01 Andalucía,Gasto total,Dato base,2022M11,2022-11,749.93
10839,Gasto por CCAA destino,Comunidades autónomas,01 Andalucía,Gasto total,Dato base,2022M10,2022-10,1237.63
10839,Gasto por CCAA destino,Comunidades autónomas,01 Andalucía,Gasto total,Dato base,2022M09,2022-09,1208.41
10839,Gasto por CCAA destino,Comunidades autónomas,01 Andalucía,Gasto total,Dato base,2022M08,2022-08,1692.39
10839,Gasto por CCAA destino,Comunidades autónomas,01 Andalucía,Gasto total,Dato base,2022M07,2022-07,1484.99
10839,Gasto por CCAA destino,Comunidades autónomas,01 Andalucía,Gasto total,Dato base,2022M06,2022-06,1178.11
10839,Gasto por CCAA destino,Comunidades autónomas,01 Andalucía,Gasto total,Dato base,2022M05,2022-05,1148.96
10839,Gasto por CCAA destino,Comunidades autónomas,01 Andalucía,Gasto total,Dato base,2022M04,2022-04,975.5
10839,Gasto por CCAA destino,Comunidades autónomas,01 Andalucía,Gasto total,Dato base,2022M03,2022-03,750.29
10839,Gasto por CCAA destino,Comunidades autónomas,01 Andalucía,Gasto total,Dato base,2022M02,2022-02,473.72
10839,Gasto por CCAA destino,Comunidades autónomas,01 Andalucía,Gasto total,Dato base,2022M01,2022-01,376.47
10839,Gasto por CCAA destino,Comunidades autónomas,01 Andalucía,Gasto total,Dato base,2021M12,2021-12,440.48
10839,Gasto por CCAA destino,Comunidades autónomas,01 Andalucía,Gasto total,Dato base,2021M11,2021-11,543.39
10839,Gasto por CCAA destino,Comunidades autónomas,01 Andalucía,Gasto total,Dato base,2021M10,2021-10,864.89
10839,Gasto por CCAA destino,Comunidades autónomas,01 Andalucía,Gasto total,Dato base,2021M09,2021-09,720.9
10839,Gasto por CCAA destino,Comunidades autónomas,01 Andalucía,Gasto total,Dato base,2021M08,2021-08,850.3
10839,Gasto por CCAA destino,Comunidades autónomas,01 Andalucía,Gasto total,Dato base,2021M07,2021-07,660.92
10839,Gasto por CCAA destino,Comunidades autónomas,01 Andalucía,Gasto total,Dato base,2021M06,2021-06,304.27
10839,Gasto por CCAA destino,Comunidades autónomas,01 Andalucía,Gasto total,Dato base,2021M05,2021-05,163.14
10839,Gasto por CCAA destino,Comunidades autónomas,01 Andalucía,Gasto total,Dato base,2021M04,2021-04,86.13
10839,Gasto por CCAA destino,Comunidades autónomas,01 Andalucía,Gasto total,Dato base,2021M03,2021-03,50.78
10839,Gasto por CCAA destino,Comunidades autónomas,01 Andalucía,Gasto total,Dato base,2021M02,2021-02,33.73
10839,Gasto por CCAA destino,Comunidades autónomas,01 Andalucía,Gasto total,Dato base,2021M01,2021-01,49.34
10839,Gasto por CCAA destino,Comunidades autónomas,01 Andalucía,Gasto total,Dato base,2020M12,2020-12,80.9
10839,Gasto por CCAA destino,Comunidades autónomas,01 Andalucía,Gasto total,Dato base,2020M11,2020-11,60.62
10839,Gasto por CCAA destino,Comunidades autónomas,01 Andalucía,Gasto total,Dato base,2020M10,2020-10,151.16
10839,Gasto por CCAA destino,Comunidades autónomas,01 Andalucía,Gasto total,Dato base,2020M09,2020-09,164.12
10839,Gasto por CCAA destino,Comunidades autónomas,01 Andalucía,Gasto total,Dato base,2020M08,2020-08,386.57
10839,Gasto por CCAA destino,Comunidades autónomas,01 Andalucía,Gasto total,Dato base,2020M07,2020-07,351.66
10839,Gasto por CCAA destino,Comunidades autónomas,01 Andalucía,Gasto total,Dato base,2020M06,2020-06,9.93
10839,Gasto por CCAA destino,Comunidades autónomas,01 Andalucía,Gasto total,Dato base,2020M05,2020-05,0.0
10839,Gasto por CCAA destino,Comunidades autónomas,01 Andalucía,Gasto total,Dato base,2020M04,2020-04,0.0
10839,Gasto por CCAA destino,Comunidades autónomas,01 Andalucía,Gasto total,Dato base,2020M03,2020-03,332.91
10839,Gasto por CCAA destino,Comunidades autónomas,01 Andalucía,Gasto total,Dato base,2020M02,2020-02,665.6
10839,Gasto por CCAA destino,Comunidades autónomas,01 Andalucía,Gasto total,Dato base,2020M01,2020-01,671.67
10839,Gasto por CCAA destino,Comunidades autónomas,01 Andalucía,Gasto total,Dato base,2019M12,2019-12,668.73
10839,Gasto por CCAA destino,Comunidades autónomas,01 Andalucía,Gasto total,Dato base,2019M11,2019-11,673.02
10839,Gasto por CCAA destino,Comunidades autónomas,01 Andalucía,Gasto total,Dato base,2019M10,2019-10,1269.13
10839,Gasto por CCAA destino,Comunidades autónomas,01 Andalucía,Gasto total,Dato base,2019M09,2019-09,1358.57
10839,Gasto por CCAA destino,Comunidades autónomas,01 Andalucía,Gasto total,Dato base,2019M08,2019-08,1540.54
10839,Gasto por CCAA destino,Comunidades autónomas,01 Andalucía,Gasto total,Dato base,2019M07,2019-07,1400.59
10839,Gasto por CCAA destino,Comunidades autónomas,01 Andalucía,Gasto total,Dato base,2019M06,2019-06,1240.0
10839,Gasto por CCAA destino,Comunidades autónomas,01 Andalucía,Gasto total,Dato base,2019M05,2019-05,1174.9
10839,Gasto por CCAA destino,Comunidades autónomas,01 Andalucía,Gasto total,Dato base,2019M04,2019-04,985.77
10839,Gasto por CCAA destino,Comunidades autónomas,01 Andalucía,Gasto total,Dato base,2019M03,2019-03,884.26
10839,Gasto por CCAA destino,Comunidades autónomas,01 Andalucía,Gasto total,Dato base,2019M02,2019-02,621.42
10839,Gasto por CCAA destino,Comunidades autónomas,01 Andalucía,Gasto total,Dato base,2019M01,2019-01,596.04
10839,Gasto por CCAA destino,Comunidades autónomas,01 Andalucía,Gasto total,Dato base,2018M12,2018-12,632.85
10839,Gasto por CCAA destino,Comunidades autónomas,01 Andalucía,Gasto total,Dato base,2018M11,2018-11,639.49
10839,Gasto por CCAA destino,Comunidades autónomas,01 Andalucía,Gasto total,Dato base,2018M10,2018-10,1209.02
10839,Gasto por CCAA destino,Comunidades autónomas,01 Andalucía,Gasto total,Dato base,2018M09,2018-09,1386.97
10839,Gasto por CCAA destino,Comunidades autónomas,01 Andalucía,Gasto total,Dato base,2018M08,2018-08,1527.78
10839,Gasto por CCAA destino,Comunidades autónomas,01 Andalucía,Gasto total,Dato base,2018M07,2018-07,1586.08
10839,Gasto por CCAA destino,Comunidades autónomas,01 Andalucía,Gasto total,Dato base,2018M06,2018-06,1271.05
10839,Gasto por CCAA destino,Comunidades autónomas,01 Andalucía,Gasto total,Dato base,2018M05,2018-05,1227.53
10839,Gasto por CCAA destino,Comunidades autónomas,01 Andalucía,Gasto total,Dato base,2018M04,2018-04,1002.42
10839,Gasto por CCAA destino,Comunidades autónomas,01 Andalucía,Gasto total,Dato base,2018M03,2018-03,900.66
10839,Gasto por CCAA destino,Comunidades autónomas,01 Andalucía,Gasto total,Dato base,2018M02,2018-02,660.49
10839,Gasto por CCAA destino,Comunidades autónomas,01 Andalucía,Gasto total,Dato base,2018M01,2018-01,597.05
10839,Gasto por CCAA destino,Comunidades autónomas,01 Andalucía,Gasto total,Dato base,2017M12,2017-12,610.86
10839,Gasto por CCAA destino,Comunidades autónomas,01 Andalucía,Gasto total,Dato base,2017M11,2017-11,612.92
10839,Gasto por CCAA destino,Comunidades autónomas,01 Andalucía,Gasto total,Dato base,2017M10,2017-10,1233.58
10839,Gasto por CCAA destino,Comunidades autónomas,01 Andalucía,Gasto total,Dato base,2017M09,2017-09,1434.84
10839,Gasto por CCAA destino,Comunidades autónomas,01 Andalucía,Gasto total,Dato base,2017M08,2017-08,1543.01
10839,Gasto por CCAA destino,Comunidades autónomas,01 Andalucía,Gasto total,Dato base,2017M07,2017-07,1600.03
10839,Gasto por CCAA destino,Comunidades autónomas,01 Andalucía,Gasto total,Dato base,2017M06,2017-06,1324.55
10839,Gasto por CCAA destino,Comunidades autónomas,01 Andalucía,Gasto total,Dato base,2017M05,2017-05,1238.78
10839,Gasto por CCAA destino,Comunidades autónomas,01 Andalucía,Gasto total,Dato base,2017M04,2017-04,1097.25
10839,Gasto por CCAA destino,Comunidades autónomas,01 Andalucía,Gasto total,Dato base,2017M03,2017-03,814.43
10839,Gasto por CCAA destino,Comunidades autónomas,01 Andalucía,Gasto total,Dato base,2017M02,2017-02,594.14
10839,Gasto por CCAA destino,Comunidades autónomas,01 Andalucía,Gasto total,Dato base,2017M01,2017-01,568.47
10839,Gasto por CCAA destino,Comunidades autónomas,01 Andalucía,Gasto total,Dato base,2016M12,2016-12,649.54
10839,Gasto por CCAA destino,Comunidades autónomas,01 Andalucía,Gasto total,Dato base,2016M11,2016-11,570.24
10839,Gasto por CCAA destino,Comunidades autónomas,01 Andalucía,Gasto total,Dato base,2016M10,2016-10,1208.36
10839,Gasto por CCAA destino,Comunidades autónomas,01 Andalucía,Gasto total,Dato base,2016M09,2016-09,1186.24
10839,Gasto por CCAA destino,Comunidades autónomas,01 Andalucía,Gasto total,Dato base,2016M08,2016-08,1434.18
10839,Gasto por CCAA destino,Comunidades autónomas,01 Andalucía,Gasto total,Dato base,2016M07,2016-07,1270.92
10839,Gasto por CCAA destino,Comunidades autónomas,01 Andalucía,Gasto total,Dato base,2016M06,2016-06,1148.96
10839,Gasto por CCAA destino,Comunidades autónomas,01 Andalucía,Gasto total,Dato base,2016M05,2016-05,1143.03
10839,Gasto por CCAA destino,Comunidades autónomas,01 Andalucía,Gasto total,Dato base,2016M04,2016-04,991.56
10839,Gasto por CCAA destino,Comunidades autónomas,01 Andalucía,Gasto total,Dato base,2016M03,2016-03,720.63
10839,Gasto por CCAA destino,Comunidades autónomas,01 Andalucía,Gasto total,Dato base,2016M02,2016-02,486.69
10839,Gasto por CCAA destino,Comunidades autónomas,01 Andalucía,Gasto total,Dato base,2016M01,2016-01,508.57
10839,Gasto por CCAA destino,Comunidades autónomas,01 Andalucía,Gasto total,Dato base,2015M12,2015-12,554.09
10839,Gasto por CCAA destino,Comunidades autónomas,01 Andalucía,Gasto total,Dato base,2015M11,2015-11,530.29
10839,Gasto por CCAA destino,Comunidades autónomas,01 Andalucía,Gasto total,Dato base,2015M10,2015-10,1048.87
10839,Gasto por CCAA destino,Comunidades autónomas,"04 Balears, Illes",Gasto total,Dato base,2026M07,2026-07,4144.73
10839,Gasto por CCAA destino,Comunidades autónomas,"04 Balears, Illes",Gasto total,Dato base,2026M06,2026-06,2954.51
10839,Gasto por CCAA destino,Comunidades autónomas,"04 Balears, Illes",Gasto total,Dato base,2026M05,2026-05,2560.77
10839,Gasto por CCAA destino,Comunidades autónomas,"04 Balears, Illes",Gasto total,Dato base,2026M04,2026-04,1554.52
10839,Gasto por CCAA destino,Comunidades autónomas,"04 Balears, Illes",Gasto total,Dato base,2026M03,2026-03,605.3
10839,Gasto por CCAA destino,Comunidades autónomas,"04 Balears, Illes",Gasto total,Dato base,2026M02,2026-02,288.41
10839,Gasto por CCAA destino,Comunidades autónomas,"04 Balears, Illes",Gasto total,Dato base,2026M01,2026-01,193.04
10839,Gasto por CCAA destino,Comunidades autónomas,"04 Balears, Illes",Gasto total,Dato base,2025M12,2025-12,258.09
10839,Gasto por CCAA destino,Comunidades autónomas,"04 Balears, Illes",Gasto total,Dato base,2025M11,2025-11,330.89
10839,Gasto por CCAA destino,Comunidades autónomas,"04 Balears, Illes",Gasto total,Dato base,2025M10,2025-10,2094.51
10839,Gasto por CCAA destino,Comunidades autónomas,"04 Balears, Illes",Gasto total,Dato base,2025M09,2025-09,2842.84
10839,Gasto por CCAA destino,Comunidades autónomas,"04 Balears, Illes",Gasto total,Dato base,2025M08,2025-08,3902.52
10839,Gasto por CCAA destino,Comunidades autónomas,"04 Balears, Illes",Gasto total,Dato base,2025M07,2025-07,3827.14
10839,Gasto por CCAA destino,Comunidades autónomas,"04 Balears, Illes",Gasto total,Dato base,2025M06,2025-06,2834.37
10839,Gasto por CCAA destino,Comunidades autónomas,"04 Balears, Illes",Gasto total,Dato base,2025M05,2025-05,2345.82
10839,Gasto por CCAA destino,Comunidades autónomas,"04 Balears, Illes",Gasto total,Dato base,2025M04,2025-04,1582.29
10839,Gasto por CCAA destino,Comunidades autónomas,"04 Balears, Illes",Gasto total,Dato base,2025M03,2025-03,575.92
10839,Gasto por CCAA destino,Comunidades autónomas,"04 Balears, Illes",Gasto total,Dato base,2025M02,2025-02,277.86
10839,Gasto por CCAA destino,Comunidades autónomas,"04 Balears, Illes",Gasto total,Dato base,2025M01,2025-01,187.47
10839,Gasto por CCAA destino,Comunidades autónomas,"04 Balears, Illes",Gasto total,Dato base,2024M12,2024-12,240.07
10839,Gasto por CCAA destino,Comunidades autónomas,"04 Balears, Illes",Gasto total,Dato base,2024M11,2024-11,309.41
10839,Gasto por CCAA destino,Comunidades autónomas,"04 Balears, Illes",Gasto total,Dato base,2024M10,2024-10,2123.77
10839,Gasto por CCAA destino,Comunidades autónomas,"04 Balears, Illes",Gasto total,Dato base,2024M09,2024-09,2698.95
10839,Gasto por CCAA destino,Comunidades autónomas,"04 Balears, Illes",Gasto total,Dato base,2024M08,2024-08,3560.23
10839,Gasto por CCAA destino,Comunidades autónomas,"04 Balears, Illes",Gasto total,Dato base,2024M07,2024-07,3773.69
10839,Gasto por CCAA destino,Comunidades autónomas,"04 Balears, Illes",Gasto total,Dato base,2024M06,2024-06,2751.09
10839,Gasto por CCAA destino,Comunidades autónomas,"04 Balears, Illes",Gasto total,Dato base,2024M05,2024-05,2217.34
10839,Gasto por CCAA destino,Comunidades autónomas,"04 Balears, Illes",Gasto total,Dato base,2024M04,2024-04,1391.23
10839,Gasto por CCAA destino,Comunidades autónomas,"04 Balears, Illes",Gasto total,Dato base,2024M03,2024-03,524.65
10839,Gasto por CCAA destino,Comunidades autónomas,"04 Balears, Illes",Gasto total,Dato base,2024M02,2024-02,259.97
10839,Gasto por CCAA destino,Comunidades autónomas,"04 Balears, Illes",Gasto total,Dato base,2024M01,2024-01,174.31
10839,Gasto por CCAA destino,Comunidades autónomas,"04 Balears, Illes",Gasto total,Dato base,2023M12,2023-12,214.83
10839,Gasto por CCAA destino,Comunidades autónomas,"04 Balears, Illes",Gasto total,Dato base,2023M11,2023-11,266.43
10839,Gasto por CCAA destino,Comunidades autónomas,"04 Balears, Illes",Gasto total,Dato base,2023M10,2023-10,1744.19
10839,Gasto por CCAA destino,Comunidades autónomas,"04 Balears, Illes",Gasto total,Dato base,2023M09,2023-09,2508.48
10839,Gasto por CCAA destino,Comunidades autónomas,"04 Balears, Illes",Gasto total,Dato base,2023M08,2023-08,3262.94
10839,Gasto por CCAA destino,Comunidades autónomas,"04 Balears, Illes",Gasto total,Dato base,2023M07,2023-07,3256.45
10839,Gasto por CCAA destino,Comunidades autónomas,"04 Balears, Illes",Gasto total,Dato base,2023M06,2023-06,2445.31
10839,Gasto por CCAA destino,Comunidades autónomas,"04 Balears, Illes",Gasto total,Dato base,2023M05,2023-05,1903.42
10839,Gasto por CCAA destino,Comunidades autónomas,"04 Balears, Illes",Gasto total,Dato base,2023M04,2023-04,1327.83
10839,Gasto por CCAA destino,Comunidades autónomas,"04 Balears, Illes",Gasto total,Dato base,2023M03,2023-03,434.44
10839,Gasto por CCAA destino,Comunidades autónomas,"04 Balears, Illes",Gasto total,Dato base,2023M02,2023-02,183.75
10839,Gasto por CCAA destino,Comunidades autónomas,"04 Balears, Illes",Gasto total,Dato base,2023M01,2023-01,144.17
10839,Gasto por CCAA destino,Comunidades autónomas,"04 Balears, Illes",Gasto total,Dato base,2022M12,2022-12,144.74
10839,Gasto por CCAA destino,Comunidades autónomas,"04 Balears, Illes",Gasto total,Dato base,2022M11,2022-11,188.59
10839,Gasto por CCAA destino,Comunidades autónomas,"04 Balears, Illes",Gasto total,Dato base,2022M10,2022-10,1490.36
10839,Gasto por CCAA destino,Comunidades autónomas,"04 Balears, Illes",Gasto total,Dato base,2022M09,2022-09,2101.44
10839,Gasto por CCAA destino,Comunidades autónomas,"04 Balears, Illes",Gasto total,Dato base,2022M08,2022-08,2664.45
10839,Gasto por CCAA destino,Comunidades autónomas,"04 Balears, Illes",Gasto total,Dato base,2022M07,2022-07,2810.24
10839,Gasto por CCAA destino,Comunidades autónomas,"04 Balears, Illes",Gasto total,Dato base,2022M06,2022-06,2178.8
10839,Gasto por CCAA destino,Comunidades autónomas,"04 Balears, Illes",Gasto total,Dato base,2022M05,2022-05,1818.45
10839,Gasto por CCAA destino,Comunidades autónomas,"04 Balears, Illes",Gasto total,Dato base,2022M04,2022-04,1206.73
10839,Gasto por CCAA destino,Comunidades autónomas,"04 Balears, Illes",Gasto total,Dato base,2022M03,2022-03,365.53
10839,Gasto por CCAA destino,Comunidades autónomas,"04 Balears, Illes",Gasto total,Dato base,2022M02,2022-02,150.93
10839,Gasto por CCAA destino,Comunidades autónomas,"04 Balears, Illes",Gasto total,Dato base,2022M01,2022-01,101.31
10839,Gasto por CCAA destino,Comunidades autónomas,"04 Balears, Illes",Gasto total,Dato base,2021M12,2021-12,127.04
10839,Gasto por CCAA destino,Comunidades autónomas,"04 Balears, Illes",Gasto total,Dato base,2021M11,2021-11,164.01
10839,Gasto por CCAA destino,Comunidades autónomas,"04 Balears, Illes",Gasto total,Dato base,2021M10,2021-10,1115.5
10839,Gasto por CCAA destino,Comunidades autónomas,"04 Balears, Illes",Gasto total,Dato base,2021M09,2021-09,1306.69
10839,Gasto por CCAA destino,Comunidades autónomas,"04 Balears, Illes",Gasto total,Dato base,2021M08,2021-08,1580.31
10839,Gasto por CCAA destino,Comunidades autónomas,"04 Balears, Illes",Gasto total,Dato base,2021M07,2021-07,1634.07
10839,Gasto por CCAA destino,Comunidades autónomas,"04 Balears, Illes",Gasto total,Dato base,2021M06,2021-06,738.32
10839,Gasto por CCAA destino,Comunidades autónomas,"04 Balears, Illes",Gasto total,Dato base,2021M05,2021-05,394.78
10839,Gasto por CCAA destino,Comunidades autónomas,"04 Balears, Illes",Gasto total,Dato base,2021M04,2021-04,125.63
10839,Gasto por CCAA destino,Comunidades autónomas,"04 Balears, Illes",Gasto total,Dato base,2021M03,2021-03,63.02
10839,Gasto por CCAA destino,Comunidades autónomas,"04 Balears, Illes",Gasto total,Dato base,2021M02,2021-02,13.56
10839,Gasto por CCAA destino,Comunidades autónomas,"04 Balears, Illes",Gasto total,Dato base,2021M01,2021-01,15.92
10839,Gasto por CCAA destino,Comunidades autónomas,"04 Balears, Illes",Gasto total,Dato base,2020M12,2020-12,25.29
10839,Gasto por CCAA destino,Comunidades autónomas,"04 Balears, Illes",Gasto total,Dato base,2020M11,2020-11,22.56
10839,Gasto por CCAA destino,Comunidades autónomas,"04 Balears, Illes",Gasto total,Dato base,2020M10,2020-10,82.94
10839,Gasto por CCAA destino,Comunidades autónomas,"04 Balears, Illes",Gasto total,Dato base,2020M09,2020-09,121.62
10839,Gasto por CCAA destino,Comunidades autónomas,"04 Balears, Illes",Gasto total,Dato base,2020M08,2020-08,530.07
10839,Gasto por CCAA destino,Comunidades autónomas,"04 Balears, Illes",Gasto total,Dato base,2020M07,2020-07,639.49
10839,Gasto por CCAA destino,Comunidades autónomas,"04 Balears, Illes",Gasto total,Dato base,2020M06,2020-06,27.65
10839,Gasto por CCAA destino,Comunidades autónomas,"04 Balears, Illes",Gasto total,Dato base,2020M05,2020-05,0.0
10839,Gasto por CCAA destino,Comunidades autónomas,"04 Balears, Illes",Gasto total,Dato base,2020M04,2020-04,0.0
10839,Gasto por CCAA destino,Comunidades autónomas,"04 Balears, Illes",Gasto total,Dato base,2020M03,2020-03,104.77
10839,Gasto por CCAA destino,Comunidades autónomas,"04 Balears, Illes",Gasto total,Dato base,2020M02,2020-02,177.34
10839,Gasto por CCAA destino,Comunidades autónomas,"04 Balears, Illes",Gasto total,Dato base,2020M01,2020-01,107.12
10839,Gasto por CCAA destino,Comunidades autónomas,"04 Balears, Illes",Gasto total,Dato base,2019M12,2019-12,142.72
10839,Gasto por CCAA destino,Comunidades autónomas,"04 Balears, Illes",Gasto total,Dato base,2019M11,2019-11,188.21
10839,Gasto por CCAA destino,Comunidades autónomas,"04 Balears, Illes",Gasto total,Dato base,2019M10,2019-10,1297.01
10839,Gasto por CCAA destino,Comunidades autónomas,"04 Balears, Illes",Gasto total,Dato base,2019M09,2019-09,2127.78
10839,Gasto por CCAA destino,Comunidades autónomas,"04 Balears, Illes",Gasto total,Dato base,2019M08,2019-08,2797.16
10839,Gasto por CCAA destino,Comunidades autónomas,"04 Balears, Illes",Gasto total,Dato base,2019M07,2019-07,2885.74
10839,Gasto por CCAA destino,Comunidades autónomas,"04 Balears, Illes",Gasto total,Dato base,2019M06,2019-06,2146.86
10839,Gasto por CCAA destino,Comunidades autónomas,"04 Balears, Illes",Gasto total,Dato base,2019M05,2019-05,1607.48
10839,Gasto por CCAA destino,Comunidades autónomas,"04 Balears, Illes",Gasto total,Dato base,2019M04,2019-04,991.38
10839,Gasto por CCAA destino,Comunidades autónomas,"04 Balears, Illes",Gasto total,Dato base,2019M03,2019-03,355.34
10839,Gasto por CCAA destino,Comunidades autónomas,"04 Balears, Illes",Gasto total,Dato base,2019M02,2019-02,168.47
10839,Gasto por CCAA destino,Comunidades autónomas,"04 Balears, Illes",Gasto total,Dato base,2019M01,2019-01,135.24
10839,Gasto por CCAA destino,Comunidades autónomas,"04 Balears, Illes",Gasto total,Dato base,2018M12,2018-12,187.64
10839,Gasto por CCAA destino,Comunidades autónomas,"04 Balears, Illes",Gasto total,Dato base,2018M11,2018-11,183.38
10839,Gasto por CCAA destino,Comunidades autónomas,"04 Balears, Illes",Gasto total,Dato base,2018M10,2018-10,1344.61
10839,Gasto por CCAA destino,Comunidades autónomas,"04 Balears, Illes",Gasto total,Dato base,2018M09,2018-09,2128.65
10839,Gasto por CCAA destino,Comunidades autónomas,"04 Balears, Illes",Gasto total,Dato base,2018M08,2018-08,2779.86
10839,Gasto por CCAA destino,Comunidades autónomas,"04 Balears, Illes",Gasto total,Dato base,2018M07,2018-07,2841.43
10839,Gasto por CCAA destino,Comunidades autónomas,"04 Balears, Illes",Gasto total,Dato base,2018M06,2018-06,2137.62
10839,Gasto por CCAA destino,Comunidades autónomas,"04 Balears, Illes",Gasto total,Dato base,2018M05,2018-05,1645.7
10839,Gasto por CCAA destino,Comunidades autónomas,"04 Balears, Illes",Gasto total,Dato base,2018M04,2018-04,843.11
10839,Gasto por CCAA destino,Comunidades autónomas,"04 Balears, Illes",Gasto total,Dato base,2018M03,2018-03,398.01
10839,Gasto por CCAA destino,Comunidades autónomas,"04 Balears, Illes",Gasto total,Dato base,2018M02,2018-02,154.1
10839,Gasto por CCAA destino,Comunidades autónomas,"04 Balears, Illes",Gasto total,Dato base,2018M01,2018-01,113.08
10839,Gasto por CCAA destino,Comunidades autónomas,"04 Balears, Illes",Gasto total,Dato base,2017M12,2017-12,115.52
10839,Gasto por CCAA destino,Comunidades autónomas,"04 Balears, Illes",Gasto total,Dato base,2017M11,2017-11,175.89
10839,Gasto por CCAA destino,Comunidades autónomas,"04 Balears, Illes",Gasto total,Dato base,2017M10,2017-10,1333.27
10839,Gasto por CCAA destino,Comunidades autónomas,"04 Balears, Illes",Gasto total,Dato base,2017M09,2017-09,2079.6
10839,Gasto por CCAA destino,Comunidades autónomas,"04 Balears, Illes",Gasto total,Dato base,2017M08,2017-08,2779.97
10839,Gasto por CCAA destino,Comunidades autónomas,"04 Balears, Illes",Gasto total,Dato base,2017M07,2017-07,2910.93
10839,Gasto por CCAA destino,Comunidades autónomas,"04 Balears, Illes",Gasto total,Dato base,2017M06,2017-06,2132.83
10839,Gasto por CCAA destino,Comunidades autónomas,"04 Balears, Illes",Gasto total,Dato base,2017M05,2017-05,1617.35
10839,Gasto por CCAA destino,Comunidades autónomas,"04 Balears, Illes",Gasto total,Dato base,2017M04,2017-04,907.48
10839,Gasto por CCAA destino,Comunidades autónomas,"04 Balears, Illes",Gasto total,Dato base,2017M03,2017-03,297.17
10839,Gasto por CCAA destino,Comunidades autónomas,"04 Balears, Illes",Gasto total,Dato base,2017M02,2017-02,147.42
10839,Gasto por CCAA destino,Comunidades autónomas,"04 Balears, Illes",Gasto total,Dato base,2017M01,2017-01,102.47
10839,Gasto por CCAA destino,Comunidades autónomas,"04 Balears, Illes",Gasto total,Dato base,2016M12,2016-12,114.11
10839,Gasto por CCAA destino,Comunidades autónomas,"04 Balears, Illes",Gasto total,Dato base,2016M11,2016-11,141.38
10839,Gasto por CCAA destino,Comunidades autónomas,"04 Balears, Illes",Gasto total,Dato base,2016M10,2016-10,1210.3
10839,Gasto por CCAA destino,Comunidades autónomas,"04 Balears, Illes",Gasto total,Dato base,2016M09,2016-09,1825.36
10839,Gasto por CCAA destino,Comunidades autónomas,"04 Balears, Illes",Gasto total,Dato base,2016M08,2016-08,2504.59
10839,Gasto por CCAA destino,Comunidades autónomas,"04 Balears, Illes",Gasto total,Dato base,2016M07,2016-07,2591.32
10839,Gasto por CCAA destino,Comunidades autónomas,"04 Balears, Illes",Gasto total,Dato base,2016M06,2016-06,1874.36
10839,Gasto por CCAA destino,Comunidades autónomas,"04 Balears, Illes",Gasto total,Dato base,2016M05,2016-05,1456.62
10839,Gasto por CCAA destino,Comunidades autónomas,"04 Balears, Illes",Gasto total,Dato base,2016M04,2016-04,664.6
10839,Gasto por CCAA destino,Comunidades autónomas,"04 Balears, Illes",Gasto total,Dato base,2016M03,2016-03,356.42
10839,Gasto por CCAA destino,Comunidades autónomas,"04 Balears, Illes",Gasto total,Dato base,2016M02,2016-02,170.04
10839,Gasto por CCAA destino,Comunidades autónomas,"04 Balears, Illes",Gasto total,Dato base,2016M01,2016-01,96.55
10839,Gasto por CCAA destino,Comunidades autónomas,"04 Balears, Illes",Gasto total,Dato base,2015M12,2015-12,98.68
10839,Gasto por CCAA destino,Comunidades autónomas,"04 Balears, Illes",Gasto total,Dato base,2015M11,2015-11,130.99
10839,Gasto por CCAA destino,Comunidades autónomas,"04 Balears, Illes",Gasto total,Dato base,2015M10,2015-10,932.69
10839,Gasto por CCAA destino,Comunidades autónomas,05 Canarias,Gasto total,Dato base,2026M07,2026-07,2188.4
10839,Gasto por CCAA destino,Comunidades autónomas,05 Canarias,Gasto total,Dato base,2026M06,2026-06,1560.64
10839,Gasto por CCAA destino,Comunidades autónomas,05 Canarias,Gasto total,Dato base,2026M05,2026-05,1555.21
10839,Gasto por CCAA destino,Comunidades autónomas,05 Canarias,Gasto total,Dato base,2026M04,2026-04,1795.69
10839,Gasto por CCAA destino,Comunidades autónomas,05 Canarias,Gasto total,Dato base,2026M03,2026-03,2478.87
10839,Gasto por CCAA destino,Comunidades autónomas,05 Canarias,Gasto total,Dato base,2026M02,2026-02,2221.43
10839,Gasto por CCAA destino,Comunidades autónomas,05 Canarias,Gasto total,Dato base,2026M01,2026-01,2241.15
10839,Gasto por CCAA destino,Comunidades autónomas,05 Canarias,Gasto total,Dato base,2025M12,2025-12,2226.74
10839,Gasto por CCAA destino,Comunidades autónomas,05 Canarias,Gasto total,Dato base,2025M11,2025-11,2240.55
10839,Gasto por CCAA destino,Comunidades autónomas,05 Canarias,Gasto total,Dato base,2025M10,2025-10,1945.47
10839,Gasto por CCAA destino,Comunidades autónomas,05 Canarias,Gasto total,Dato base,2025M09,2025-09,1696.58
10839,Gasto por CCAA destino,Comunidades autónomas,05 Canarias,Gasto total,Dato base,2025M08,2025-08,2227.9
10839,Gasto por CCAA destino,Comunidades autónomas,05 Canarias,Gasto total,Dato base,2025M07,2025-07,2217.58
10839,Gasto por CCAA destino,Comunidades autónomas,05 Canarias,Gasto total,Dato base,2025M06,2025-06,1561.36
10839,Gasto por CCAA destino,Comunidades autónomas,05 Canarias,Gasto total,Dato base,2025M05,2025-05,1518.22
10839,Gasto por CCAA destino,Comunidades autónomas,05 Canarias,Gasto total,Dato base,2025M04,2025-04,1926.27
10839,Gasto por CCAA destino,Comunidades autónomas,05 Canarias,Gasto total,Dato base,2025M03,2025-03,2424.08
10839,Gasto por CCAA destino,Comunidades autónomas,05 Canarias,Gasto total,Dato base,2025M02,2025-02,2258.09
10839,Gasto por CCAA destino,Comunidades autónomas,05 Canarias,Gasto total,Dato base,2025M01,2025-01,2162.23
10839,Gasto por CCAA destino,Comunidades autónomas,05 Canarias,Gasto total,Dato base,2024M12,2024-12,2240.19
10839,Gasto por CCAA destino,Comunidades autónomas,05 Canarias,Gasto total,Dato base,2024M11,2024-11,2203.66
10839,Gasto por CCAA destino,Comunidades autónomas,05 Canarias,Gasto total,Dato base,2024M10,2024-10,1886.49
10839,Gasto por CCAA destino,Comunidades autónomas,05 Canarias,Gasto total,Dato base,2024M09,2024-09,1573.4
10839,Gasto por CCAA destino,Comunidades autónomas,05 Canarias,Gasto total,Dato base,2024M08,2024-08,1954.22
10839,Gasto por CCAA destino,Comunidades autónomas,05 Canarias,Gasto total,Dato base,2024M07,2024-07,1944.56
10839,Gasto por CCAA destino,Comunidades autónomas,05 Canarias,Gasto total,Dato base,2024M06,2024-06,1438.16
10839,Gasto por CCAA destino,Comunidades autónomas,05 Canarias,Gasto total,Dato base,2024M05,2024-05,1455.43
10839,Gasto por CCAA destino,Comunidades autónomas,05 Canarias,Gasto total,Dato base,2024M04,2024-04,1670.51
10839,Gasto por CCAA destino,Comunidades autónomas,05 Canarias,Gasto total,Dato base,2024M03,2024-03,2324.44
10839,Gasto por CCAA destino,Comunidades autónomas,05 Canarias,Gasto total,Dato base,2024M02,2024-02,2177.99
10839,Gasto por CCAA destino,Comunidades autónomas,05 Canarias,Gasto total,Dato base,2024M01,2024-01,2005.88
10839,Gasto por CCAA destino,Comunidades autónomas,05 Canarias,Gasto total,Dato base,2023M12,2023-12,2095.73
10839,Gasto por CCAA destino,Comunidades autónomas,05 Canarias,Gasto total,Dato base,2023M11,2023-11,1944.53
10839,Gasto por CCAA destino,Comunidades autónomas,05 Canarias,Gasto total,Dato base,2023M10,2023-10,1752.21
10839,Gasto por CCAA destino,Comunidades autónomas,05 Canarias,Gasto total,Dato base,2023M09,2023-09,1447.14
10839,Gasto por CCAA destino,Comunidades autónomas,05 Canarias,Gasto total,Dato base,2023M08,2023-08,1713.9
10839,Gasto por CCAA destino,Comunidades autónomas,05 Canarias,Gasto total,Dato base,2023M07,2023-07,1854.98
10839,Gasto por CCAA destino,Comunidades autónomas,05 Canarias,Gasto total,Dato base,2023M06,2023-06,1277.51
10839,Gasto por CCAA destino,Comunidades autónomas,05 Canarias,Gasto total,Dato base,2023M05,2023-05,1269.3
10839,Gasto por CCAA destino,Comunidades autónomas,05 Canarias,Gasto total,Dato base,2023M04,2023-04,1547.79
10839,Gasto por CCAA destino,Comunidades autónomas,05 Canarias,Gasto total,Dato base,2023M03,2023-03,1923.95
10839,Gasto por CCAA destino,Comunidades autónomas,05 Canarias,Gasto total,Dato base,2023M02,2023-02,1790.75
10839,Gasto por CCAA destino,Comunidades autónomas,05 Canarias,Gasto total,Dato base,2023M01,2023-01,1714.73
10839,Gasto por CCAA destino,Comunidades autónomas,05 Canarias,Gasto total,Dato base,2022M12,2022-12,1677.04
10839,Gasto por CCAA destino,Comunidades autónomas,05 Canarias,Gasto total,Dato base,2022M11,2022-11,1668.99
10839,Gasto por CCAA destino,Comunidades autónomas,05 Canarias,Gasto total,Dato base,2022M10,2022-10,1553.26
10839,Gasto por CCAA destino,Comunidades autónomas,05 Canarias,Gasto total,Dato base,2022M09,2022-09,1282.54
10839,Gasto por CCAA destino,Comunidades autónomas,05 Canarias,Gasto total,Dato base,2022M08,2022-08,1573.1
10839,Gasto por CCAA destino,Comunidades autónomas,05 Canarias,Gasto total,Dato base,2022M07,2022-07,1611.95
10839,Gasto por CCAA destino,Comunidades autónomas,05 Canarias,Gasto total,Dato base,2022M06,2022-06,1163.27
10839,Gasto por CCAA destino,Comunidades autónomas,05 Canarias,Gasto total,Dato base,2022M05,2022-05,1227.36
10839,Gasto por CCAA destino,Comunidades autónomas,05 Canarias,Gasto total,Dato base,2022M04,2022-04,1480.99
10839,Gasto por CCAA destino,Comunidades autónomas,05 Canarias,Gasto total,Dato base,2022M03,2022-03,1678.68
10839,Gasto por CCAA destino,Comunidades autónomas,05 Canarias,Gasto total,Dato base,2022M02,2022-02,1405.53
10839,Gasto por CCAA destino,Comunidades autónomas,05 Canarias,Gasto total,Dato base,2022M01,2022-01,1130.0
10839,Gasto por CCAA destino,Comunidades autónomas,05 Canarias,Gasto total,Dato base,2021M12,2021-12,1243.91
10839,Gasto por CCAA destino,Comunidades autónomas,05 Canarias,Gasto total,Dato base,2021M11,2021-11,1362.22
10839,Gasto por CCAA destino,Comunidades autónomas,05 Canarias,Gasto total,Dato base,2021M10,2021-10,1254.18
10839,Gasto por CCAA destino,Comunidades autónomas,05 Canarias,Gasto total,Dato base,2021M09,2021-09,841.05
10839,Gasto por CCAA destino,Comunidades autónomas,05 Canarias,Gasto total,Dato base,2021M08,2021-08,817.74
10839,Gasto por CCAA destino,Comunidades autónomas,05 Canarias,Gasto total,Dato base,2021M07,2021-07,628.93
10839,Gasto por CCAA destino,Comunidades autónomas,05 Canarias,Gasto total,Dato base,2021M06,2021-06,286.87
10839,Gasto por CCAA destino,Comunidades autónomas,05 Canarias,Gasto total,Dato base,2021M05,2021-05,223.78
10839,Gasto por CCAA destino,Comunidades autónomas,05 Canarias,Gasto total,Dato base,2021M04,2021-04,142.28
10839,Gasto por CCAA destino,Comunidades autónomas,05 Canarias,Gasto total,Dato base,2021M03,2021-03,147.03
10839,Gasto por CCAA destino,Comunidades autónomas,05 Canarias,Gasto total,Dato base,2021M02,2021-02,105.33
10839,Gasto por CCAA destino,Comunidades autónomas,05 Canarias,Gasto total,Dato base,2021M01,2021-01,133.53
10839,Gasto por CCAA destino,Comunidades autónomas,05 Canarias,Gasto total,Dato base,2020M12,2020-12,264.19
10839,Gasto por CCAA destino,Comunidades autónomas,05 Canarias,Gasto total,Dato base,2020M11,2020-11,198.21
10839,Gasto por CCAA destino,Comunidades autónomas,05 Canarias,Gasto total,Dato base,2020M10,2020-10,157.99
10839,Gasto por CCAA destino,Comunidades autónomas,05 Canarias,Gasto total,Dato base,2020M09,2020-09,122.28
10839,Gasto por CCAA destino,Comunidades autónomas,05 Canarias,Gasto total,Dato base,2020M08,2020-08,340.89
10839,Gasto por CCAA destino,Comunidades autónomas,05 Canarias,Gasto total,Dato base,2020M07,2020-07,276.02
10839,Gasto por CCAA destino,Comunidades autónomas,05 Canarias,Gasto total,Dato base,2020M06,2020-06,3.8
10839,Gasto por CCAA destino,Comunidades autónomas,05 Canarias,Gasto total,Dato base,2020M05,2020-05,0.0
10839,Gasto por CCAA destino,Comunidades autónomas,05 Canarias,Gasto total,Dato base,2020M04,2020-04,0.0
10839,Gasto por CCAA destino,Comunidades autónomas,05 Canarias,Gasto total,Dato base,2020M03,2020-03,608.38
10839,Gasto por CCAA destino,Comunidades autónomas,05 Canarias,Gasto total,Dato base,2020M02,2020-02,1429.64
10839,Gasto por CCAA destino,Comunidades autónomas,05 Canarias,Gasto total,Dato base,2020M01,2020-01,1421.81
10839,Gasto por CCAA destino,Comunidades autónomas,05 Canarias,Gasto total,Dato base,2019M12,2019-12,1490.01
10839,Gasto por CCAA destino,Comunidades autónomas,05 Canarias,Gasto total,Dato base,2019M11,2019-11,1482.99
10839,Gasto por CCAA destino,Comunidades autónomas,05 Canarias,Gasto total,Dato base,2019M10,2019-10,1426.93
10839,Gasto por CCAA destino,Comunidades autónomas,05 Canarias,Gasto total,Dato base,2019M09,2019-09,1223.32
10839,Gasto por CCAA destino,Comunidades autónomas,05 Canarias,Gasto total,Dato base,2019M08,2019-08,1494.0
10839,Gasto por CCAA destino,Comunidades autónomas,05 Canarias,Gasto total,Dato base,2019M07,2019-07,1488.17
10839,Gasto por CCAA destino,Comunidades autónomas,05 Canarias,Gasto total,Dato base,2019M06,2019-06,1137.48
10839,Gasto por CCAA destino,Comunidades autónomas,05 Canarias,Gasto total,Dato base,2019M05,2019-05,1070.33
10839,Gasto por CCAA destino,Comunidades autónomas,05 Canarias,Gasto total,Dato base,2019M04,2019-04,1386.38
10839,Gasto por CCAA destino,Comunidades autónomas,05 Canarias,Gasto total,Dato base,2019M03,2019-03,1743.75
10839,Gasto por CCAA destino,Comunidades autónomas,05 Canarias,Gasto total,Dato base,2019M02,2019-02,1445.74
10839,Gasto por CCAA destino,Comunidades autónomas,05 Canarias,Gasto total,Dato base,2019M01,2019-01,1465.22
10839,Gasto por CCAA destino,Comunidades autónomas,05 Canarias,Gasto total,Dato base,2018M12,2018-12,1630.73
10839,Gasto por CCAA destino,Comunidades autónomas,05 Canarias,Gasto total,Dato base,2018M11,2018-11,1493.28
10839,Gasto por CCAA destino,Comunidades autónomas,05 Canarias,Gasto total,Dato base,2018M10,2018-10,1521.29
10839,Gasto por CCAA destino,Comunidades autónomas,05 Canarias,Gasto total,Dato base,2018M09,2018-09,1318.3
10839,Gasto por CCAA destino,Comunidades autónomas,05 Canarias,Gasto total,Dato base,2018M08,2018-08,1514.7
10839,Gasto por CCAA destino,Comunidades autónomas,05 Canarias,Gasto total,Dato base,2018M07,2018-07,1528.22
10839,Gasto por CCAA destino,Comunidades autónomas,05 Canarias,Gasto total,Dato base,2018M06,2018-06,1167.32
10839,Gasto por CCAA destino,Comunidades autónomas,05 Canarias,Gasto total,Dato base,2018M05,2018-05,1166.2
10839,Gasto por CCAA destino,Comunidades autónomas,05 Canarias,Gasto total,Dato base,2018M04,2018-04,1295.13
10839,Gasto por CCAA destino,Comunidades autónomas,05 Canarias,Gasto total,Dato base,2018M03,2018-03,1611.31
10839,Gasto por CCAA destino,Comunidades autónomas,05 Canarias,Gasto total,Dato base,2018M02,2018-02,1418.82
10839,Gasto por CCAA destino,Comunidades autónomas,05 Canarias,Gasto total,Dato base,2018M01,2018-01,1446.97
10839,Gasto por CCAA destino,Comunidades autónomas,05 Canarias,Gasto total,Dato base,2017M12,2017-12,1539.42
10839,Gasto por CCAA destino,Comunidades autónomas,05 Canarias,Gasto total,Dato base,2017M11,2017-11,1511.15
10839,Gasto por CCAA destino,Comunidades autónomas,05 Canarias,Gasto total,Dato base,2017M10,2017-10,1527.06
10839,Gasto por CCAA destino,Comunidades autónomas,05 Canarias,Gasto total,Dato base,2017M09,2017-09,1287.18
10839,Gasto por CCAA destino,Comunidades autónomas,05 Canarias,Gasto total,Dato base,2017M08,2017-08,1517.05
10839,Gasto por CCAA destino,Comunidades autónomas,05 Canarias,Gasto total,Dato base,2017M07,2017-07,1493.93
10839,Gasto por CCAA destino,Comunidades autónomas,05 Canarias,Gasto total,Dato base,2017M06,2017-06,1113.06
10839,Gasto por CCAA destino,Comunidades autónomas,05 Canarias,Gasto total,Dato base,2017M05,2017-05,1120.45
10839,Gasto por CCAA destino,Comunidades autónomas,05 Canarias,Gasto total,Dato base,2017M04,2017-04,1347.77
10839,Gasto por CCAA destino,Comunidades autónomas,05 Canarias,Gasto total,Dato base,2017M03,2017-03,1510.69
10839,Gasto por CCAA destino,Comunidades autónomas,05 Canarias,Gasto total,Dato base,2017M02,2017-02,1400.1
10839,Gasto por CCAA destino,Comunidades autónomas,05 Canarias,Gasto total,Dato base,2017M01,2017-01,1415.72
10839,Gasto por CCAA destino,Comunidades autónomas,05 Canarias,Gasto total,Dato base,2016M12,2016-12,1477.69
10839,Gasto por CCAA destino,Comunidades autónomas,05 Canarias,Gasto total,Dato base,2016M11,2016-11,1314.59
10839,Gasto por CCAA destino,Comunidades autónomas,05 Canarias,Gasto total,Dato base,2016M10,2016-10,1437.55
10839,Gasto por CCAA destino,Comunidades autónomas,05 Canarias,Gasto total,Dato base,2016M09,2016-09,1126.13
10839,Gasto por CCAA destino,Comunidades autónomas,05 Canarias,Gasto total,Dato base,2016M08,2016-08,1351.88
10839,Gasto por CCAA destino,Comunidades autónomas,05 Canarias,Gasto total,Dato base,2016M07,2016-07,1362.79
10839,Gasto por CCAA destino,Comunidades autónomas,05 Canarias,Gasto total,Dato base,2016M06,2016-06,992.78
10839,Gasto por CCAA destino,Comunidades autónomas,05 Canarias,Gasto total,Dato base,2016M05,2016-05,981.78
10839,Gasto por CCAA destino,Comunidades autónomas,05 Canarias,Gasto total,Dato base,2016M04,2016-04,1122.64
10839,Gasto por CCAA destino,Comunidades autónomas,05 Canarias,Gasto total,Dato base,2016M03,2016-03,1368.6
10839,Gasto por CCAA destino,Comunidades autónomas,05 Canarias,Gasto total,Dato base,2016M02,2016-02,1261.36
10839,Gasto por CCAA destino,Comunidades autónomas,05 Canarias,Gasto total,Dato base,2016M01,2016-01,1272.47
10839,Gasto por CCAA destino,Comunidades autónomas,05 Canarias,Gasto total,Dato base,2015M12,2015-12,1198.24
10839,Gasto por CCAA destino,Comunidades autónomas,05 Canarias,Gasto total,Dato base,2015M11,2015-11,1244.74
10839,Gasto por CCAA destino,Comunidades autónomas,05 Canarias,Gasto total,Dato base,2015M10,2015-10,1149.71
10839,Gasto por CCAA destino,Comunidades autónomas,09 Cataluña,Gasto total,Dato base,2026M07,2026-07,3707.43
10839,Gasto por CCAA destino,Comunidades autónomas,09 Cataluña,Gasto total,Dato base,2026M06,2026-06,2726.23
10839,Gasto por CCAA destino,Comunidades autónomas,09 Cataluña,Gasto total,Dato base,2026M05,2026-05,2586.56
10839,Gasto por CCAA destino,Comunidades autónomas,09 Cataluña,Gasto total,Dato base,2026M04,2026-04,2215.64
10839,Gasto por CCAA destino,Comunidades autónomas,09 Cataluña,Gasto total,Dato base,2026M03,2026-03,1637.28
10839,Gasto por CCAA destino,Comunidades autónomas,09 Cataluña,Gasto total,Dato base,2026M02,2026-02,1372.02
10839,Gasto por CCAA destino,Comunidades autónomas,09 Cataluña,Gasto total,Dato base,2026M01,2026-01,1273.57
10839,Gasto por CCAA destino,Comunidades autónomas,09 Cataluña,Gasto total,Dato base,2025M12,2025-12,1351.42
10839,Gasto por CCAA destino,Comunidades autónomas,09 Cataluña,Gasto total,Dato base,2025M11,2025-11,1458.24
10839,Gasto por CCAA destino,Comunidades autónomas,09 Cataluña,Gasto total,Dato base,2025M10,2025-10,2468.63
10839,Gasto por CCAA destino,Comunidades autónomas,09 Cataluña,Gasto total,Dato base,2025M09,2025-09,2571.66
10839,Gasto por CCAA destino,Comunidades autónomas,09 Cataluña,Gasto total,Dato base,2025M08,2025-08,3106.58
10839,Gasto por CCAA destino,Comunidades autónomas,09 Cataluña,Gasto total,Dato base,2025M07,2025-07,3281.51
10839,Gasto por CCAA destino,Comunidades autónomas,09 Cataluña,Gasto total,Dato base,2025M06,2025-06,2578.26
10839,Gasto por CCAA destino,Comunidades autónomas,09 Cataluña,Gasto total,Dato base,2025M05,2025-05,2287.64
10839,Gasto por CCAA destino,Comunidades autónomas,09 Cataluña,Gasto total,Dato base,2025M04,2025-04,1999.34
10839,Gasto por CCAA destino,Comunidades autónomas,09 Cataluña,Gasto total,Dato base,2025M03,2025-03,1445.15
10839,Gasto por CCAA destino,Comunidades autónomas,09 Cataluña,Gasto total,Dato base,2025M02,2025-02,1155.56
10839,Gasto por CCAA destino,Comunidades autónomas,09 Cataluña,Gasto total,Dato base,2025M01,2025-01,1109.84
10839,Gasto por CCAA destino,Comunidades autónomas,09 Cataluña,Gasto total,Dato base,2024M12,2024-12,1306.58
10839,Gasto por CCAA destino,Comunidades autónomas,09 Cataluña,Gasto total,Dato base,2024M11,2024-11,1385.57
10839,Gasto por CCAA destino,Comunidades autónomas,09 Cataluña,Gasto total,Dato base,2024M10,2024-10,2077.09
10839,Gasto por CCAA destino,Comunidades autónomas,09 Cataluña,Gasto total,Dato base,2024M09,2024-09,2477.9
10839,Gasto por CCAA destino,Comunidades autónomas,09 Cataluña,Gasto total,Dato base,2024M08,2024-08,3056.16
10839,Gasto por CCAA destino,Comunidades autónomas,09 Cataluña,Gasto total,Dato base,2024M07,2024-07,3124.58
10839,Gasto por CCAA destino,Comunidades autónomas,09 Cataluña,Gasto total,Dato base,2024M06,2024-06,2529.75
10839,Gasto por CCAA destino,Comunidades autónomas,09 Cataluña,Gasto total,Dato base,2024M05,2024-05,2327.19
10839,Gasto por CCAA destino,Comunidades autónomas,09 Cataluña,Gasto total,Dato base,2024M04,2024-04,1814.86
10839,Gasto por CCAA destino,Comunidades autónomas,09 Cataluña,Gasto total,Dato base,2024M03,2024-03,1491.78
10839,Gasto por CCAA destino,Comunidades autónomas,09 Cataluña,Gasto total,Dato base,2024M02,2024-02,1108.06
10839,Gasto por CCAA destino,Comunidades autónomas,09 Cataluña,Gasto total,Dato base,2024M01,2024-01,1051.0
10839,Gasto por CCAA destino,Comunidades autónomas,09 Cataluña,Gasto total,Dato base,2023M12,2023-12,1228.66
10839,Gasto por CCAA destino,Comunidades autónomas,09 Cataluña,Gasto total,Dato base,2023M11,2023-11,1270.35
10839,Gasto por CCAA destino,Comunidades autónomas,09 Cataluña,Gasto total,Dato base,2023M10,2023-10,1907.7
10839,Gasto por CCAA destino,Comunidades autónomas,09 Cataluña,Gasto total,Dato base,2023M09,2023-09,2132.76
10839,Gasto por CCAA destino,Comunidades autónomas,09 Cataluña,Gasto total,Dato base,2023M08,2023-08,2810.15
10839,Gasto por CCAA destino,Comunidades autónomas,09 Cataluña,Gasto total,Dato base,2023M07,2023-07,3063.41
10839,Gasto por CCAA destino,Comunidades autónomas,09 Cataluña,Gasto total,Dato base,2023M06,2023-06,2243.1
10839,Gasto por CCAA destino,Comunidades autónomas,09 Cataluña,Gasto total,Dato base,2023M05,2023-05,2145.61
10839,Gasto por CCAA destino,Comunidades autónomas,09 Cataluña,Gasto total,Dato base,2023M04,2023-04,1618.93
10839,Gasto por CCAA destino,Comunidades autónomas,09 Cataluña,Gasto total,Dato base,2023M03,2023-03,1082.25
10839,Gasto por CCAA destino,Comunidades autónomas,09 Cataluña,Gasto total,Dato base,2023M02,2023-02,938.0
10839,Gasto por CCAA destino,Comunidades autónomas,09 Cataluña,Gasto total,Dato base,2023M01,2023-01,807.26
10839,Gasto por CCAA destino,Comunidades autónomas,09 Cataluña,Gasto total,Dato base,2022M12,2022-12,881.9
10839,Gasto por CCAA destino,Comunidades autónomas,09 Cataluña,Gasto total,Dato base,2022M11,2022-11,979.27
10839,Gasto por CCAA destino,Comunidades autónomas,09 Cataluña,Gasto total,Dato base,2022M10,2022-10,1503.48
10839,Gasto por CCAA destino,Comunidades autónomas,09 Cataluña,Gasto total,Dato base,2022M09,2022-09,1851.15
10839,Gasto por CCAA destino,Comunidades autónomas,09 Cataluña,Gasto total,Dato base,2022M08,2022-08,2415.56
10839,Gasto por CCAA destino,Comunidades autónomas,09 Cataluña,Gasto total,Dato base,2022M07,2022-07,2595.56
10839,Gasto por CCAA destino,Comunidades autónomas,09 Cataluña,Gasto total,Dato base,2022M06,2022-06,1857.49
10839,Gasto por CCAA destino,Comunidades autónomas,09 Cataluña,Gasto total,Dato base,2022M05,2022-05,1486.37
10839,Gasto por CCAA destino,Comunidades autónomas,09 Cataluña,Gasto total,Dato base,2022M04,2022-04,1146.59
10839,Gasto por CCAA destino,Comunidades autónomas,09 Cataluña,Gasto total,Dato base,2022M03,2022-03,737.13
10839,Gasto por CCAA destino,Comunidades autónomas,09 Cataluña,Gasto total,Dato base,2022M02,2022-02,586.55
10839,Gasto por CCAA destino,Comunidades autónomas,09 Cataluña,Gasto total,Dato base,2022M01,2022-01,437.57
10839,Gasto por CCAA destino,Comunidades autónomas,09 Cataluña,Gasto total,Dato base,2021M12,2021-12,545.8
10839,Gasto por CCAA destino,Comunidades autónomas,09 Cataluña,Gasto total,Dato base,2021M11,2021-11,533.64
10839,Gasto por CCAA destino,Comunidades autónomas,09 Cataluña,Gasto total,Dato base,2021M10,2021-10,760.86
10839,Gasto por CCAA destino,Comunidades autónomas,09 Cataluña,Gasto total,Dato base,2021M09,2021-09,792.9
10839,Gasto por CCAA destino,Comunidades autónomas,09 Cataluña,Gasto total,Dato base,2021M08,2021-08,1126.66
10839,Gasto por CCAA destino,Comunidades autónomas,09 Cataluña,Gasto total,Dato base,2021M07,2021-07,875.91
10839,Gasto por CCAA destino,Comunidades autónomas,09 Cataluña,Gasto total,Dato base,2021M06,2021-06,387.59
10839,Gasto por CCAA destino,Comunidades autónomas,09 Cataluña,Gasto total,Dato base,2021M05,2021-05,211.0
10839,Gasto por CCAA destino,Comunidades autónomas,09 Cataluña,Gasto total,Dato base,2021M04,2021-04,88.85
10839,Gasto por CCAA destino,Comunidades autónomas,09 Cataluña,Gasto total,Dato base,2021M03,2021-03,68.52
10839,Gasto por CCAA destino,Comunidades autónomas,09 Cataluña,Gasto total,Dato base,2021M02,2021-02,54.69
10839,Gasto por CCAA destino,Comunidades autónomas,09 Cataluña,Gasto total,Dato base,2021M01,2021-01,76.93
10839,Gasto por CCAA destino,Comunidades autónomas,09 Cataluña,Gasto total,Dato base,2020M12,2020-12,85.01
10839,Gasto por CCAA destino,Comunidades autónomas,09 Cataluña,Gasto total,Dato base,2020M11,2020-11,44.19
10839,Gasto por CCAA destino,Comunidades autónomas,09 Cataluña,Gasto total,Dato base,2020M10,2020-10,136.82
10839,Gasto por CCAA destino,Comunidades autónomas,09 Cataluña,Gasto total,Dato base,2020M09,2020-09,186.98
10839,Gasto por CCAA destino,Comunidades autónomas,09 Cataluña,Gasto total,Dato base,2020M08,2020-08,435.07
10839,Gasto por CCAA destino,Comunidades autónomas,09 Cataluña,Gasto total,Dato base,2020M07,2020-07,428.0
10839,Gasto por CCAA destino,Comunidades autónomas,09 Cataluña,Gasto total,Dato base,2020M06,2020-06,38.86
10839,Gasto por CCAA destino,Comunidades autónomas,09 Cataluña,Gasto total,Dato base,2020M05,2020-05,0.0
10839,Gasto por CCAA destino,Comunidades autónomas,09 Cataluña,Gasto total,Dato base,2020M04,2020-04,0.0
10839,Gasto por CCAA destino,Comunidades autónomas,09 Cataluña,Gasto total,Dato base,2020M03,2020-03,398.72
10839,Gasto por CCAA destino,Comunidades autónomas,09 Cataluña,Gasto total,Dato base,2020M02,2020-02,993.61
10839,Gasto por CCAA destino,Comunidades autónomas,09 Cataluña,Gasto total,Dato base,2020M01,2020-01,905.9
10839,Gasto por CCAA destino,Comunidades autónomas,09 Cataluña,Gasto total,Dato base,2019M12,2019-12,1081.08
10839,Gasto por CCAA destino,Comunidades autónomas,09 Cataluña,Gasto total,Dato base,2019M11,2019-11,970.17
10839,Gasto por CCAA destino,Comunidades autónomas,09 Cataluña,Gasto total,Dato base,2019M10,2019-10,1867.98
10839,Gasto por CCAA destino,Comunidades autónomas,09 Cataluña,Gasto total,Dato base,2019M09,2019-09,2277.48
10839,Gasto por CCAA destino,Comunidades autónomas,09 Cataluña,Gasto total,Dato base,2019M08,2019-08,2775.53
10839,Gasto por CCAA destino,Comunidades autónomas,09 Cataluña,Gasto total,Dato base,2019M07,2019-07,2989.37
10839,Gasto por CCAA destino,Comunidades autónomas,09 Cataluña,Gasto total,Dato base,2019M06,2019-06,2514.58
10839,Gasto por CCAA destino,Comunidades autónomas,09 Cataluña,Gasto total,Dato base,2019M05,2019-05,2001.02
10839,Gasto por CCAA destino,Comunidades autónomas,09 Cataluña,Gasto total,Dato base,2019M04,2019-04,1645.26
10839,Gasto por CCAA destino,Comunidades autónomas,09 Cataluña,Gasto total,Dato base,2019M03,2019-03,1238.47
10839,Gasto por CCAA destino,Comunidades autónomas,09 Cataluña,Gasto total,Dato base,2019M02,2019-02,1013.9
10839,Gasto por CCAA destino,Comunidades autónomas,09 Cataluña,Gasto total,Dato base,2019M01,2019-01,943.9
10839,Gasto por CCAA destino,Comunidades autónomas,09 Cataluña,Gasto total,Dato base,2018M12,2018-12,1062.14
10839,Gasto por CCAA destino,Comunidades autónomas,09 Cataluña,Gasto total,Dato base,2018M11,2018-11,1017.12
10839,Gasto por CCAA destino,Comunidades autónomas,09 Cataluña,Gasto total,Dato base,2018M10,2018-10,1710.04
10839,Gasto por CCAA destino,Comunidades autónomas,09 Cataluña,Gasto total,Dato base,2018M09,2018-09,2185.81
10839,Gasto por CCAA destino,Comunidades autónomas,09 Cataluña,Gasto total,Dato base,2018M08,2018-08,2726.27
10839,Gasto por CCAA destino,Comunidades autónomas,09 Cataluña,Gasto total,Dato base,2018M07,2018-07,2900.18
10839,Gasto por CCAA destino,Comunidades autónomas,09 Cataluña,Gasto total,Dato base,2018M06,2018-06,2385.91
10839,Gasto por CCAA destino,Comunidades autónomas,09 Cataluña,Gasto total,Dato base,2018M05,2018-05,1905.15
10839,Gasto por CCAA destino,Comunidades autónomas,09 Cataluña,Gasto total,Dato base,2018M04,2018-04,1512.09
10839,Gasto por CCAA destino,Comunidades autónomas,09 Cataluña,Gasto total,Dato base,2018M03,2018-03,1145.32
10839,Gasto por CCAA destino,Comunidades autónomas,09 Cataluña,Gasto total,Dato base,2018M02,2018-02,1023.49
10839,Gasto por CCAA destino,Comunidades autónomas,09 Cataluña,Gasto total,Dato base,2018M01,2018-01,904.24
10839,Gasto por CCAA destino,Comunidades autónomas,09 Cataluña,Gasto total,Dato base,2017M12,2017-12,877.47
10839,Gasto por CCAA destino,Comunidades autónomas,09 Cataluña,Gasto total,Dato base,2017M11,2017-11,928.63
10839,Gasto por CCAA destino,Comunidades autónomas,09 Cataluña,Gasto total,Dato base,2017M10,2017-10,1549.21
10839,Gasto por CCAA destino,Comunidades autónomas,09 Cataluña,Gasto total,Dato base,2017M09,2017-09,2170.24
10839,Gasto por CCAA destino,Comunidades autónomas,09 Cataluña,Gasto total,Dato base,2017M08,2017-08,2654.65
10839,Gasto por CCAA destino,Comunidades autónomas,09 Cataluña,Gasto total,Dato base,2017M07,2017-07,2805.82
10839,Gasto por CCAA destino,Comunidades autónomas,09 Cataluña,Gasto total,Dato base,2017M06,2017-06,2113.55
10839,Gasto por CCAA destino,Comunidades autónomas,09 Cataluña,Gasto total,Dato base,2017M05,2017-05,1820.0
10839,Gasto por CCAA destino,Comunidades autónomas,09 Cataluña,Gasto total,Dato base,2017M04,2017-04,1499.69
10839,Gasto por CCAA destino,Comunidades autónomas,09 Cataluña,Gasto total,Dato base,2017M03,2017-03,1057.89
10839,Gasto por CCAA destino,Comunidades autónomas,09 Cataluña,Gasto total,Dato base,2017M02,2017-02,926.77
10839,Gasto por CCAA destino,Comunidades autónomas,09 Cataluña,Gasto total,Dato base,2017M01,2017-01,820.18
10839,Gasto por CCAA destino,Comunidades autónomas,09 Cataluña,Gasto total,Dato base,2016M12,2016-12,940.18
10839,Gasto por CCAA destino,Comunidades autónomas,09 Cataluña,Gasto total,Dato base,2016M11,2016-11,977.77
10839,Gasto por CCAA destino,Comunidades autónomas,09 Cataluña,Gasto total,Dato base,2016M10,2016-10,1467.1
10839,Gasto por CCAA destino,Comunidades autónomas,09 Cataluña,Gasto total,Dato base,2016M09,2016-09,2039.46
10839,Gasto por CCAA destino,Comunidades autónomas,09 Cataluña,Gasto total,Dato base,2016M08,2016-08,2401.5
10839,Gasto por CCAA destino,Comunidades autónomas,09 Cataluña,Gasto total,Dato base,2016M07,2016-07,2510.37
10839,Gasto por CCAA destino,Comunidades autónomas,09 Cataluña,Gasto total,Dato base,2016M06,2016-06,1786.82
10839,Gasto por CCAA destino,Comunidades autónomas,09 Cataluña,Gasto total,Dato base,2016M05,2016-05,1528.96
10839,Gasto por CCAA destino,Comunidades autónomas,09 Cataluña,Gasto total,Dato base,2016M04,2016-04,1223.54
10839,Gasto por CCAA destino,Comunidades autónomas,09 Cataluña,Gasto total,Dato base,2016M03,2016-03,928.09
10839,Gasto por CCAA destino,Comunidades autónomas,09 Cataluña,Gasto total,Dato base,2016M02,2016-02,832.11
10839,Gasto por CCAA destino,Comunidades autónomas,09 Cataluña,Gasto total,Dato base,2016M01,2016-01,830.87
10839,Gasto por CCAA destino,Comunidades autónomas,09 Cataluña,Gasto total,Dato base,2015M12,2015-12,867.26
10839,Gasto por CCAA destino,Comunidades autónomas,09 Cataluña,Gasto total,Dato base,2015M11,2015-11,963.89
10839,Gasto por CCAA destino,Comunidades autónomas,09 Cataluña,Gasto total,Dato base,2015M10,2015-10,1392.79
10839,Gasto por CCAA destino,Comunidades autónomas,10 Comunitat Valenciana,Gasto total,Dato base,2026M07,2026-07,2475.45
10839,Gasto por CCAA destino,Comunidades autónomas,10 Comunitat Valenciana,Gasto total,Dato base,2026M06,2026-06,1506.04
10839,Gasto por CCAA destino,Comunidades autónomas,10 Comunitat Valenciana,Gasto total,Dato base,2026M05,2026-05,1553.24
10839,Gasto por CCAA destino,Comunidades autónomas,10 Comunitat Valenciana,Gasto total,Dato base,2026M04,2026-04,1463.1
10839,Gasto por CCAA destino,Comunidades autónomas,10 Comunitat Valenciana,Gasto total,Dato base,2026M03,2026-03,1187.86
10839,Gasto por CCAA destino,Comunidades autónomas,10 Comunitat Valenciana,Gasto total,Dato base,2026M02,2026-02,920.32
10839,Gasto por CCAA destino,Comunidades autónomas,10 Comunitat Valenciana,Gasto total,Dato base,2026M01,2026-01,763.77
10839,Gasto por CCAA destino,Comunidades autónomas,10 Comunitat Valenciana,Gasto total,Dato base,2025M12,2025-12,923.47
10839,Gasto por CCAA destino,Comunidades autónomas,10 Comunitat Valenciana,Gasto total,Dato base,2025M11,2025-11,928.34
10839,Gasto por CCAA destino,Comunidades autónomas,10 Comunitat Valenciana,Gasto total,Dato base,2025M10,2025-10,1323.93
10839,Gasto por CCAA destino,Comunidades autónomas,10 Comunitat Valenciana,Gasto total,Dato base,2025M09,2025-09,1593.39
10839,Gasto por CCAA destino,Comunidades autónomas,10 Comunitat Valenciana,Gasto total,Dato base,2025M08,2025-08,2241.2
10839,Gasto por CCAA destino,Comunidades autónomas,10 Comunitat Valenciana,Gasto total,Dato base,2025M07,2025-07,2217.85
10839,Gasto por CCAA destino,Comunidades autónomas,10 Comunitat Valenciana,Gasto total,Dato base,2025M06,2025-06,1420.51
10839,Gasto por CCAA destino,Comunidades autónomas,10 Comunitat Valenciana,Gasto total,Dato base,2025M05,2025-05,1387.3
10839,Gasto por CCAA destino,Comunidades autónomas,10 Comunitat Valenciana,Gasto total,Dato base,2025M04,2025-04,1254.48
10839,Gasto por CCAA destino,Comunidades autónomas,10 Comunitat Valenciana,Gasto total,Dato base,2025M03,2025-03,1113.36
10839,Gasto por CCAA destino,Comunidades autónomas,10 Comunitat Valenciana,Gasto total,Dato base,2025M02,2025-02,887.85
10839,Gasto por CCAA destino,Comunidades autónomas,10 Comunitat Valenciana,Gasto total,Dato base,2025M01,2025-01,741.07
10839,Gasto por CCAA destino,Comunidades autónomas,10 Comunitat Valenciana,Gasto total,Dato base,2024M12,2024-12,848.19
10839,Gasto por CCAA destino,Comunidades autónomas,10 Comunitat Valenciana,Gasto total,Dato base,2024M11,2024-11,850.13
10839,Gasto por CCAA destino,Comunidades autónomas,10 Comunitat Valenciana,Gasto total,Dato base,2024M10,2024-10,1344.75
10839,Gasto por CCAA destino,Comunidades autónomas,10 Comunitat Valenciana,Gasto total,Dato base,2024M09,2024-09,1510.77
10839,Gasto por CCAA destino,Comunidades autónomas,10 Comunitat Valenciana,Gasto total,Dato base,2024M08,2024-08,2111.15
10839,Gasto por CCAA destino,Comunidades autónomas,10 Comunitat Valenciana,Gasto total,Dato base,2024M07,2024-07,2054.28
10839,Gasto por CCAA destino,Comunidades autónomas,10 Comunitat Valenciana,Gasto total,Dato base,2024M06,2024-06,1395.87
10839,Gasto por CCAA destino,Comunidades autónomas,10 Comunitat Valenciana,Gasto total,Dato base,2024M05,2024-05,1325.92
10839,Gasto por CCAA destino,Comunidades autónomas,10 Comunitat Valenciana,Gasto total,Dato base,2024M04,2024-04,1104.58
10839,Gasto por CCAA destino,Comunidades autónomas,10 Comunitat Valenciana,Gasto total,Dato base,2024M03,2024-03,1028.5
10839,Gasto por CCAA destino,Comunidades autónomas,10 Comunitat Valenciana,Gasto total,Dato base,2024M02,2024-02,797.72
10839,Gasto por CCAA destino,Comunidades autónomas,10 Comunitat Valenciana,Gasto total,Dato base,2024M01,2024-01,751.87
10839,Gasto por CCAA destino,Comunidades autónomas,10 Comunitat Valenciana,Gasto total,Dato base,2023M12,2023-12,831.59
10839,Gasto por CCAA destino,Comunidades autónomas,10 Comunitat Valenciana,Gasto total,Dato base,2023M11,2023-11,734.18
10839,Gasto por CCAA destino,Comunidades autónomas,10 Comunitat Valenciana,Gasto total,Dato base,2023M10,2023-10,1209.3
10839,Gasto por CCAA destino,Comunidades autónomas,10 Comunitat Valenciana,Gasto total,Dato base,2023M09,2023-09,1308.01
10839,Gasto por CCAA destino,Comunidades autónomas,10 Comunitat Valenciana,Gasto total,Dato base,2023M08,2023-08,1678.23
10839,Gasto por CCAA destino,Comunidades autónomas,10 Comunitat Valenciana,Gasto total,Dato base,2023M07,2023-07,1717.18
10839,Gasto por CCAA destino,Comunidades autónomas,10 Comunitat Valenciana,Gasto total,Dato base,2023M06,2023-06,1110.74
10839,Gasto por CCAA destino,Comunidades autónomas,10 Comunitat Valenciana,Gasto total,Dato base,2023M05,2023-05,1031.17
10839,Gasto por CCAA destino,Comunidades autónomas,10 Comunitat Valenciana,Gasto total,Dato base,2023M04,2023-04,946.7
10839,Gasto por CCAA destino,Comunidades autónomas,10 Comunitat Valenciana,Gasto total,Dato base,2023M03,2023-03,792.32
10839,Gasto por CCAA destino,Comunidades autónomas,10 Comunitat Valenciana,Gasto total,Dato base,2023M02,2023-02,612.76
10839,Gasto por CCAA destino,Comunidades autónomas,10 Comunitat Valenciana,Gasto total,Dato base,2023M01,2023-01,539.77
10839,Gasto por CCAA destino,Comunidades autónomas,10 Comunitat Valenciana,Gasto total,Dato base,2022M12,2022-12,592.58
10839,Gasto por CCAA destino,Comunidades autónomas,10 Comunitat Valenciana,Gasto total,Dato base,2022M11,2022-11,603.17
10839,Gasto por CCAA destino,Comunidades autónomas,10 Comunitat Valenciana,Gasto total,Dato base,2022M10,2022-10,889.87
10839,Gasto por CCAA destino,Comunidades autónomas,10 Comunitat Valenciana,Gasto total,Dato base,2022M09,2022-09,1079.73
10839,Gasto por CCAA destino,Comunidades autónomas,10 Comunitat Valenciana,Gasto total,Dato base,2022M08,2022-08,1383.84
10839,Gasto por CCAA destino,Comunidades autónomas,10 Comunitat Valenciana,Gasto total,Dato base,2022M07,2022-07,1470.48
10839,Gasto por CCAA destino,Comunidades autónomas,10 Comunitat Valenciana,Gasto total,Dato base,2022M06,2022-06,1079.41
10839,Gasto por CCAA destino,Comunidades autónomas,10 Comunitat Valenciana,Gasto total,Dato base,2022M05,2022-05,805.66
10839,Gasto por CCAA destino,Comunidades autónomas,10 Comunitat Valenciana,Gasto total,Dato base,2022M04,2022-04,799.2
10839,Gasto por CCAA destino,Comunidades autónomas,10 Comunitat Valenciana,Gasto total,Dato base,2022M03,2022-03,602.55
10839,Gasto por CCAA destino,Comunidades autónomas,10 Comunitat Valenciana,Gasto total,Dato base,2022M02,2022-02,474.05
10839,Gasto por CCAA destino,Comunidades autónomas,10 Comunitat Valenciana,Gasto total,Dato base,2022M01,2022-01,323.12
10839,Gasto por CCAA destino,Comunidades autónomas,10 Comunitat Valenciana,Gasto total,Dato base,2021M12,2021-12,401.81
10839,Gasto por CCAA destino,Comunidades autónomas,10 Comunitat Valenciana,Gasto total,Dato base,2021M11,2021-11,410.17
10839,Gasto por CCAA destino,Comunidades autónomas,10 Comunitat Valenciana,Gasto total,Dato base,2021M10,2021-10,684.93
10839,Gasto por CCAA destino,Comunidades autónomas,10 Comunitat Valenciana,Gasto total,Dato base,2021M09,2021-09,659.41
10839,Gasto por CCAA destino,Comunidades autónomas,10 Comunitat Valenciana,Gasto total,Dato base,2021M08,2021-08,802.68
10839,Gasto por CCAA destino,Comunidades autónomas,10 Comunitat Valenciana,Gasto total,Dato base,2021M07,2021-07,721.52
10839,Gasto por CCAA destino,Comunidades autónomas,10 Comunitat Valenciana,Gasto total,Dato base,2021M06,2021-06,302.31
10839,Gasto por CCAA destino,Comunidades autónomas,10 Comunitat Valenciana,Gasto total,Dato base,2021M05,2021-05,154.49
10839,Gasto por CCAA destino,Comunidades autónomas,10 Comunitat Valenciana,Gasto total,Dato base,2021M04,2021-04,71.04
10839,Gasto por CCAA destino,Comunidades autónomas,10 Comunitat Valenciana,Gasto total,Dato base,2021M03,2021-03,69.53
10839,Gasto por CCAA destino,Comunidades autónomas,10 Comunitat Valenciana,Gasto total,Dato base,2021M02,2021-02,39.84
10839,Gasto por CCAA destino,Comunidades autónomas,10 Comunitat Valenciana,Gasto total,Dato base,2021M01,2021-01,54.62
10839,Gasto por CCAA destino,Comunidades autónomas,10 Comunitat Valenciana,Gasto total,Dato base,2020M12,2020-12,74.58
10839,Gasto por CCAA destino,Comunidades autónomas,10 Comunitat Valenciana,Gasto total,Dato base,2020M11,2020-11,50.1
10839,Gasto por CCAA destino,Comunidades autónomas,10 Comunitat Valenciana,Gasto total,Dato base,2020M10,2020-10,156.56
10839,Gasto por CCAA destino,Comunidades autónomas,10 Comunitat Valenciana,Gasto total,Dato base,2020M09,2020-09,162.06
10839,Gasto por CCAA destino,Comunidades autónomas,10 Comunitat Valenciana,Gasto total,Dato base,2020M08,2020-08,407.89
10839,Gasto por CCAA destino,Comunidades autónomas,10 Comunitat Valenciana,Gasto total,Dato base,2020M07,2020-07,380.29
10839,Gasto por CCAA destino,Comunidades autónomas,10 Comunitat Valenciana,Gasto total,Dato base,2020M06,2020-06,18.24
10839,Gasto por CCAA destino,Comunidades autónomas,10 Comunitat Valenciana,Gasto total,Dato base,2020M05,2020-05,0.0
10839,Gasto por CCAA destino,Comunidades autónomas,10 Comunitat Valenciana,Gasto total,Dato base,2020M04,2020-04,0.0
10839,Gasto por CCAA destino,Comunidades autónomas,10 Comunitat Valenciana,Gasto total,Dato base,2020M03,2020-03,244.89
10839,Gasto por CCAA destino,Comunidades autónomas,10 Comunitat Valenciana,Gasto total,Dato base,2020M02,2020-02,529.39
10839,Gasto por CCAA destino,Comunidades autónomas,10 Comunitat Valenciana,Gasto total,Dato base,2020M01,2020-01,446.48
10839,Gasto por CCAA destino,Comunidades autónomas,10 Comunitat Valenciana,Gasto total,Dato base,2019M12,2019-12,477.92
10839,Gasto por CCAA destino,Comunidades autónomas,10 Comunitat Valenciana,Gasto total,Dato base,2019M11,2019-11,518.38
10839,Gasto por CCAA destino,Comunidades autónomas,10 Comunitat Valenciana,Gasto total,Dato base,2019M10,2019-10,836.77
10839,Gasto por CCAA destino,Comunidades autónomas,10 Comunitat Valenciana,Gasto total,Dato base,2019M09,2019-09,1010.16
10839,Gasto por CCAA destino,Comunidades autónomas,10 Comunitat Valenciana,Gasto total,Dato base,2019M08,2019-08,1417.09
10839,Gasto por CCAA destino,Comunidades autónomas,10 Comunitat Valenciana,Gasto total,Dato base,2019M07,2019-07,1362.61
10839,Gasto por CCAA destino,Comunidades autónomas,10 Comunitat Valenciana,Gasto total,Dato base,2019M06,2019-06,920.02
10839,Gasto por CCAA destino,Comunidades autónomas,10 Comunitat Valenciana,Gasto total,Dato base,2019M05,2019-05,746.28
10839,Gasto por CCAA destino,Comunidades autónomas,10 Comunitat Valenciana,Gasto total,Dato base,2019M04,2019-04,715.31
10839,Gasto por CCAA destino,Comunidades autónomas,10 Comunitat Valenciana,Gasto total,Dato base,2019M03,2019-03,634.76
10839,Gasto por CCAA destino,Comunidades autónomas,10 Comunitat Valenciana,Gasto total,Dato base,2019M02,2019-02,475.32
10839,Gasto por CCAA destino,Comunidades autónomas,10 Comunitat Valenciana,Gasto total,Dato base,2019M01,2019-01,438.43
10839,Gasto por CCAA destino,Comunidades autónomas,10 Comunitat Valenciana,Gasto total,Dato base,2018M12,2018-12,438.72
10839,Gasto por CCAA destino,Comunidades autónomas,10 Comunitat Valenciana,Gasto total,Dato base,2018M11,2018-11,471.74
10839,Gasto por CCAA destino,Comunidades autónomas,10 Comunitat Valenciana,Gasto total,Dato base,2018M10,2018-10,784.68
10839,Gasto por CCAA destino,Comunidades autónomas,10 Comunitat Valenciana,Gasto total,Dato base,2018M09,2018-09,967.51
10839,Gasto por CCAA destino,Comunidades autónomas,10 Comunitat Valenciana,Gasto total,Dato base,2018M08,2018-08,1274.27
10839,Gasto por CCAA destino,Comunidades autónomas,10 Comunitat Valenciana,Gasto total,Dato base,2018M07,2018-07,1194.66
10839,Gasto por CCAA destino,Comunidades autónomas,10 Comunitat Valenciana,Gasto total,Dato base,2018M06,2018-06,848.2
10839,Gasto por CCAA destino,Comunidades autónomas,10 Comunitat Valenciana,Gasto total,Dato base,2018M05,2018-05,784.96
10839,Gasto por CCAA destino,Comunidades autónomas,10 Comunitat Valenciana,Gasto total,Dato base,2018M04,2018-04,675.07
10839,Gasto por CCAA destino,Comunidades autónomas,10 Comunitat Valenciana,Gasto total,Dato base,2018M03,2018-03,607.35
10839,Gasto por CCAA destino,Comunidades autónomas,10 Comunitat Valenciana,Gasto total,Dato base,2018M02,2018-02,437.54
10839,Gasto por CCAA destino,Comunidades autónomas,10 Comunitat Valenciana,Gasto total,Dato base,2018M01,2018-01,435.28
10839,Gasto por CCAA destino,Comunidades autónomas,10 Comunitat Valenciana,Gasto total,Dato base,2017M12,2017-12,394.24
10839,Gasto por CCAA destino,Comunidades autónomas,10 Comunitat Valenciana,Gasto total,Dato base,2017M11,2017-11,415.77
10839,Gasto por CCAA destino,Comunidades autónomas,10 Comunitat Valenciana,Gasto total,Dato base,2017M10,2017-10,743.57
10839,Gasto por CCAA destino,Comunidades autónomas,10 Comunitat Valenciana,Gasto total,Dato base,2017M09,2017-09,945.82
10839,Gasto por CCAA destino,Comunidades autónomas,10 Comunitat Valenciana,Gasto total,Dato base,2017M08,2017-08,1262.7
10839,Gasto por CCAA destino,Comunidades autónomas,10 Comunitat Valenciana,Gasto total,Dato base,2017M07,2017-07,1242.73
10839,Gasto por CCAA destino,Comunidades autónomas,10 Comunitat Valenciana,Gasto total,Dato base,2017M06,2017-06,780.27
10839,Gasto por CCAA destino,Comunidades autónomas,10 Comunitat Valenciana,Gasto total,Dato base,2017M05,2017-05,761.08
10839,Gasto por CCAA destino,Comunidades autónomas,10 Comunitat Valenciana,Gasto total,Dato base,2017M04,2017-04,648.89
10839,Gasto por CCAA destino,Comunidades autónomas,10 Comunitat Valenciana,Gasto total,Dato base,2017M03,2017-03,516.26
10839,Gasto por CCAA destino,Comunidades autónomas,10 Comunitat Valenciana,Gasto total,Dato base,2017M02,2017-02,425.36
10839,Gasto por CCAA destino,Comunidades autónomas,10 Comunitat Valenciana,Gasto total,Dato base,2017M01,2017-01,392.13
10839,Gasto por CCAA destino,Comunidades autónomas,10 Comunitat Valenciana,Gasto total,Dato base,2016M12,2016-12,446.01
10839,Gasto por CCAA destino,Comunidades autónomas,10 Comunitat Valenciana,Gasto total,Dato base,2016M11,2016-11,370.88
10839,Gasto por CCAA destino,Comunidades autónomas,10 Comunitat Valenciana,Gasto total,Dato base,2016M10,2016-10,678.74
10839,Gasto por CCAA destino,Comunidades autónomas,10 Comunitat Valenciana,Gasto total,Dato base,2016M09,2016-09,818.58
10839,Gasto por CCAA destino,Comunidades autónomas,10 Comunitat Valenciana,Gasto total,Dato base,2016M08,2016-08,1137.94
10839,Gasto por CCAA destino,Comunidades autónomas,10 Comunitat Valenciana,Gasto total,Dato base,2016M07,2016-07,1013.35
10839,Gasto por CCAA destino,Comunidades autónomas,10 Comunitat Valenciana,Gasto total,Dato base,2016M06,2016-06,694.84
10839,Gasto por CCAA destino,Comunidades autónomas,10 Comunitat Valenciana,Gasto total,Dato base,2016M05,2016-05,636.84
10839,Gasto por CCAA destino,Comunidades autónomas,10 Comunitat Valenciana,Gasto total,Dato base,2016M04,2016-04,584.71
10839,Gasto por CCAA destino,Comunidades autónomas,10 Comunitat Valenciana,Gasto total,Dato base,2016M03,2016-03,428.19
10839,Gasto por CCAA destino,Comunidades autónomas,10 Comunitat Valenciana,Gasto total,Dato base,2016M02,2016-02,319.12
10839,Gasto por CCAA destino,Comunidades autónomas,10 Comunitat Valenciana,Gasto total,Dato base,2016M01,2016-01,308.13
10839,Gasto por CCAA destino,Comunidades autónomas,10 Comunitat Valenciana,Gasto total,Dato base,2015M12,2015-12,314.31
10839,Gasto por CCAA destino,Comunidades autónomas,10 Comunitat Valenciana,Gasto total,Dato base,2015M11,2015-11,282.48
10839,Gasto por CCAA destino,Comunidades autónomas,10 Comunitat Valenciana,Gasto total,Dato base,2015M10,2015-10,547.51
10839,Gasto por CCAA destino,Comunidades autónomas,"13 Madrid, Comunidad de",Gasto total,Dato base,2026M07,2026-07,1611.9
10839,Gasto por CCAA destino,Comunidades autónomas,"13 Madrid, Comunidad de",Gasto total,Dato base,2026M06,2026-06,1860.65
10839,Gasto por CCAA destino,Comunidades autónomas,"13 Madrid, Comunidad de",Gasto total,Dato base,2026M05,2026-05,2174.02
10839,Gasto por CCAA destino,Comunidades autónomas,"13 Madrid, Comunidad de",Gasto total,Dato base,2026M04,2026-04,1829.8
10839,Gasto por CCAA destino,Comunidades autónomas,"13 Madrid, Comunidad de",Gasto total,Dato base,2026M03,2026-03,1367.82
10839,Gasto por CCAA destino,Comunidades autónomas,"13 Madrid, Comunidad de",Gasto total,Dato base,2026M02,2026-02,1165.69
10839,Gasto por CCAA destino,Comunidades autónomas,"13 Madrid, Comunidad de",Gasto total,Dato base,2026M01,2026-01,1609.75
10839,Gasto por CCAA destino,Comunidades autónomas,"13 Madrid, Comunidad de",Gasto total,Dato base,2025M12,2025-12,1309.88
10839,Gasto por CCAA destino,Comunidades autónomas,"13 Madrid, Comunidad de",Gasto total,Dato base,2025M11,2025-11,1388.59
10839,Gasto por CCAA destino,Comunidades autónomas,"13 Madrid, Comunidad de",Gasto total,Dato base,2025M10,2025-10,1950.8
10839,Gasto por CCAA destino,Comunidades autónomas,"13 Madrid, Comunidad de",Gasto total,Dato base,2025M09,2025-09,1571.25
10839,Gasto por CCAA destino,Comunidades autónomas,"13 Madrid, Comunidad de",Gasto total,Dato base,2025M08,2025-08,1220.56
10839,Gasto por CCAA destino,Comunidades autónomas,"13 Madrid, Comunidad de",Gasto total,Dato base,2025M07,2025-07,1516.42
10839,Gasto por CCAA destino,Comunidades autónomas,"13 Madrid, Comunidad de",Gasto total,Dato base,2025M06,2025-06,1733.53
10839,Gasto por CCAA destino,Comunidades autónomas,"13 Madrid, Comunidad de",Gasto total,Dato base,2025M05,2025-05,1778.77
10839,Gasto por CCAA destino,Comunidades autónomas,"13 Madrid, Comunidad de",Gasto total,Dato base,2025M04,2025-04,1584.67
10839,Gasto por CCAA destino,Comunidades autónomas,"13 Madrid, Comunidad de",Gasto total,Dato base,2025M03,2025-03,1347.05
10839,Gasto por CCAA destino,Comunidades autónomas,"13 Madrid, Comunidad de",Gasto total,Dato base,2025M02,2025-02,1144.18
10839,Gasto por CCAA destino,Comunidades autónomas,"13 Madrid, Comunidad de",Gasto total,Dato base,2025M01,2025-01,1392.35
10839,Gasto por CCAA destino,Comunidades autónomas,"13 Madrid, Comunidad de",Gasto total,Dato base,2024M12,2024-12,1155.48
10839,Gasto por CCAA destino,Comunidades autónomas,"13 Madrid, Comunidad de",Gasto total,Dato base,2024M11,2024-11,1209.62
10839,Gasto por CCAA destino,Comunidades autónomas,"13 Madrid, Comunidad de",Gasto total,Dato base,2024M10,2024-10,1650.66
10839,Gasto por CCAA destino,Comunidades autónomas,"13 Madrid, Comunidad de",Gasto total,Dato base,2024M09,2024-09,1442.1
10839,Gasto por CCAA destino,Comunidades autónomas,"13 Madrid, Comunidad de",Gasto total,Dato base,2024M08,2024-08,1163.09
10839,Gasto por CCAA destino,Comunidades autónomas,"13 Madrid, Comunidad de",Gasto total,Dato base,2024M07,2024-07,1417.2
10839,Gasto por CCAA destino,Comunidades autónomas,"13 Madrid, Comunidad de",Gasto total,Dato base,2024M06,2024-06,1604.21
10839,Gasto por CCAA destino,Comunidades autónomas,"13 Madrid, Comunidad de",Gasto total,Dato base,2024M05,2024-05,1767.55
10839,Gasto por CCAA destino,Comunidades autónomas,"13 Madrid, Comunidad de",Gasto total,Dato base,2024M04,2024-04,1299.51
10839,Gasto por CCAA destino,Comunidades autónomas,"13 Madrid, Comunidad de",Gasto total,Dato base,2024M03,2024-03,1246.3
10839,Gasto por CCAA destino,Comunidades autónomas,"13 Madrid, Comunidad de",Gasto total,Dato base,2024M02,2024-02,992.49
10839,Gasto por CCAA destino,Comunidades autónomas,"13 Madrid, Comunidad de",Gasto total,Dato base,2024M01,2024-01,1159.59
10839,Gasto por CCAA destino,Comunidades autónomas,"13 Madrid, Comunidad de",Gasto total,Dato base,2023M12,2023-12,1062.79
10839,Gasto por CCAA destino,Comunidades autónomas,"13 Madrid, Comunidad de",Gasto total,Dato base,2023M11,2023-11,1069.9
10839,Gasto por CCAA destino,Comunidades autónomas,"13 Madrid, Comunidad de",Gasto total,Dato base,2023M10,2023-10,1440.92
10839,Gasto por CCAA destino,Comunidades autónomas,"13 Madrid, Comunidad de",Gasto total,Dato base,2023M09,2023-09,1281.92
10839,Gasto por CCAA destino,Comunidades autónomas,"13 Madrid, Comunidad de",Gasto total,Dato base,2023M08,2023-08,1033.16
10839,Gasto por CCAA destino,Comunidades autónomas,"13 Madrid, Comunidad de",Gasto total,Dato base,2023M07,2023-07,1215.03
10839,Gasto por CCAA destino,Comunidades autónomas,"13 Madrid, Comunidad de",Gasto total,Dato base,2023M06,2023-06,1328.38
10839,Gasto por CCAA destino,Comunidades autónomas,"13 Madrid, Comunidad de",Gasto total,Dato base,2023M05,2023-05,1261.93
10839,Gasto por CCAA destino,Comunidades autónomas,"13 Madrid, Comunidad de",Gasto total,Dato base,2023M04,2023-04,1077.16
10839,Gasto por CCAA destino,Comunidades autónomas,"13 Madrid, Comunidad de",Gasto total,Dato base,2023M03,2023-03,968.22
10839,Gasto por CCAA destino,Comunidades autónomas,"13 Madrid, Comunidad de",Gasto total,Dato base,2023M02,2023-02,725.27
10839,Gasto por CCAA destino,Comunidades autónomas,"13 Madrid, Comunidad de",Gasto total,Dato base,2023M01,2023-01,865.01
10839,Gasto por CCAA destino,Comunidades autónomas,"13 Madrid, Comunidad de",Gasto total,Dato base,2022M12,2022-12,764.09
10839,Gasto por CCAA destino,Comunidades autónomas,"13 Madrid, Comunidad de",Gasto total,Dato base,2022M11,2022-11,821.44
10839,Gasto por CCAA destino,Comunidades autónomas,"13 Madrid, Comunidad de",Gasto total,Dato base,2022M10,2022-10,1063.28
10839,Gasto por CCAA destino,Comunidades autónomas,"13 Madrid, Comunidad de",Gasto total,Dato base,2022M09,2022-09,926.46
10839,Gasto por CCAA destino,Comunidades autónomas,"13 Madrid, Comunidad de",Gasto total,Dato base,2022M08,2022-08,723.09
10839,Gasto por CCAA destino,Comunidades autónomas,"13 Madrid, Comunidad de",Gasto total,Dato base,2022M07,2022-07,1095.31
10839,Gasto por CCAA destino,Comunidades autónomas,"13 Madrid, Comunidad de",Gasto total,Dato base,2022M06,2022-06,1024.37
10839,Gasto por CCAA destino,Comunidades autónomas,"13 Madrid, Comunidad de",Gasto total,Dato base,2022M05,2022-05,948.76
10839,Gasto por CCAA destino,Comunidades autónomas,"13 Madrid, Comunidad de",Gasto total,Dato base,2022M04,2022-04,832.5
10839,Gasto por CCAA destino,Comunidades autónomas,"13 Madrid, Comunidad de",Gasto total,Dato base,2022M03,2022-03,642.18
10839,Gasto por CCAA destino,Comunidades autónomas,"13 Madrid, Comunidad de",Gasto total,Dato base,2022M02,2022-02,402.27
10839,Gasto por CCAA destino,Comunidades autónomas,"13 Madrid, Comunidad de",Gasto total,Dato base,2022M01,2022-01,386.36
10839,Gasto por CCAA destino,Comunidades autónomas,"13 Madrid, Comunidad de",Gasto total,Dato base,2021M12,2021-12,444.5
10839,Gasto por CCAA destino,Comunidades autónomas,"13 Madrid, Comunidad de",Gasto total,Dato base,2021M11,2021-11,489.64
10839,Gasto por CCAA destino,Comunidades autónomas,"13 Madrid, Comunidad de",Gasto total,Dato base,2021M10,2021-10,540.05
10839,Gasto por CCAA destino,Comunidades autónomas,"13 Madrid, Comunidad de",Gasto total,Dato base,2021M09,2021-09,371.47
10839,Gasto por CCAA destino,Comunidades autónomas,"13 Madrid, Comunidad de",Gasto total,Dato base,2021M08,2021-08,319.09
10839,Gasto por CCAA destino,Comunidades autónomas,"13 Madrid, Comunidad de",Gasto total,Dato base,2021M07,2021-07,333.3
10839,Gasto por CCAA destino,Comunidades autónomas,"13 Madrid, Comunidad de",Gasto total,Dato base,2021M06,2021-06,209.65
10839,Gasto por CCAA destino,Comunidades autónomas,"13 Madrid, Comunidad de",Gasto total,Dato base,2021M05,2021-05,123.42
10839,Gasto por CCAA destino,Comunidades autónomas,"13 Madrid, Comunidad de",Gasto total,Dato base,2021M04,2021-04,86.74
10839,Gasto por CCAA destino,Comunidades autónomas,"13 Madrid, Comunidad de",Gasto total,Dato base,2021M03,2021-03,93.7
10839,Gasto por CCAA destino,Comunidades autónomas,"13 Madrid, Comunidad de",Gasto total,Dato base,2021M02,2021-02,42.01
10839,Gasto por CCAA destino,Comunidades autónomas,"13 Madrid, Comunidad de",Gasto total,Dato base,2021M01,2021-01,59.05
10839,Gasto por CCAA destino,Comunidades autónomas,"13 Madrid, Comunidad de",Gasto total,Dato base,2020M12,2020-12,66.7
10839,Gasto por CCAA destino,Comunidades autónomas,"13 Madrid, Comunidad de",Gasto total,Dato base,2020M11,2020-11,56.18
10839,Gasto por CCAA destino,Comunidades autónomas,"13 Madrid, Comunidad de",Gasto total,Dato base,2020M10,2020-10,61.26
10839,Gasto por CCAA destino,Comunidades autónomas,"13 Madrid, Comunidad de",Gasto total,Dato base,2020M09,2020-09,64.37
10839,Gasto por CCAA destino,Comunidades autónomas,"13 Madrid, Comunidad de",Gasto total,Dato base,2020M08,2020-08,82.19
10839,Gasto por CCAA destino,Comunidades autónomas,"13 Madrid, Comunidad de",Gasto total,Dato base,2020M07,2020-07,114.04
10839,Gasto por CCAA destino,Comunidades autónomas,"13 Madrid, Comunidad de",Gasto total,Dato base,2020M06,2020-06,15.38
10839,Gasto por CCAA destino,Comunidades autónomas,"13 Madrid, Comunidad de",Gasto total,Dato base,2020M05,2020-05,0.0
10839,Gasto por CCAA destino,Comunidades autónomas,"13 Madrid, Comunidad de",Gasto total,Dato base,2020M04,2020-04,0.0
10839,Gasto por CCAA destino,Comunidades autónomas,"13 Madrid, Comunidad de",Gasto total,Dato base,2020M03,2020-03,321.05
10839,Gasto por CCAA destino,Comunidades autónomas,"13 Madrid, Comunidad de",Gasto total,Dato base,2020M02,2020-02,659.6
10839,Gasto por CCAA destino,Comunidades autónomas,"13 Madrid, Comunidad de",Gasto total,Dato base,2020M01,2020-01,871.74
10839,Gasto por CCAA destino,Comunidades autónomas,"13 Madrid, Comunidad de",Gasto total,Dato base,2019M12,2019-12,796.17
10839,Gasto por CCAA destino,Comunidades autónomas,"13 Madrid, Comunidad de",Gasto total,Dato base,2019M11,2019-11,862.95
10839,Gasto por CCAA destino,Comunidades autónomas,"13 Madrid, Comunidad de",Gasto total,Dato base,2019M10,2019-10,1005.01
10839,Gasto por CCAA destino,Comunidades autónomas,"13 Madrid, Comunidad de",Gasto total,Dato base,2019M09,2019-09,944.18
10839,Gasto por CCAA destino,Comunidades autónomas,"13 Madrid, Comunidad de",Gasto total,Dato base,2019M08,2019-08,757.14
10839,Gasto por CCAA destino,Comunidades autónomas,"13 Madrid, Comunidad de",Gasto total,Dato base,2019M07,2019-07,964.54
10839,Gasto por CCAA destino,Comunidades autónomas,"13 Madrid, Comunidad de",Gasto total,Dato base,2019M06,2019-06,1077.27
10839,Gasto por CCAA destino,Comunidades autónomas,"13 Madrid, Comunidad de",Gasto total,Dato base,2019M05,2019-05,988.6
10839,Gasto por CCAA destino,Comunidades autónomas,"13 Madrid, Comunidad de",Gasto total,Dato base,2019M04,2019-04,834.66
10839,Gasto por CCAA destino,Comunidades autónomas,"13 Madrid, Comunidad de",Gasto total,Dato base,2019M03,2019-03,823.15
10839,Gasto por CCAA destino,Comunidades autónomas,"13 Madrid, Comunidad de",Gasto total,Dato base,2019M02,2019-02,630.83
10839,Gasto por CCAA destino,Comunidades autónomas,"13 Madrid, Comunidad de",Gasto total,Dato base,2019M01,2019-01,769.24
10839,Gasto por CCAA destino,Comunidades autónomas,"13 Madrid, Comunidad de",Gasto total,Dato base,2018M12,2018-12,716.93
10839,Gasto por CCAA destino,Comunidades autónomas,"13 Madrid, Comunidad de",Gasto total,Dato base,2018M11,2018-11,730.24
10839,Gasto por CCAA destino,Comunidades autónomas,"13 Madrid, Comunidad de",Gasto total,Dato base,2018M10,2018-10,980.12
10839,Gasto por CCAA destino,Comunidades autónomas,"13 Madrid, Comunidad de",Gasto total,Dato base,2018M09,2018-09,879.67
10839,Gasto por CCAA destino,Comunidades autónomas,"13 Madrid, Comunidad de",Gasto total,Dato base,2018M08,2018-08,719.38
10839,Gasto por CCAA destino,Comunidades autónomas,"13 Madrid, Comunidad de",Gasto total,Dato base,2018M07,2018-07,891.81
10839,Gasto por CCAA destino,Comunidades autónomas,"13 Madrid, Comunidad de",Gasto total,Dato base,2018M06,2018-06,939.51
10839,Gasto por CCAA destino,Comunidades autónomas,"13 Madrid, Comunidad de",Gasto total,Dato base,2018M05,2018-05,795.82
10839,Gasto por CCAA destino,Comunidades autónomas,"13 Madrid, Comunidad de",Gasto total,Dato base,2018M04,2018-04,774.47
10839,Gasto por CCAA destino,Comunidades autónomas,"13 Madrid, Comunidad de",Gasto total,Dato base,2018M03,2018-03,655.29
10839,Gasto por CCAA destino,Comunidades autónomas,"13 Madrid, Comunidad de",Gasto total,Dato base,2018M02,2018-02,555.52
10839,Gasto por CCAA destino,Comunidades autónomas,"13 Madrid, Comunidad de",Gasto total,Dato base,2018M01,2018-01,644.1
10839,Gasto por CCAA destino,Comunidades autónomas,"13 Madrid, Comunidad de",Gasto total,Dato base,2017M12,2017-12,649.31
10839,Gasto por CCAA destino,Comunidades autónomas,"13 Madrid, Comunidad de",Gasto total,Dato base,2017M11,2017-11,638.0
10839,Gasto por CCAA destino,Comunidades autónomas,"13 Madrid, Comunidad de",Gasto total,Dato base,2017M10,2017-10,835.19
10839,Gasto por CCAA destino,Comunidades autónomas,"13 Madrid, Comunidad de",Gasto total,Dato base,2017M09,2017-09,870.1
10839,Gasto por CCAA destino,Comunidades autónomas,"13 Madrid, Comunidad de",Gasto total,Dato base,2017M08,2017-08,749.95
10839,Gasto por CCAA destino,Comunidades autónomas,"13 Madrid, Comunidad de",Gasto total,Dato base,2017M07,2017-07,850.21
10839,Gasto por CCAA destino,Comunidades autónomas,"13 Madrid, Comunidad de",Gasto total,Dato base,2017M06,2017-06,905.56
10839,Gasto por CCAA destino,Comunidades autónomas,"13 Madrid, Comunidad de",Gasto total,Dato base,2017M05,2017-05,829.13
10839,Gasto por CCAA destino,Comunidades autónomas,"13 Madrid, Comunidad de",Gasto total,Dato base,2017M04,2017-04,800.1
10839,Gasto por CCAA destino,Comunidades autónomas,"13 Madrid, Comunidad de",Gasto total,Dato base,2017M03,2017-03,552.8
10839,Gasto por CCAA destino,Comunidades autónomas,"13 Madrid, Comunidad de",Gasto total,Dato base,2017M02,2017-02,544.17
10839,Gasto por CCAA destino,Comunidades autónomas,"13 Madrid, Comunidad de",Gasto total,Dato base,2017M01,2017-01,630.57
10839,Gasto por CCAA destino,Comunidades autónomas,"13 Madrid, Comunidad de",Gasto total,Dato base,2016M12,2016-12,531.71
10839,Gasto por CCAA destino,Comunidades autónomas,"13 Madrid, Comunidad de",Gasto total,Dato base,2016M11,2016-11,518.71
10839,Gasto por CCAA destino,Comunidades autónomas,"13 Madrid, Comunidad de",Gasto total,Dato base,2016M10,2016-10,794.02
10839,Gasto por CCAA destino,Comunidades autónomas,"13 Madrid, Comunidad de",Gasto total,Dato base,2016M09,2016-09,749.21
10839,Gasto por CCAA destino,Comunidades autónomas,"13 Madrid, Comunidad de",Gasto total,Dato base,2016M08,2016-08,644.43
10839,Gasto por CCAA destino,Comunidades autónomas,"13 Madrid, Comunidad de",Gasto total,Dato base,2016M07,2016-07,790.42
10839,Gasto por CCAA destino,Comunidades autónomas,"13 Madrid, Comunidad de",Gasto total,Dato base,2016M06,2016-06,751.84
10839,Gasto por CCAA destino,Comunidades autónomas,"13 Madrid, Comunidad de",Gasto total,Dato base,2016M05,2016-05,740.33
10839,Gasto por CCAA destino,Comunidades autónomas,"13 Madrid, Comunidad de",Gasto total,Dato base,2016M04,2016-04,669.34
10839,Gasto por CCAA destino,Comunidades autónomas,"13 Madrid, Comunidad de",Gasto total,Dato base,2016M03,2016-03,524.86
10839,Gasto por CCAA destino,Comunidades autónomas,"13 Madrid, Comunidad de",Gasto total,Dato base,2016M02,2016-02,417.44
10839,Gasto por CCAA destino,Comunidades autónomas,"13 Madrid, Comunidad de",Gasto total,Dato base,2016M01,2016-01,465.09
10839,Gasto por CCAA destino,Comunidades autónomas,"13 Madrid, Comunidad de",Gasto total,Dato base,2015M12,2015-12,402.23
10839,Gasto por CCAA destino,Comunidades autónomas,"13 Madrid, Comunidad de",Gasto total,Dato base,2015M11,2015-11,453.51
10839,Gasto por CCAA destino,Comunidades autónomas,"13 Madrid, Comunidad de",Gasto total,Dato base,2015M10,2015-10,702.92
10839,Gasto por CCAA destino,Comunidades autónomas,Otras Comunidades Autónomas,Gasto total,Dato base,2026M07,2026-07,1399.11
10839,Gasto por CCAA destino,Comunidades autónomas,Otras Comunidades Autónomas,Gasto total,Dato base,2026M06,2026-06,989.03
10839,Gasto por CCAA destino,Comunidades autónomas,Otras Comunidades Autónomas,Gasto total,Dato base,2026M05,2026-05,1068.42
10839,Gasto por CCAA destino,Comunidades autónomas,Otras Comunidades Autónomas,Gasto total,Dato base,2026M04,2026-04,951.56
10839,Gasto por CCAA destino,Comunidades autónomas,Otras Comunidades Autónomas,Gasto total,Dato base,2026M03,2026-03,626.11
10839,Gasto por CCAA destino,Comunidades autónomas,Otras Comunidades Autónomas,Gasto total,Dato base,2026M02,2026-02,550.07
10839,Gasto por CCAA destino,Comunidades autónomas,Otras Comunidades Autónomas,Gasto total,Dato base,2026M01,2026-01,643.99
10839,Gasto por CCAA destino,Comunidades autónomas,Otras Comunidades Autónomas,Gasto total,Dato base,2025M12,2025-12,807.37
10839,Gasto por CCAA destino,Comunidades autónomas,Otras Comunidades Autónomas,Gasto total,Dato base,2025M11,2025-11,565.46
10839,Gasto por CCAA destino,Comunidades autónomas,Otras Comunidades Autónomas,Gasto total,Dato base,2025M10,2025-10,990.36
10839,Gasto por CCAA destino,Comunidades autónomas,Otras Comunidades Autónomas,Gasto total,Dato base,2025M09,2025-09,1108.91
10839,Gasto por CCAA destino,Comunidades autónomas,Otras Comunidades Autónomas,Gasto total,Dato base,2025M08,2025-08,1289.26
10839,Gasto por CCAA destino,Comunidades autónomas,Otras Comunidades Autónomas,Gasto total,Dato base,2025M07,2025-07,1192.11
10839,Gasto por CCAA destino,Comunidades autónomas,Otras Comunidades Autónomas,Gasto total,Dato base,2025M06,2025-06,1007.27
10839,Gasto por CCAA destino,Comunidades autónomas,Otras Comunidades Autónomas,Gasto total,Dato base,2025M05,2025-05,1012.61
10839,Gasto por CCAA destino,Comunidades autónomas,Otras Comunidades Autónomas,Gasto total,Dato base,2025M04,2025-04,796.79
10839,Gasto por CCAA destino,Comunidades autónomas,Otras Comunidades Autónomas,Gasto total,Dato base,2025M03,2025-03,617.51
10839,Gasto por CCAA destino,Comunidades autónomas,Otras Comunidades Autónomas,Gasto total,Dato base,2025M02,2025-02,513.93
10839,Gasto por CCAA destino,Comunidades autónomas,Otras Comunidades Autónomas,Gasto total,Dato base,2025M01,2025-01,559.5
10839,Gasto por CCAA destino,Comunidades autónomas,Otras Comunidades Autónomas,Gasto total,Dato base,2024M12,2024-12,795.31
10839,Gasto por CCAA destino,Comunidades autónomas,Otras Comunidades Autónomas,Gasto total,Dato base,2024M11,2024-11,590.3
10839,Gasto por CCAA destino,Comunidades autónomas,Otras Comunidades Autónomas,Gasto total,Dato base,2024M10,2024-10,971.86
10839,Gasto por CCAA destino,Comunidades autónomas,Otras Comunidades Autónomas,Gasto total,Dato base,2024M09,2024-09,1018.12
10839,Gasto por CCAA destino,Comunidades autónomas,Otras Comunidades Autónomas,Gasto total,Dato base,2024M08,2024-08,1238.69
10839,Gasto por CCAA destino,Comunidades autónomas,Otras Comunidades Autónomas,Gasto total,Dato base,2024M07,2024-07,1171.91
10839,Gasto por CCAA destino,Comunidades autónomas,Otras Comunidades Autónomas,Gasto total,Dato base,2024M06,2024-06,890.67
10839,Gasto por CCAA destino,Comunidades autónomas,Otras Comunidades Autónomas,Gasto total,Dato base,2024M05,2024-05,881.62
10839,Gasto por CCAA destino,Comunidades autónomas,Otras Comunidades Autónomas,Gasto total,Dato base,2024M04,2024-04,743.19
10839,Gasto por CCAA destino,Comunidades autónomas,Otras Comunidades Autónomas,Gasto total,Dato base,2024M03,2024-03,560.55
10839,Gasto por CCAA destino,Comunidades autónomas,Otras Comunidades Autónomas,Gasto total,Dato base,2024M02,2024-02,436.43
10839,Gasto por CCAA destino,Comunidades autónomas,Otras Comunidades Autónomas,Gasto total,Dato base,2024M01,2024-01,502.57
10839,Gasto por CCAA destino,Comunidades autónomas,Otras Comunidades Autónomas,Gasto total,Dato base,2023M12,2023-12,774.69
10839,Gasto por CCAA destino,Comunidades autónomas,Otras Comunidades Autónomas,Gasto total,Dato base,2023M11,2023-11,438.52
10839,Gasto por CCAA destino,Comunidades autónomas,Otras Comunidades Autónomas,Gasto total,Dato base,2023M10,2023-10,748.17
10839,Gasto por CCAA destino,Comunidades autónomas,Otras Comunidades Autónomas,Gasto total,Dato base,2023M09,2023-09,889.56
10839,Gasto por CCAA destino,Comunidades autónomas,Otras Comunidades Autónomas,Gasto total,Dato base,2023M08,2023-08,1125.68
10839,Gasto por CCAA destino,Comunidades autónomas,Otras Comunidades Autónomas,Gasto total,Dato base,2023M07,2023-07,929.89
10839,Gasto por CCAA destino,Comunidades autónomas,Otras Comunidades Autónomas,Gasto total,Dato base,2023M06,2023-06,778.41
10839,Gasto por CCAA destino,Comunidades autónomas,Otras Comunidades Autónomas,Gasto total,Dato base,2023M05,2023-05,727.27
10839,Gasto por CCAA destino,Comunidades autónomas,Otras Comunidades Autónomas,Gasto total,Dato base,2023M04,2023-04,607.6
10839,Gasto por CCAA destino,Comunidades autónomas,Otras Comunidades Autónomas,Gasto total,Dato base,2023M03,2023-03,477.13
10839,Gasto por CCAA destino,Comunidades autónomas,Otras Comunidades Autónomas,Gasto total,Dato base,2023M02,2023-02,391.53
10839,Gasto por CCAA destino,Comunidades autónomas,Otras Comunidades Autónomas,Gasto total,Dato base,2023M01,2023-01,471.42
10839,Gasto por CCAA destino,Comunidades autónomas,Otras Comunidades Autónomas,Gasto total,Dato base,2022M12,2022-12,465.25
10839,Gasto por CCAA destino,Comunidades autónomas,Otras Comunidades Autónomas,Gasto total,Dato base,2022M11,2022-11,370.58
10839,Gasto por CCAA destino,Comunidades autónomas,Otras Comunidades Autónomas,Gasto total,Dato base,2022M10,2022-10,573.32
10839,Gasto por CCAA destino,Comunidades autónomas,Otras Comunidades Autónomas,Gasto total,Dato base,2022M09,2022-09,697.97
10839,Gasto por CCAA destino,Comunidades autónomas,Otras Comunidades Autónomas,Gasto total,Dato base,2022M08,2022-08,829.4
10839,Gasto por CCAA destino,Comunidades autónomas,Otras Comunidades Autónomas,Gasto total,Dato base,2022M07,2022-07,833.58
10839,Gasto por CCAA destino,Comunidades autónomas,Otras Comunidades Autónomas,Gasto total,Dato base,2022M06,2022-06,544.23
10839,Gasto por CCAA destino,Comunidades autónomas,Otras Comunidades Autónomas,Gasto total,Dato base,2022M05,2022-05,611.35
10839,Gasto por CCAA destino,Comunidades autónomas,Otras Comunidades Autónomas,Gasto total,Dato base,2022M04,2022-04,468.59
10839,Gasto por CCAA destino,Comunidades autónomas,Otras Comunidades Autónomas,Gasto total,Dato base,2022M03,2022-03,301.09
10839,Gasto por CCAA destino,Comunidades autónomas,Otras Comunidades Autónomas,Gasto total,Dato base,2022M02,2022-02,281.63
10839,Gasto por CCAA destino,Comunidades autónomas,Otras Comunidades Autónomas,Gasto total,Dato base,2022M01,2022-01,284.94
10839,Gasto por CCAA destino,Comunidades autónomas,Otras Comunidades Autónomas,Gasto total,Dato base,2021M12,2021-12,333.04
10839,Gasto por CCAA destino,Comunidades autónomas,Otras Comunidades Autónomas,Gasto total,Dato base,2021M11,2021-11,258.43
10839,Gasto por CCAA destino,Comunidades autónomas,Otras Comunidades Autónomas,Gasto total,Dato base,2021M10,2021-10,385.88
10839,Gasto por CCAA destino,Comunidades autónomas,Otras Comunidades Autónomas,Gasto total,Dato base,2021M09,2021-09,358.77
10839,Gasto por CCAA destino,Comunidades autónomas,Otras Comunidades Autónomas,Gasto total,Dato base,2021M08,2021-08,410.53
10839,Gasto por CCAA destino,Comunidades autónomas,Otras Comunidades Autónomas,Gasto total,Dato base,2021M07,2021-07,374.81
10839,Gasto por CCAA destino,Comunidades autónomas,Otras Comunidades Autónomas,Gasto total,Dato base,2021M06,2021-06,192.68
10839,Gasto por CCAA destino,Comunidades autónomas,Otras Comunidades Autónomas,Gasto total,Dato base,2021M05,2021-05,125.17
10839,Gasto por CCAA destino,Comunidades autónomas,Otras Comunidades Autónomas,Gasto total,Dato base,2021M04,2021-04,67.75
10839,Gasto por CCAA destino,Comunidades autónomas,Otras Comunidades Autónomas,Gasto total,Dato base,2021M03,2021-03,51.31
10839,Gasto por CCAA destino,Comunidades autónomas,Otras Comunidades Autónomas,Gasto total,Dato base,2021M02,2021-02,34.66
10839,Gasto por CCAA destino,Comunidades autónomas,Otras Comunidades Autónomas,Gasto total,Dato base,2021M01,2021-01,68.05
10839,Gasto por CCAA destino,Comunidades autónomas,Otras Comunidades Autónomas,Gasto total,Dato base,2020M12,2020-12,100.14
10839,Gasto por CCAA destino,Comunidades autónomas,Otras Comunidades Autónomas,Gasto total,Dato base,2020M11,2020-11,50.11
10839,Gasto por CCAA destino,Comunidades autónomas,Otras Comunidades Autónomas,Gasto total,Dato base,2020M10,2020-10,117.75
10839,Gasto por CCAA destino,Comunidades autónomas,Otras Comunidades Autónomas,Gasto total,Dato base,2020M09,2020-09,143.06
10839,Gasto por CCAA destino,Comunidades autónomas,Otras Comunidades Autónomas,Gasto total,Dato base,2020M08,2020-08,274.17
10839,Gasto por CCAA destino,Comunidades autónomas,Otras Comunidades Autónomas,Gasto total,Dato base,2020M07,2020-07,268.45
10839,Gasto por CCAA destino,Comunidades autónomas,Otras Comunidades Autónomas,Gasto total,Dato base,2020M06,2020-06,20.04
10839,Gasto por CCAA destino,Comunidades autónomas,Otras Comunidades Autónomas,Gasto total,Dato base,2020M05,2020-05,0.0
10839,Gasto por CCAA destino,Comunidades autónomas,Otras Comunidades Autónomas,Gasto total,Dato base,2020M04,2020-04,0.0
10839,Gasto por CCAA destino,Comunidades autónomas,Otras Comunidades Autónomas,Gasto total,Dato base,2020M03,2020-03,163.01
10839,Gasto por CCAA destino,Comunidades autónomas,Otras Comunidades Autónomas,Gasto total,Dato base,2020M02,2020-02,334.1
10839,Gasto por CCAA destino,Comunidades autónomas,Otras Comunidades Autónomas,Gasto total,Dato base,2020M01,2020-01,342.58
10839,Gasto por CCAA destino,Comunidades autónomas,Otras Comunidades Autónomas,Gasto total,Dato base,2019M12,2019-12,354.21
10839,Gasto por CCAA destino,Comunidades autónomas,Otras Comunidades Autónomas,Gasto total,Dato base,2019M11,2019-11,366.91
10839,Gasto por CCAA destino,Comunidades autónomas,Otras Comunidades Autónomas,Gasto total,Dato base,2019M10,2019-10,619.72
10839,Gasto por CCAA destino,Comunidades autónomas,Otras Comunidades Autónomas,Gasto total,Dato base,2019M09,2019-09,675.71
10839,Gasto por CCAA destino,Comunidades autónomas,Otras Comunidades Autónomas,Gasto total,Dato base,2019M08,2019-08,923.31
10839,Gasto por CCAA destino,Comunidades autónomas,Otras Comunidades Autónomas,Gasto total,Dato base,2019M07,2019-07,850.49
10839,Gasto por CCAA destino,Comunidades autónomas,Otras Comunidades Autónomas,Gasto total,Dato base,2019M06,2019-06,649.91
10839,Gasto por CCAA destino,Comunidades autónomas,Otras Comunidades Autónomas,Gasto total,Dato base,2019M05,2019-05,549.22
10839,Gasto por CCAA destino,Comunidades autónomas,Otras Comunidades Autónomas,Gasto total,Dato base,2019M04,2019-04,497.6
10839,Gasto por CCAA destino,Comunidades autónomas,Otras Comunidades Autónomas,Gasto total,Dato base,2019M03,2019-03,355.14
10839,Gasto por CCAA destino,Comunidades autónomas,Otras Comunidades Autónomas,Gasto total,Dato base,2019M02,2019-02,302.93
10839,Gasto por CCAA destino,Comunidades autónomas,Otras Comunidades Autónomas,Gasto total,Dato base,2019M01,2019-01,330.59
10839,Gasto por CCAA destino,Comunidades autónomas,Otras Comunidades Autónomas,Gasto total,Dato base,2018M12,2018-12,340.52
10839,Gasto por CCAA destino,Comunidades autónomas,Otras Comunidades Autónomas,Gasto total,Dato base,2018M11,2018-11,353.3
10839,Gasto por CCAA destino,Comunidades autónomas,Otras Comunidades Autónomas,Gasto total,Dato base,2018M10,2018-10,614.82
10839,Gasto por CCAA destino,Comunidades autónomas,Otras Comunidades Autónomas,Gasto total,Dato base,2018M09,2018-09,678.9
10839,Gasto por CCAA destino,Comunidades autónomas,Otras Comunidades Autónomas,Gasto total,Dato base,2018M08,2018-08,917.44
10839,Gasto por CCAA destino,Comunidades autónomas,Otras Comunidades Autónomas,Gasto total,Dato base,2018M07,2018-07,805.71
10839,Gasto por CCAA destino,Comunidades autónomas,Otras Comunidades Autónomas,Gasto total,Dato base,2018M06,2018-06,621.18
10839,Gasto por CCAA destino,Comunidades autónomas,Otras Comunidades Autónomas,Gasto total,Dato base,2018M05,2018-05,629.7
10839,Gasto por CCAA destino,Comunidades autónomas,Otras Comunidades Autónomas,Gasto total,Dato base,2018M04,2018-04,519.24
10839,Gasto por CCAA destino,Comunidades autónomas,Otras Comunidades Autónomas,Gasto total,Dato base,2018M03,2018-03,408.79
10839,Gasto por CCAA destino,Comunidades autónomas,Otras Comunidades Autónomas,Gasto total,Dato base,2018M02,2018-02,285.98
10839,Gasto por CCAA destino,Comunidades autónomas,Otras Comunidades Autónomas,Gasto total,Dato base,2018M01,2018-01,383.72
10839,Gasto por CCAA destino,Comunidades autónomas,Otras Comunidades Autónomas,Gasto total,Dato base,2017M12,2017-12,343.82
10839,Gasto por CCAA destino,Comunidades autónomas,Otras Comunidades Autónomas,Gasto total,Dato base,2017M11,2017-11,359.98
10839,Gasto por CCAA destino,Comunidades autónomas,Otras Comunidades Autónomas,Gasto total,Dato base,2017M10,2017-10,567.35
10839,Gasto por CCAA destino,Comunidades autónomas,Otras Comunidades Autónomas,Gasto total,Dato base,2017M09,2017-09,688.53
10839,Gasto por CCAA destino,Comunidades autónomas,Otras Comunidades Autónomas,Gasto total,Dato base,2017M08,2017-08,832.96
10839,Gasto por CCAA destino,Comunidades autónomas,Otras Comunidades Autónomas,Gasto total,Dato base,2017M07,2017-07,947.33
10839,Gasto por CCAA destino,Comunidades autónomas,Otras Comunidades Autónomas,Gasto total,Dato base,2017M06,2017-06,617.95
10839,Gasto por CCAA destino,Comunidades autónomas,Otras Comunidades Autónomas,Gasto total,Dato base,2017M05,2017-05,540.27
10839,Gasto por CCAA destino,Comunidades autónomas,Otras Comunidades Autónomas,Gasto total,Dato base,2017M04,2017-04,480.9
10839,Gasto por CCAA destino,Comunidades autónomas,Otras Comunidades Autónomas,Gasto total,Dato base,2017M03,2017-03,360.26
10839,Gasto por CCAA destino,Comunidades autónomas,Otras Comunidades Autónomas,Gasto total,Dato base,2017M02,2017-02,266.76
10839,Gasto por CCAA destino,Comunidades autónomas,Otras Comunidades Autónomas,Gasto total,Dato base,2017M01,2017-01,333.45
10839,Gasto por CCAA destino,Comunidades autónomas,Otras Comunidades Autónomas,Gasto total,Dato base,2016M12,2016-12,366.21
10839,Gasto por CCAA destino,Comunidades autónomas,Otras Comunidades Autónomas,Gasto total,Dato base,2016M11,2016-11,311.5
10839,Gasto por CCAA destino,Comunidades autónomas,Otras Comunidades Autónomas,Gasto total,Dato base,2016M10,2016-10,537.78
10839,Gasto por CCAA destino,Comunidades autónomas,Otras Comunidades Autónomas,Gasto total,Dato base,2016M09,2016-09,654.33
10839,Gasto por CCAA destino,Comunidades autónomas,Otras Comunidades Autónomas,Gasto total,Dato base,2016M08,2016-08,807.45
10839,Gasto por CCAA destino,Comunidades autónomas,Otras Comunidades Autónomas,Gasto total,Dato base,2016M07,2016-07,699.37
10839,Gasto por CCAA destino,Comunidades autónomas,Otras Comunidades Autónomas,Gasto total,Dato base,2016M06,2016-06,567.8
10839,Gasto por CCAA destino,Comunidades autónomas,Otras Comunidades Autónomas,Gasto total,Dato base,2016M05,2016-05,430.35
10839,Gasto por CCAA destino,Comunidades autónomas,Otras Comunidades Autónomas,Gasto total,Dato base,2016M04,2016-04,371.61
10839,Gasto por CCAA destino,Comunidades autónomas,Otras Comunidades Autónomas,Gasto total,Dato base,2016M03,2016-03,297.68
10839,Gasto por CCAA destino,Comunidades autónomas,Otras Comunidades Autónomas,Gasto total,Dato base,2016M02,2016-02,219.5
10839,Gasto por CCAA destino,Comunidades autónomas,Otras Comunidades Autónomas,Gasto total,Dato base,2016M01,2016-01,255.58
10839,Gasto por CCAA destino,Comunidades autónomas,Otras Comunidades Autónomas,Gasto total,Dato base,2015M12,2015-12,338.46
10839,Gasto por CCAA destino,Comunidades autónomas,Otras Comunidades Autónomas,Gasto total,Dato base,2015M11,2015-11,266.94
10839,Gasto por CCAA destino,Comunidades autónomas,Otras Comunidades Autónomas,Gasto total,Dato base,2015M10,2015-10,506.15
10828,Gasto por vía de acceso,Via de acceso,Total,Gasto total,Dato base,2026M07,2026-07,18217.95
10828,Gasto por vía de acceso,Via de acceso,Total,Gasto total,Dato base,2026M06,2026-06,13579.04
10828,Gasto por vía de acceso,Via de acceso,Total,Gasto total,Dato base,2026M05,2026-05,13553.47
10828,Gasto por vía de acceso,Via de acceso,Total,Gasto total,Dato base,2026M04,2026-04,11685.64
10828,Gasto por vía de acceso,Via de acceso,Total,Gasto total,Dato base,2026M03,2026-03,9606.4
10828,Gasto por vía de acceso,Via de acceso,Total,Gasto total,Dato base,2026M02,2026-02,7606.44
10828,Gasto por vía de acceso,Via de acceso,Total,Gasto total,Dato base,2026M01,2026-01,7804.61
10828,Gasto por vía de acceso,Via de acceso,Total,Gasto total,Dato base,2025M12,2025-12,7993.41
10828,Gasto por vía de acceso,Via de acceso,Total,Gasto total,Dato base,2025M11,2025-11,8087.84
10828,Gasto por vía de acceso,Via de acceso,Total,Gasto total,Dato base,2025M10,2025-10,12803.0
10828,Gasto por vía de acceso,Via de acceso,Total,Gasto total,Dato base,2025M09,2025-09,13404.59
10828,Gasto por vía de acceso,Via de acceso,Total,Gasto total,Dato base,2025M08,2025-08,16341.58
10828,Gasto por vía de acceso,Via de acceso,Total,Gasto total,Dato base,2025M07,2025-07,16432.61
10828,Gasto por vía de acceso,Via de acceso,Total,Gasto total,Dato base,2025M06,2025-06,13050.58
10828,Gasto por vía de acceso,Via de acceso,Total,Gasto total,Dato base,2025M05,2025-05,12226.41
10828,Gasto por vía de acceso,Via de acceso,Total,Gasto total,Dato base,2025M04,2025-04,10875.75
10828,Gasto por vía de acceso,Via de acceso,Total,Gasto total,Dato base,2025M03,2025-03,9112.01
10828,Gasto por vía de acceso,Via de acceso,Total,Gasto total,Dato base,2025M02,2025-02,7272.63
10828,Gasto por vía de acceso,Via de acceso,Total,Gasto total,Dato base,2025M01,2025-01,7142.91
10828,Gasto por vía de acceso,Via de acceso,Total,Gasto total,Dato base,2024M12,2024-12,7590.34
10828,Gasto por vía de acceso,Via de acceso,Total,Gasto total,Dato base,2024M11,2024-11,7707.67
10828,Gasto por vía de acceso,Via de acceso,Total,Gasto total,Dato base,2024M10,2024-10,11898.7
10828,Gasto por vía de acceso,Via de acceso,Total,Gasto total,Dato base,2024M09,2024-09,12613.05
10828,Gasto por vía de acceso,Via de acceso,Total,Gasto total,Dato base,2024M08,2024-08,15364.42
10828,Gasto por vía de acceso,Via de acceso,Total,Gasto total,Dato base,2024M07,2024-07,15513.29
10828,Gasto por vía de acceso,Via de acceso,Total,Gasto total,Dato base,2024M06,2024-06,12356.78
10828,Gasto por vía de acceso,Via de acceso,Total,Gasto total,Dato base,2024M05,2024-05,11686.91
10828,Gasto por vía de acceso,Via de acceso,Total,Gasto total,Dato base,2024M04,2024-04,9488.1
10828,Gasto por vía de acceso,Via de acceso,Total,Gasto total,Dato base,2024M03,2024-03,8631.35
10828,Gasto por vía de acceso,Via de acceso,Total,Gasto total,Dato base,2024M02,2024-02,6746.32
10828,Gasto por vía de acceso,Via de acceso,Total,Gasto total,Dato base,2024M01,2024-01,6546.3
10828,Gasto por vía de acceso,Via de acceso,Total,Gasto total,Dato base,2023M12,2023-12,7090.5
10828,Gasto por vía de acceso,Via de acceso,Total,Gasto total,Dato base,2023M11,2023-11,6644.47
10828,Gasto por vía de acceso,Via de acceso,Total,Gasto total,Dato base,2023M10,2023-10,10302.07
10828,Gasto por vía de acceso,Via de acceso,Total,Gasto total,Dato base,2023M09,2023-09,11193.59
10828,Gasto por vía de acceso,Via de acceso,Total,Gasto total,Dato base,2023M08,2023-08,13599.39
10828,Gasto por vía de acceso,Via de acceso,Total,Gasto total,Dato base,2023M07,2023-07,13880.83
10828,Gasto por vía de acceso,Via de acceso,Total,Gasto total,Dato base,2023M06,2023-06,10607.99
10828,Gasto por vía de acceso,Via de acceso,Total,Gasto total,Dato base,2023M05,2023-05,9766.97
10828,Gasto por vía de acceso,Via de acceso,Total,Gasto total,Dato base,2023M04,2023-04,8454.47
10828,Gasto por vía de acceso,Via de acceso,Total,Gasto total,Dato base,2023M03,2023-03,6668.07
10828,Gasto por vía de acceso,Via de acceso,Total,Gasto total,Dato base,2023M02,2023-02,5364.13
10828,Gasto por vía de acceso,Via de acceso,Total,Gasto total,Dato base,2023M01,2023-01,5216.94
10828,Gasto por vía de acceso,Via de acceso,Total,Gasto total,Dato base,2022M12,2022-12,5238.8
10828,Gasto por vía de acceso,Via de acceso,Total,Gasto total,Dato base,2022M11,2022-11,5381.97
10828,Gasto por vía de acceso,Via de acceso,Total,Gasto total,Dato base,2022M10,2022-10,8311.2
10828,Gasto por vía de acceso,Via de acceso,Total,Gasto total,Dato base,2022M09,2022-09,9147.69
10828,Gasto por vía de acceso,Via de acceso,Total,Gasto total,Dato base,2022M08,2022-08,11281.82
10828,Gasto por vía de acceso,Via de acceso,Total,Gasto total,Dato base,2022M07,2022-07,11902.1
10828,Gasto por vía de acceso,Via de acceso,Total,Gasto total,Dato base,2022M06,2022-06,9025.67
10828,Gasto por vía de acceso,Via de acceso,Total,Gasto total,Dato base,2022M05,2022-05,8046.91
10828,Gasto por vía de acceso,Via de acceso,Total,Gasto total,Dato base,2022M04,2022-04,6910.11
10828,Gasto por vía de acceso,Via de acceso,Total,Gasto total,Dato base,2022M03,2022-03,5077.45
10828,Gasto por vía de acceso,Via de acceso,Total,Gasto total,Dato base,2022M02,2022-02,3774.69
10828,Gasto por vía de acceso,Via de acceso,Total,Gasto total,Dato base,2022M01,2022-01,3039.78
10828,Gasto por vía de acceso,Via de acceso,Total,Gasto total,Dato base,2021M12,2021-12,3536.59
10828,Gasto por vía de acceso,Via de acceso,Total,Gasto total,Dato base,2021M11,2021-11,3761.5
10828,Gasto por vía de acceso,Via de acceso,Total,Gasto total,Dato base,2021M10,2021-10,5606.29
10828,Gasto por vía de acceso,Via de acceso,Total,Gasto total,Dato base,2021M09,2021-09,5051.2
10828,Gasto por vía de acceso,Via de acceso,Total,Gasto total,Dato base,2021M08,2021-08,5907.3
10828,Gasto por vía de acceso,Via de acceso,Total,Gasto total,Dato base,2021M07,2021-07,5229.47
10828,Gasto por vía de acceso,Via de acceso,Total,Gasto total,Dato base,2021M06,2021-06,2421.69
10828,Gasto por vía de acceso,Via de acceso,Total,Gasto total,Dato base,2021M05,2021-05,1395.78
10828,Gasto por vía de acceso,Via de acceso,Total,Gasto total,Dato base,2021M04,2021-04,668.42
10828,Gasto por vía de acceso,Via de acceso,Total,Gasto total,Dato base,2021M03,2021-03,543.89
10828,Gasto por vía de acceso,Via de acceso,Total,Gasto total,Dato base,2021M02,2021-02,323.82
10828,Gasto por vía de acceso,Via de acceso,Total,Gasto total,Dato base,2021M01,2021-01,457.43
10828,Gasto por vía de acceso,Via de acceso,Total,Gasto total,Dato base,2020M12,2020-12,696.81
10828,Gasto por vía de acceso,Via de acceso,Total,Gasto total,Dato base,2020M11,2020-11,481.98
10828,Gasto por vía de acceso,Via de acceso,Total,Gasto total,Dato base,2020M10,2020-10,864.49
10828,Gasto por vía de acceso,Via de acceso,Total,Gasto total,Dato base,2020M09,2020-09,964.49
10828,Gasto por vía de acceso,Via de acceso,Total,Gasto total,Dato base,2020M08,2020-08,2456.85
10828,Gasto por vía de acceso,Via de acceso,Total,Gasto total,Dato base,2020M07,2020-07,2457.94
10828,Gasto por vía de acceso,Via de acceso,Total,Gasto total,Dato base,2020M06,2020-06,133.89
10828,Gasto por vía de acceso,Via de acceso,Total,Gasto total,Dato base,2020M05,2020-05,0.0
10828,Gasto por vía de acceso,Via de acceso,Total,Gasto total,Dato base,2020M04,2020-04,0.0
10828,Gasto por vía de acceso,Via de acceso,Total,Gasto total,Dato base,2020M03,2020-03,2173.73
10828,Gasto por vía de acceso,Via de acceso,Total,Gasto total,Dato base,2020M02,2020-02,4789.29
10828,Gasto por vía de acceso,Via de acceso,Total,Gasto total,Dato base,2020M01,2020-01,4767.31
10828,Gasto por vía de acceso,Via de acceso,Total,Gasto total,Dato base,2019M12,2019-12,5010.84
10828,Gasto por vía de acceso,Via de acceso,Total,Gasto total,Dato base,2019M11,2019-11,5062.63
10828,Gasto por vía de acceso,Via de acceso,Total,Gasto total,Dato base,2019M10,2019-10,8322.55
10828,Gasto por vía de acceso,Via de acceso,Total,Gasto total,Dato base,2019M09,2019-09,9617.21
10828,Gasto por vía de acceso,Via de acceso,Total,Gasto total,Dato base,2019M08,2019-08,11704.76
10828,Gasto por vía de acceso,Via de acceso,Total,Gasto total,Dato base,2019M07,2019-07,11941.51
10828,Gasto por vía de acceso,Via de acceso,Total,Gasto total,Dato base,2019M06,2019-06,9686.12
10828,Gasto por vía de acceso,Via de acceso,Total,Gasto total,Dato base,2019M05,2019-05,8137.84
10828,Gasto por vía de acceso,Via de acceso,Total,Gasto total,Dato base,2019M04,2019-04,7056.36
10828,Gasto por vía de acceso,Via de acceso,Total,Gasto total,Dato base,2019M03,2019-03,6034.87
10828,Gasto por vía de acceso,Via de acceso,Total,Gasto total,Dato base,2019M02,2019-02,4658.61
10828,Gasto por vía de acceso,Via de acceso,Total,Gasto total,Dato base,2019M01,2019-01,4678.67
10828,Gasto por vía de acceso,Via de acceso,Total,Gasto total,Dato base,2018M12,2018-12,5009.52
10828,Gasto por vía de acceso,Via de acceso,Total,Gasto total,Dato base,2018M11,2018-11,4888.55
10828,Gasto por vía de acceso,Via de acceso,Total,Gasto total,Dato base,2018M10,2018-10,8164.58
10828,Gasto por vía de acceso,Via de acceso,Total,Gasto total,Dato base,2018M09,2018-09,9545.81
10828,Gasto por vía de acceso,Via de acceso,Total,Gasto total,Dato base,2018M08,2018-08,11459.69
10828,Gasto por vía de acceso,Via de acceso,Total,Gasto total,Dato base,2018M07,2018-07,11748.1
10828,Gasto por vía de acceso,Via de acceso,Total,Gasto total,Dato base,2018M06,2018-06,9370.81
10828,Gasto por vía de acceso,Via de acceso,Total,Gasto total,Dato base,2018M05,2018-05,8155.06
10828,Gasto por vía de acceso,Via de acceso,Total,Gasto total,Dato base,2018M04,2018-04,6621.53
10828,Gasto por vía de acceso,Via de acceso,Total,Gasto total,Dato base,2018M03,2018-03,5726.73
10828,Gasto por vía de acceso,Via de acceso,Total,Gasto total,Dato base,2018M02,2018-02,4535.94
10828,Gasto por vía de acceso,Via de acceso,Total,Gasto total,Dato base,2018M01,2018-01,4524.43
10828,Gasto por vía de acceso,Via de acceso,Total,Gasto total,Dato base,2017M12,2017-12,4530.66
10828,Gasto por vía de acceso,Via de acceso,Total,Gasto total,Dato base,2017M11,2017-11,4642.35
10828,Gasto por vía de acceso,Via de acceso,Total,Gasto total,Dato base,2017M10,2017-10,7789.23
10828,Gasto por vía de acceso,Via de acceso,Total,Gasto total,Dato base,2017M09,2017-09,9476.29
10828,Gasto por vía de acceso,Via de acceso,Total,Gasto total,Dato base,2017M08,2017-08,11340.29
10828,Gasto por vía de acceso,Via de acceso,Total,Gasto total,Dato base,2017M07,2017-07,11850.99
10828,Gasto por vía de acceso,Via de acceso,Total,Gasto total,Dato base,2017M06,2017-06,8987.77
10828,Gasto por vía de acceso,Via de acceso,Total,Gasto total,Dato base,2017M05,2017-05,7927.07
10828,Gasto por vía de acceso,Via de acceso,Total,Gasto total,Dato base,2017M04,2017-04,6782.08
10828,Gasto por vía de acceso,Via de acceso,Total,Gasto total,Dato base,2017M03,2017-03,5109.49
10828,Gasto por vía de acceso,Via de acceso,Total,Gasto total,Dato base,2017M02,2017-02,4304.73
10828,Gasto por vía de acceso,Via de acceso,Total,Gasto total,Dato base,2017M01,2017-01,4262.99
10828,Gasto por vía de acceso,Via de acceso,Total,Gasto total,Dato base,2016M12,2016-12,4525.45
10828,Gasto por vía de acceso,Via de acceso,Total,Gasto total,Dato base,2016M11,2016-11,4205.06
10828,Gasto por vía de acceso,Via de acceso,Total,Gasto total,Dato base,2016M10,2016-10,7333.85
10828,Gasto por vía de acceso,Via de acceso,Total,Gasto total,Dato base,2016M09,2016-09,8399.31
10828,Gasto por vía de acceso,Via de acceso,Total,Gasto total,Dato base,2016M08,2016-08,10281.98
10828,Gasto por vía de acceso,Via de acceso,Total,Gasto total,Dato base,2016M07,2016-07,10238.54
10828,Gasto por vía de acceso,Via de acceso,Total,Gasto total,Dato base,2016M06,2016-06,7817.41
10828,Gasto por vía de acceso,Via de acceso,Total,Gasto total,Dato base,2016M05,2016-05,6917.93
10828,Gasto por vía de acceso,Via de acceso,Total,Gasto total,Dato base,2016M04,2016-04,5627.99
10828,Gasto por vía de acceso,Via de acceso,Total,Gasto total,Dato base,2016M03,2016-03,4624.47
10828,Gasto por vía de acceso,Via de acceso,Total,Gasto total,Dato base,2016M02,2016-02,3706.27
10828,Gasto por vía de acceso,Via de acceso,Total,Gasto total,Dato base,2016M01,2016-01,3737.26
10828,Gasto por vía de acceso,Via de acceso,Total,Gasto total,Dato base,2015M12,2015-12,3773.27
10828,Gasto por vía de acceso,Via de acceso,Total,Gasto total,Dato base,2015M11,2015-11,3872.84
10828,Gasto por vía de acceso,Via de acceso,Total,Gasto total,Dato base,2015M10,2015-10,6280.63
10828,Gasto por vía de acceso,Via de acceso,Aeropuerto,Gasto total,Dato base,2026M07,2026-07,15912.4
10828,Gasto por vía de acceso,Via de acceso,Aeropuerto,Gasto total,Dato base,2026M06,2026-06,12301.98
10828,Gasto por vía de acceso,Via de acceso,Aeropuerto,Gasto total,Dato base,2026M05,2026-05,12169.65
10828,Gasto por vía de acceso,Via de acceso,Aeropuerto,Gasto total,Dato base,2026M04,2026-04,10552.09
10828,Gasto por vía de acceso,Via de acceso,Aeropuerto,Gasto total,Dato base,2026M03,2026-03,8824.58
10828,Gasto por vía de acceso,Via de acceso,Aeropuerto,Gasto total,Dato base,2026M02,2026-02,6904.88
10828,Gasto por vía de acceso,Via de acceso,Aeropuerto,Gasto total,Dato base,2026M01,2026-01,7224.66
10828,Gasto por vía de acceso,Via de acceso,Aeropuerto,Gasto total,Dato base,2025M12,2025-12,7247.88
10828,Gasto por vía de acceso,Via de acceso,Aeropuerto,Gasto total,Dato base,2025M11,2025-11,7344.99
10828,Gasto por vía de acceso,Via de acceso,Aeropuerto,Gasto total,Dato base,2025M10,2025-10,11457.64
10828,Gasto por vía de acceso,Via de acceso,Aeropuerto,Gasto total,Dato base,2025M09,2025-09,12087.61
10828,Gasto por vía de acceso,Via de acceso,Aeropuerto,Gasto total,Dato base,2025M08,2025-08,14063.3
10828,Gasto por vía de acceso,Via de acceso,Aeropuerto,Gasto total,Dato base,2025M07,2025-07,14470.22
10828,Gasto por vía de acceso,Via de acceso,Aeropuerto,Gasto total,Dato base,2025M06,2025-06,11926.25
10828,Gasto por vía de acceso,Via de acceso,Aeropuerto,Gasto total,Dato base,2025M05,2025-05,11166.82
10828,Gasto por vía de acceso,Via de acceso,Aeropuerto,Gasto total,Dato base,2025M04,2025-04,9825.71
10828,Gasto por vía de acceso,Via de acceso,Aeropuerto,Gasto total,Dato base,2025M03,2025-03,8336.53
10828,Gasto por vía de acceso,Via de acceso,Aeropuerto,Gasto total,Dato base,2025M02,2025-02,6634.07
10828,Gasto por vía de acceso,Via de acceso,Aeropuerto,Gasto total,Dato base,2025M01,2025-01,6514.55
10828,Gasto por vía de acceso,Via de acceso,Aeropuerto,Gasto total,Dato base,2024M12,2024-12,6788.09
10828,Gasto por vía de acceso,Via de acceso,Aeropuerto,Gasto total,Dato base,2024M11,2024-11,6951.16
10828,Gasto por vía de acceso,Via de acceso,Aeropuerto,Gasto total,Dato base,2024M10,2024-10,10724.38
10828,Gasto por vía de acceso,Via de acceso,Aeropuerto,Gasto total,Dato base,2024M09,2024-09,11208.17
10828,Gasto por vía de acceso,Via de acceso,Aeropuerto,Gasto total,Dato base,2024M08,2024-08,12925.24
10828,Gasto por vía de acceso,Via de acceso,Aeropuerto,Gasto total,Dato base,2024M07,2024-07,13406.85
10828,Gasto por vía de acceso,Via de acceso,Aeropuerto,Gasto total,Dato base,2024M06,2024-06,11367.09
10828,Gasto por vía de acceso,Via de acceso,Aeropuerto,Gasto total,Dato base,2024M05,2024-05,10561.59
10828,Gasto por vía de acceso,Via de acceso,Aeropuerto,Gasto total,Dato base,2024M04,2024-04,8624.02
10828,Gasto por vía de acceso,Via de acceso,Aeropuerto,Gasto total,Dato base,2024M03,2024-03,7858.51
10828,Gasto por vía de acceso,Via de acceso,Aeropuerto,Gasto total,Dato base,2024M02,2024-02,6171.97
10828,Gasto por vía de acceso,Via de acceso,Aeropuerto,Gasto total,Dato base,2024M01,2024-01,6001.59
10828,Gasto por vía de acceso,Via de acceso,Aeropuerto,Gasto total,Dato base,2023M12,2023-12,6214.49
10828,Gasto por vía de acceso,Via de acceso,Aeropuerto,Gasto total,Dato base,2023M11,2023-11,5999.52
10828,Gasto por vía de acceso,Via de acceso,Aeropuerto,Gasto total,Dato base,2023M10,2023-10,9286.22
10828,Gasto por vía de acceso,Via de acceso,Aeropuerto,Gasto total,Dato base,2023M09,2023-09,10062.86
10828,Gasto por vía de acceso,Via de acceso,Aeropuerto,Gasto total,Dato base,2023M08,2023-08,11267.65
10828,Gasto por vía de acceso,Via de acceso,Aeropuerto,Gasto total,Dato base,2023M07,2023-07,11894.49
10828,Gasto por vía de acceso,Via de acceso,Aeropuerto,Gasto total,Dato base,2023M06,2023-06,9608.09
10828,Gasto por vía de acceso,Via de acceso,Aeropuerto,Gasto total,Dato base,2023M05,2023-05,8666.62
10828,Gasto por vía de acceso,Via de acceso,Aeropuerto,Gasto total,Dato base,2023M04,2023-04,7604.91
10828,Gasto por vía de acceso,Via de acceso,Aeropuerto,Gasto total,Dato base,2023M03,2023-03,6065.85
10828,Gasto por vía de acceso,Via de acceso,Aeropuerto,Gasto total,Dato base,2023M02,2023-02,4864.73
10828,Gasto por vía de acceso,Via de acceso,Aeropuerto,Gasto total,Dato base,2023M01,2023-01,4789.21
10828,Gasto por vía de acceso,Via de acceso,Aeropuerto,Gasto total,Dato base,2022M12,2022-12,4605.26
10828,Gasto por vía de acceso,Via de acceso,Aeropuerto,Gasto total,Dato base,2022M11,2022-11,4880.94
10828,Gasto por vía de acceso,Via de acceso,Aeropuerto,Gasto total,Dato base,2022M10,2022-10,7491.96
10828,Gasto por vía de acceso,Via de acceso,Aeropuerto,Gasto total,Dato base,2022M09,2022-09,8158.43
10828,Gasto por vía de acceso,Via de acceso,Aeropuerto,Gasto total,Dato base,2022M08,2022-08,9404.44
10828,Gasto por vía de acceso,Via de acceso,Aeropuerto,Gasto total,Dato base,2022M07,2022-07,10279.29
10828,Gasto por vía de acceso,Via de acceso,Aeropuerto,Gasto total,Dato base,2022M06,2022-06,8220.04
10828,Gasto por vía de acceso,Via de acceso,Aeropuerto,Gasto total,Dato base,2022M05,2022-05,7389.28
10828,Gasto por vía de acceso,Via de acceso,Aeropuerto,Gasto total,Dato base,2022M04,2022-04,6310.33
10828,Gasto por vía de acceso,Via de acceso,Aeropuerto,Gasto total,Dato base,2022M03,2022-03,4674.04
10828,Gasto por vía de acceso,Via de acceso,Aeropuerto,Gasto total,Dato base,2022M02,2022-02,3342.82
10828,Gasto por vía de acceso,Via de acceso,Aeropuerto,Gasto total,Dato base,2022M01,2022-01,2724.36
10828,Gasto por vía de acceso,Via de acceso,Aeropuerto,Gasto total,Dato base,2021M12,2021-12,3159.9
10828,Gasto por vía de acceso,Via de acceso,Aeropuerto,Gasto total,Dato base,2021M11,2021-11,3389.84
10828,Gasto por vía de acceso,Via de acceso,Aeropuerto,Gasto total,Dato base,2021M10,2021-10,5050.46
10828,Gasto por vía de acceso,Via de acceso,Aeropuerto,Gasto total,Dato base,2021M09,2021-09,4453.94
10828,Gasto por vía de acceso,Via de acceso,Aeropuerto,Gasto total,Dato base,2021M08,2021-08,4942.73
10828,Gasto por vía de acceso,Via de acceso,Aeropuerto,Gasto total,Dato base,2021M07,2021-07,4490.67
10828,Gasto por vía de acceso,Via de acceso,Aeropuerto,Gasto total,Dato base,2021M06,2021-06,2139.96
10828,Gasto por vía de acceso,Via de acceso,Aeropuerto,Gasto total,Dato base,2021M05,2021-05,1211.24
10828,Gasto por vía de acceso,Via de acceso,Aeropuerto,Gasto total,Dato base,2021M04,2021-04,578.55
10828,Gasto por vía de acceso,Via de acceso,Aeropuerto,Gasto total,Dato base,2021M03,2021-03,442.86
10828,Gasto por vía de acceso,Via de acceso,Aeropuerto,Gasto total,Dato base,2021M02,2021-02,266.99
10828,Gasto por vía de acceso,Via de acceso,Aeropuerto,Gasto total,Dato base,2021M01,2021-01,361.39
10828,Gasto por vía de acceso,Via de acceso,Aeropuerto,Gasto total,Dato base,2020M12,2020-12,585.33
10828,Gasto por vía de acceso,Via de acceso,Aeropuerto,Gasto total,Dato base,2020M11,2020-11,418.1
10828,Gasto por vía de acceso,Via de acceso,Aeropuerto,Gasto total,Dato base,2020M10,2020-10,634.81
10828,Gasto por vía de acceso,Via de acceso,Aeropuerto,Gasto total,Dato base,2020M09,2020-09,671.59
10828,Gasto por vía de acceso,Via de acceso,Aeropuerto,Gasto total,Dato base,2020M08,2020-08,1801.25
10828,Gasto por vía de acceso,Via de acceso,Aeropuerto,Gasto total,Dato base,2020M07,2020-07,1953.6
10828,Gasto por vía de acceso,Via de acceso,Aeropuerto,Gasto total,Dato base,2020M06,2020-06,62.41
10828,Gasto por vía de acceso,Via de acceso,Aeropuerto,Gasto total,Dato base,2020M05,2020-05,0.0
10828,Gasto por vía de acceso,Via de acceso,Aeropuerto,Gasto total,Dato base,2020M04,2020-04,0.0
10828,Gasto por vía de acceso,Via de acceso,Aeropuerto,Gasto total,Dato base,2020M03,2020-03,1937.87
10828,Gasto por vía de acceso,Via de acceso,Aeropuerto,Gasto total,Dato base,2020M02,2020-02,4360.23
10828,Gasto por vía de acceso,Via de acceso,Aeropuerto,Gasto total,Dato base,2020M01,2020-01,4326.77
10828,Gasto por vía de acceso,Via de acceso,Aeropuerto,Gasto total,Dato base,2019M12,2019-12,4530.07
10828,Gasto por vía de acceso,Via de acceso,Aeropuerto,Gasto total,Dato base,2019M11,2019-11,4616.57
10828,Gasto por vía de acceso,Via de acceso,Aeropuerto,Gasto total,Dato base,2019M10,2019-10,7611.52
10828,Gasto por vía de acceso,Via de acceso,Aeropuerto,Gasto total,Dato base,2019M09,2019-09,8575.3
10828,Gasto por vía de acceso,Via de acceso,Aeropuerto,Gasto total,Dato base,2019M08,2019-08,9902.73
10828,Gasto por vía de acceso,Via de acceso,Aeropuerto,Gasto total,Dato base,2019M07,2019-07,10515.69
10828,Gasto por vía de acceso,Via de acceso,Aeropuerto,Gasto total,Dato base,2019M06,2019-06,8852.28
10828,Gasto por vía de acceso,Via de acceso,Aeropuerto,Gasto total,Dato base,2019M05,2019-05,7355.68
10828,Gasto por vía de acceso,Via de acceso,Aeropuerto,Gasto total,Dato base,2019M04,2019-04,6326.95
10828,Gasto por vía de acceso,Via de acceso,Aeropuerto,Gasto total,Dato base,2019M03,2019-03,5407.47
10828,Gasto por vía de acceso,Via de acceso,Aeropuerto,Gasto total,Dato base,2019M02,2019-02,4236.6
10828,Gasto por vía de acceso,Via de acceso,Aeropuerto,Gasto total,Dato base,2019M01,2019-01,4265.26
10828,Gasto por vía de acceso,Via de acceso,Aeropuerto,Gasto total,Dato base,2018M12,2018-12,4534.15
10828,Gasto por vía de acceso,Via de acceso,Aeropuerto,Gasto total,Dato base,2018M11,2018-11,4366.25
10828,Gasto por vía de acceso,Via de acceso,Aeropuerto,Gasto total,Dato base,2018M10,2018-10,7313.12
10828,Gasto por vía de acceso,Via de acceso,Aeropuerto,Gasto total,Dato base,2018M09,2018-09,8336.15
10828,Gasto por vía de acceso,Via de acceso,Aeropuerto,Gasto total,Dato base,2018M08,2018-08,9725.13
10828,Gasto por vía de acceso,Via de acceso,Aeropuerto,Gasto total,Dato base,2018M07,2018-07,10351.87
10828,Gasto por vía de acceso,Via de acceso,Aeropuerto,Gasto total,Dato base,2018M06,2018-06,8416.28
10828,Gasto por vía de acceso,Via de acceso,Aeropuerto,Gasto total,Dato base,2018M05,2018-05,7229.24
10828,Gasto por vía de acceso,Via de acceso,Aeropuerto,Gasto total,Dato base,2018M04,2018-04,5853.07
10828,Gasto por vía de acceso,Via de acceso,Aeropuerto,Gasto total,Dato base,2018M03,2018-03,5145.77
10828,Gasto por vía de acceso,Via de acceso,Aeropuerto,Gasto total,Dato base,2018M02,2018-02,4116.79
10828,Gasto por vía de acceso,Via de acceso,Aeropuerto,Gasto total,Dato base,2018M01,2018-01,4126.46
10828,Gasto por vía de acceso,Via de acceso,Aeropuerto,Gasto total,Dato base,2017M12,2017-12,4034.35
10828,Gasto por vía de acceso,Via de acceso,Aeropuerto,Gasto total,Dato base,2017M11,2017-11,4090.04
10828,Gasto por vía de acceso,Via de acceso,Aeropuerto,Gasto total,Dato base,2017M10,2017-10,6957.99
10828,Gasto por vía de acceso,Via de acceso,Aeropuerto,Gasto total,Dato base,2017M09,2017-09,8326.87
10828,Gasto por vía de acceso,Via de acceso,Aeropuerto,Gasto total,Dato base,2017M08,2017-08,9566.2
10828,Gasto por vía de acceso,Via de acceso,Aeropuerto,Gasto total,Dato base,2017M07,2017-07,10404.18
10828,Gasto por vía de acceso,Via de acceso,Aeropuerto,Gasto total,Dato base,2017M06,2017-06,8161.79
10828,Gasto por vía de acceso,Via de acceso,Aeropuerto,Gasto total,Dato base,2017M05,2017-05,6980.93
10828,Gasto por vía de acceso,Via de acceso,Aeropuerto,Gasto total,Dato base,2017M04,2017-04,5988.44
10828,Gasto por vía de acceso,Via de acceso,Aeropuerto,Gasto total,Dato base,2017M03,2017-03,4590.91
10828,Gasto por vía de acceso,Via de acceso,Aeropuerto,Gasto total,Dato base,2017M02,2017-02,3886.38
10828,Gasto por vía de acceso,Via de acceso,Aeropuerto,Gasto total,Dato base,2017M01,2017-01,3876.48
10828,Gasto por vía de acceso,Via de acceso,Aeropuerto,Gasto total,Dato base,2016M12,2016-12,4037.56
10828,Gasto por vía de acceso,Via de acceso,Aeropuerto,Gasto total,Dato base,2016M11,2016-11,3681.07
10828,Gasto por vía de acceso,Via de acceso,Aeropuerto,Gasto total,Dato base,2016M10,2016-10,6464.73
10828,Gasto por vía de acceso,Via de acceso,Aeropuerto,Gasto total,Dato base,2016M09,2016-09,7354.8
10828,Gasto por vía de acceso,Via de acceso,Aeropuerto,Gasto total,Dato base,2016M08,2016-08,8309.57
10828,Gasto por vía de acceso,Via de acceso,Aeropuerto,Gasto total,Dato base,2016M07,2016-07,8874.31
10828,Gasto por vía de acceso,Via de acceso,Aeropuerto,Gasto total,Dato base,2016M06,2016-06,7110.89
10828,Gasto por vía de acceso,Via de acceso,Aeropuerto,Gasto total,Dato base,2016M05,2016-05,6099.9
10828,Gasto por vía de acceso,Via de acceso,Aeropuerto,Gasto total,Dato base,2016M04,2016-04,4967.05
10828,Gasto por vía de acceso,Via de acceso,Aeropuerto,Gasto total,Dato base,2016M03,2016-03,4219.4
10828,Gasto por vía de acceso,Via de acceso,Aeropuerto,Gasto total,Dato base,2016M02,2016-02,3329.32
10828,Gasto por vía de acceso,Via de acceso,Aeropuerto,Gasto total,Dato base,2016M01,2016-01,3307.37
10828,Gasto por vía de acceso,Via de acceso,Aeropuerto,Gasto total,Dato base,2015M12,2015-12,3325.93
10828,Gasto por vía de acceso,Via de acceso,Aeropuerto,Gasto total,Dato base,2015M11,2015-11,3427.57
10828,Gasto por vía de acceso,Via de acceso,Aeropuerto,Gasto total,Dato base,2015M10,2015-10,5508.33
10828,Gasto por vía de acceso,Via de acceso,Carretera,Gasto total,Dato base,2026M07,2026-07,1904.21
10828,Gasto por vía de acceso,Via de acceso,Carretera,Gasto total,Dato base,2026M06,2026-06,957.91
10828,Gasto por vía de acceso,Via de acceso,Carretera,Gasto total,Dato base,2026M05,2026-05,902.6
10828,Gasto por vía de acceso,Via de acceso,Carretera,Gasto total,Dato base,2026M04,2026-04,960.56
10828,Gasto por vía de acceso,Via de acceso,Carretera,Gasto total,Dato base,2026M03,2026-03,646.24
10828,Gasto por vía de acceso,Via de acceso,Carretera,Gasto total,Dato base,2026M02,2026-02,556.98
10828,Gasto por vía de acceso,Via de acceso,Carretera,Gasto total,Dato base,2026M01,2026-01,475.31
10828,Gasto por vía de acceso,Via de acceso,Carretera,Gasto total,Dato base,2025M12,2025-12,651.97
10828,Gasto por vía de acceso,Via de acceso,Carretera,Gasto total,Dato base,2025M11,2025-11,606.38
10828,Gasto por vía de acceso,Via de acceso,Carretera,Gasto total,Dato base,2025M10,2025-10,1014.83
10828,Gasto por vía de acceso,Via de acceso,Carretera,Gasto total,Dato base,2025M09,2025-09,969.09
10828,Gasto por vía de acceso,Via de acceso,Carretera,Gasto total,Dato base,2025M08,2025-08,1847.58
10828,Gasto por vía de acceso,Via de acceso,Carretera,Gasto total,Dato base,2025M07,2025-07,1731.08
10828,Gasto por vía de acceso,Via de acceso,Carretera,Gasto total,Dato base,2025M06,2025-06,916.12
10828,Gasto por vía de acceso,Via de acceso,Carretera,Gasto total,Dato base,2025M05,2025-05,833.08
10828,Gasto por vía de acceso,Via de acceso,Carretera,Gasto total,Dato base,2025M04,2025-04,865.4
10828,Gasto por vía de acceso,Via de acceso,Carretera,Gasto total,Dato base,2025M03,2025-03,686.64
10828,Gasto por vía de acceso,Via de acceso,Carretera,Gasto total,Dato base,2025M02,2025-02,556.15
10828,Gasto por vía de acceso,Via de acceso,Carretera,Gasto total,Dato base,2025M01,2025-01,527.56
10828,Gasto por vía de acceso,Via de acceso,Carretera,Gasto total,Dato base,2024M12,2024-12,721.55
10828,Gasto por vía de acceso,Via de acceso,Carretera,Gasto total,Dato base,2024M11,2024-11,651.02
10828,Gasto por vía de acceso,Via de acceso,Carretera,Gasto total,Dato base,2024M10,2024-10,906.82
10828,Gasto por vía de acceso,Via de acceso,Carretera,Gasto total,Dato base,2024M09,2024-09,1061.88
10828,Gasto por vía de acceso,Via de acceso,Carretera,Gasto total,Dato base,2024M08,2024-08,1999.83
10828,Gasto por vía de acceso,Via de acceso,Carretera,Gasto total,Dato base,2024M07,2024-07,1795.17
10828,Gasto por vía de acceso,Via de acceso,Carretera,Gasto total,Dato base,2024M06,2024-06,762.94
10828,Gasto por vía de acceso,Via de acceso,Carretera,Gasto total,Dato base,2024M05,2024-05,924.18
10828,Gasto por vía de acceso,Via de acceso,Carretera,Gasto total,Dato base,2024M04,2024-04,731.31
10828,Gasto por vía de acceso,Via de acceso,Carretera,Gasto total,Dato base,2024M03,2024-03,693.17
10828,Gasto por vía de acceso,Via de acceso,Carretera,Gasto total,Dato base,2024M02,2024-02,484.35
10828,Gasto por vía de acceso,Via de acceso,Carretera,Gasto total,Dato base,2024M01,2024-01,452.83
10828,Gasto por vía de acceso,Via de acceso,Carretera,Gasto total,Dato base,2023M12,2023-12,711.41
10828,Gasto por vía de acceso,Via de acceso,Carretera,Gasto total,Dato base,2023M11,2023-11,497.37
10828,Gasto por vía de acceso,Via de acceso,Carretera,Gasto total,Dato base,2023M10,2023-10,763.17
10828,Gasto por vía de acceso,Via de acceso,Carretera,Gasto total,Dato base,2023M09,2023-09,889.14
10828,Gasto por vía de acceso,Via de acceso,Carretera,Gasto total,Dato base,2023M08,2023-08,1860.56
10828,Gasto por vía de acceso,Via de acceso,Carretera,Gasto total,Dato base,2023M07,2023-07,1708.48
10828,Gasto por vía de acceso,Via de acceso,Carretera,Gasto total,Dato base,2023M06,2023-06,827.2
10828,Gasto por vía de acceso,Via de acceso,Carretera,Gasto total,Dato base,2023M05,2023-05,925.41
10828,Gasto por vía de acceso,Via de acceso,Carretera,Gasto total,Dato base,2023M04,2023-04,742.37
10828,Gasto por vía de acceso,Via de acceso,Carretera,Gasto total,Dato base,2023M03,2023-03,548.94
10828,Gasto por vía de acceso,Via de acceso,Carretera,Gasto total,Dato base,2023M02,2023-02,460.97
10828,Gasto por vía de acceso,Via de acceso,Carretera,Gasto total,Dato base,2023M01,2023-01,355.85
10828,Gasto por vía de acceso,Via de acceso,Carretera,Gasto total,Dato base,2022M12,2022-12,588.46
10828,Gasto por vía de acceso,Via de acceso,Carretera,Gasto total,Dato base,2022M11,2022-11,430.19
10828,Gasto por vía de acceso,Via de acceso,Carretera,Gasto total,Dato base,2022M10,2022-10,694.33
10828,Gasto por vía de acceso,Via de acceso,Carretera,Gasto total,Dato base,2022M09,2022-09,803.67
10828,Gasto por vía de acceso,Via de acceso,Carretera,Gasto total,Dato base,2022M08,2022-08,1548.74
10828,Gasto por vía de acceso,Via de acceso,Carretera,Gasto total,Dato base,2022M07,2022-07,1419.89
10828,Gasto por vía de acceso,Via de acceso,Carretera,Gasto total,Dato base,2022M06,2022-06,633.98
10828,Gasto por vía de acceso,Via de acceso,Carretera,Gasto total,Dato base,2022M05,2022-05,526.54
10828,Gasto por vía de acceso,Via de acceso,Carretera,Gasto total,Dato base,2022M04,2022-04,510.92
10828,Gasto por vía de acceso,Via de acceso,Carretera,Gasto total,Dato base,2022M03,2022-03,332.29
10828,Gasto por vía de acceso,Via de acceso,Carretera,Gasto total,Dato base,2022M02,2022-02,387.95
10828,Gasto por vía de acceso,Via de acceso,Carretera,Gasto total,Dato base,2022M01,2022-01,279.83
10828,Gasto por vía de acceso,Via de acceso,Carretera,Gasto total,Dato base,2021M12,2021-12,335.2
10828,Gasto por vía de acceso,Via de acceso,Carretera,Gasto total,Dato base,2021M11,2021-11,312.76
10828,Gasto por vía de acceso,Via de acceso,Carretera,Gasto total,Dato base,2021M10,2021-10,485.85
10828,Gasto por vía de acceso,Via de acceso,Carretera,Gasto total,Dato base,2021M09,2021-09,542.74
10828,Gasto por vía de acceso,Via de acceso,Carretera,Gasto total,Dato base,2021M08,2021-08,913.52
10828,Gasto por vía de acceso,Via de acceso,Carretera,Gasto total,Dato base,2021M07,2021-07,687.79
10828,Gasto por vía de acceso,Via de acceso,Carretera,Gasto total,Dato base,2021M06,2021-06,254.5
10828,Gasto por vía de acceso,Via de acceso,Carretera,Gasto total,Dato base,2021M05,2021-05,163.55
10828,Gasto por vía de acceso,Via de acceso,Carretera,Gasto total,Dato base,2021M04,2021-04,73.43
10828,Gasto por vía de acceso,Via de acceso,Carretera,Gasto total,Dato base,2021M03,2021-03,80.22
10828,Gasto por vía de acceso,Via de acceso,Carretera,Gasto total,Dato base,2021M02,2021-02,42.76
10828,Gasto por vía de acceso,Via de acceso,Carretera,Gasto total,Dato base,2021M01,2021-01,78.87
10828,Gasto por vía de acceso,Via de acceso,Carretera,Gasto total,Dato base,2020M12,2020-12,92.7
10828,Gasto por vía de acceso,Via de acceso,Carretera,Gasto total,Dato base,2020M11,2020-11,53.72
10828,Gasto por vía de acceso,Via de acceso,Carretera,Gasto total,Dato base,2020M10,2020-10,208.83
10828,Gasto por vía de acceso,Via de acceso,Carretera,Gasto total,Dato base,2020M09,2020-09,270.42
10828,Gasto por vía de acceso,Via de acceso,Carretera,Gasto total,Dato base,2020M08,2020-08,620.26
10828,Gasto por vía de acceso,Via de acceso,Carretera,Gasto total,Dato base,2020M07,2020-07,473.33
10828,Gasto por vía de acceso,Via de acceso,Carretera,Gasto total,Dato base,2020M06,2020-06,67.42
10828,Gasto por vía de acceso,Via de acceso,Carretera,Gasto total,Dato base,2020M05,2020-05,0.0
10828,Gasto por vía de acceso,Via de acceso,Carretera,Gasto total,Dato base,2020M04,2020-04,0.0
10828,Gasto por vía de acceso,Via de acceso,Carretera,Gasto total,Dato base,2020M03,2020-03,198.56
10828,Gasto por vía de acceso,Via de acceso,Carretera,Gasto total,Dato base,2020M02,2020-02,358.18
10828,Gasto por vía de acceso,Via de acceso,Carretera,Gasto total,Dato base,2020M01,2020-01,340.65
10828,Gasto por vía de acceso,Via de acceso,Carretera,Gasto total,Dato base,2019M12,2019-12,411.49
10828,Gasto por vía de acceso,Via de acceso,Carretera,Gasto total,Dato base,2019M11,2019-11,356.82
10828,Gasto por vía de acceso,Via de acceso,Carretera,Gasto total,Dato base,2019M10,2019-10,556.6
10828,Gasto por vía de acceso,Via de acceso,Carretera,Gasto total,Dato base,2019M09,2019-09,722.33
10828,Gasto por vía de acceso,Via de acceso,Carretera,Gasto total,Dato base,2019M08,2019-08,1434.23
10828,Gasto por vía de acceso,Via de acceso,Carretera,Gasto total,Dato base,2019M07,2019-07,1224.26
10828,Gasto por vía de acceso,Via de acceso,Carretera,Gasto total,Dato base,2019M06,2019-06,662.59
10828,Gasto por vía de acceso,Via de acceso,Carretera,Gasto total,Dato base,2019M05,2019-05,624.48
10828,Gasto por vía de acceso,Via de acceso,Carretera,Gasto total,Dato base,2019M04,2019-04,567.78
10828,Gasto por vía de acceso,Via de acceso,Carretera,Gasto total,Dato base,2019M03,2019-03,514.04
10828,Gasto por vía de acceso,Via de acceso,Carretera,Gasto total,Dato base,2019M02,2019-02,372.55
10828,Gasto por vía de acceso,Via de acceso,Carretera,Gasto total,Dato base,2019M01,2019-01,308.3
10828,Gasto por vía de acceso,Via de acceso,Carretera,Gasto total,Dato base,2018M12,2018-12,390.7
10828,Gasto por vía de acceso,Via de acceso,Carretera,Gasto total,Dato base,2018M11,2018-11,370.11
10828,Gasto por vía de acceso,Via de acceso,Carretera,Gasto total,Dato base,2018M10,2018-10,561.26
10828,Gasto por vía de acceso,Via de acceso,Carretera,Gasto total,Dato base,2018M09,2018-09,733.44
10828,Gasto por vía de acceso,Via de acceso,Carretera,Gasto total,Dato base,2018M08,2018-08,1373.86
10828,Gasto por vía de acceso,Via de acceso,Carretera,Gasto total,Dato base,2018M07,2018-07,1042.61
10828,Gasto por vía de acceso,Via de acceso,Carretera,Gasto total,Dato base,2018M06,2018-06,726.64
10828,Gasto por vía de acceso,Via de acceso,Carretera,Gasto total,Dato base,2018M05,2018-05,690.94
10828,Gasto por vía de acceso,Via de acceso,Carretera,Gasto total,Dato base,2018M04,2018-04,614.09
10828,Gasto por vía de acceso,Via de acceso,Carretera,Gasto total,Dato base,2018M03,2018-03,474.97
10828,Gasto por vía de acceso,Via de acceso,Carretera,Gasto total,Dato base,2018M02,2018-02,330.15
10828,Gasto por vía de acceso,Via de acceso,Carretera,Gasto total,Dato base,2018M01,2018-01,300.62
10828,Gasto por vía de acceso,Via de acceso,Carretera,Gasto total,Dato base,2017M12,2017-12,369.86
10828,Gasto por vía de acceso,Via de acceso,Carretera,Gasto total,Dato base,2017M11,2017-11,336.79
10828,Gasto por vía de acceso,Via de acceso,Carretera,Gasto total,Dato base,2017M10,2017-10,614.33
10828,Gasto por vía de acceso,Via de acceso,Carretera,Gasto total,Dato base,2017M09,2017-09,688.31
10828,Gasto por vía de acceso,Via de acceso,Carretera,Gasto total,Dato base,2017M08,2017-08,1319.29
10828,Gasto por vía de acceso,Via de acceso,Carretera,Gasto total,Dato base,2017M07,2017-07,1219.48
10828,Gasto por vía de acceso,Via de acceso,Carretera,Gasto total,Dato base,2017M06,2017-06,670.8
10828,Gasto por vía de acceso,Via de acceso,Carretera,Gasto total,Dato base,2017M05,2017-05,664.92
10828,Gasto por vía de acceso,Via de acceso,Carretera,Gasto total,Dato base,2017M04,2017-04,613.24
10828,Gasto por vía de acceso,Via de acceso,Carretera,Gasto total,Dato base,2017M03,2017-03,428.4
10828,Gasto por vía de acceso,Via de acceso,Carretera,Gasto total,Dato base,2017M02,2017-02,337.43
10828,Gasto por vía de acceso,Via de acceso,Carretera,Gasto total,Dato base,2017M01,2017-01,268.61
10828,Gasto por vía de acceso,Via de acceso,Carretera,Gasto total,Dato base,2016M12,2016-12,389.54
10828,Gasto por vía de acceso,Via de acceso,Carretera,Gasto total,Dato base,2016M11,2016-11,391.75
10828,Gasto por vía de acceso,Via de acceso,Carretera,Gasto total,Dato base,2016M10,2016-10,628.68
10828,Gasto por vía de acceso,Via de acceso,Carretera,Gasto total,Dato base,2016M09,2016-09,702.51
10828,Gasto por vía de acceso,Via de acceso,Carretera,Gasto total,Dato base,2016M08,2016-08,1379.2
10828,Gasto por vía de acceso,Via de acceso,Carretera,Gasto total,Dato base,2016M07,2016-07,1172.02
10828,Gasto por vía de acceso,Via de acceso,Carretera,Gasto total,Dato base,2016M06,2016-06,571.79
10828,Gasto por vía de acceso,Via de acceso,Carretera,Gasto total,Dato base,2016M05,2016-05,624.59
10828,Gasto por vía de acceso,Via de acceso,Carretera,Gasto total,Dato base,2016M04,2016-04,521.53
10828,Gasto por vía de acceso,Via de acceso,Carretera,Gasto total,Dato base,2016M03,2016-03,336.98
10828,Gasto por vía de acceso,Via de acceso,Carretera,Gasto total,Dato base,2016M02,2016-02,288.94
10828,Gasto por vía de acceso,Via de acceso,Carretera,Gasto total,Dato base,2016M01,2016-01,318.19
10828,Gasto por vía de acceso,Via de acceso,Carretera,Gasto total,Dato base,2015M12,2015-12,345.77
10828,Gasto por vía de acceso,Via de acceso,Carretera,Gasto total,Dato base,2015M11,2015-11,338.85
10828,Gasto por vía de acceso,Via de acceso,Carretera,Gasto total,Dato base,2015M10,2015-10,610.37
10828,Gasto por vía de acceso,Via de acceso,Puerto,Gasto total,Dato base,2026M07,2026-07,320.33
10828,Gasto por vía de acceso,Via de acceso,Puerto,Gasto total,Dato base,2026M06,2026-06,252.64
10828,Gasto por vía de acceso,Via de acceso,Puerto,Gasto total,Dato base,2026M05,2026-05,430.59
10828,Gasto por vía de acceso,Via de acceso,Puerto,Gasto total,Dato base,2026M04,2026-04,115.11
10828,Gasto por vía de acceso,Via de acceso,Puerto,Gasto total,Dato base,2026M03,2026-03,73.71
10828,Gasto por vía de acceso,Via de acceso,Puerto,Gasto total,Dato base,2026M02,2026-02,73.81
10828,Gasto por vía de acceso,Via de acceso,Puerto,Gasto total,Dato base,2026M01,2026-01,78.57
10828,Gasto por vía de acceso,Via de acceso,Puerto,Gasto total,Dato base,2025M12,2025-12,57.22
10828,Gasto por vía de acceso,Via de acceso,Puerto,Gasto total,Dato base,2025M11,2025-11,84.17
10828,Gasto por vía de acceso,Via de acceso,Puerto,Gasto total,Dato base,2025M10,2025-10,249.02
10828,Gasto por vía de acceso,Via de acceso,Puerto,Gasto total,Dato base,2025M09,2025-09,284.4
10828,Gasto por vía de acceso,Via de acceso,Puerto,Gasto total,Dato base,2025M08,2025-08,364.68
10828,Gasto por vía de acceso,Via de acceso,Puerto,Gasto total,Dato base,2025M07,2025-07,140.73
10828,Gasto por vía de acceso,Via de acceso,Puerto,Gasto total,Dato base,2025M06,2025-06,127.56
10828,Gasto por vía de acceso,Via de acceso,Puerto,Gasto total,Dato base,2025M05,2025-05,167.31
10828,Gasto por vía de acceso,Via de acceso,Puerto,Gasto total,Dato base,2025M04,2025-04,116.17
10828,Gasto por vía de acceso,Via de acceso,Puerto,Gasto total,Dato base,2025M03,2025-03,33.65
10828,Gasto por vía de acceso,Via de acceso,Puerto,Gasto total,Dato base,2025M02,2025-02,36.56
10828,Gasto por vía de acceso,Via de acceso,Puerto,Gasto total,Dato base,2025M01,2025-01,62.6
10828,Gasto por vía de acceso,Via de acceso,Puerto,Gasto total,Dato base,2024M12,2024-12,53.93
10828,Gasto por vía de acceso,Via de acceso,Puerto,Gasto total,Dato base,2024M11,2024-11,75.23
10828,Gasto por vía de acceso,Via de acceso,Puerto,Gasto total,Dato base,2024M10,2024-10,199.25
10828,Gasto por vía de acceso,Via de acceso,Puerto,Gasto total,Dato base,2024M09,2024-09,297.98
10828,Gasto por vía de acceso,Via de acceso,Puerto,Gasto total,Dato base,2024M08,2024-08,392.63
10828,Gasto por vía de acceso,Via de acceso,Puerto,Gasto total,Dato base,2024M07,2024-07,256.47
10828,Gasto por vía de acceso,Via de acceso,Puerto,Gasto total,Dato base,2024M06,2024-06,180.76
10828,Gasto por vía de acceso,Via de acceso,Puerto,Gasto total,Dato base,2024M05,2024-05,167.89
10828,Gasto por vía de acceso,Via de acceso,Puerto,Gasto total,Dato base,2024M04,2024-04,95.04
10828,Gasto por vía de acceso,Via de acceso,Puerto,Gasto total,Dato base,2024M03,2024-03,52.56
10828,Gasto por vía de acceso,Via de acceso,Puerto,Gasto total,Dato base,2024M02,2024-02,65.31
10828,Gasto por vía de acceso,Via de acceso,Puerto,Gasto total,Dato base,2024M01,2024-01,66.95
10828,Gasto por vía de acceso,Via de acceso,Puerto,Gasto total,Dato base,2023M12,2023-12,122.74
10828,Gasto por vía de acceso,Via de acceso,Puerto,Gasto total,Dato base,2023M11,2023-11,96.44
10828,Gasto por vía de acceso,Via de acceso,Puerto,Gasto total,Dato base,2023M10,2023-10,202.15
10828,Gasto por vía de acceso,Via de acceso,Puerto,Gasto total,Dato base,2023M09,2023-09,186.15
10828,Gasto por vía de acceso,Via de acceso,Puerto,Gasto total,Dato base,2023M08,2023-08,407.97
10828,Gasto por vía de acceso,Via de acceso,Puerto,Gasto total,Dato base,2023M07,2023-07,182.86
10828,Gasto por vía de acceso,Via de acceso,Puerto,Gasto total,Dato base,2023M06,2023-06,102.37
10828,Gasto por vía de acceso,Via de acceso,Puerto,Gasto total,Dato base,2023M05,2023-05,117.71
10828,Gasto por vía de acceso,Via de acceso,Puerto,Gasto total,Dato base,2023M04,2023-04,74.98
10828,Gasto por vía de acceso,Via de acceso,Puerto,Gasto total,Dato base,2023M03,2023-03,44.09
10828,Gasto por vía de acceso,Via de acceso,Puerto,Gasto total,Dato base,2023M02,2023-02,28.46
10828,Gasto por vía de acceso,Via de acceso,Puerto,Gasto total,Dato base,2023M01,2023-01,57.86
10828,Gasto por vía de acceso,Via de acceso,Puerto,Gasto total,Dato base,2022M12,2022-12,28.35
10828,Gasto por vía de acceso,Via de acceso,Puerto,Gasto total,Dato base,2022M11,2022-11,48.21
10828,Gasto por vía de acceso,Via de acceso,Puerto,Gasto total,Dato base,2022M10,2022-10,96.45
10828,Gasto por vía de acceso,Via de acceso,Puerto,Gasto total,Dato base,2022M09,2022-09,150.54
10828,Gasto por vía de acceso,Via de acceso,Puerto,Gasto total,Dato base,2022M08,2022-08,285.21
10828,Gasto por vía de acceso,Via de acceso,Puerto,Gasto total,Dato base,2022M07,2022-07,147.69
10828,Gasto por vía de acceso,Via de acceso,Puerto,Gasto total,Dato base,2022M06,2022-06,129.09
10828,Gasto por vía de acceso,Via de acceso,Puerto,Gasto total,Dato base,2022M05,2022-05,110.78
10828,Gasto por vía de acceso,Via de acceso,Puerto,Gasto total,Dato base,2022M04,2022-04,66.8
10828,Gasto por vía de acceso,Via de acceso,Puerto,Gasto total,Dato base,2022M03,2022-03,59.25
10828,Gasto por vía de acceso,Via de acceso,Puerto,Gasto total,Dato base,2022M02,2022-02,33.41
10828,Gasto por vía de acceso,Via de acceso,Puerto,Gasto total,Dato base,2022M01,2022-01,26.3
10828,Gasto por vía de acceso,Via de acceso,Puerto,Gasto total,Dato base,2021M12,2021-12,25.97
10828,Gasto por vía de acceso,Via de acceso,Puerto,Gasto total,Dato base,2021M11,2021-11,47.45
10828,Gasto por vía de acceso,Via de acceso,Puerto,Gasto total,Dato base,2021M10,2021-10,53.81
10828,Gasto por vía de acceso,Via de acceso,Puerto,Gasto total,Dato base,2021M09,2021-09,41.63
10828,Gasto por vía de acceso,Via de acceso,Puerto,Gasto total,Dato base,2021M08,2021-08,28.83
10828,Gasto por vía de acceso,Via de acceso,Puerto,Gasto total,Dato base,2021M07,2021-07,22.48
10828,Gasto por vía de acceso,Via de acceso,Puerto,Gasto total,Dato base,2021M06,2021-06,12.68
10828,Gasto por vía de acceso,Via de acceso,Puerto,Gasto total,Dato base,2021M05,2021-05,5.8
10828,Gasto por vía de acceso,Via de acceso,Puerto,Gasto total,Dato base,2021M04,2021-04,4.49
10828,Gasto por vía de acceso,Via de acceso,Puerto,Gasto total,Dato base,2021M03,2021-03,7.49
10828,Gasto por vía de acceso,Via de acceso,Puerto,Gasto total,Dato base,2021M02,2021-02,4.31
10828,Gasto por vía de acceso,Via de acceso,Puerto,Gasto total,Dato base,2021M01,2021-01,4.13
10828,Gasto por vía de acceso,Via de acceso,Puerto,Gasto total,Dato base,2020M12,2020-12,3.0
10828,Gasto por vía de acceso,Via de acceso,Puerto,Gasto total,Dato base,2020M11,2020-11,4.4
10828,Gasto por vía de acceso,Via de acceso,Puerto,Gasto total,Dato base,2020M10,2020-10,9.15
10828,Gasto por vía de acceso,Via de acceso,Puerto,Gasto total,Dato base,2020M09,2020-09,9.04
10828,Gasto por vía de acceso,Via de acceso,Puerto,Gasto total,Dato base,2020M08,2020-08,15.41
10828,Gasto por vía de acceso,Via de acceso,Puerto,Gasto total,Dato base,2020M07,2020-07,9.83
10828,Gasto por vía de acceso,Via de acceso,Puerto,Gasto total,Dato base,2020M06,2020-06,4.06
10828,Gasto por vía de acceso,Via de acceso,Puerto,Gasto total,Dato base,2020M05,2020-05,0.0
10828,Gasto por vía de acceso,Via de acceso,Puerto,Gasto total,Dato base,2020M04,2020-04,0.0
10828,Gasto por vía de acceso,Via de acceso,Puerto,Gasto total,Dato base,2020M03,2020-03,27.87
10828,Gasto por vía de acceso,Via de acceso,Puerto,Gasto total,Dato base,2020M02,2020-02,47.25
10828,Gasto por vía de acceso,Via de acceso,Puerto,Gasto total,Dato base,2020M01,2020-01,80.63
10828,Gasto por vía de acceso,Via de acceso,Puerto,Gasto total,Dato base,2019M12,2019-12,52.67
10828,Gasto por vía de acceso,Via de acceso,Puerto,Gasto total,Dato base,2019M11,2019-11,78.18
10828,Gasto por vía de acceso,Via de acceso,Puerto,Gasto total,Dato base,2019M10,2019-10,125.68
10828,Gasto por vía de acceso,Via de acceso,Puerto,Gasto total,Dato base,2019M09,2019-09,279.54
10828,Gasto por vía de acceso,Via de acceso,Puerto,Gasto total,Dato base,2019M08,2019-08,302.15
10828,Gasto por vía de acceso,Via de acceso,Puerto,Gasto total,Dato base,2019M07,2019-07,126.35
10828,Gasto por vía de acceso,Via de acceso,Puerto,Gasto total,Dato base,2019M06,2019-06,119.09
10828,Gasto por vía de acceso,Via de acceso,Puerto,Gasto total,Dato base,2019M05,2019-05,127.77
10828,Gasto por vía de acceso,Via de acceso,Puerto,Gasto total,Dato base,2019M04,2019-04,130.41
10828,Gasto por vía de acceso,Via de acceso,Puerto,Gasto total,Dato base,2019M03,2019-03,93.36
10828,Gasto por vía de acceso,Via de acceso,Puerto,Gasto total,Dato base,2019M02,2019-02,34.29
10828,Gasto por vía de acceso,Via de acceso,Puerto,Gasto total,Dato base,2019M01,2019-01,89.55
10828,Gasto por vía de acceso,Via de acceso,Puerto,Gasto total,Dato base,2018M12,2018-12,64.44
10828,Gasto por vía de acceso,Via de acceso,Puerto,Gasto total,Dato base,2018M11,2018-11,127.66
10828,Gasto por vía de acceso,Via de acceso,Puerto,Gasto total,Dato base,2018M10,2018-10,255.14
10828,Gasto por vía de acceso,Via de acceso,Puerto,Gasto total,Dato base,2018M09,2018-09,442.89
10828,Gasto por vía de acceso,Via de acceso,Puerto,Gasto total,Dato base,2018M08,2018-08,303.11
10828,Gasto por vía de acceso,Via de acceso,Puerto,Gasto total,Dato base,2018M07,2018-07,266.52
10828,Gasto por vía de acceso,Via de acceso,Puerto,Gasto total,Dato base,2018M06,2018-06,182.38
10828,Gasto por vía de acceso,Via de acceso,Puerto,Gasto total,Dato base,2018M05,2018-05,206.57
10828,Gasto por vía de acceso,Via de acceso,Puerto,Gasto total,Dato base,2018M04,2018-04,130.81
10828,Gasto por vía de acceso,Via de acceso,Puerto,Gasto total,Dato base,2018M03,2018-03,78.29
10828,Gasto por vía de acceso,Via de acceso,Puerto,Gasto total,Dato base,2018M02,2018-02,65.41
10828,Gasto por vía de acceso,Via de acceso,Puerto,Gasto total,Dato base,2018M01,2018-01,82.11
10828,Gasto por vía de acceso,Via de acceso,Puerto,Gasto total,Dato base,2017M12,2017-12,105.81
10828,Gasto por vía de acceso,Via de acceso,Puerto,Gasto total,Dato base,2017M11,2017-11,195.18
10828,Gasto por vía de acceso,Via de acceso,Puerto,Gasto total,Dato base,2017M10,2017-10,181.59
10828,Gasto por vía de acceso,Via de acceso,Puerto,Gasto total,Dato base,2017M09,2017-09,426.34
10828,Gasto por vía de acceso,Via de acceso,Puerto,Gasto total,Dato base,2017M08,2017-08,393.34
10828,Gasto por vía de acceso,Via de acceso,Puerto,Gasto total,Dato base,2017M07,2017-07,147.27
10828,Gasto por vía de acceso,Via de acceso,Puerto,Gasto total,Dato base,2017M06,2017-06,100.92
10828,Gasto por vía de acceso,Via de acceso,Puerto,Gasto total,Dato base,2017M05,2017-05,246.23
10828,Gasto por vía de acceso,Via de acceso,Puerto,Gasto total,Dato base,2017M04,2017-04,135.74
10828,Gasto por vía de acceso,Via de acceso,Puerto,Gasto total,Dato base,2017M03,2017-03,69.85
10828,Gasto por vía de acceso,Via de acceso,Puerto,Gasto total,Dato base,2017M02,2017-02,62.91
10828,Gasto por vía de acceso,Via de acceso,Puerto,Gasto total,Dato base,2017M01,2017-01,98.71
10828,Gasto por vía de acceso,Via de acceso,Puerto,Gasto total,Dato base,2016M12,2016-12,72.42
10828,Gasto por vía de acceso,Via de acceso,Puerto,Gasto total,Dato base,2016M11,2016-11,111.57
10828,Gasto por vía de acceso,Via de acceso,Puerto,Gasto total,Dato base,2016M10,2016-10,209.69
10828,Gasto por vía de acceso,Via de acceso,Puerto,Gasto total,Dato base,2016M09,2016-09,302.65
10828,Gasto por vía de acceso,Via de acceso,Puerto,Gasto total,Dato base,2016M08,2016-08,535.66
10828,Gasto por vía de acceso,Via de acceso,Puerto,Gasto total,Dato base,2016M07,2016-07,106.71
10828,Gasto por vía de acceso,Via de acceso,Puerto,Gasto total,Dato base,2016M06,2016-06,88.29
10828,Gasto por vía de acceso,Via de acceso,Puerto,Gasto total,Dato base,2016M05,2016-05,154.16
10828,Gasto por vía de acceso,Via de acceso,Puerto,Gasto total,Dato base,2016M04,2016-04,112.91
10828,Gasto por vía de acceso,Via de acceso,Puerto,Gasto total,Dato base,2016M03,2016-03,46.71
10828,Gasto por vía de acceso,Via de acceso,Puerto,Gasto total,Dato base,2016M02,2016-02,64.54
10828,Gasto por vía de acceso,Via de acceso,Puerto,Gasto total,Dato base,2016M01,2016-01,89.01
10828,Gasto por vía de acceso,Via de acceso,Puerto,Gasto total,Dato base,2015M12,2015-12,77.81
10828,Gasto por vía de acceso,Via de acceso,Puerto,Gasto total,Dato base,2015M11,2015-11,90.21
10828,Gasto por vía de acceso,Via de acceso,Puerto,Gasto total,Dato base,2015M10,2015-10,137.05
10828,Gasto por vía de acceso,Via de acceso,Tren,Gasto total,Dato base,2026M07,2026-07,81.02
10828,Gasto por vía de acceso,Via de acceso,Tren,Gasto total,Dato base,2026M06,2026-06,66.51
10828,Gasto por vía de acceso,Via de acceso,Tren,Gasto total,Dato base,2026M05,2026-05,50.62
10828,Gasto por vía de acceso,Via de acceso,Tren,Gasto total,Dato base,2026M04,2026-04,57.89
10828,Gasto por vía de acceso,Via de acceso,Tren,Gasto total,Dato base,2026M03,2026-03,61.87
10828,Gasto por vía de acceso,Via de acceso,Tren,Gasto total,Dato base,2026M02,2026-02,70.78
10828,Gasto por vía de acceso,Via de acceso,Tren,Gasto total,Dato base,2026M01,2026-01,26.08
10828,Gasto por vía de acceso,Via de acceso,Tren,Gasto total,Dato base,2025M12,2025-12,36.33
10828,Gasto por vía de acceso,Via de acceso,Tren,Gasto total,Dato base,2025M11,2025-11,52.3
10828,Gasto por vía de acceso,Via de acceso,Tren,Gasto total,Dato base,2025M10,2025-10,81.51
10828,Gasto por vía de acceso,Via de acceso,Tren,Gasto total,Dato base,2025M09,2025-09,63.47
10828,Gasto por vía de acceso,Via de acceso,Tren,Gasto total,Dato base,2025M08,2025-08,66.02
10828,Gasto por vía de acceso,Via de acceso,Tren,Gasto total,Dato base,2025M07,2025-07,90.58
10828,Gasto por vía de acceso,Via de acceso,Tren,Gasto total,Dato base,2025M06,2025-06,80.64
10828,Gasto por vía de acceso,Via de acceso,Tren,Gasto total,Dato base,2025M05,2025-05,59.21
10828,Gasto por vía de acceso,Via de acceso,Tren,Gasto total,Dato base,2025M04,2025-04,68.48
10828,Gasto por vía de acceso,Via de acceso,Tren,Gasto total,Dato base,2025M03,2025-03,55.19
10828,Gasto por vía de acceso,Via de acceso,Tren,Gasto total,Dato base,2025M02,2025-02,45.85
10828,Gasto por vía de acceso,Via de acceso,Tren,Gasto total,Dato base,2025M01,2025-01,38.2
10828,Gasto por vía de acceso,Via de acceso,Tren,Gasto total,Dato base,2024M12,2024-12,26.76
10828,Gasto por vía de acceso,Via de acceso,Tren,Gasto total,Dato base,2024M11,2024-11,30.26
10828,Gasto por vía de acceso,Via de acceso,Tren,Gasto total,Dato base,2024M10,2024-10,68.25
10828,Gasto por vía de acceso,Via de acceso,Tren,Gasto total,Dato base,2024M09,2024-09,45.02
10828,Gasto por vía de acceso,Via de acceso,Tren,Gasto total,Dato base,2024M08,2024-08,46.72
10828,Gasto por vía de acceso,Via de acceso,Tren,Gasto total,Dato base,2024M07,2024-07,54.79
10828,Gasto por vía de acceso,Via de acceso,Tren,Gasto total,Dato base,2024M06,2024-06,45.98
10828,Gasto por vía de acceso,Via de acceso,Tren,Gasto total,Dato base,2024M05,2024-05,33.25
10828,Gasto por vía de acceso,Via de acceso,Tren,Gasto total,Dato base,2024M04,2024-04,37.73
10828,Gasto por vía de acceso,Via de acceso,Tren,Gasto total,Dato base,2024M03,2024-03,27.11
10828,Gasto por vía de acceso,Via de acceso,Tren,Gasto total,Dato base,2024M02,2024-02,24.68
10828,Gasto por vía de acceso,Via de acceso,Tren,Gasto total,Dato base,2024M01,2024-01,24.93
10828,Gasto por vía de acceso,Via de acceso,Tren,Gasto total,Dato base,2023M12,2023-12,41.86
10828,Gasto por vía de acceso,Via de acceso,Tren,Gasto total,Dato base,2023M11,2023-11,51.14
10828,Gasto por vía de acceso,Via de acceso,Tren,Gasto total,Dato base,2023M10,2023-10,50.52
10828,Gasto por vía de acceso,Via de acceso,Tren,Gasto total,Dato base,2023M09,2023-09,55.45
10828,Gasto por vía de acceso,Via de acceso,Tren,Gasto total,Dato base,2023M08,2023-08,63.21
10828,Gasto por vía de acceso,Via de acceso,Tren,Gasto total,Dato base,2023M07,2023-07,95.0
10828,Gasto por vía de acceso,Via de acceso,Tren,Gasto total,Dato base,2023M06,2023-06,70.33
10828,Gasto por vía de acceso,Via de acceso,Tren,Gasto total,Dato base,2023M05,2023-05,57.22
10828,Gasto por vía de acceso,Via de acceso,Tren,Gasto total,Dato base,2023M04,2023-04,32.21
10828,Gasto por vía de acceso,Via de acceso,Tren,Gasto total,Dato base,2023M03,2023-03,9.18
10828,Gasto por vía de acceso,Via de acceso,Tren,Gasto total,Dato base,2023M02,2023-02,9.97
10828,Gasto por vía de acceso,Via de acceso,Tren,Gasto total,Dato base,2023M01,2023-01,14.01
10828,Gasto por vía de acceso,Via de acceso,Tren,Gasto total,Dato base,2022M12,2022-12,16.73
10828,Gasto por vía de acceso,Via de acceso,Tren,Gasto total,Dato base,2022M11,2022-11,22.63
10828,Gasto por vía de acceso,Via de acceso,Tren,Gasto total,Dato base,2022M10,2022-10,28.46
10828,Gasto por vía de acceso,Via de acceso,Tren,Gasto total,Dato base,2022M09,2022-09,35.04
10828,Gasto por vía de acceso,Via de acceso,Tren,Gasto total,Dato base,2022M08,2022-08,43.44
10828,Gasto por vía de acceso,Via de acceso,Tren,Gasto total,Dato base,2022M07,2022-07,55.23
10828,Gasto por vía de acceso,Via de acceso,Tren,Gasto total,Dato base,2022M06,2022-06,42.56
10828,Gasto por vía de acceso,Via de acceso,Tren,Gasto total,Dato base,2022M05,2022-05,20.31
10828,Gasto por vía de acceso,Via de acceso,Tren,Gasto total,Dato base,2022M04,2022-04,22.06
10828,Gasto por vía de acceso,Via de acceso,Tren,Gasto total,Dato base,2022M03,2022-03,11.86
10828,Gasto por vía de acceso,Via de acceso,Tren,Gasto total,Dato base,2022M02,2022-02,10.5
10828,Gasto por vía de acceso,Via de acceso,Tren,Gasto total,Dato base,2022M01,2022-01,9.28
10828,Gasto por vía de acceso,Via de acceso,Tren,Gasto total,Dato base,2021M12,2021-12,15.52
10828,Gasto por vía de acceso,Via de acceso,Tren,Gasto total,Dato base,2021M11,2021-11,11.45
10828,Gasto por vía de acceso,Via de acceso,Tren,Gasto total,Dato base,2021M10,2021-10,16.17
10828,Gasto por vía de acceso,Via de acceso,Tren,Gasto total,Dato base,2021M09,2021-09,12.88
10828,Gasto por vía de acceso,Via de acceso,Tren,Gasto total,Dato base,2021M08,2021-08,22.22
10828,Gasto por vía de acceso,Via de acceso,Tren,Gasto total,Dato base,2021M07,2021-07,28.52
10828,Gasto por vía de acceso,Via de acceso,Tren,Gasto total,Dato base,2021M06,2021-06,14.55
10828,Gasto por vía de acceso,Via de acceso,Tren,Gasto total,Dato base,2021M05,2021-05,15.19
10828,Gasto por vía de acceso,Via de acceso,Tren,Gasto total,Dato base,2021M04,2021-04,11.95
10828,Gasto por vía de acceso,Via de acceso,Tren,Gasto total,Dato base,2021M03,2021-03,13.32
10828,Gasto por vía de acceso,Via de acceso,Tren,Gasto total,Dato base,2021M02,2021-02,9.75
10828,Gasto por vía de acceso,Via de acceso,Tren,Gasto total,Dato base,2021M01,2021-01,13.04
10828,Gasto por vía de acceso,Via de acceso,Tren,Gasto total,Dato base,2020M12,2020-12,15.77
10828,Gasto por vía de acceso,Via de acceso,Tren,Gasto total,Dato base,2020M11,2020-11,5.76
10828,Gasto por vía de acceso,Via de acceso,Tren,Gasto total,Dato base,2020M10,2020-10,11.7
10828,Gasto por vía de acceso,Via de acceso,Tren,Gasto total,Dato base,2020M09,2020-09,13.44
10828,Gasto por vía de acceso,Via de acceso,Tren,Gasto total,Dato base,2020M08,2020-08,19.94
10828,Gasto por vía de acceso,Via de acceso,Tren,Gasto total,Dato base,2020M07,2020-07,21.18
10828,Gasto por vía de acceso,Via de acceso,Tren,Gasto total,Dato base,2020M05,2020-05,0.0
10828,Gasto por vía de acceso,Via de acceso,Tren,Gasto total,Dato base,2020M04,2020-04,0.0
10828,Gasto por vía de acceso,Via de acceso,Tren,Gasto total,Dato base,2020M03,2020-03,9.42
10828,Gasto por vía de acceso,Via de acceso,Tren,Gasto total,Dato base,2020M02,2020-02,23.63
10828,Gasto por vía de acceso,Via de acceso,Tren,Gasto total,Dato base,2020M01,2020-01,19.26
10828,Gasto por vía de acceso,Via de acceso,Tren,Gasto total,Dato base,2019M12,2019-12,16.61
10828,Gasto por vía de acceso,Via de acceso,Tren,Gasto total,Dato base,2019M11,2019-11,11.07
10828,Gasto por vía de acceso,Via de acceso,Tren,Gasto total,Dato base,2019M10,2019-10,28.75
10828,Gasto por vía de acceso,Via de acceso,Tren,Gasto total,Dato base,2019M09,2019-09,40.03
10828,Gasto por vía de acceso,Via de acceso,Tren,Gasto total,Dato base,2019M08,2019-08,65.65
10828,Gasto por vía de acceso,Via de acceso,Tren,Gasto total,Dato base,2019M07,2019-07,75.21
10828,Gasto por vía de acceso,Via de acceso,Tren,Gasto total,Dato base,2019M06,2019-06,52.16
10828,Gasto por vía de acceso,Via de acceso,Tren,Gasto total,Dato base,2019M05,2019-05,29.91
10828,Gasto por vía de acceso,Via de acceso,Tren,Gasto total,Dato base,2019M04,2019-04,31.23
10828,Gasto por vía de acceso,Via de acceso,Tren,Gasto total,Dato base,2019M03,2019-03,20.0
10828,Gasto por vía de acceso,Via de acceso,Tren,Gasto total,Dato base,2019M02,2019-02,15.18
10828,Gasto por vía de acceso,Via de acceso,Tren,Gasto total,Dato base,2019M01,2019-01,15.54
10828,Gasto por vía de acceso,Via de acceso,Tren,Gasto total,Dato base,2018M12,2018-12,20.24
10828,Gasto por vía de acceso,Via de acceso,Tren,Gasto total,Dato base,2018M11,2018-11,24.53
10828,Gasto por vía de acceso,Via de acceso,Tren,Gasto total,Dato base,2018M10,2018-10,35.06
10828,Gasto por vía de acceso,Via de acceso,Tren,Gasto total,Dato base,2018M09,2018-09,33.32
10828,Gasto por vía de acceso,Via de acceso,Tren,Gasto total,Dato base,2018M08,2018-08,57.6
10828,Gasto por vía de acceso,Via de acceso,Tren,Gasto total,Dato base,2018M07,2018-07,87.1
10828,Gasto por vía de acceso,Via de acceso,Tren,Gasto total,Dato base,2018M06,2018-06,45.51
10828,Gasto por vía de acceso,Via de acceso,Tren,Gasto total,Dato base,2018M05,2018-05,28.31
10828,Gasto por vía de acceso,Via de acceso,Tren,Gasto total,Dato base,2018M04,2018-04,23.56
10828,Gasto por vía de acceso,Via de acceso,Tren,Gasto total,Dato base,2018M03,2018-03,27.7
10828,Gasto por vía de acceso,Via de acceso,Tren,Gasto total,Dato base,2018M02,2018-02,23.6
10828,Gasto por vía de acceso,Via de acceso,Tren,Gasto total,Dato base,2018M01,2018-01,15.25
10828,Gasto por vía de acceso,Via de acceso,Tren,Gasto total,Dato base,2017M12,2017-12,20.64
10828,Gasto por vía de acceso,Via de acceso,Tren,Gasto total,Dato base,2017M11,2017-11,20.34
10828,Gasto por vía de acceso,Via de acceso,Tren,Gasto total,Dato base,2017M10,2017-10,35.32
10828,Gasto por vía de acceso,Via de acceso,Tren,Gasto total,Dato base,2017M09,2017-09,34.77
10828,Gasto por vía de acceso,Via de acceso,Tren,Gasto total,Dato base,2017M08,2017-08,61.46
10828,Gasto por vía de acceso,Via de acceso,Tren,Gasto total,Dato base,2017M07,2017-07,80.06
10828,Gasto por vía de acceso,Via de acceso,Tren,Gasto total,Dato base,2017M06,2017-06,54.25
10828,Gasto por vía de acceso,Via de acceso,Tren,Gasto total,Dato base,2017M05,2017-05,34.99
10828,Gasto por vía de acceso,Via de acceso,Tren,Gasto total,Dato base,2017M04,2017-04,44.66
10828,Gasto por vía de acceso,Via de acceso,Tren,Gasto total,Dato base,2017M03,2017-03,20.33
10828,Gasto por vía de acceso,Via de acceso,Tren,Gasto total,Dato base,2017M02,2017-02,18.0
10828,Gasto por vía de acceso,Via de acceso,Tren,Gasto total,Dato base,2017M01,2017-01,19.19
10828,Gasto por vía de acceso,Via de acceso,Tren,Gasto total,Dato base,2016M12,2016-12,25.94
10828,Gasto por vía de acceso,Via de acceso,Tren,Gasto total,Dato base,2016M11,2016-11,20.67
10828,Gasto por vía de acceso,Via de acceso,Tren,Gasto total,Dato base,2016M10,2016-10,30.75
10828,Gasto por vía de acceso,Via de acceso,Tren,Gasto total,Dato base,2016M09,2016-09,39.35
10828,Gasto por vía de acceso,Via de acceso,Tren,Gasto total,Dato base,2016M08,2016-08,57.55
10828,Gasto por vía de acceso,Via de acceso,Tren,Gasto total,Dato base,2016M07,2016-07,85.51
10828,Gasto por vía de acceso,Via de acceso,Tren,Gasto total,Dato base,2016M06,2016-06,46.44
10828,Gasto por vía de acceso,Via de acceso,Tren,Gasto total,Dato base,2016M05,2016-05,39.27
10828,Gasto por vía de acceso,Via de acceso,Tren,Gasto total,Dato base,2016M04,2016-04,26.51
10828,Gasto por vía de acceso,Via de acceso,Tren,Gasto total,Dato base,2016M03,2016-03,21.39
10828,Gasto por vía de acceso,Via de acceso,Tren,Gasto total,Dato base,2016M02,2016-02,23.48
10828,Gasto por vía de acceso,Via de acceso,Tren,Gasto total,Dato base,2016M01,2016-01,22.69
10828,Gasto por vía de acceso,Via de acceso,Tren,Gasto total,Dato base,2015M12,2015-12,23.75
10828,Gasto por vía de acceso,Via de acceso,Tren,Gasto total,Dato base,2015M11,2015-11,16.2
10828,Gasto por vía de acceso,Via de acceso,Tren,Gasto total,Dato base,2015M10,2015-10,24.88
23995,Gasto por motivo del viaje,Motivo del viaje,Total,Gasto total,Dato base,2025,2025,134743.32
23995,Gasto por motivo del viaje,Motivo del viaje,Total,Gasto total,Dato base,2024,2024,126143.22
23995,Gasto por motivo del viaje,Motivo del viaje,Total,Gasto total,Dato base,2023,2023,108789.41
23995,Gasto por motivo del viaje,Motivo del viaje,Total,Gasto total,Dato base,2022,2022,87138.19
23995,Gasto por motivo del viaje,Motivo del viaje,Total,Gasto total,Dato base,2021,2021,34903.37
23995,Gasto por motivo del viaje,Motivo del viaje,Total,Gasto total,Dato base,2020,2020,19786.78
23995,Gasto por motivo del viaje,Motivo del viaje,Total,Gasto total,Dato base,2019,2019,91911.97
23995,Gasto por motivo del viaje,Motivo del viaje,Total,Gasto total,Dato base,2018,2018,89750.75
23995,Gasto por motivo del viaje,Motivo del viaje,Total,Gasto total,Dato base,2017,2017,87003.93
23995,Gasto por motivo del viaje,Motivo del viaje,Total,Gasto total,Dato base,2016,2016,77415.54
23995,Gasto por motivo del viaje,Motivo del viaje,"Negocio, motivos profesionales",Gasto total,Dato base,2025,2025,7201.47
23995,Gasto por motivo del viaje,Motivo del viaje,"Negocio, motivos profesionales",Gasto total,Dato base,2024,2024,7109.73
23995,Gasto por motivo del viaje,Motivo del viaje,"Negocio, motivos profesionales",Gasto total,Dato base,2023,2023,6452.46
23995,Gasto por motivo del viaje,Motivo del viaje,"Negocio, motivos profesionales",Gasto total,Dato base,2022,2022,5468.73
23995,Gasto por motivo del viaje,Motivo del viaje,"Negocio, motivos profesionales",Gasto total,Dato base,2021,2021,2234.57
23995,Gasto por motivo del viaje,Motivo del viaje,"Negocio, motivos profesionales",Gasto total,Dato base,2020,2020,1396.65
23995,Gasto por motivo del viaje,Motivo del viaje,"Negocio, motivos profesionales",Gasto total,Dato base,2019,2019,6042.04
23995,Gasto por motivo del viaje,Motivo del viaje,"Negocio, motivos profesionales",Gasto total,Dato base,2018,2018,5447.71
23995,Gasto por motivo del viaje,Motivo del viaje,"Negocio, motivos profesionales",Gasto total,Dato base,2017,2017,5451.85
23995,Gasto por motivo del viaje,Motivo del viaje,"Negocio, motivos profesionales",Gasto total,Dato base,2016,2016,5322.84
23995,Gasto por motivo del viaje,Motivo del viaje,"Asistencia a ferias, congresos y convenciones",Gasto total,Dato base,2025,2025,320.68
23995,Gasto por motivo del viaje,Motivo del viaje,"Asistencia a ferias, congresos y convenciones",Gasto total,Dato base,2024,2024,303.12
23995,Gasto por motivo del viaje,Motivo del viaje,"Asistencia a ferias, congresos y convenciones",Gasto total,Dato base,2023,2023,325.19
23995,Gasto por motivo del viaje,Motivo del viaje,"Asistencia a ferias, congresos y convenciones",Gasto total,Dato base,2022,2022,247.14
23995,Gasto por motivo del viaje,Motivo del viaje,"Asistencia a ferias, congresos y convenciones",Gasto total,Dato base,2019,2019,316.67
23995,Gasto por motivo del viaje,Motivo del viaje,"Asistencia a ferias, congresos y convenciones",Gasto total,Dato base,2018,2018,248.91
23995,Gasto por motivo del viaje,Motivo del viaje,"Asistencia a ferias, congresos y convenciones",Gasto total,Dato base,2017,2017,393.36
23995,Gasto por motivo del viaje,Motivo del viaje,"Asistencia a ferias, congresos y convenciones",Gasto total,Dato base,2016,2016,581.32
23995,Gasto por motivo del viaje,Motivo del viaje,Trabajador estacional temporero,Gasto total,Dato base,2025,2025,732.25
23995,Gasto por motivo del viaje,Motivo del viaje,Trabajador estacional temporero,Gasto total,Dato base,2024,2024,553.08
23995,Gasto por motivo del viaje,Motivo del viaje,Trabajador estacional temporero,Gasto total,Dato base,2023,2023,651.74
23995,Gasto por motivo del viaje,Motivo del viaje,Trabajador estacional temporero,Gasto total,Dato base,2022,2022,303.19
23995,Gasto por motivo del viaje,Motivo del viaje,Trabajador estacional temporero,Gasto total,Dato base,2019,2019,343.19
23995,Gasto por motivo del viaje,Motivo del viaje,Trabajador estacional temporero,Gasto total,Dato base,2018,2018,495.36
23995,Gasto por motivo del viaje,Motivo del viaje,Trabajador estacional temporero,Gasto total,Dato base,2017,2017,421.04
23995,Gasto por motivo del viaje,Motivo del viaje,Trabajador estacional temporero,Gasto total,Dato base,2016,2016,321.79
23995,Gasto por motivo del viaje,Motivo del viaje,Otros motivos de trabajo y negocio,Gasto total,Dato base,2025,2025,6148.54
23995,Gasto por motivo del viaje,Motivo del viaje,Otros motivos de trabajo y negocio,Gasto total,Dato base,2024,2024,6253.52
23995,Gasto por motivo del viaje,Motivo del viaje,Otros motivos de trabajo y negocio,Gasto total,Dato base,2023,2023,5475.53
23995,Gasto por motivo del viaje,Motivo del viaje,Otros motivos de trabajo y negocio,Gasto total,Dato base,2022,2022,4918.4
23995,Gasto por motivo del viaje,Motivo del viaje,Otros motivos de trabajo y negocio,Gasto total,Dato base,2021,2021,2059.6
23995,Gasto por motivo del viaje,Motivo del viaje,Otros motivos de trabajo y negocio,Gasto total,Dato base,2020,2020,1271.69
23995,Gasto por motivo del viaje,Motivo del viaje,Otros motivos de trabajo y negocio,Gasto total,Dato base,2019,2019,5382.19
23995,Gasto por motivo del viaje,Motivo del viaje,Otros motivos de trabajo y negocio,Gasto total,Dato base,2018,2018,4703.43
23995,Gasto por motivo del viaje,Motivo del viaje,Otros motivos de trabajo y negocio,Gasto total,Dato base,2017,2017,4637.45
23995,Gasto por motivo del viaje,Motivo del viaje,Otros motivos de trabajo y negocio,Gasto total,Dato base,2016,2016,4419.73
23995,Gasto por motivo del viaje,Motivo del viaje,Estudios (educación y formación),Gasto total,Dato base,2025,2025,4207.24
23995,Gasto por motivo del viaje,Motivo del viaje,Estudios (educación y formación),Gasto total,Dato base,2024,2024,3698.45
23995,Gasto por motivo del viaje,Motivo del viaje,Estudios (educación y formación),Gasto total,Dato base,2023,2023,2500.44
23995,Gasto por motivo del viaje,Motivo del viaje,Estudios (educación y formación),Gasto total,Dato base,2022,2022,1824.05
23995,Gasto por motivo del viaje,Motivo del viaje,Estudios (educación y formación),Gasto total,Dato base,2021,2021,683.78
23995,Gasto por motivo del viaje,Motivo del viaje,Estudios (educación y formación),Gasto total,Dato base,2020,2020,497.98
23995,Gasto por motivo del viaje,Motivo del viaje,Estudios (educación y formación),Gasto total,Dato base,2019,2019,1643.91
23995,Gasto por motivo del viaje,Motivo del viaje,Estudios (educación y formación),Gasto total,Dato base,2018,2018,1832.2
23995,Gasto por motivo del viaje,Motivo del viaje,Estudios (educación y formación),Gasto total,Dato base,2017,2017,2041.86
23995,Gasto por motivo del viaje,Motivo del viaje,Estudios (educación y formación),Gasto total,Dato base,2016,2016,2272.5
23995,Gasto por motivo del viaje,Motivo del viaje,Visitas a familiares o amigos,Gasto total,Dato base,2025,2025,6612.44
23995,Gasto por motivo del viaje,Motivo del viaje,Visitas a familiares o amigos,Gasto total,Dato base,2024,2024,5768.97
23995,Gasto por motivo del viaje,Motivo del viaje,Visitas a familiares o amigos,Gasto total,Dato base,2023,2023,4483.69
23995,Gasto por motivo del viaje,Motivo del viaje,Visitas a familiares o amigos,Gasto total,Dato base,2022,2022,3752.11
23995,Gasto por motivo del viaje,Motivo del viaje,Visitas a familiares o amigos,Gasto total,Dato base,2021,2021,2020.19
23995,Gasto por motivo del viaje,Motivo del viaje,Visitas a familiares o amigos,Gasto total,Dato base,2020,2020,1189.61
23995,Gasto por motivo del viaje,Motivo del viaje,Visitas a familiares o amigos,Gasto total,Dato base,2019,2019,2974.45
23995,Gasto por motivo del viaje,Motivo del viaje,Visitas a familiares o amigos,Gasto total,Dato base,2018,2018,2895.99
23995,Gasto por motivo del viaje,Motivo del viaje,Visitas a familiares o amigos,Gasto total,Dato base,2017,2017,3688.75
23995,Gasto por motivo del viaje,Motivo del viaje,Visitas a familiares o amigos,Gasto total,Dato base,2016,2016,3581.16
23995,Gasto por motivo del viaje,Motivo del viaje,Tratamiento de salud voluntario,Gasto total,Dato base,2025,2025,86.14
23995,Gasto por motivo del viaje,Motivo del viaje,Tratamiento de salud voluntario,Gasto total,Dato base,2023,2023,83.59
23995,Gasto por motivo del viaje,Motivo del viaje,Tratamiento de salud voluntario,Gasto total,Dato base,2022,2022,60.04
23995,Gasto por motivo del viaje,Motivo del viaje,Tratamiento de salud voluntario,Gasto total,Dato base,2021,2021,57.97
23995,Gasto por motivo del viaje,Motivo del viaje,Tratamiento de salud voluntario,Gasto total,Dato base,2020,2020,40.94
23995,Gasto por motivo del viaje,Motivo del viaje,Tratamiento de salud voluntario,Gasto total,Dato base,2019,2019,87.49
23995,Gasto por motivo del viaje,Motivo del viaje,Tratamiento de salud voluntario,Gasto total,Dato base,2018,2018,81.79
23995,Gasto por motivo del viaje,Motivo del viaje,Tratamiento de salud voluntario,Gasto total,Dato base,2017,2017,103.22
23995,Gasto por motivo del viaje,Motivo del viaje,Tratamiento de salud voluntario,Gasto total,Dato base,2016,2016,87.61
23995,Gasto por motivo del viaje,Motivo del viaje,Motivos religiosos o peregrinaciones,Gasto total,Dato base,2025,2025,514.6
23995,Gasto por motivo del viaje,Motivo del viaje,Motivos religiosos o peregrinaciones,Gasto total,Dato base,2024,2024,492.93
23995,Gasto por motivo del viaje,Motivo del viaje,Motivos religiosos o peregrinaciones,Gasto total,Dato base,2023,2023,567.88
23995,Gasto por motivo del viaje,Motivo del viaje,Motivos religiosos o peregrinaciones,Gasto total,Dato base,2022,2022,179.69
23995,Gasto por motivo del viaje,Motivo del viaje,Motivos religiosos o peregrinaciones,Gasto total,Dato base,2021,2021,62.07
23995,Gasto por motivo del viaje,Motivo del viaje,Motivos religiosos o peregrinaciones,Gasto total,Dato base,2019,2019,343.54
23995,Gasto por motivo del viaje,Motivo del viaje,Motivos religiosos o peregrinaciones,Gasto total,Dato base,2018,2018,290.28
23995,Gasto por motivo del viaje,Motivo del viaje,Motivos religiosos o peregrinaciones,Gasto total,Dato base,2017,2017,228.58
23995,Gasto por motivo del viaje,Motivo del viaje,Motivos religiosos o peregrinaciones,Gasto total,Dato base,2016,2016,172.11
23995,Gasto por motivo del viaje,Motivo del viaje,"Compras, servicios personales",Gasto total,Dato base,2025,2025,107.99
23995,Gasto por motivo del viaje,Motivo del viaje,"Compras, servicios personales",Gasto total,Dato base,2023,2023,95.71
23995,Gasto por motivo del viaje,Motivo del viaje,"Compras, servicios personales",Gasto total,Dato base,2022,2022,76.43
23995,Gasto por motivo del viaje,Motivo del viaje,"Compras, servicios personales",Gasto total,Dato base,2021,2021,57.25
23995,Gasto por motivo del viaje,Motivo del viaje,"Compras, servicios personales",Gasto total,Dato base,2019,2019,43.71
23995,Gasto por motivo del viaje,Motivo del viaje,"Compras, servicios personales",Gasto total,Dato base,2018,2018,64.69
23995,Gasto por motivo del viaje,Motivo del viaje,"Compras, servicios personales",Gasto total,Dato base,2017,2017,74.87
23995,Gasto por motivo del viaje,Motivo del viaje,"Compras, servicios personales",Gasto total,Dato base,2016,2016,68.34
23995,Gasto por motivo del viaje,Motivo del viaje,"Ocio, recreo y vacaciones",Gasto total,Dato base,2025,2025,114535.55
23995,Gasto por motivo del viaje,Motivo del viaje,"Ocio, recreo y vacaciones",Gasto total,Dato base,2024,2024,107751.75
23995,Gasto por motivo del viaje,Motivo del viaje,"Ocio, recreo y vacaciones",Gasto total,Dato base,2023,2023,93412.44
23995,Gasto por motivo del viaje,Motivo del viaje,"Ocio, recreo y vacaciones",Gasto total,Dato base,2022,2022,75041.31
23995,Gasto por motivo del viaje,Motivo del viaje,"Ocio, recreo y vacaciones",Gasto total,Dato base,2021,2021,29415.47
23995,Gasto por motivo del viaje,Motivo del viaje,"Ocio, recreo y vacaciones",Gasto total,Dato base,2020,2020,16393.62
23995,Gasto por motivo del viaje,Motivo del viaje,"Ocio, recreo y vacaciones",Gasto total,Dato base,2019,2019,80305.58
23995,Gasto por motivo del viaje,Motivo del viaje,"Ocio, recreo y vacaciones",Gasto total,Dato base,2018,2018,78085.87
23995,Gasto por motivo del viaje,Motivo del viaje,"Ocio, recreo y vacaciones",Gasto total,Dato base,2017,2017,74869.41
23995,Gasto por motivo del viaje,Motivo del viaje,"Ocio, recreo y vacaciones",Gasto total,Dato base,2016,2016,65365.41
23995,Gasto por motivo del viaje,Motivo del viaje,Turismo cultural,Gasto total,Dato base,2025,2025,31254.69
23995,Gasto por motivo del viaje,Motivo del viaje,Turismo cultural,Gasto total,Dato base,2024,2024,26163.1
23995,Gasto por motivo del viaje,Motivo del viaje,Turismo cultural,Gasto total,Dato base,2023,2023,21902.64
23995,Gasto por motivo del viaje,Motivo del viaje,Turismo cultural,Gasto total,Dato base,2022,2022,15008.99
23995,Gasto por motivo del viaje,Motivo del viaje,Turismo cultural,Gasto total,Dato base,2021,2021,5012.48
23995,Gasto por motivo del viaje,Motivo del viaje,Turismo cultural,Gasto total,Dato base,2020,2020,3328.31
23995,Gasto por motivo del viaje,Motivo del viaje,Turismo cultural,Gasto total,Dato base,2019,2019,15316.49
23995,Gasto por motivo del viaje,Motivo del viaje,Turismo cultural,Gasto total,Dato base,2018,2018,13341.06
23995,Gasto por motivo del viaje,Motivo del viaje,Turismo cultural,Gasto total,Dato base,2017,2017,13923.58
23995,Gasto por motivo del viaje,Motivo del viaje,Turismo cultural,Gasto total,Dato base,2016,2016,8567.13
23995,Gasto por motivo del viaje,Motivo del viaje,Práctica deportiva,Gasto total,Dato base,2025,2025,2187.9
23995,Gasto por motivo del viaje,Motivo del viaje,Práctica deportiva,Gasto total,Dato base,2024,2024,1771.99
23995,Gasto por motivo del viaje,Motivo del viaje,Práctica deportiva,Gasto total,Dato base,2023,2023,1551.25
23995,Gasto por motivo del viaje,Motivo del viaje,Práctica deportiva,Gasto total,Dato base,2022,2022,1243.97
23995,Gasto por motivo del viaje,Motivo del viaje,Práctica deportiva,Gasto total,Dato base,2021,2021,650.7
23995,Gasto por motivo del viaje,Motivo del viaje,Práctica deportiva,Gasto total,Dato base,2020,2020,399.18
23995,Gasto por motivo del viaje,Motivo del viaje,Práctica deportiva,Gasto total,Dato base,2019,2019,1428.5
23995,Gasto por motivo del viaje,Motivo del viaje,Práctica deportiva,Gasto total,Dato base,2018,2018,1399.96
23995,Gasto por motivo del viaje,Motivo del viaje,Práctica deportiva,Gasto total,Dato base,2017,2017,1254.95
23995,Gasto por motivo del viaje,Motivo del viaje,Práctica deportiva,Gasto total,Dato base,2016,2016,1393.43
23995,Gasto por motivo del viaje,Motivo del viaje,Turismo de sol y playa,Gasto total,Dato base,2025,2025,49407.92
23995,Gasto por motivo del viaje,Motivo del viaje,Turismo de sol y playa,Gasto total,Dato base,2024,2024,47277.65
23995,Gasto por motivo del viaje,Motivo del viaje,Turismo de sol y playa,Gasto total,Dato base,2023,2023,36929.09
23995,Gasto por motivo del viaje,Motivo del viaje,Turismo de sol y playa,Gasto total,Dato base,2022,2022,34467.32
23995,Gasto por motivo del viaje,Motivo del viaje,Turismo de sol y playa,Gasto total,Dato base,2021,2021,15164.34
23995,Gasto por motivo del viaje,Motivo del viaje,Turismo de sol y playa,Gasto total,Dato base,2020,2020,7438.14
23995,Gasto por motivo del viaje,Motivo del viaje,Turismo de sol y playa,Gasto total,Dato base,2019,2019,36133.65
23995,Gasto por motivo del viaje,Motivo del viaje,Turismo de sol y playa,Gasto total,Dato base,2018,2018,38935.71
23995,Gasto por motivo del viaje,Motivo del viaje,Turismo de sol y playa,Gasto total,Dato base,2017,2017,41139.57
23995,Gasto por motivo del viaje,Motivo del viaje,Turismo de sol y playa,Gasto total,Dato base,2016,2016,39959.69
23995,Gasto por motivo del viaje,Motivo del viaje,Otro tipo de ocio,Gasto total,Dato base,2025,2025,31685.03
23995,Gasto por motivo del viaje,Motivo del viaje,Otro tipo de ocio,Gasto total,Dato base,2024,2024,32539.01
23995,Gasto por motivo del viaje,Motivo del viaje,Otro tipo de ocio,Gasto total,Dato base,2023,2023,33029.45
23995,Gasto por motivo del viaje,Motivo del viaje,Otro tipo de ocio,Gasto total,Dato base,2022,2022,24321.03
23995,Gasto por motivo del viaje,Motivo del viaje,Otro tipo de ocio,Gasto total,Dato base,2021,2021,8587.96
23995,Gasto por motivo del viaje,Motivo del viaje,Otro tipo de ocio,Gasto total,Dato base,2020,2020,5227.99
23995,Gasto por motivo del viaje,Motivo del viaje,Otro tipo de ocio,Gasto total,Dato base,2019,2019,27426.94
23995,Gasto por motivo del viaje,Motivo del viaje,Otro tipo de ocio,Gasto total,Dato base,2018,2018,24409.15
23995,Gasto por motivo del viaje,Motivo del viaje,Otro tipo de ocio,Gasto total,Dato base,2017,2017,18551.31
23995,Gasto por motivo del viaje,Motivo del viaje,Otro tipo de ocio,Gasto total,Dato base,2016,2016,15445.16
23995,Gasto por motivo del viaje,Motivo del viaje,Otros,Gasto total,Dato base,2025,2025,1477.89
23995,Gasto por motivo del viaje,Motivo del viaje,Otros,Gasto total,Dato base,2024,2024,1121.44
23995,Gasto por motivo del viaje,Motivo del viaje,Otros,Gasto total,Dato base,2023,2023,1193.2
23995,Gasto por motivo del viaje,Motivo del viaje,Otros,Gasto total,Dato base,2022,2022,735.83
23995,Gasto por motivo del viaje,Motivo del viaje,Otros,Gasto total,Dato base,2021,2021,372.06
23995,Gasto por motivo del viaje,Motivo del viaje,Otros,Gasto total,Dato base,2020,2020,201.44
23995,Gasto por motivo del viaje,Motivo del viaje,Otros,Gasto total,Dato base,2019,2019,471.24
23995,Gasto por motivo del viaje,Motivo del viaje,Otros,Gasto total,Dato base,2018,2018,1052.21
23995,Gasto por motivo del viaje,Motivo del viaje,Otros,Gasto total,Dato base,2017,2017,545.39
23995,Gasto por motivo del viaje,Motivo del viaje,Otros,Gasto total,Dato base,2016,2016,545.57
13938,Partidas de gasto,Partida nivel 1,Gasto total,Gasto,Dato base,2026M07,2026-07,18217.95
13938,Partidas de gasto,Partida nivel 1,Gasto total,Gasto,Dato base,2026M06,2026-06,13579.04
13938,Partidas de gasto,Partida nivel 1,Gasto total,Gasto,Dato base,2026M05,2026-05,13553.47
13938,Partidas de gasto,Partida nivel 1,Gasto total,Gasto,Dato base,2026M04,2026-04,11685.64
13938,Partidas de gasto,Partida nivel 1,Gasto total,Gasto,Dato base,2026M03,2026-03,9606.4
13938,Partidas de gasto,Partida nivel 1,Gasto total,Gasto,Dato base,2026M02,2026-02,7606.44
13938,Partidas de gasto,Partida nivel 1,Gasto total,Gasto,Dato base,2026M01,2026-01,7804.61
13938,Partidas de gasto,Partida nivel 1,Gasto total,Gasto,Dato base,2025M12,2025-12,7993.41
13938,Partidas de gasto,Partida nivel 1,Gasto total,Gasto,Dato base,2025M11,2025-11,8087.84
13938,Partidas de gasto,Partida nivel 1,Gasto total,Gasto,Dato base,2025M10,2025-10,12803.0
13938,Partidas de gasto,Partida nivel 1,Gasto total,Gasto,Dato base,2025M09,2025-09,13404.59
13938,Partidas de gasto,Partida nivel 1,Gasto total,Gasto,Dato base,2025M08,2025-08,16341.58
13938,Partidas de gasto,Partida nivel 1,Gasto total,Gasto,Dato base,2025M07,2025-07,16432.61
13938,Partidas de gasto,Partida nivel 1,Gasto total,Gasto,Dato base,2025M06,2025-06,13050.58
13938,Partidas de gasto,Partida nivel 1,Gasto total,Gasto,Dato base,2025M05,2025-05,12226.41
13938,Partidas de gasto,Partida nivel 1,Gasto total,Gasto,Dato base,2025M04,2025-04,10875.75
13938,Partidas de gasto,Partida nivel 1,Gasto total,Gasto,Dato base,2025M03,2025-03,9112.01
13938,Partidas de gasto,Partida nivel 1,Gasto total,Gasto,Dato base,2025M02,2025-02,7272.63
13938,Partidas de gasto,Partida nivel 1,Gasto total,Gasto,Dato base,2025M01,2025-01,7142.91
13938,Partidas de gasto,Partida nivel 1,Gasto total,Gasto,Dato base,2024M12,2024-12,7590.34
13938,Partidas de gasto,Partida nivel 1,Gasto total,Gasto,Dato base,2024M11,2024-11,7707.67
13938,Partidas de gasto,Partida nivel 1,Gasto total,Gasto,Dato base,2024M10,2024-10,11898.7
13938,Partidas de gasto,Partida nivel 1,Gasto total,Gasto,Dato base,2024M09,2024-09,12613.05
13938,Partidas de gasto,Partida nivel 1,Gasto total,Gasto,Dato base,2024M08,2024-08,15364.42
13938,Partidas de gasto,Partida nivel 1,Gasto total,Gasto,Dato base,2024M07,2024-07,15513.29
13938,Partidas de gasto,Partida nivel 1,Gasto total,Gasto,Dato base,2024M06,2024-06,12356.78
13938,Partidas de gasto,Partida nivel 1,Gasto total,Gasto,Dato base,2024M05,2024-05,11686.91
13938,Partidas de gasto,Partida nivel 1,Gasto total,Gasto,Dato base,2024M04,2024-04,9488.1
13938,Partidas de gasto,Partida nivel 1,Gasto total,Gasto,Dato base,2024M03,2024-03,8631.35
13938,Partidas de gasto,Partida nivel 1,Gasto total,Gasto,Dato base,2024M02,2024-02,6746.32
13938,Partidas de gasto,Partida nivel 1,Gasto total,Gasto,Dato base,2024M01,2024-01,6546.3
13938,Partidas de gasto,Partida nivel 1,Gasto total,Gasto,Dato base,2023M12,2023-12,7090.5
13938,Partidas de gasto,Partida nivel 1,Gasto total,Gasto,Dato base,2023M11,2023-11,6644.47
13938,Partidas de gasto,Partida nivel 1,Gasto total,Gasto,Dato base,2023M10,2023-10,10302.07
13938,Partidas de gasto,Partida nivel 1,Gasto total,Gasto,Dato base,2023M09,2023-09,11193.59
13938,Partidas de gasto,Partida nivel 1,Gasto total,Gasto,Dato base,2023M08,2023-08,13599.39
13938,Partidas de gasto,Partida nivel 1,Gasto total,Gasto,Dato base,2023M07,2023-07,13880.83
13938,Partidas de gasto,Partida nivel 1,Gasto total,Gasto,Dato base,2023M06,2023-06,10607.99
13938,Partidas de gasto,Partida nivel 1,Gasto total,Gasto,Dato base,2023M05,2023-05,9766.97
13938,Partidas de gasto,Partida nivel 1,Gasto total,Gasto,Dato base,2023M04,2023-04,8454.47
13938,Partidas de gasto,Partida nivel 1,Gasto total,Gasto,Dato base,2023M03,2023-03,6668.07
13938,Partidas de gasto,Partida nivel 1,Gasto total,Gasto,Dato base,2023M02,2023-02,5364.13
13938,Partidas de gasto,Partida nivel 1,Gasto total,Gasto,Dato base,2023M01,2023-01,5216.94
13938,Partidas de gasto,Partida nivel 1,Gasto total,Gasto,Dato base,2022M12,2022-12,5238.8
13938,Partidas de gasto,Partida nivel 1,Gasto total,Gasto,Dato base,2022M11,2022-11,5381.97
13938,Partidas de gasto,Partida nivel 1,Gasto total,Gasto,Dato base,2022M10,2022-10,8311.2
13938,Partidas de gasto,Partida nivel 1,Gasto total,Gasto,Dato base,2022M09,2022-09,9147.69
13938,Partidas de gasto,Partida nivel 1,Gasto total,Gasto,Dato base,2022M08,2022-08,11281.82
13938,Partidas de gasto,Partida nivel 1,Gasto total,Gasto,Dato base,2022M07,2022-07,11902.1
13938,Partidas de gasto,Partida nivel 1,Gasto total,Gasto,Dato base,2022M06,2022-06,9025.67
13938,Partidas de gasto,Partida nivel 1,Gasto total,Gasto,Dato base,2022M05,2022-05,8046.91
13938,Partidas de gasto,Partida nivel 1,Gasto total,Gasto,Dato base,2022M04,2022-04,6910.11
13938,Partidas de gasto,Partida nivel 1,Gasto total,Gasto,Dato base,2022M03,2022-03,5077.45
13938,Partidas de gasto,Partida nivel 1,Gasto total,Gasto,Dato base,2022M02,2022-02,3774.69
13938,Partidas de gasto,Partida nivel 1,Gasto total,Gasto,Dato base,2022M01,2022-01,3039.78
13938,Partidas de gasto,Partida nivel 1,Gasto total,Gasto,Dato base,2021M12,2021-12,3536.59
13938,Partidas de gasto,Partida nivel 1,Gasto total,Gasto,Dato base,2021M11,2021-11,3761.5
13938,Partidas de gasto,Partida nivel 1,Gasto total,Gasto,Dato base,2021M10,2021-10,5606.29
13938,Partidas de gasto,Partida nivel 1,Gasto total,Gasto,Dato base,2021M09,2021-09,5051.2
13938,Partidas de gasto,Partida nivel 1,Gasto total,Gasto,Dato base,2021M08,2021-08,5907.3
13938,Partidas de gasto,Partida nivel 1,Gasto total,Gasto,Dato base,2021M07,2021-07,5229.47
13938,Partidas de gasto,Partida nivel 1,Gasto total,Gasto,Dato base,2021M06,2021-06,2421.69
13938,Partidas de gasto,Partida nivel 1,Gasto total,Gasto,Dato base,2021M05,2021-05,1395.78
13938,Partidas de gasto,Partida nivel 1,Gasto total,Gasto,Dato base,2021M04,2021-04,668.42
13938,Partidas de gasto,Partida nivel 1,Gasto total,Gasto,Dato base,2021M03,2021-03,543.89
13938,Partidas de gasto,Partida nivel 1,Gasto total,Gasto,Dato base,2021M02,2021-02,323.82
13938,Partidas de gasto,Partida nivel 1,Gasto total,Gasto,Dato base,2021M01,2021-01,457.43
13938,Partidas de gasto,Partida nivel 1,Gasto total,Gasto,Dato base,2020M12,2020-12,696.81
13938,Partidas de gasto,Partida nivel 1,Gasto total,Gasto,Dato base,2020M11,2020-11,481.98
13938,Partidas de gasto,Partida nivel 1,Gasto total,Gasto,Dato base,2020M10,2020-10,864.49
13938,Partidas de gasto,Partida nivel 1,Gasto total,Gasto,Dato base,2020M09,2020-09,964.49
13938,Partidas de gasto,Partida nivel 1,Gasto total,Gasto,Dato base,2020M08,2020-08,2456.85
13938,Partidas de gasto,Partida nivel 1,Gasto total,Gasto,Dato base,2020M07,2020-07,2457.94
13938,Partidas de gasto,Partida nivel 1,Gasto total,Gasto,Dato base,2020M06,2020-06,133.89
13938,Partidas de gasto,Partida nivel 1,Gasto total,Gasto,Dato base,2020M05,2020-05,0.0
13938,Partidas de gasto,Partida nivel 1,Gasto total,Gasto,Dato base,2020M04,2020-04,0.0
13938,Partidas de gasto,Partida nivel 1,Gasto total,Gasto,Dato base,2020M03,2020-03,2173.73
13938,Partidas de gasto,Partida nivel 1,Gasto total,Gasto,Dato base,2020M02,2020-02,4789.29
13938,Partidas de gasto,Partida nivel 1,Gasto total,Gasto,Dato base,2020M01,2020-01,4767.31
13938,Partidas de gasto,Partida nivel 1,Gasto total,Gasto,Dato base,2019M12,2019-12,5010.84
13938,Partidas de gasto,Partida nivel 1,Gasto total,Gasto,Dato base,2019M11,2019-11,5062.63
13938,Partidas de gasto,Partida nivel 1,Gasto total,Gasto,Dato base,2019M10,2019-10,8322.55
13938,Partidas de gasto,Partida nivel 1,Gasto total,Gasto,Dato base,2019M09,2019-09,9617.21
13938,Partidas de gasto,Partida nivel 1,Gasto total,Gasto,Dato base,2019M08,2019-08,11704.76
13938,Partidas de gasto,Partida nivel 1,Gasto total,Gasto,Dato base,2019M07,2019-07,11941.51
13938,Partidas de gasto,Partida nivel 1,Gasto total,Gasto,Dato base,2019M06,2019-06,9686.12
13938,Partidas de gasto,Partida nivel 1,Gasto total,Gasto,Dato base,2019M05,2019-05,8137.84
13938,Partidas de gasto,Partida nivel 1,Gasto total,Gasto,Dato base,2019M04,2019-04,7056.36
13938,Partidas de gasto,Partida nivel 1,Gasto total,Gasto,Dato base,2019M03,2019-03,6034.87
13938,Partidas de gasto,Partida nivel 1,Gasto total,Gasto,Dato base,2019M02,2019-02,4658.61
13938,Partidas de gasto,Partida nivel 1,Gasto total,Gasto,Dato base,2019M01,2019-01,4678.67
13938,Partidas de gasto,Partida nivel 1,Gasto total,Gasto,Dato base,2018M12,2018-12,5009.52
13938,Partidas de gasto,Partida nivel 1,Gasto total,Gasto,Dato base,2018M11,2018-11,4888.55
13938,Partidas de gasto,Partida nivel 1,Gasto total,Gasto,Dato base,2018M10,2018-10,8164.58
13938,Partidas de gasto,Partida nivel 1,Gasto total,Gasto,Dato base,2018M09,2018-09,9545.81
13938,Partidas de gasto,Partida nivel 1,Gasto total,Gasto,Dato base,2018M08,2018-08,11459.69
13938,Partidas de gasto,Partida nivel 1,Gasto total,Gasto,Dato base,2018M07,2018-07,11748.1
13938,Partidas de gasto,Partida nivel 1,Gasto total,Gasto,Dato base,2018M06,2018-06,9370.81
13938,Partidas de gasto,Partida nivel 1,Gasto total,Gasto,Dato base,2018M05,2018-05,8155.06
13938,Partidas de gasto,Partida nivel 1,Gasto total,Gasto,Dato base,2018M04,2018-04,6621.53
13938,Partidas de gasto,Partida nivel 1,Gasto total,Gasto,Dato base,2018M03,2018-03,5726.73
13938,Partidas de gasto,Partida nivel 1,Gasto total,Gasto,Dato base,2018M02,2018-02,4535.94
13938,Partidas de gasto,Partida nivel 1,Gasto total,Gasto,Dato base,2018M01,2018-01,4524.43
13938,Partidas de gasto,Partida nivel 1,Gasto total,Gasto,Dato base,2017M12,2017-12,4530.66
13938,Partidas de gasto,Partida nivel 1,Gasto total,Gasto,Dato base,2017M11,2017-11,4642.35
13938,Partidas de gasto,Partida nivel 1,Gasto total,Gasto,Dato base,2017M10,2017-10,7789.23
13938,Partidas de gasto,Partida nivel 1,Gasto total,Gasto,Dato base,2017M09,2017-09,9476.29
13938,Partidas de gasto,Partida nivel 1,Gasto total,Gasto,Dato base,2017M08,2017-08,11340.29
13938,Partidas de gasto,Partida nivel 1,Gasto total,Gasto,Dato base,2017M07,2017-07,11850.99
13938,Partidas de gasto,Partida nivel 1,Gasto total,Gasto,Dato base,2017M06,2017-06,8987.77
13938,Partidas de gasto,Partida nivel 1,Gasto total,Gasto,Dato base,2017M05,2017-05,7927.07
13938,Partidas de gasto,Partida nivel 1,Gasto total,Gasto,Dato base,2017M04,2017-04,6782.08
13938,Partidas de gasto,Partida nivel 1,Gasto total,Gasto,Dato base,2017M03,2017-03,5109.49
13938,Partidas de gasto,Partida nivel 1,Gasto total,Gasto,Dato base,2017M02,2017-02,4304.73
13938,Partidas de gasto,Partida nivel 1,Gasto total,Gasto,Dato base,2017M01,2017-01,4262.99
13938,Partidas de gasto,Partida nivel 1,Gasto total,Gasto,Dato base,2016M12,2016-12,4525.45
13938,Partidas de gasto,Partida nivel 1,Gasto total,Gasto,Dato base,2016M11,2016-11,4205.06
13938,Partidas de gasto,Partida nivel 1,Gasto total,Gasto,Dato base,2016M10,2016-10,7333.85
13938,Partidas de gasto,Partida nivel 1,Gasto total,Gasto,Dato base,2016M09,2016-09,8399.31
13938,Partidas de gasto,Partida nivel 1,Gasto total,Gasto,Dato base,2016M08,2016-08,10281.98
13938,Partidas de gasto,Partida nivel 1,Gasto total,Gasto,Dato base,2016M07,2016-07,10238.54
13938,Partidas de gasto,Partida nivel 1,Gasto total,Gasto,Dato base,2016M06,2016-06,7817.41
13938,Partidas de gasto,Partida nivel 1,Gasto total,Gasto,Dato base,2016M05,2016-05,6917.93
13938,Partidas de gasto,Partida nivel 1,Gasto total,Gasto,Dato base,2016M04,2016-04,5627.99
13938,Partidas de gasto,Partida nivel 1,Gasto total,Gasto,Dato base,2016M03,2016-03,4624.47
13938,Partidas de gasto,Partida nivel 1,Gasto total,Gasto,Dato base,2016M02,2016-02,3706.27
13938,Partidas de gasto,Partida nivel 1,Gasto total,Gasto,Dato base,2016M01,2016-01,3737.26
13938,Partidas de gasto,Partida nivel 1,Gasto total,Gasto,Dato base,2015M12,2015-12,3773.27
13938,Partidas de gasto,Partida nivel 1,Gasto total,Gasto,Dato base,2015M11,2015-11,3872.84
13938,Partidas de gasto,Partida nivel 1,Gasto total,Gasto,Dato base,2015M10,2015-10,6280.63
