Via de acceso;Tipo de dato;Gastos y duración media de los viajes;Periodo;Total
Total;Dato base;Gasto total;2026M07;18.217,95
Total;Dato base;Gasto total;2026M06;13.579,04
Total;Dato base;Gasto total;2026M05;13.553,47
Total;Dato base;Gasto total;2026M04;11.685,64
Total;Dato base;Gasto total;2026M03;9.606,40
Total;Dato base;Gasto total;2026M02;7.606,44
Total;Dato base;Gasto total;2026M01;7.804,61
Total;Dato base;Gasto total;2025M12;7.993,41
Total;Dato base;Gasto total;2025M11;8.087,84
Total;Dato base;Gasto total;2025M10;12.803,00
Total;Dato base;Gasto total;2025M09;13.404,59
Total;Dato base;Gasto total;2025M08;16.341,58
Total;Dato base;Gasto total;2025M07;16.432,61
Total;Dato base;Gasto total;2025M06;13.050,58
Total;Dato base;Gasto total;2025M05;12.226,41
Total;Dato base;Gasto total;2025M04;10.875,75
Total;Dato base;Gasto total;2025M03;9.112,01
Total;Dato base;Gasto total;2025M02;7.272,63
Total;Dato base;Gasto total;2025M01;7.142,91
Total;Dato base;Gasto total;2024M12;7.590,34
Total;Dato base;Gasto total;2024M11;7.707,67
Total;Dato base;Gasto total;2024M10;11.898,70
Total;Dato base;Gasto total;2024M09;12.613,05
Total;Dato base;Gasto total;2024M08;15.364,42
Total;Dato base;Gasto total;2024M07;15.513,29
Total;Dato base;Gasto total;2024M06;12.356,78
Total;Dato base;Gasto total;2024M05;11.686,91
Total;Dato base;Gasto total;2024M04;9.488,10
Total;Dato base;Gasto total;2024M03;8.631,35
Total;Dato base;Gasto total;2024M02;6.746,32
Total;Dato base;Gasto total;2024M01;6.546,30
Total;Dato base;Gasto total;2023M12;7.090,50
Total;Dato base;Gasto total;2023M11;6.644,47
Total;Dato base;Gasto total;2023M10;10.302,07
Total;Dato base;Gasto total;2023M09;11.193,59
Total;Dato base;Gasto total;2023M08;13.599,39
Total;Dato base;Gasto total;2023M07;13.880,83
Total;Dato base;Gasto total;2023M06;10.607,99
Total;Dato base;Gasto total;2023M05;9.766,97
Total;Dato base;Gasto total;2023M04;8.454,47
Total;Dato base;Gasto total;2023M03;6.668,07
Total;Dato base;Gasto total;2023M02;5.364,13
Total;Dato base;Gasto total;2023M01;5.216,94
Total;Dato base;Gasto total;2022M12;5.238,80
Total;Dato base;Gasto total;2022M11;5.381,97
Total;Dato base;Gasto total;2022M10;8.311,20
Total;Dato base;Gasto total;2022M09;9.147,69
Total;Dato base;Gasto total;2022M08;11.281,82
Total;Dato base;Gasto total;2022M07;11.902,10
Total;Dato base;Gasto total;2022M06;9.025,67
Total;Dato base;Gasto total;2022M05;8.046,91
Total;Dato base;Gasto total;2022M04;6.910,11
Total;Dato base;Gasto total;2022M03;5.077,45
Total;Dato base;Gasto total;2022M02;3.774,69
Total;Dato base;Gasto total;2022M01;3.039,78
Total;Dato base;Gasto total;2021M12;3.536,59
Total;Dato base;Gasto total;2021M11;3.761,50
Total;Dato base;Gasto total;2021M10;5.606,29
Total;Dato base;Gasto total;2021M09;5.051,20
Total;Dato base;Gasto total;2021M08;5.907,30
Total;Dato base;Gasto total;2021M07;5.229,47
Total;Dato base;Gasto total;2021M06;2.421,69
Total;Dato base;Gasto total;2021M05;1.395,78
Total;Dato base;Gasto total;2021M04;668,42
Total;Dato base;Gasto total;2021M03;543,89
Total;Dato base;Gasto total;2021M02;323,82
Total;Dato base;Gasto total;2021M01;457,43
Total;Dato base;Gasto total;2020M12;696,81
Total;Dato base;Gasto total;2020M11;481,98
Total;Dato base;Gasto total;2020M10;864,49
Total;Dato base;Gasto total;2020M09;964,49
Total;Dato base;Gasto total;2020M08;2.456,85
Total;Dato base;Gasto total;2020M07;2.457,94
Total;Dato base;Gasto total;2020M06;133,89
Total;Dato base;Gasto total;2020M05;0,00
Total;Dato base;Gasto total;2020M04;0,00
Total;Dato base;Gasto total;2020M03;2.173,73
Total;Dato base;Gasto total;2020M02;4.789,29
Total;Dato base;Gasto total;2020M01;4.767,31
Total;Dato base;Gasto total;2019M12;5.010,84
Total;Dato base;Gasto total;2019M11;5.062,63
Total;Dato base;Gasto total;2019M10;8.322,55
Total;Dato base;Gasto total;2019M09;9.617,21
Total;Dato base;Gasto total;2019M08;11.704,76
Total;Dato base;Gasto total;2019M07;11.941,51
Total;Dato base;Gasto total;2019M06;9.686,12
Total;Dato base;Gasto total;2019M05;8.137,84
Total;Dato base;Gasto total;2019M04;7.056,36
Total;Dato base;Gasto total;2019M03;6.034,87
Total;Dato base;Gasto total;2019M02;4.658,61
Total;Dato base;Gasto total;2019M01;4.678,67
Total;Dato base;Gasto total;2018M12;5.009,52
Total;Dato base;Gasto total;2018M11;4.888,55
Total;Dato base;Gasto total;2018M10;8.164,58
Total;Dato base;Gasto total;2018M09;9.545,81
Total;Dato base;Gasto total;2018M08;11.459,69
Total;Dato base;Gasto total;2018M07;11.748,10
Total;Dato base;Gasto total;2018M06;9.370,81
Total;Dato base;Gasto total;2018M05;8.155,06
Total;Dato base;Gasto total;2018M04;6.621,53
Total;Dato base;Gasto total;2018M03;5.726,73
Total;Dato base;Gasto total;2018M02;4.535,94
Total;Dato base;Gasto total;2018M01;4.524,43
Total;Dato base;Gasto total;2017M12;4.530,66
Total;Dato base;Gasto total;2017M11;4.642,35
Total;Dato base;Gasto total;2017M10;7.789,23
Total;Dato base;Gasto total;2017M09;9.476,29
Total;Dato base;Gasto total;2017M08;11.340,29
Total;Dato base;Gasto total;2017M07;11.850,99
Total;Dato base;Gasto total;2017M06;8.987,77
Total;Dato base;Gasto total;2017M05;7.927,07
Total;Dato base;Gasto total;2017M04;6.782,08
Total;Dato base;Gasto total;2017M03;5.109,49
Total;Dato base;Gasto total;2017M02;4.304,73
Total;Dato base;Gasto total;2017M01;4.262,99
Total;Dato base;Gasto total;2016M12;4.525,45
Total;Dato base;Gasto total;2016M11;4.205,06
Total;Dato base;Gasto total;2016M10;7.333,85
Total;Dato base;Gasto total;2016M09;8.399,31
Total;Dato base;Gasto total;2016M08;10.281,98
Total;Dato base;Gasto total;2016M07;10.238,54
Total;Dato base;Gasto total;2016M06;7.817,41
Total;Dato base;Gasto total;2016M05;6.917,93
Total;Dato base;Gasto total;2016M04;5.627,99
Total;Dato base;Gasto total;2016M03;4.624,47
Total;Dato base;Gasto total;2016M02;3.706,27
Total;Dato base;Gasto total;2016M01;3.737,26
Total;Dato base;Gasto total;2015M12;3.773,27
Total;Dato base;Gasto total;2015M11;3.872,84
Total;Dato base;Gasto total;2015M10;6.280,63
Total;Dato base;Gasto medio por persona;2026M07;1.579
Total;Dato base;Gasto medio por persona;2026M06;1.393
Total;Dato base;Gasto medio por persona;2026M05;1.321
Total;Dato base;Gasto medio por persona;2026M04;1.291
Total;Dato base;Gasto medio por persona;2026M03;1.411
Total;Dato base;Gasto medio por persona;2026M02;1.366
Total;Dato base;Gasto medio por persona;2026M01;1.522
Total;Dato base;Gasto medio por persona;2025M12;1.515
Total;Dato base;Gasto medio por persona;2025M11;1.401
Total;Dato base;Gasto medio por persona;2025M10;1.383
Total;Dato base;Gasto medio por persona;2025M09;1.379
Total;Dato base;Gasto medio por persona;2025M08;1.456
Total;Dato base;Gasto medio por persona;2025M07;1.490
Total;Dato base;Gasto medio por persona;2025M06;1.378
Total;Dato base;Gasto medio por persona;2025M05;1.305
Total;Dato base;Gasto medio por persona;2025M04;1.264
Total;Dato base;Gasto medio por persona;2025M03;1.382
Total;Dato base;Gasto medio por persona;2025M02;1.343
Total;Dato base;Gasto medio por persona;2025M01;1.410
Total;Dato base;Gasto medio por persona;2024M12;1.442
Total;Dato base;Gasto medio por persona;2024M11;1.359
Total;Dato base;Gasto medio por persona;2024M10;1.328
Total;Dato base;Gasto medio por persona;2024M09;1.314
Total;Dato base;Gasto medio por persona;2024M08;1.406
Total;Dato base;Gasto medio por persona;2024M07;1.429
Total;Dato base;Gasto medio por persona;2024M06;1.329
Total;Dato base;Gasto medio por persona;2024M05;1.263
Total;Dato base;Gasto medio por persona;2024M04;1.219
Total;Dato base;Gasto medio por persona;2024M03;1.359
Total;Dato base;Gasto medio por persona;2024M02;1.346
Total;Dato base;Gasto medio por persona;2024M01;1.371
Total;Dato base;Gasto medio por persona;2023M12;1.361
Total;Dato base;Gasto medio por persona;2023M11;1.294
Total;Dato base;Gasto medio por persona;2023M10;1.258
Total;Dato base;Gasto medio por persona;2023M09;1.273
Total;Dato base;Gasto medio por persona;2023M08;1.335
Total;Dato base;Gasto medio por persona;2023M07;1.372
Total;Dato base;Gasto medio por persona;2023M06;1.277
Total;Dato base;Gasto medio por persona;2023M05;1.177
Total;Dato base;Gasto medio por persona;2023M04;1.170
Total;Dato base;Gasto medio por persona;2023M03;1.271
Total;Dato base;Gasto medio por persona;2023M02;1.242
Total;Dato base;Gasto medio por persona;2023M01;1.262
Total;Dato base;Gasto medio por persona;2022M12;1.269
Total;Dato base;Gasto medio por persona;2022M11;1.242
Total;Dato base;Gasto medio por persona;2022M10;1.158
Total;Dato base;Gasto medio por persona;2022M09;1.178
Total;Dato base;Gasto medio por persona;2022M08;1.275
Total;Dato base;Gasto medio por persona;2022M07;1.309
Total;Dato base;Gasto medio por persona;2022M06;1.204
Total;Dato base;Gasto medio por persona;2022M05;1.151
Total;Dato base;Gasto medio por persona;2022M04;1.132
Total;Dato base;Gasto medio por persona;2022M03;1.257
Total;Dato base;Gasto medio por persona;2022M02;1.187
Total;Dato base;Gasto medio por persona;2022M01;1.215
Total;Dato base;Gasto medio por persona;2021M12;1.200
Total;Dato base;Gasto medio por persona;2021M11;1.119
Total;Dato base;Gasto medio por persona;2021M10;1.089
Total;Dato base;Gasto medio por persona;2021M09;1.074
Total;Dato base;Gasto medio por persona;2021M08;1.137
Total;Dato base;Gasto medio por persona;2021M07;1.189
Total;Dato base;Gasto medio por persona;2021M06;1.093
Total;Dato base;Gasto medio por persona;2021M05;1.024
Total;Dato base;Gasto medio por persona;2021M04;1.062
Total;Dato base;Gasto medio por persona;2021M03;1.107
Total;Dato base;Gasto medio por persona;2021M02;1.136
Total;Dato base;Gasto medio por persona;2021M01;1.044
Total;Dato base;Gasto medio por persona;2020M12;1.074
Total;Dato base;Gasto medio por persona;2020M11;1.055
Total;Dato base;Gasto medio por persona;2020M10;847
Total;Dato base;Gasto medio por persona;2020M09;847
Total;Dato base;Gasto medio por persona;2020M08;1.007
Total;Dato base;Gasto medio por persona;2020M07;997
Total;Dato base;Gasto medio por persona;2020M06;655
Total;Dato base;Gasto medio por persona;2020M05;0
Total;Dato base;Gasto medio por persona;2020M04;0
Total;Dato base;Gasto medio por persona;2020M03;1.088
Total;Dato base;Gasto medio por persona;2020M02;1.082
Total;Dato base;Gasto medio por persona;2020M01;1.153
Total;Dato base;Gasto medio por persona;2019M12;1.164
Total;Dato base;Gasto medio por persona;2019M11;1.088
Total;Dato base;Gasto medio por persona;2019M10;1.097
Total;Dato base;Gasto medio por persona;2019M09;1.087
Total;Dato base;Gasto medio por persona;2019M08;1.157
Total;Dato base;Gasto medio por persona;2019M07;1.209
Total;Dato base;Gasto medio por persona;2019M06;1.096
Total;Dato base;Gasto medio por persona;2019M05;1.028
Total;Dato base;Gasto medio por persona;2019M04;987
Total;Dato base;Gasto medio por persona;2019M03;1.068
Total;Dato base;Gasto medio por persona;2019M02;1.063
Total;Dato base;Gasto medio por persona;2019M01;1.115
Total;Dato base;Gasto medio por persona;2018M12;1.150
Total;Dato base;Gasto medio por persona;2018M11;1.078
Total;Dato base;Gasto medio por persona;2018M10;1.067
Total;Dato base;Gasto medio por persona;2018M09;1.069
Total;Dato base;Gasto medio por persona;2018M08;1.126
Total;Dato base;Gasto medio por persona;2018M07;1.172
Total;Dato base;Gasto medio por persona;2018M06;1.095
Total;Dato base;Gasto medio por persona;2018M05;1.009
Total;Dato base;Gasto medio por persona;2018M04;977
Total;Dato base;Gasto medio por persona;2018M03;1.062
Total;Dato base;Gasto medio por persona;2018M02;1.075
Total;Dato base;Gasto medio por persona;2018M01;1.102
Total;Dato base;Gasto medio por persona;2017M12;1.138
Total;Dato base;Gasto medio por persona;2017M11;1.057
Total;Dato base;Gasto medio por persona;2017M10;1.071
Total;Dato base;Gasto medio por persona;2017M09;1.067
Total;Dato base;Gasto medio por persona;2017M08;1.091
Total;Dato base;Gasto medio por persona;2017M07;1.129
Total;Dato base;Gasto medio por persona;2017M06;1.066
Total;Dato base;Gasto medio por persona;2017M05;991
Total;Dato base;Gasto medio por persona;2017M04;958
Total;Dato base;Gasto medio por persona;2017M03;1.040
Total;Dato base;Gasto medio por persona;2017M02;1.045
Total;Dato base;Gasto medio por persona;2017M01;1.091
Total;Dato base;Gasto medio por persona;2016M12;1.134
Total;Dato base;Gasto medio por persona;2016M11;1.026
Total;Dato base;Gasto medio por persona;2016M10;1.027
Total;Dato base;Gasto medio por persona;2016M09;1.059
Total;Dato base;Gasto medio por persona;2016M08;1.025
Total;Dato base;Gasto medio por persona;2016M07;1.073
Total;Dato base;Gasto medio por persona;2016M06;1.035
Total;Dato base;Gasto medio por persona;2016M05;973
Total;Dato base;Gasto medio por persona;2016M04;925
Total;Dato base;Gasto medio por persona;2016M03;999
Total;Dato base;Gasto medio por persona;2016M02;1.007
Total;Dato base;Gasto medio por persona;2016M01;1.060
Total;Dato base;Gasto medio por persona;2015M12;1.074
Total;Dato base;Gasto medio por persona;2015M11;1.031
Total;Dato base;Gasto medio por persona;2015M10;976
Total;Dato base;Gasto medio diario por persona;2026M07;218
Total;Dato base;Gasto medio diario por persona;2026M06;211
Total;Dato base;Gasto medio diario por persona;2026M05;214
Total;Dato base;Gasto medio diario por persona;2026M04;189
Total;Dato base;Gasto medio diario por persona;2026M03;198
Total;Dato base;Gasto medio diario por persona;2026M02;190
Total;Dato base;Gasto medio diario por persona;2026M01;177
Total;Dato base;Gasto medio diario por persona;2025M12;168
Total;Dato base;Gasto medio diario por persona;2025M11;189
Total;Dato base;Gasto medio diario por persona;2025M10;202
Total;Dato base;Gasto medio diario por persona;2025M09;204
Total;Dato base;Gasto medio diario por persona;2025M08;199
Total;Dato base;Gasto medio diario por persona;2025M07;210
Total;Dato base;Gasto medio diario por persona;2025M06;210
Total;Dato base;Gasto medio diario por persona;2025M05;210
Total;Dato base;Gasto medio diario por persona;2025M04;187
Total;Dato base;Gasto medio diario por persona;2025M03;188
Total;Dato base;Gasto medio diario por persona;2025M02;184
Total;Dato base;Gasto medio diario por persona;2025M01;165
Total;Dato base;Gasto medio diario por persona;2024M12;159
Total;Dato base;Gasto medio diario por persona;2024M11;178
Total;Dato base;Gasto medio diario por persona;2024M10;191
Total;Dato base;Gasto medio diario por persona;2024M09;195
Total;Dato base;Gasto medio diario por persona;2024M08;189
Total;Dato base;Gasto medio diario por persona;2024M07;196
Total;Dato base;Gasto medio diario por persona;2024M06;197
Total;Dato base;Gasto medio diario por persona;2024M05;205
Total;Dato base;Gasto medio diario por persona;2024M04;185
Total;Dato base;Gasto medio diario por persona;2024M03;180
Total;Dato base;Gasto medio diario por persona;2024M02;173
Total;Dato base;Gasto medio diario por persona;2024M01;158
Total;Dato base;Gasto medio diario por persona;2023M12;149
Total;Dato base;Gasto medio diario por persona;2023M11;174
Total;Dato base;Gasto medio diario por persona;2023M10;185
Total;Dato base;Gasto medio diario por persona;2023M09;188
Total;Dato base;Gasto medio diario por persona;2023M08;173
Total;Dato base;Gasto medio diario por persona;2023M07;191
Total;Dato base;Gasto medio diario por persona;2023M06;192
Total;Dato base;Gasto medio diario por persona;2023M05;188
Total;Dato base;Gasto medio diario por persona;2023M04;174
Total;Dato base;Gasto medio diario por persona;2023M03;170
Total;Dato base;Gasto medio diario por persona;2023M02;164
Total;Dato base;Gasto medio diario por persona;2023M01;149
Total;Dato base;Gasto medio diario por persona;2022M12;146
Total;Dato base;Gasto medio diario por persona;2022M11;167
Total;Dato base;Gasto medio diario por persona;2022M10;168
Total;Dato base;Gasto medio diario por persona;2022M09;170
Total;Dato base;Gasto medio diario por persona;2022M08;163
Total;Dato base;Gasto medio diario por persona;2022M07;169
Total;Dato base;Gasto medio diario por persona;2022M06;174
Total;Dato base;Gasto medio diario por persona;2022M05;176
Total;Dato base;Gasto medio diario por persona;2022M04;155
Total;Dato base;Gasto medio diario por persona;2022M03;157
Total;Dato base;Gasto medio diario por persona;2022M02;137
Total;Dato base;Gasto medio diario por persona;2022M01;124
Total;Dato base;Gasto medio diario por persona;2021M12;126
Total;Dato base;Gasto medio diario por persona;2021M11;142
Total;Dato base;Gasto medio diario por persona;2021M10;140
Total;Dato base;Gasto medio diario por persona;2021M09;138
Total;Dato base;Gasto medio diario por persona;2021M08;135
Total;Dato base;Gasto medio diario por persona;2021M07;145
Total;Dato base;Gasto medio diario por persona;2021M06;147
Total;Dato base;Gasto medio diario por persona;2021M05;141
Total;Dato base;Gasto medio diario por persona;2021M04;131
Total;Dato base;Gasto medio diario por persona;2021M03;131
Total;Dato base;Gasto medio diario por persona;2021M02;118
Total;Dato base;Gasto medio diario por persona;2021M01;106
Total;Dato base;Gasto medio diario por persona;2020M12;110
Total;Dato base;Gasto medio diario por persona;2020M11;124
Total;Dato base;Gasto medio diario por persona;2020M10;106
Total;Dato base;Gasto medio diario por persona;2020M09;107
Total;Dato base;Gasto medio diario por persona;2020M08;117
Total;Dato base;Gasto medio diario por persona;2020M07;124
Total;Dato base;Gasto medio diario por persona;2020M06;109
Total;Dato base;Gasto medio diario por persona;2020M05;0
Total;Dato base;Gasto medio diario por persona;2020M04;0
Total;Dato base;Gasto medio diario por persona;2020M03;154
Total;Dato base;Gasto medio diario por persona;2020M02;152
Total;Dato base;Gasto medio diario por persona;2020M01;145
Total;Dato base;Gasto medio diario por persona;2019M12;149
Total;Dato base;Gasto medio diario por persona;2019M11;161
Total;Dato base;Gasto medio diario por persona;2019M10;161
Total;Dato base;Gasto medio diario por persona;2019M09;152
Total;Dato base;Gasto medio diario por persona;2019M08;147
Total;Dato base;Gasto medio diario por persona;2019M07;160
Total;Dato base;Gasto medio diario por persona;2019M06;164
Total;Dato base;Gasto medio diario por persona;2019M05;164
Total;Dato base;Gasto medio diario por persona;2019M04;154
Total;Dato base;Gasto medio diario por persona;2019M03;151
Total;Dato base;Gasto medio diario por persona;2019M02;148
Total;Dato base;Gasto medio diario por persona;2019M01;139
Total;Dato base;Gasto medio diario por persona;2018M12;137
Total;Dato base;Gasto medio diario por persona;2018M11;154
Total;Dato base;Gasto medio diario por persona;2018M10;151
Total;Dato base;Gasto medio diario por persona;2018M09;147
Total;Dato base;Gasto medio diario por persona;2018M08;139
Total;Dato base;Gasto medio diario por persona;2018M07;152
Total;Dato base;Gasto medio diario por persona;2018M06;151
Total;Dato base;Gasto medio diario por persona;2018M05;149
Total;Dato base;Gasto medio diario por persona;2018M04;144
Total;Dato base;Gasto medio diario por persona;2018M03;142
Total;Dato base;Gasto medio diario por persona;2018M02;141
Total;Dato base;Gasto medio diario por persona;2018M01;132
Total;Dato base;Gasto medio diario por persona;2017M12;127
Total;Dato base;Gasto medio diario por persona;2017M11;138
Total;Dato base;Gasto medio diario por persona;2017M10;143
Total;Dato base;Gasto medio diario por persona;2017M09;143
Total;Dato base;Gasto medio diario por persona;2017M08;126
Total;Dato base;Gasto medio diario por persona;2017M07;139
Total;Dato base;Gasto medio diario por persona;2017M06;143
Total;Dato base;Gasto medio diario por persona;2017M05;145
Total;Dato base;Gasto medio diario por persona;2017M04;139
Total;Dato base;Gasto medio diario por persona;2017M03;141
Total;Dato base;Gasto medio diario por persona;2017M02;132
Total;Dato base;Gasto medio diario por persona;2017M01;129
Total;Dato base;Gasto medio diario por persona;2016M12;124
Total;Dato base;Gasto medio diario por persona;2016M11;138
Total;Dato base;Gasto medio diario por persona;2016M10;136
Total;Dato base;Gasto medio diario por persona;2016M09;135
Total;Dato base;Gasto medio diario por persona;2016M08;117
Total;Dato base;Gasto medio diario por persona;2016M07;131
Total;Dato base;Gasto medio diario por persona;2016M06;136
Total;Dato base;Gasto medio diario por persona;2016M05;142
Total;Dato base;Gasto medio diario por persona;2016M04;130
Total;Dato base;Gasto medio diario por persona;2016M03;131
Total;Dato base;Gasto medio diario por persona;2016M02;129
Total;Dato base;Gasto medio diario por persona;2016M01;122
Total;Dato base;Gasto medio diario por persona;2015M12;116
Total;Dato base;Gasto medio diario por persona;2015M11;130
Total;Dato base;Gasto medio diario por persona;2015M10;120
Total;Dato base;Duración media de los viajes;2026M07;7,23
Total;Dato base;Duración media de los viajes;2026M06;6,60
Total;Dato base;Duración media de los viajes;2026M05;6,19
Total;Dato base;Duración media de los viajes;2026M04;6,82
Total;Dato base;Duración media de los viajes;2026M03;7,14
Total;Dato base;Duración media de los viajes;2026M02;7,20
Total;Dato base;Duración media de los viajes;2026M01;8,62
Total;Dato base;Duración media de los viajes;2025M12;9,02
Total;Dato base;Duración media de los viajes;2025M11;7,42
Total;Dato base;Duración media de los viajes;2025M10;6,86
Total;Dato base;Duración media de los viajes;2025M09;6,78
Total;Dato base;Duración media de los viajes;2025M08;7,33
Total;Dato base;Duración media de los viajes;2025M07;7,08
Total;Dato base;Duración media de los viajes;2025M06;6,57
Total;Dato base;Duración media de los viajes;2025M05;6,22
Total;Dato base;Duración media de los viajes;2025M04;6,77
Total;Dato base;Duración media de los viajes;2025M03;7,33
Total;Dato base;Duración media de los viajes;2025M02;7,31
Total;Dato base;Duración media de los viajes;2025M01;8,55
Total;Dato base;Duración media de los viajes;2024M12;9,05
Total;Dato base;Duración media de los viajes;2024M11;7,62
Total;Dato base;Duración media de los viajes;2024M10;6,95
Total;Dato base;Duración media de los viajes;2024M09;6,73
Total;Dato base;Duración media de los viajes;2024M08;7,46
Total;Dato base;Duración media de los viajes;2024M07;7,29
Total;Dato base;Duración media de los viajes;2024M06;6,75
Total;Dato base;Duración media de los viajes;2024M05;6,16
Total;Dato base;Duración media de los viajes;2024M04;6,59
Total;Dato base;Duración media de los viajes;2024M03;7,56
Total;Dato base;Duración media de los viajes;2024M02;7,76
Total;Dato base;Duración media de los viajes;2024M01;8,68
Total;Dato base;Duración media de los viajes;2023M12;9,12
Total;Dato base;Duración media de los viajes;2023M11;7,43
Total;Dato base;Duración media de los viajes;2023M10;6,79
Total;Dato base;Duración media de los viajes;2023M09;6,78
Total;Dato base;Duración media de los viajes;2023M08;7,73
Total;Dato base;Duración media de los viajes;2023M07;7,18
Total;Dato base;Duración media de los viajes;2023M06;6,64
Total;Dato base;Duración media de los viajes;2023M05;6,26
Total;Dato base;Duración media de los viajes;2023M04;6,73
Total;Dato base;Duración media de los viajes;2023M03;7,46
Total;Dato base;Duración media de los viajes;2023M02;7,57
Total;Dato base;Duración media de los viajes;2023M01;8,48
Total;Dato base;Duración media de los viajes;2022M12;8,69
Total;Dato base;Duración media de los viajes;2022M11;7,46
Total;Dato base;Duración media de los viajes;2022M10;6,91
Total;Dato base;Duración media de los viajes;2022M09;6,91
Total;Dato base;Duración media de los viajes;2022M08;7,84
Total;Dato base;Duración media de los viajes;2022M07;7,73
Total;Dato base;Duración media de los viajes;2022M06;6,92
Total;Dato base;Duración media de los viajes;2022M05;6,53
Total;Dato base;Duración media de los viajes;2022M04;7,30
Total;Dato base;Duración media de los viajes;2022M03;7,99
Total;Dato base;Duración media de los viajes;2022M02;8,67
Total;Dato base;Duración media de los viajes;2022M01;9,80
Total;Dato base;Duración media de los viajes;2021M12;9,51
Total;Dato base;Duración media de los viajes;2021M11;7,87
Total;Dato base;Duración media de los viajes;2021M10;7,79
Total;Dato base;Duración media de los viajes;2021M09;7,80
Total;Dato base;Duración media de los viajes;2021M08;8,43
Total;Dato base;Duración media de los viajes;2021M07;8,22
Total;Dato base;Duración media de los viajes;2021M06;7,43
Total;Dato base;Duración media de los viajes;2021M05;7,28
Total;Dato base;Duración media de los viajes;2021M04;8,11
Total;Dato base;Duración media de los viajes;2021M03;8,48
Total;Dato base;Duración media de los viajes;2021M02;9,60
Total;Dato base;Duración media de los viajes;2021M01;9,86
Total;Dato base;Duración media de los viajes;2020M12;9,77
Total;Dato base;Duración media de los viajes;2020M11;8,48
Total;Dato base;Duración media de los viajes;2020M10;7,97
Total;Dato base;Duración media de los viajes;2020M09;7,92
Total;Dato base;Duración media de los viajes;2020M08;8,59
Total;Dato base;Duración media de los viajes;2020M07;8,03
Total;Dato base;Duración media de los viajes;2020M06;6,01
Total;Dato base;Duración media de los viajes;2020M05;0,00
Total;Dato base;Duración media de los viajes;2020M04;0,00
Total;Dato base;Duración media de los viajes;2020M03;7,08
Total;Dato base;Duración media de los viajes;2020M02;7,13
Total;Dato base;Duración media de los viajes;2020M01;7,97
Total;Dato base;Duración media de los viajes;2019M12;7,80
Total;Dato base;Duración media de los viajes;2019M11;6,74
Total;Dato base;Duración media de los viajes;2019M10;6,81
Total;Dato base;Duración media de los viajes;2019M09;7,13
Total;Dato base;Duración media de los viajes;2019M08;7,88
Total;Dato base;Duración media de los viajes;2019M07;7,55
Total;Dato base;Duración media de los viajes;2019M06;6,71
Total;Dato base;Duración media de los viajes;2019M05;6,27
Total;Dato base;Duración media de los viajes;2019M04;6,40
Total;Dato base;Duración media de los viajes;2019M03;7,09
Total;Dato base;Duración media de los viajes;2019M02;7,19
Total;Dato base;Duración media de los viajes;2019M01;8,05
Total;Dato base;Duración media de los viajes;2018M12;8,42
Total;Dato base;Duración media de los viajes;2018M11;7,01
Total;Dato base;Duración media de los viajes;2018M10;7,08
Total;Dato base;Duración media de los viajes;2018M09;7,29
Total;Dato base;Duración media de los viajes;2018M08;8,09
Total;Dato base;Duración media de los viajes;2018M07;7,70
Total;Dato base;Duración media de los viajes;2018M06;7,26
Total;Dato base;Duración media de los viajes;2018M05;6,76
Total;Dato base;Duración media de los viajes;2018M04;6,77
Total;Dato base;Duración media de los viajes;2018M03;7,49
Total;Dato base;Duración media de los viajes;2018M02;7,63
Total;Dato base;Duración media de los viajes;2018M01;8,37
Total;Dato base;Duración media de los viajes;2017M12;8,99
Total;Dato base;Duración media de los viajes;2017M11;7,65
Total;Dato base;Duración media de los viajes;2017M10;7,47
Total;Dato base;Duración media de los viajes;2017M09;7,48
Total;Dato base;Duración media de los viajes;2017M08;8,65
Total;Dato base;Duración media de los viajes;2017M07;8,11
Total;Dato base;Duración media de los viajes;2017M06;7,46
Total;Dato base;Duración media de los viajes;2017M05;6,84
Total;Dato base;Duración media de los viajes;2017M04;6,90
Total;Dato base;Duración media de los viajes;2017M03;7,39
Total;Dato base;Duración media de los viajes;2017M02;7,93
Total;Dato base;Duración media de los viajes;2017M01;8,45
Total;Dato base;Duración media de los viajes;2016M12;9,15
Total;Dato base;Duración media de los viajes;2016M11;7,43
Total;Dato base;Duración media de los viajes;2016M10;7,55
Total;Dato base;Duración media de los viajes;2016M09;7,86
Total;Dato base;Duración media de los viajes;2016M08;8,76
Total;Dato base;Duración media de los viajes;2016M07;8,20
Total;Dato base;Duración media de los viajes;2016M06;7,60
Total;Dato base;Duración media de los viajes;2016M05;6,86
Total;Dato base;Duración media de los viajes;2016M04;7,11
Total;Dato base;Duración media de los viajes;2016M03;7,62
Total;Dato base;Duración media de los viajes;2016M02;7,81
Total;Dato base;Duración media de los viajes;2016M01;8,70
Total;Dato base;Duración media de los viajes;2015M12;9,25
Total;Dato base;Duración media de los viajes;2015M11;7,95
Total;Dato base;Duración media de los viajes;2015M10;8,12
Total;Tasa de variación anual;Gasto total;2026M07;10,86
Total;Tasa de variación anual;Gasto total;2026M06;4,05
Total;Tasa de variación anual;Gasto total;2026M05;10,85
Total;Tasa de variación anual;Gasto total;2026M04;7,45
Total;Tasa de variación anual;Gasto total;2026M03;5,43
Total;Tasa de variación anual;Gasto total;2026M02;4,59
Total;Tasa de variación anual;Gasto total;2026M01;9,26
Total;Tasa de variación anual;Gasto total;2025M12;5,31
Total;Tasa de variación anual;Gasto total;2025M11;4,93
Total;Tasa de variación anual;Gasto total;2025M10;7,60
Total;Tasa de variación anual;Gasto total;2025M09;6,28
Total;Tasa de variación anual;Gasto total;2025M08;6,36
Total;Tasa de variación anual;Gasto total;2025M07;5,93
Total;Tasa de variación anual;Gasto total;2025M06;5,61
Total;Tasa de variación anual;Gasto total;2025M05;4,62
Total;Tasa de variación anual;Gasto total;2025M04;14,63
Total;Tasa de variación anual;Gasto total;2025M03;5,57
Total;Tasa de variación anual;Gasto total;2025M02;7,80
Total;Tasa de variación anual;Gasto total;2025M01;9,11
Total;Tasa de variación anual;Gasto total;2024M12;7,05
Total;Tasa de variación anual;Gasto total;2024M11;16,00
Total;Tasa de variación anual;Gasto total;2024M10;15,50
Total;Tasa de variación anual;Gasto total;2024M09;12,68
Total;Tasa de variación anual;Gasto total;2024M08;12,98
Total;Tasa de variación anual;Gasto total;2024M07;11,76
Total;Tasa de variación anual;Gasto total;2024M06;16,49
Total;Tasa de variación anual;Gasto total;2024M05;19,66
Total;Tasa de variación anual;Gasto total;2024M04;12,23
Total;Tasa de variación anual;Gasto total;2024M03;29,44
Total;Tasa de variación anual;Gasto total;2024M02;25,77
Total;Tasa de variación anual;Gasto total;2024M01;25,48
Total;Tasa de variación anual;Gasto total;2023M12;35,35
Total;Tasa de variación anual;Gasto total;2023M11;23,46
Total;Tasa de variación anual;Gasto total;2023M10;23,95
Total;Tasa de variación anual;Gasto total;2023M09;22,37
Total;Tasa de variación anual;Gasto total;2023M08;20,54
Total;Tasa de variación anual;Gasto total;2023M07;16,63
Total;Tasa de variación anual;Gasto total;2023M06;17,53
Total;Tasa de variación anual;Gasto total;2023M05;21,38
Total;Tasa de variación anual;Gasto total;2023M04;22,35
Total;Tasa de variación anual;Gasto total;2023M03;31,33
Total;Tasa de variación anual;Gasto total;2023M02;42,11
Total;Tasa de variación anual;Gasto total;2023M01;71,62
Total;Tasa de variación anual;Gasto total;2022M12;48,13
Total;Tasa de variación anual;Gasto total;2022M11;43,08
Total;Tasa de variación anual;Gasto total;2022M10;48,25
Total;Tasa de variación anual;Gasto total;2022M09;81,10
Total;Tasa de variación anual;Gasto total;2022M08;90,98
Total;Tasa de variación anual;Gasto total;2022M07;127,60
Total;Tasa de variación anual;Gasto total;2022M06;272,70
Total;Tasa de variación anual;Gasto total;2022M05;476,52
Total;Tasa de variación anual;Gasto total;2022M04;933,80
Total;Tasa de variación anual;Gasto total;2022M03;833,54
Total;Tasa de variación anual;Gasto total;2022M02;1.065,68
Total;Tasa de variación anual;Gasto total;2022M01;564,53
Total;Tasa de variación anual;Gasto total;2021M12;407,54
Total;Tasa de variación anual;Gasto total;2021M11;680,43
Total;Tasa de variación anual;Gasto total;2021M10;548,51
Total;Tasa de variación anual;Gasto total;2021M09;423,72
Total;Tasa de variación anual;Gasto total;2021M08;140,44
Total;Tasa de variación anual;Gasto total;2021M07;112,76
Total;Tasa de variación anual;Gasto total;2021M06;1.708,65
Total;Tasa de variación anual;Gasto total;2021M05;..
Total;Tasa de variación anual;Gasto total;2021M04;..
Total;Tasa de variación anual;Gasto total;2021M03;-74,98
Total;Tasa de variación anual;Gasto total;2021M02;-93,24
Total;Tasa de variación anual;Gasto total;2021M01;-90,40
Total;Tasa de variación anual;Gasto total;2020M12;-86,09
Total;Tasa de variación anual;Gasto total;2020M11;-90,48
Total;Tasa de variación anual;Gasto total;2020M10;-89,61
Total;Tasa de variación anual;Gasto total;2020M09;-89,97
Total;Tasa de variación anual;Gasto total;2020M08;-79,01
Total;Tasa de variación anual;Gasto total;2020M07;-79,42
Total;Tasa de variación anual;Gasto total;2020M06;-98,62
Total;Tasa de variación anual;Gasto total;2020M05;-100,00
Total;Tasa de variación anual;Gasto total;2020M04;-100,00
Total;Tasa de variación anual;Gasto total;2020M03;-63,98
Total;Tasa de variación anual;Gasto total;2020M02;2,81
Total;Tasa de variación anual;Gasto total;2020M01;1,89
Total;Tasa de variación anual;Gasto total;2019M12;0,03
Total;Tasa de variación anual;Gasto total;2019M11;3,56
Total;Tasa de variación anual;Gasto total;2019M10;1,93
Total;Tasa de variación anual;Gasto total;2019M09;0,75
Total;Tasa de variación anual;Gasto total;2019M08;2,14
Total;Tasa de variación anual;Gasto total;2019M07;1,65
Total;Tasa de variación anual;Gasto total;2019M06;3,36
Total;Tasa de variación anual;Gasto total;2019M05;-0,21
Total;Tasa de variación anual;Gasto total;2019M04;6,57
Total;Tasa de variación anual;Gasto total;2019M03;5,38
Total;Tasa de variación anual;Gasto total;2019M02;2,70
Total;Tasa de variación anual;Gasto total;2019M01;3,41
Total;Tasa de variación anual;Gasto total;2018M12;10,57
Total;Tasa de variación anual;Gasto total;2018M11;5,30
Total;Tasa de variación anual;Gasto total;2018M10;4,82
Total;Tasa de variación anual;Gasto total;2018M09;0,73
Total;Tasa de variación anual;Gasto total;2018M08;1,05
Total;Tasa de variación anual;Gasto total;2018M07;-0,87
Total;Tasa de variación anual;Gasto total;2018M06;4,26
Total;Tasa de variación anual;Gasto total;2018M05;2,88
Total;Tasa de variación anual;Gasto total;2018M04;-2,37
Total;Tasa de variación anual;Gasto total;2018M03;12,08
Total;Tasa de variación anual;Gasto total;2018M02;5,37
Total;Tasa de variación anual;Gasto total;2018M01;6,13
Total;Tasa de variación anual;Gasto total;2017M12;0,11
Total;Tasa de variación anual;Gasto total;2017M11;10,40
Total;Tasa de variación anual;Gasto total;2017M10;6,21
Total;Tasa de variación anual;Gasto total;2017M09;12,82
Total;Tasa de variación anual;Gasto total;2017M08;10,29
Total;Tasa de variación anual;Gasto total;2017M07;15,75
Total;Tasa de variación anual;Gasto total;2017M06;14,97
Total;Tasa de variación anual;Gasto total;2017M05;14,59
Total;Tasa de variación anual;Gasto total;2017M04;20,51
Total;Tasa de variación anual;Gasto total;2017M03;10,49
Total;Tasa de variación anual;Gasto total;2017M02;16,15
Total;Tasa de variación anual;Gasto total;2017M01;14,07
Total;Tasa de variación anual;Gasto total;2016M12;19,93
Total;Tasa de variación anual;Gasto total;2016M11;8,58
Total;Tasa de variación anual;Gasto total;2016M10;16,77
Total;Tasa de variación anual;Gasto total;2016M09;10,30
Total;Tasa de variación anual;Gasto total;2016M08;4,13
Total;Tasa de variación anual;Gasto total;2016M07;7,75
Total;Tasa de variación anual;Gasto total;2016M06;12,77
Total;Tasa de variación anual;Gasto total;2016M05;8,54
Total;Tasa de variación anual;Gasto total;2016M04;4,22
Total;Tasa de variación anual;Gasto total;2016M03;9,43
Total;Tasa de variación anual;Gasto total;2016M02;8,02
Total;Tasa de variación anual;Gasto total;2016M01;3,62
Total;Tasa de variación anual;Gasto total;2015M12;9,42
Total;Tasa de variación anual;Gasto total;2015M11;12,19
Total;Tasa de variación anual;Gasto total;2015M10;4,06
Total;Tasa de variación anual;Gasto medio por persona;2026M07;5,94
Total;Tasa de variación anual;Gasto medio por persona;2026M06;1,13
Total;Tasa de variación anual;Gasto medio por persona;2026M05;1,25
Total;Tasa de variación anual;Gasto medio por persona;2026M04;2,10
Total;Tasa de variación anual;Gasto medio por persona;2026M03;2,09
Total;Tasa de variación anual;Gasto medio por persona;2026M02;1,72
Total;Tasa de variación anual;Gasto medio por persona;2026M01;7,98
Total;Tasa de variación anual;Gasto medio por persona;2025M12;5,05
Total;Tasa de variación anual;Gasto medio por persona;2025M11;3,03
Total;Tasa de variación anual;Gasto medio por persona;2025M10;4,20
Total;Tasa de variación anual;Gasto medio por persona;2025M09;5,01
Total;Tasa de variación anual;Gasto medio por persona;2025M08;3,54
Total;Tasa de variación anual;Gasto medio por persona;2025M07;4,25
Total;Tasa de variación anual;Gasto medio por persona;2025M06;3,68
Total;Tasa de variación anual;Gasto medio por persona;2025M05;3,33
Total;Tasa de variación anual;Gasto medio por persona;2025M04;3,70
Total;Tasa de variación anual;Gasto medio por persona;2025M03;1,66
Total;Tasa de variación anual;Gasto medio por persona;2025M02;-0,21
Total;Tasa de variación anual;Gasto medio por persona;2025M01;2,84
Total;Tasa de variación anual;Gasto medio por persona;2024M12;5,93
Total;Tasa de variación anual;Gasto medio por persona;2024M11;5,06
Total;Tasa de variación anual;Gasto medio por persona;2024M10;5,51
Total;Tasa de variación anual;Gasto medio por persona;2024M09;3,22
Total;Tasa de variación anual;Gasto medio por persona;2024M08;5,29
Total;Tasa de variación anual;Gasto medio por persona;2024M07;4,19
Total;Tasa de variación anual;Gasto medio por persona;2024M06;4,06
Total;Tasa de variación anual;Gasto medio por persona;2024M05;7,30
Total;Tasa de variación anual;Gasto medio por persona;2024M04;4,21
Total;Tasa de variación anual;Gasto medio por persona;2024M03;6,96
Total;Tasa de variación anual;Gasto medio por persona;2024M02;8,39
Total;Tasa de variación anual;Gasto medio por persona;2024M01;8,65
Total;Tasa de variación anual;Gasto medio por persona;2023M12;7,24
Total;Tasa de variación anual;Gasto medio por persona;2023M11;4,21
Total;Tasa de variación anual;Gasto medio por persona;2023M10;8,66
Total;Tasa de variación anual;Gasto medio por persona;2023M09;8,06
Total;Tasa de variación anual;Gasto medio por persona;2023M08;4,71
Total;Tasa de variación anual;Gasto medio por persona;2023M07;4,80
Total;Tasa de variación anual;Gasto medio por persona;2023M06;6,08
Total;Tasa de variación anual;Gasto medio por persona;2023M05;2,19
Total;Tasa de variación anual;Gasto medio por persona;2023M04;3,36
Total;Tasa de variación anual;Gasto medio por persona;2023M03;1,10
Total;Tasa de variación anual;Gasto medio por persona;2023M02;4,57
Total;Tasa de variación anual;Gasto medio por persona;2023M01;3,82
Total;Tasa de variación anual;Gasto medio por persona;2022M12;5,79
Total;Tasa de variación anual;Gasto medio por persona;2022M11;10,97
Total;Tasa de variación anual;Gasto medio por persona;2022M10;6,35
Total;Tasa de variación anual;Gasto medio por persona;2022M09;9,68
Total;Tasa de variación anual;Gasto medio por persona;2022M08;12,16
Total;Tasa de variación anual;Gasto medio por persona;2022M07;10,13
Total;Tasa de variación anual;Gasto medio por persona;2022M06;10,17
Total;Tasa de variación anual;Gasto medio por persona;2022M05;12,46
Total;Tasa de variación anual;Gasto medio por persona;2022M04;6,52
Total;Tasa de variación anual;Gasto medio por persona;2022M03;13,57
Total;Tasa de variación anual;Gasto medio por persona;2022M02;4,49
Total;Tasa de variación anual;Gasto medio por persona;2022M01;16,35
Total;Tasa de variación anual;Gasto medio por persona;2021M12;11,75
Total;Tasa de variación anual;Gasto medio por persona;2021M11;6,04
Total;Tasa de variación anual;Gasto medio por persona;2021M10;28,57
Total;Tasa de variación anual;Gasto medio por persona;2021M09;26,80
Total;Tasa de variación anual;Gasto medio por persona;2021M08;12,94
Total;Tasa de variación anual;Gasto medio por persona;2021M07;19,21
Total;Tasa de variación anual;Gasto medio por persona;2021M06;66,70
Total;Tasa de variación anual;Gasto medio por persona;2021M05;..
Total;Tasa de variación anual;Gasto medio por persona;2021M04;..
Total;Tasa de variación anual;Gasto medio por persona;2021M03;1,69
Total;Tasa de variación anual;Gasto medio por persona;2021M02;5,04
Total;Tasa de variación anual;Gasto medio por persona;2021M01;-9,45
Total;Tasa de variación anual;Gasto medio por persona;2020M12;-7,76
Total;Tasa de variación anual;Gasto medio por persona;2020M11;-2,99
Total;Tasa de variación anual;Gasto medio por persona;2020M10;-22,79
Total;Tasa de variación anual;Gasto medio por persona;2020M09;-22,11
Total;Tasa de variación anual;Gasto medio por persona;2020M08;-12,99
Total;Tasa de variación anual;Gasto medio por persona;2020M07;-17,55
Total;Tasa de variación anual;Gasto medio por persona;2020M06;-40,22
Total;Tasa de variación anual;Gasto medio por persona;2020M05;-100,00
Total;Tasa de variación anual;Gasto medio por persona;2020M04;-100,00
Total;Tasa de variación anual;Gasto medio por persona;2020M03;1,89
Total;Tasa de variación anual;Gasto medio por persona;2020M02;1,72
Total;Tasa de variación anual;Gasto medio por persona;2020M01;3,44
Total;Tasa de variación anual;Gasto medio por persona;2019M12;1,19
Total;Tasa de variación anual;Gasto medio por persona;2019M11;0,93
Total;Tasa de variación anual;Gasto medio por persona;2019M10;2,77
Total;Tasa de variación anual;Gasto medio por persona;2019M09;1,74
Total;Tasa de variación anual;Gasto medio por persona;2019M08;2,72
Total;Tasa de variación anual;Gasto medio por persona;2019M07;3,16
Total;Tasa de variación anual;Gasto medio por persona;2019M06;0,09
Total;Tasa de variación anual;Gasto medio por persona;2019M05;1,89
Total;Tasa de variación anual;Gasto medio por persona;2019M04;1,11
Total;Tasa de variación anual;Gasto medio por persona;2019M03;0,60
Total;Tasa de variación anual;Gasto medio por persona;2019M02;-1,10
Total;Tasa de variación anual;Gasto medio por persona;2019M01;1,21
Total;Tasa de variación anual;Gasto medio por persona;2018M12;1,12
Total;Tasa de variación anual;Gasto medio por persona;2018M11;1,95
Total;Tasa de variación anual;Gasto medio por persona;2018M10;-0,39
Total;Tasa de variación anual;Gasto medio por persona;2018M09;0,11
Total;Tasa de variación anual;Gasto medio por persona;2018M08;3,26
Total;Tasa de variación anual;Gasto medio por persona;2018M07;3,81
Total;Tasa de variación anual;Gasto medio por persona;2018M06;2,77
Total;Tasa de variación anual;Gasto medio por persona;2018M05;1,82
Total;Tasa de variación anual;Gasto medio por persona;2018M04;1,97
Total;Tasa de variación anual;Gasto medio por persona;2018M03;2,12
Total;Tasa de variación anual;Gasto medio por persona;2018M02;2,90
Total;Tasa de variación anual;Gasto medio por persona;2018M01;0,94
Total;Tasa de variación anual;Gasto medio por persona;2017M12;0,31
Total;Tasa de variación anual;Gasto medio por persona;2017M11;3,00
Total;Tasa de variación anual;Gasto medio por persona;2017M10;4,28
Total;Tasa de variación anual;Gasto medio por persona;2017M09;0,82
Total;Tasa de variación anual;Gasto medio por persona;2017M08;6,37
Total;Tasa de variación anual;Gasto medio por persona;2017M07;5,30
Total;Tasa de variación anual;Gasto medio por persona;2017M06;2,98
Total;Tasa de variación anual;Gasto medio por persona;2017M05;1,82
Total;Tasa de variación anual;Gasto medio por persona;2017M04;3,57
Total;Tasa de variación anual;Gasto medio por persona;2017M03;4,04
Total;Tasa de variación anual;Gasto medio por persona;2017M02;3,73
Total;Tasa de variación anual;Gasto medio por persona;2017M01;2,99
Total;Tasa de variación anual;Gasto medio por persona;2016M12;5,58
Total;Tasa de variación anual;Gasto medio por persona;2016M11;-0,52
Total;Tasa de variación anual;Gasto medio por persona;2016M10;5,23
Total;Tasa de variación anual;Gasto medio por persona;2016M09;0,71
Total;Tasa de variación anual;Gasto medio por persona;2016M08;-2,08
Total;Tasa de variación anual;Gasto medio por persona;2016M07;-2,03
Total;Tasa de variación anual;Gasto medio por persona;2016M06;-0,11
Total;Tasa de variación anual;Gasto medio por persona;2016M05;0,33
Total;Tasa de variación anual;Gasto medio por persona;2016M04;-6,60
Total;Tasa de variación anual;Gasto medio por persona;2016M03;-5,21
Total;Tasa de variación anual;Gasto medio por persona;2016M02;-5,20
Total;Tasa de variación anual;Gasto medio por persona;2016M01;-6,68
Total;Tasa de variación anual;Gasto medio por persona;2015M12;1,39
Total;Tasa de variación anual;Gasto medio por persona;2015M11;1,47
Total;Tasa de variación anual;Gasto medio por persona;2015M10;-4,43
Total;Tasa de variación anual;Gasto medio diario por persona;2026M07;3,70
Total;Tasa de variación anual;Gasto medio diario por persona;2026M06;0,75
Total;Tasa de variación anual;Gasto medio diario por persona;2026M05;1,73
Total;Tasa de variación anual;Gasto medio diario por persona;2026M04;1,37
Total;Tasa de variación anual;Gasto medio diario por persona;2026M03;4,85
Total;Tasa de variación anual;Gasto medio diario por persona;2026M02;3,39
Total;Tasa de variación anual;Gasto medio diario por persona;2026M01;7,08
Total;Tasa de variación anual;Gasto medio diario por persona;2025M12;5,33
Total;Tasa de variación anual;Gasto medio diario por persona;2025M11;5,76
Total;Tasa de variación anual;Gasto medio diario por persona;2025M10;5,53
Total;Tasa de variación anual;Gasto medio diario por persona;2025M09;4,36
Total;Tasa de variación anual;Gasto medio diario por persona;2025M08;5,31
Total;Tasa de variación anual;Gasto medio diario por persona;2025M07;7,39
Total;Tasa de variación anual;Gasto medio diario por persona;2025M06;6,51
Total;Tasa de variación anual;Gasto medio diario por persona;2025M05;2,36
Total;Tasa de variación anual;Gasto medio diario por persona;2025M04;0,94
Total;Tasa de variación anual;Gasto medio diario por persona;2025M03;4,77
Total;Tasa de variación anual;Gasto medio diario por persona;2025M02;5,82
Total;Tasa de variación anual;Gasto medio diario por persona;2025M01;4,44
Total;Tasa de variación anual;Gasto medio diario por persona;2024M12;6,73
Total;Tasa de variación anual;Gasto medio diario por persona;2024M11;2,49
Total;Tasa de variación anual;Gasto medio diario por persona;2024M10;3,11
Total;Tasa de variación anual;Gasto medio diario por persona;2024M09;3,93
Total;Tasa de variación anual;Gasto medio diario por persona;2024M08;9,19
Total;Tasa de variación anual;Gasto medio diario por persona;2024M07;2,54
Total;Tasa de variación anual;Gasto medio diario por persona;2024M06;2,27
Total;Tasa de variación anual;Gasto medio diario por persona;2024M05;9,01
Total;Tasa de variación anual;Gasto medio diario por persona;2024M04;6,43
Total;Tasa de variación anual;Gasto medio diario por persona;2024M03;5,60
Total;Tasa de variación anual;Gasto medio diario por persona;2024M02;5,81
Total;Tasa de variación anual;Gasto medio diario por persona;2024M01;6,14
Total;Tasa de variación anual;Gasto medio diario por persona;2023M12;2,28
Total;Tasa de variación anual;Gasto medio diario por persona;2023M11;4,56
Total;Tasa de variación anual;Gasto medio diario por persona;2023M10;10,56
Total;Tasa de variación anual;Gasto medio diario por persona;2023M09;10,11
Total;Tasa de variación anual;Gasto medio diario por persona;2023M08;6,20
Total;Tasa de variación anual;Gasto medio diario por persona;2023M07;12,87
Total;Tasa de variación anual;Gasto medio diario por persona;2023M06;10,59
Total;Tasa de variación anual;Gasto medio diario por persona;2023M05;6,73
Total;Tasa de variación anual;Gasto medio diario por persona;2023M04;12,00
Total;Tasa de variación anual;Gasto medio diario por persona;2023M03;8,30
Total;Tasa de variación anual;Gasto medio diario por persona;2023M02;19,75
Total;Tasa de variación anual;Gasto medio diario por persona;2023M01;19,97
Total;Tasa de variación anual;Gasto medio diario por persona;2022M12;15,75
Total;Tasa de variación anual;Gasto medio diario por persona;2022M11;17,10
Total;Tasa de variación anual;Gasto medio diario por persona;2022M10;19,94
Total;Tasa de variación anual;Gasto medio diario por persona;2022M09;23,79
Total;Tasa de variación anual;Gasto medio diario por persona;2022M08;20,56
Total;Tasa de variación anual;Gasto medio diario por persona;2022M07;17,12
Total;Tasa de variación anual;Gasto medio diario por persona;2022M06;18,21
Total;Tasa de variación anual;Gasto medio diario por persona;2022M05;25,37
Total;Tasa de variación anual;Gasto medio diario por persona;2022M04;18,41
Total;Tasa de variación anual;Gasto medio diario por persona;2022M03;20,50
Total;Tasa de variación anual;Gasto medio diario por persona;2022M02;15,65
Total;Tasa de variación anual;Gasto medio diario por persona;2022M01;17,12
Total;Tasa de variación anual;Gasto medio diario por persona;2021M12;14,81
Total;Tasa de variación anual;Gasto medio diario por persona;2021M11;14,26
Total;Tasa de variación anual;Gasto medio diario por persona;2021M10;31,54
Total;Tasa de variación anual;Gasto medio diario por persona;2021M09;28,80
Total;Tasa de variación anual;Gasto medio diario por persona;2021M08;15,10
Total;Tasa de variación anual;Gasto medio diario por persona;2021M07;16,39
Total;Tasa de variación anual;Gasto medio diario por persona;2021M06;34,94
Total;Tasa de variación anual;Gasto medio diario por persona;2021M05;..
Total;Tasa de variación anual;Gasto medio diario por persona;2021M04;..
Total;Tasa de variación anual;Gasto medio diario por persona;2021M03;-15,08
Total;Tasa de variación anual;Gasto medio diario por persona;2021M02;-22,01
Total;Tasa de variación anual;Gasto medio diario por persona;2021M01;-26,86
Total;Tasa de variación anual;Gasto medio diario por persona;2020M12;-26,40
Total;Tasa de variación anual;Gasto medio diario por persona;2020M11;-22,92
Total;Tasa de variación anual;Gasto medio diario por persona;2020M10;-34,00
Total;Tasa de variación anual;Gasto medio diario por persona;2020M09;-29,88
Total;Tasa de variación anual;Gasto medio diario por persona;2020M08;-20,15
Total;Tasa de variación anual;Gasto medio diario por persona;2020M07;-22,46
Total;Tasa de variación anual;Gasto medio diario por persona;2020M06;-33,31
Total;Tasa de variación anual;Gasto medio diario por persona;2020M05;-100,00
Total;Tasa de variación anual;Gasto medio diario por persona;2020M04;-100,00
Total;Tasa de variación anual;Gasto medio diario por persona;2020M03;1,99
Total;Tasa de variación anual;Gasto medio diario por persona;2020M02;2,65
Total;Tasa de variación anual;Gasto medio diario por persona;2020M01;4,45
Total;Tasa de variación anual;Gasto medio diario por persona;2019M12;9,26
Total;Tasa de variación anual;Gasto medio diario por persona;2019M11;5,01
Total;Tasa de variación anual;Gasto medio diario por persona;2019M10;6,77
Total;Tasa de variación anual;Gasto medio diario por persona;2019M09;3,98
Total;Tasa de variación anual;Gasto medio diario por persona;2019M08;5,35
Total;Tasa de variación anual;Gasto medio diario por persona;2019M07;5,21
Total;Tasa de variación anual;Gasto medio diario por persona;2019M06;8,29
Total;Tasa de variación anual;Gasto medio diario por persona;2019M05;9,71
Total;Tasa de variación anual;Gasto medio diario por persona;2019M04;6,94
Total;Tasa de variación anual;Gasto medio diario por persona;2019M03;6,30
Total;Tasa de variación anual;Gasto medio diario por persona;2019M02;4,92
Total;Tasa de variación anual;Gasto medio diario por persona;2019M01;5,29
Total;Tasa de variación anual;Gasto medio diario por persona;2018M12;7,96
Total;Tasa de variación anual;Gasto medio diario por persona;2018M11;11,25
Total;Tasa de variación anual;Gasto medio diario por persona;2018M10;5,06
Total;Tasa de variación anual;Gasto medio diario por persona;2018M09;2,67
Total;Tasa de variación anual;Gasto medio diario por persona;2018M08;10,51
Total;Tasa de variación anual;Gasto medio diario por persona;2018M07;9,40
Total;Tasa de variación anual;Gasto medio diario por persona;2018M06;5,62
Total;Tasa de variación anual;Gasto medio diario por persona;2018M05;3,09
Total;Tasa de variación anual;Gasto medio diario por persona;2018M04;3,99
Total;Tasa de variación anual;Gasto medio diario por persona;2018M03;0,80
Total;Tasa de variación anual;Gasto medio diario por persona;2018M02;7,00
Total;Tasa de variación anual;Gasto medio diario por persona;2018M01;1,95
Total;Tasa de variación anual;Gasto medio diario por persona;2017M12;2,09
Total;Tasa de variación anual;Gasto medio diario por persona;2017M11;0,11
Total;Tasa de variación anual;Gasto medio diario por persona;2017M10;5,45
Total;Tasa de variación anual;Gasto medio diario por persona;2017M09;5,95
Total;Tasa de variación anual;Gasto medio diario por persona;2017M08;7,64
Total;Tasa de variación anual;Gasto medio diario por persona;2017M07;6,40
Total;Tasa de variación anual;Gasto medio diario por persona;2017M06;4,98
Total;Tasa de variación anual;Gasto medio diario por persona;2017M05;2,14
Total;Tasa de variación anual;Gasto medio diario por persona;2017M04;6,66
Total;Tasa de variación anual;Gasto medio diario por persona;2017M03;7,19
Total;Tasa de variación anual;Gasto medio diario por persona;2017M02;2,18
Total;Tasa de variación anual;Gasto medio diario por persona;2017M01;5,97
Total;Tasa de variación anual;Gasto medio diario por persona;2016M12;6,72
Total;Tasa de variación anual;Gasto medio diario por persona;2016M11;6,48
Total;Tasa de variación anual;Gasto medio diario por persona;2016M10;13,11
Total;Tasa de variación anual;Gasto medio diario por persona;2016M09;3,13
Total;Tasa de variación anual;Gasto medio diario por persona;2016M08;0,31
Total;Tasa de variación anual;Gasto medio diario por persona;2016M07;5,84
Total;Tasa de variación anual;Gasto medio diario por persona;2016M06;1,77
Total;Tasa de variación anual;Gasto medio diario por persona;2016M05;4,59
Total;Tasa de variación anual;Gasto medio diario por persona;2016M04;1,99
Total;Tasa de variación anual;Gasto medio diario por persona;2016M03;0,23
Total;Tasa de variación anual;Gasto medio diario por persona;2016M02;4,75
Total;Tasa de variación anual;Gasto medio diario por persona;2016M01;0,95
Total;Tasa de variación anual;Gasto medio diario por persona;2015M12;0,84
Total;Tasa de variación anual;Gasto medio diario por persona;2015M11;3,02
Total;Tasa de variación anual;Gasto medio diario por persona;2015M10;-3,50
Total;Tasa de variación anual;Duración media de los viajes;2026M07;2,17
Total;Tasa de variación anual;Duración media de los viajes;2026M06;0,38
Total;Tasa de variación anual;Duración media de los viajes;2026M05;-0,48
Total;Tasa de variación anual;Duración media de los viajes;2026M04;0,72
Total;Tasa de variación anual;Duración media de los viajes;2026M03;-2,64
Total;Tasa de variación anual;Duración media de los viajes;2026M02;-1,62
Total;Tasa de variación anual;Duración media de los viajes;2026M01;0,84
Total;Tasa de variación anual;Duración media de los viajes;2025M12;-0,27
Total;Tasa de variación anual;Duración media de los viajes;2025M11;-2,58
Total;Tasa de variación anual;Duración media de los viajes;2025M10;-1,26
Total;Tasa de variación anual;Duración media de los viajes;2025M09;0,62
Total;Tasa de variación anual;Duración media de los viajes;2025M08;-1,68
Total;Tasa de variación anual;Duración media de los viajes;2025M07;-2,92
Total;Tasa de variación anual;Duración media de los viajes;2025M06;-2,66
Total;Tasa de variación anual;Duración media de los viajes;2025M05;0,95
Total;Tasa de variación anual;Duración media de los viajes;2025M04;2,73
Total;Tasa de variación anual;Duración media de los viajes;2025M03;-2,97
Total;Tasa de variación anual;Duración media de los viajes;2025M02;-5,70
Total;Tasa de variación anual;Duración media de los viajes;2025M01;-1,53
Total;Tasa de variación anual;Duración media de los viajes;2024M12;-0,75
Total;Tasa de variación anual;Duración media de los viajes;2024M11;2,51
Total;Tasa de variación anual;Duración media de los viajes;2024M10;2,33
Total;Tasa de variación anual;Duración media de los viajes;2024M09;-0,69
Total;Tasa de variación anual;Duración media de los viajes;2024M08;-3,57
Total;Tasa de variación anual;Duración media de los viajes;2024M07;1,60
Total;Tasa de variación anual;Duración media de los viajes;2024M06;1,75
Total;Tasa de variación anual;Duración media de los viajes;2024M05;-1,56
Total;Tasa de variación anual;Duración media de los viajes;2024M04;-2,08
Total;Tasa de variación anual;Duración media de los viajes;2024M03;1,28
Total;Tasa de variación anual;Duración media de los viajes;2024M02;2,44
Total;Tasa de variación anual;Duración media de los viajes;2024M01;2,37
Total;Tasa de variación anual;Duración media de los viajes;2023M12;4,85
Total;Tasa de variación anual;Duración media de los viajes;2023M11;-0,34
Total;Tasa de variación anual;Duración media de los viajes;2023M10;-1,72
Total;Tasa de variación anual;Duración media de los viajes;2023M09;-1,86
Total;Tasa de variación anual;Duración media de los viajes;2023M08;-1,40
Total;Tasa de variación anual;Duración media de los viajes;2023M07;-7,14
Total;Tasa de variación anual;Duración media de los viajes;2023M06;-4,08
Total;Tasa de variación anual;Duración media de los viajes;2023M05;-4,25
Total;Tasa de variación anual;Duración media de los viajes;2023M04;-7,72
Total;Tasa de variación anual;Duración media de los viajes;2023M03;-6,65
Total;Tasa de variación anual;Duración media de los viajes;2023M02;-12,68
Total;Tasa de variación anual;Duración media de los viajes;2023M01;-13,46
Total;Tasa de variación anual;Duración media de los viajes;2022M12;-8,60
Total;Tasa de variación anual;Duración media de los viajes;2022M11;-5,24
Total;Tasa de variación anual;Duración media de los viajes;2022M10;-11,33
Total;Tasa de variación anual;Duración media de los viajes;2022M09;-11,40
Total;Tasa de variación anual;Duración media de los viajes;2022M08;-6,97
Total;Tasa de variación anual;Duración media de los viajes;2022M07;-5,97
Total;Tasa de variación anual;Duración media de los viajes;2022M06;-6,80
Total;Tasa de variación anual;Duración media de los viajes;2022M05;-10,30
Total;Tasa de variación anual;Duración media de los viajes;2022M04;-10,04
Total;Tasa de variación anual;Duración media de los viajes;2022M03;-5,75
Total;Tasa de variación anual;Duración media de los viajes;2022M02;-9,66
Total;Tasa de variación anual;Duración media de los viajes;2022M01;-0,66
Total;Tasa de variación anual;Duración media de los viajes;2021M12;-2,67
Total;Tasa de variación anual;Duración media de los viajes;2021M11;-7,19
Total;Tasa de variación anual;Duración media de los viajes;2021M10;-2,26
Total;Tasa de variación anual;Duración media de los viajes;2021M09;-1,55
Total;Tasa de variación anual;Duración media de los viajes;2021M08;-1,87
Total;Tasa de variación anual;Duración media de los viajes;2021M07;2,42
Total;Tasa de variación anual;Duración media de los viajes;2021M06;23,53
Total;Tasa de variación anual;Duración media de los viajes;2021M05;..
Total;Tasa de variación anual;Duración media de los viajes;2021M04;..
Total;Tasa de variación anual;Duración media de los viajes;2021M03;19,74
Total;Tasa de variación anual;Duración media de los viajes;2021M02;34,68
Total;Tasa de variación anual;Duración media de los viajes;2021M01;23,80
Total;Tasa de variación anual;Duración media de los viajes;2020M12;25,32
Total;Tasa de variación anual;Duración media de los viajes;2020M11;25,86
Total;Tasa de variación anual;Duración media de los viajes;2020M10;16,99
Total;Tasa de variación anual;Duración media de los viajes;2020M09;11,08
Total;Tasa de variación anual;Duración media de los viajes;2020M08;8,96
Total;Tasa de variación anual;Duración media de los viajes;2020M07;6,33
Total;Tasa de variación anual;Duración media de los viajes;2020M06;-10,36
Total;Tasa de variación anual;Duración media de los viajes;2020M05;-100,00
Total;Tasa de variación anual;Duración media de los viajes;2020M04;-100,00
Total;Tasa de variación anual;Duración media de los viajes;2020M03;-0,10
Total;Tasa de variación anual;Duración media de los viajes;2020M02;-0,91
Total;Tasa de variación anual;Duración media de los viajes;2020M01;-0,97
Total;Tasa de variación anual;Duración media de los viajes;2019M12;-7,38
Total;Tasa de variación anual;Duración media de los viajes;2019M11;-3,88
Total;Tasa de variación anual;Duración media de los viajes;2019M10;-3,74
Total;Tasa de variación anual;Duración media de los viajes;2019M09;-2,15
Total;Tasa de variación anual;Duración media de los viajes;2019M08;-2,50
Total;Tasa de variación anual;Duración media de los viajes;2019M07;-1,95
Total;Tasa de variación anual;Duración media de los viajes;2019M06;-7,57
Total;Tasa de variación anual;Duración media de los viajes;2019M05;-7,12
Total;Tasa de variación anual;Duración media de los viajes;2019M04;-5,45
Total;Tasa de variación anual;Duración media de los viajes;2019M03;-5,36
Total;Tasa de variación anual;Duración media de los viajes;2019M02;-5,74
Total;Tasa de variación anual;Duración media de los viajes;2019M01;-3,87
Total;Tasa de variación anual;Duración media de los viajes;2018M12;-6,34
Total;Tasa de variación anual;Duración media de los viajes;2018M11;-8,36
Total;Tasa de variación anual;Duración media de los viajes;2018M10;-5,18
Total;Tasa de variación anual;Duración media de los viajes;2018M09;-2,49
Total;Tasa de variación anual;Duración media de los viajes;2018M08;-6,56
Total;Tasa de variación anual;Duración media de los viajes;2018M07;-5,10
Total;Tasa de variación anual;Duración media de los viajes;2018M06;-2,70
Total;Tasa de variación anual;Duración media de los viajes;2018M05;-1,24
Total;Tasa de variación anual;Duración media de los viajes;2018M04;-1,94
Total;Tasa de variación anual;Duración media de los viajes;2018M03;1,31
Total;Tasa de variación anual;Duración media de los viajes;2018M02;-3,83
Total;Tasa de variación anual;Duración media de los viajes;2018M01;-0,99
Total;Tasa de variación anual;Duración media de los viajes;2017M12;-1,74
Total;Tasa de variación anual;Duración media de los viajes;2017M11;2,89
Total;Tasa de variación anual;Duración media de los viajes;2017M10;-1,11
Total;Tasa de variación anual;Duración media de los viajes;2017M09;-4,85
Total;Tasa de variación anual;Duración media de los viajes;2017M08;-1,19
Total;Tasa de variación anual;Duración media de los viajes;2017M07;-1,04
Total;Tasa de variación anual;Duración media de los viajes;2017M06;-1,90
Total;Tasa de variación anual;Duración media de los viajes;2017M05;-0,31
Total;Tasa de variación anual;Duración media de los viajes;2017M04;-2,89
Total;Tasa de variación anual;Duración media de los viajes;2017M03;-2,94
Total;Tasa de variación anual;Duración media de los viajes;2017M02;1,51
Total;Tasa de variación anual;Duración media de los viajes;2017M01;-2,81
Total;Tasa de variación anual;Duración media de los viajes;2016M12;-1,06
Total;Tasa de variación anual;Duración media de los viajes;2016M11;-6,57
Total;Tasa de variación anual;Duración media de los viajes;2016M10;-6,97
Total;Tasa de variación anual;Duración media de los viajes;2016M09;-2,35
Total;Tasa de variación anual;Duración media de los viajes;2016M08;-2,39
Total;Tasa de variación anual;Duración media de los viajes;2016M07;-7,44
Total;Tasa de variación anual;Duración media de los viajes;2016M06;-1,84
Total;Tasa de variación anual;Duración media de los viajes;2016M05;-4,07
Total;Tasa de variación anual;Duración media de los viajes;2016M04;-8,43
Total;Tasa de variación anual;Duración media de los viajes;2016M03;-5,43
Total;Tasa de variación anual;Duración media de los viajes;2016M02;-9,50
Total;Tasa de variación anual;Duración media de los viajes;2016M01;-7,56
Total;Tasa de variación anual;Duración media de los viajes;2015M12;0,54
Total;Tasa de variación anual;Duración media de los viajes;2015M11;-1,51
Total;Tasa de variación anual;Duración media de los viajes;2015M10;-0,97
Total;Acumulado en lo que va de año;Gasto total;2026M07;82.053,55
Total;Acumulado en lo que va de año;Gasto total;2026M06;63.835,59
Total;Acumulado en lo que va de año;Gasto total;2026M05;50.256,55
Total;Acumulado en lo que va de año;Gasto total;2026M04;36.703,09
Total;Acumulado en lo que va de año;Gasto total;2026M03;25.017,45
Total;Acumulado en lo que va de año;Gasto total;2026M02;15.411,05
Total;Acumulado en lo que va de año;Gasto total;2026M01;7.804,61
Total;Acumulado en lo que va de año;Gasto total;2025M12;134.743,32
Total;Acumulado en lo que va de año;Gasto total;2025M11;126.749,91
Total;Acumulado en lo que va de año;Gasto total;2025M10;118.662,08
Total;Acumulado en lo que va de año;Gasto total;2025M09;105.859,08
Total;Acumulado en lo que va de año;Gasto total;2025M08;92.454,49
Total;Acumulado en lo que va de año;Gasto total;2025M07;76.112,91
Total;Acumulado en lo que va de año;Gasto total;2025M06;59.680,30
Total;Acumulado en lo que va de año;Gasto total;2025M05;46.629,72
Total;Acumulado en lo que va de año;Gasto total;2025M04;34.403,31
Total;Acumulado en lo que va de año;Gasto total;2025M03;23.527,56
Total;Acumulado en lo que va de año;Gasto total;2025M02;14.415,54
Total;Acumulado en lo que va de año;Gasto total;2025M01;7.142,91
Total;Acumulado en lo que va de año;Gasto total;2024M12;126.143,22
Total;Acumulado en lo que va de año;Gasto total;2024M11;118.552,88
Total;Acumulado en lo que va de año;Gasto total;2024M10;110.845,21
Total;Acumulado en lo que va de año;Gasto total;2024M09;98.946,51
Total;Acumulado en lo que va de año;Gasto total;2024M08;86.333,47
Total;Acumulado en lo que va de año;Gasto total;2024M07;70.969,05
Total;Acumulado en lo que va de año;Gasto total;2024M06;55.455,76
Total;Acumulado en lo que va de año;Gasto total;2024M05;43.098,98
Total;Acumulado en lo que va de año;Gasto total;2024M04;31.412,07
Total;Acumulado en lo que va de año;Gasto total;2024M03;21.923,97
Total;Acumulado en lo que va de año;Gasto total;2024M02;13.292,61
Total;Acumulado en lo que va de año;Gasto total;2024M01;6.546,30
Total;Acumulado en lo que va de año;Gasto total;2023M12;108.789,41
Total;Acumulado en lo que va de año;Gasto total;2023M11;101.698,91
Total;Acumulado en lo que va de año;Gasto total;2023M10;95.054,44
Total;Acumulado en lo que va de año;Gasto total;2023M09;84.752,38
Total;Acumulado en lo que va de año;Gasto total;2023M08;73.558,79
Total;Acumulado en lo que va de año;Gasto total;2023M07;59.959,39
Total;Acumulado en lo que va de año;Gasto total;2023M06;46.078,56
Total;Acumulado en lo que va de año;Gasto total;2023M05;35.470,58
Total;Acumulado en lo que va de año;Gasto total;2023M04;25.703,61
Total;Acumulado en lo que va de año;Gasto total;2023M03;17.249,14
Total;Acumulado en lo que va de año;Gasto total;2023M02;10.581,07
Total;Acumulado en lo que va de año;Gasto total;2023M01;5.216,94
Total;Acumulado en lo que va de año;Gasto total;2022M12;87.138,19
Total;Acumulado en lo que va de año;Gasto total;2022M11;81.899,39
Total;Acumulado en lo que va de año;Gasto total;2022M10;76.517,42
Total;Acumulado en lo que va de año;Gasto total;2022M09;68.206,22
Total;Acumulado en lo que va de año;Gasto total;2022M08;59.058,53
Total;Acumulado en lo que va de año;Gasto total;2022M07;47.776,70
Total;Acumulado en lo que va de año;Gasto total;2022M06;35.874,60
Total;Acumulado en lo que va de año;Gasto total;2022M05;26.848,93
Total;Acumulado en lo que va de año;Gasto total;2022M04;18.802,02
Total;Acumulado en lo que va de año;Gasto total;2022M03;11.891,91
Total;Acumulado en lo que va de año;Gasto total;2022M02;6.814,46
Total;Acumulado en lo que va de año;Gasto total;2022M01;3.039,78
Total;Acumulado en lo que va de año;Gasto total;2021M12;34.903,37
Total;Acumulado en lo que va de año;Gasto total;2021M11;31.366,78
Total;Acumulado en lo que va de año;Gasto total;2021M10;27.605,29
Total;Acumulado en lo que va de año;Gasto total;2021M09;21.998,99
Total;Acumulado en lo que va de año;Gasto total;2021M08;16.947,80
Total;Acumulado en lo que va de año;Gasto total;2021M07;11.040,49
Total;Acumulado en lo que va de año;Gasto total;2021M06;5.811,02
Total;Acumulado en lo que va de año;Gasto total;2021M05;3.389,33
Total;Acumulado en lo que va de año;Gasto total;2021M04;1.993,56
Total;Acumulado en lo que va de año;Gasto total;2021M03;1.325,14
Total;Acumulado en lo que va de año;Gasto total;2021M02;781,25
Total;Acumulado en lo que va de año;Gasto total;2021M01;457,43
Total;Acumulado en lo que va de año;Gasto total;2020M12;19.786,78
Total;Acumulado en lo que va de año;Gasto total;2020M11;19.089,98
Total;Acumulado en lo que va de año;Gasto total;2020M10;18.608,00
Total;Acumulado en lo que va de año;Gasto total;2020M09;17.743,51
Total;Acumulado en lo que va de año;Gasto total;2020M08;16.779,01
Total;Acumulado en lo que va de año;Gasto total;2020M07;14.322,16
Total;Acumulado en lo que va de año;Gasto total;2020M06;11.864,22
Total;Acumulado en lo que va de año;Gasto total;2020M05;11.730,33
Total;Acumulado en lo que va de año;Gasto total;2020M04;11.730,33
Total;Acumulado en lo que va de año;Gasto total;2020M03;11.730,33
Total;Acumulado en lo que va de año;Gasto total;2020M02;9.556,60
Total;Acumulado en lo que va de año;Gasto total;2020M01;4.767,31
Total;Acumulado en lo que va de año;Gasto total;2019M12;91.911,97
Total;Acumulado en lo que va de año;Gasto total;2019M11;86.901,13
Total;Acumulado en lo que va de año;Gasto total;2019M10;81.838,50
Total;Acumulado en lo que va de año;Gasto total;2019M09;73.515,95
Total;Acumulado en lo que va de año;Gasto total;2019M08;63.898,74
Total;Acumulado en lo que va de año;Gasto total;2019M07;52.193,98
Total;Acumulado en lo que va de año;Gasto total;2019M06;40.252,47
Total;Acumulado en lo que va de año;Gasto total;2019M05;30.566,35
Total;Acumulado en lo que va de año;Gasto total;2019M04;22.428,51
Total;Acumulado en lo que va de año;Gasto total;2019M03;15.372,15
Total;Acumulado en lo que va de año;Gasto total;2019M02;9.337,28
Total;Acumulado en lo que va de año;Gasto total;2019M01;4.678,67
Total;Acumulado en lo que va de año;Gasto total;2018M12;89.750,75
Total;Acumulado en lo que va de año;Gasto total;2018M11;84.741,23
Total;Acumulado en lo que va de año;Gasto total;2018M10;79.852,68
Total;Acumulado en lo que va de año;Gasto total;2018M09;71.688,10
Total;Acumulado en lo que va de año;Gasto total;2018M08;62.142,29
Total;Acumulado en lo que va de año;Gasto total;2018M07;50.682,60
Total;Acumulado en lo que va de año;Gasto total;2018M06;38.934,51
Total;Acumulado en lo que va de año;Gasto total;2018M05;29.563,70
Total;Acumulado en lo que va de año;Gasto total;2018M04;21.408,64
Total;Acumulado en lo que va de año;Gasto total;2018M03;14.787,10
Total;Acumulado en lo que va de año;Gasto total;2018M02;9.060,37
Total;Acumulado en lo que va de año;Gasto total;2018M01;4.524,43
Total;Acumulado en lo que va de año;Gasto total;2017M12;87.003,93
Total;Acumulado en lo que va de año;Gasto total;2017M11;82.473,27
Total;Acumulado en lo que va de año;Gasto total;2017M10;77.830,92
Total;Acumulado en lo que va de año;Gasto total;2017M09;70.041,69
Total;Acumulado en lo que va de año;Gasto total;2017M08;60.565,40
Total;Acumulado en lo que va de año;Gasto total;2017M07;49.225,11
Total;Acumulado en lo que va de año;Gasto total;2017M06;37.374,12
Total;Acumulado en lo que va de año;Gasto total;2017M05;28.386,35
Total;Acumulado en lo que va de año;Gasto total;2017M04;20.459,29
Total;Acumulado en lo que va de año;Gasto total;2017M03;13.677,21
Total;Acumulado en lo que va de año;Gasto total;2017M02;8.567,72
Total;Acumulado en lo que va de año;Gasto total;2017M01;4.262,99
Total;Acumulado en lo que va de año;Gasto total;2016M12;77.415,54
Total;Acumulado en lo que va de año;Gasto total;2016M11;72.890,09
Total;Acumulado en lo que va de año;Gasto total;2016M10;68.685,02
Total;Acumulado en lo que va de año;Gasto total;2016M09;61.351,17
Total;Acumulado en lo que va de año;Gasto total;2016M08;52.951,86
Total;Acumulado en lo que va de año;Gasto total;2016M07;42.669,88
Total;Acumulado en lo que va de año;Gasto total;2016M06;32.431,34
Total;Acumulado en lo que va de año;Gasto total;2016M05;24.613,93
Total;Acumulado en lo que va de año;Gasto total;2016M04;17.696,00
Total;Acumulado en lo que va de año;Gasto total;2016M03;12.068,01
Total;Acumulado en lo que va de año;Gasto total;2016M02;7.443,53
Total;Acumulado en lo que va de año;Gasto total;2016M01;3.737,26
Total;Acumulado en lo que va de año;Gasto total;2015M12;""
Total;Acumulado en lo que va de año;Gasto total;2015M11;""
Total;Acumulado en lo que va de año;Gasto total;2015M10;""
Total;Acumulado en lo que va de año;Gasto medio por persona;2026M07;1.412
Total;Acumulado en lo que va de año;Gasto medio por persona;2026M06;1.371
Total;Acumulado en lo que va de año;Gasto medio por persona;2026M05;1.365
Total;Acumulado en lo que va de año;Gasto medio por persona;2026M04;1.382
Total;Acumulado en lo que va de año;Gasto medio por persona;2026M03;1.429
Total;Acumulado en lo que va de año;Gasto medio por persona;2026M02;1.441
Total;Acumulado en lo que va de año;Gasto medio por persona;2026M01;1.522
Total;Acumulado en lo que va de año;Gasto medio por persona;2025M12;1.392
Total;Acumulado en lo que va de año;Gasto medio por persona;2025M11;1.385
Total;Acumulado en lo que va de año;Gasto medio por persona;2025M10;1.384
Total;Acumulado en lo que va de año;Gasto medio por persona;2025M09;1.384
Total;Acumulado en lo que va de año;Gasto medio por persona;2025M08;1.384
Total;Acumulado en lo que va de año;Gasto medio por persona;2025M07;1.370
Total;Acumulado en lo que va de año;Gasto medio por persona;2025M06;1.340
Total;Acumulado en lo que va de año;Gasto medio por persona;2025M05;1.330
Total;Acumulado en lo que va de año;Gasto medio por persona;2025M04;1.340
Total;Acumulado en lo que va de año;Gasto medio por persona;2025M03;1.378
Total;Acumulado en lo que va de año;Gasto medio por persona;2025M02;1.375
Total;Acumulado en lo que va de año;Gasto medio por persona;2025M01;1.410
Total;Acumulado en lo que va de año;Gasto medio por persona;2024M12;1.345
Total;Acumulado en lo que va de año;Gasto medio por persona;2024M11;1.340
Total;Acumulado en lo que va de año;Gasto medio por persona;2024M10;1.338
Total;Acumulado en lo que va de año;Gasto medio por persona;2024M09;1.340
Total;Acumulado en lo que va de año;Gasto medio por persona;2024M08;1.343
Total;Acumulado en lo que va de año;Gasto medio por persona;2024M07;1.331
Total;Acumulado en lo que va de año;Gasto medio por persona;2024M06;1.305
Total;Acumulado en lo que va de año;Gasto medio por persona;2024M05;1.299
Total;Acumulado en lo que va de año;Gasto medio por persona;2024M04;1.313
Total;Acumulado en lo que va de año;Gasto medio por persona;2024M03;1.358
Total;Acumulado en lo que va de año;Gasto medio por persona;2024M02;1.358
Total;Acumulado en lo que va de año;Gasto medio por persona;2024M01;1.371
Total;Acumulado en lo que va de año;Gasto medio por persona;2023M12;1.277
Total;Acumulado en lo que va de año;Gasto medio por persona;2023M11;1.272
Total;Acumulado en lo que va de año;Gasto medio por persona;2023M10;1.270
Total;Acumulado en lo que va de año;Gasto medio por persona;2023M09;1.272
Total;Acumulado en lo que va de año;Gasto medio por persona;2023M08;1.272
Total;Acumulado en lo que va de año;Gasto medio por persona;2023M07;1.258
Total;Acumulado en lo que va de año;Gasto medio por persona;2023M06;1.227
Total;Acumulado en lo que va de año;Gasto medio por persona;2023M05;1.213
Total;Acumulado en lo que va de año;Gasto medio por persona;2023M04;1.228
Total;Acumulado en lo que va de año;Gasto medio por persona;2023M03;1.259
Total;Acumulado en lo que va de año;Gasto medio por persona;2023M02;1.251
Total;Acumulado en lo que va de año;Gasto medio por persona;2023M01;1.262
Total;Acumulado en lo que va de año;Gasto medio por persona;2022M12;1.216
Total;Acumulado en lo que va de año;Gasto medio por persona;2022M11;1.213
Total;Acumulado en lo que va de año;Gasto medio por persona;2022M10;1.211
Total;Acumulado en lo que va de año;Gasto medio por persona;2022M09;1.218
Total;Acumulado en lo que va de año;Gasto medio por persona;2022M08;1.224
Total;Acumulado en lo que va de año;Gasto medio por persona;2022M07;1.212
Total;Acumulado en lo que va de año;Gasto medio por persona;2022M06;1.183
Total;Acumulado en lo que va de año;Gasto medio por persona;2022M05;1.177
Total;Acumulado en lo que va de año;Gasto medio por persona;2022M04;1.188
Total;Acumulado en lo que va de año;Gasto medio por persona;2022M03;1.223
Total;Acumulado en lo que va de año;Gasto medio por persona;2022M02;1.200
Total;Acumulado en lo que va de año;Gasto medio por persona;2022M01;1.215
Total;Acumulado en lo que va de año;Gasto medio por persona;2021M12;1.119
Total;Acumulado en lo que va de año;Gasto medio por persona;2021M11;1.111
Total;Acumulado en lo que va de año;Gasto medio por persona;2021M10;1.110
Total;Acumulado en lo que va de año;Gasto medio por persona;2021M09;1.115
Total;Acumulado en lo que va de año;Gasto medio por persona;2021M08;1.128
Total;Acumulado en lo que va de año;Gasto medio por persona;2021M07;1.124
Total;Acumulado en lo que va de año;Gasto medio por persona;2021M06;1.072
Total;Acumulado en lo que va de año;Gasto medio por persona;2021M05;1.057
Total;Acumulado en lo que va de año;Gasto medio por persona;2021M04;1.081
Total;Acumulado en lo que va de año;Gasto medio por persona;2021M03;1.091
Total;Acumulado en lo que va de año;Gasto medio por persona;2021M02;1.081
Total;Acumulado en lo que va de año;Gasto medio por persona;2021M01;1.044
Total;Acumulado en lo que va de año;Gasto medio por persona;2020M12;1.045
Total;Acumulado en lo que va de año;Gasto medio por persona;2020M11;1.044
Total;Acumulado en lo que va de año;Gasto medio por persona;2020M10;1.044
Total;Acumulado en lo que va de año;Gasto medio por persona;2020M09;1.056
Total;Acumulado en lo que va de año;Gasto medio por persona;2020M08;1.071
Total;Acumulado en lo que va de año;Gasto medio por persona;2020M07;1.083
Total;Acumulado en lo que va de año;Gasto medio por persona;2020M06;1.102
Total;Acumulado en lo que va de año;Gasto medio por persona;2020M05;1.111
Total;Acumulado en lo que va de año;Gasto medio por persona;2020M04;1.111
Total;Acumulado en lo que va de año;Gasto medio por persona;2020M03;1.111
Total;Acumulado en lo que va de año;Gasto medio por persona;2020M02;1.116
Total;Acumulado en lo que va de año;Gasto medio por persona;2020M01;1.153
Total;Acumulado en lo que va de año;Gasto medio por persona;2019M12;1.101
Total;Acumulado en lo que va de año;Gasto medio por persona;2019M11;1.097
Total;Acumulado en lo que va de año;Gasto medio por persona;2019M10;1.098
Total;Acumulado en lo que va de año;Gasto medio por persona;2019M09;1.098
Total;Acumulado en lo que va de año;Gasto medio por persona;2019M08;1.099
Total;Acumulado en lo que va de año;Gasto medio por persona;2019M07;1.087
Total;Acumulado en lo que va de año;Gasto medio por persona;2019M06;1.056
Total;Acumulado en lo que va de año;Gasto medio por persona;2019M05;1.044
Total;Acumulado en lo que va de año;Gasto medio por persona;2019M04;1.049
Total;Acumulado en lo que va de año;Gasto medio por persona;2019M03;1.081
Total;Acumulado en lo que va de año;Gasto medio por persona;2019M02;1.089
Total;Acumulado en lo que va de año;Gasto medio por persona;2019M01;1.115
Total;Acumulado en lo que va de año;Gasto medio por persona;2018M12;1.084
Total;Acumulado en lo que va de año;Gasto medio por persona;2018M11;1.080
Total;Acumulado en lo que va de año;Gasto medio por persona;2018M10;1.080
Total;Acumulado en lo que va de año;Gasto medio por persona;2018M09;1.082
Total;Acumulado en lo que va de año;Gasto medio por persona;2018M08;1.084
Total;Acumulado en lo que va de año;Gasto medio por persona;2018M07;1.075
Total;Acumulado en lo que va de año;Gasto medio por persona;2018M06;1.048
Total;Acumulado en lo que va de año;Gasto medio por persona;2018M05;1.034
Total;Acumulado en lo que va de año;Gasto medio por persona;2018M04;1.044
Total;Acumulado en lo que va de año;Gasto medio por persona;2018M03;1.078
Total;Acumulado en lo que va de año;Gasto medio por persona;2018M02;1.088
Total;Acumulado en lo que va de año;Gasto medio por persona;2018M01;1.102
Total;Acumulado en lo que va de año;Gasto medio por persona;2017M12;1.063
Total;Acumulado en lo que va de año;Gasto medio por persona;2017M11;1.059
Total;Acumulado en lo que va de año;Gasto medio por persona;2017M10;1.059
Total;Acumulado en lo que va de año;Gasto medio por persona;2017M09;1.058
Total;Acumulado en lo que va de año;Gasto medio por persona;2017M08;1.056
Total;Acumulado en lo que va de año;Gasto medio por persona;2017M07;1.048
Total;Acumulado en lo que va de año;Gasto medio por persona;2017M06;1.025
Total;Acumulado en lo que va de año;Gasto medio por persona;2017M05;1.013
Total;Acumulado en lo que va de año;Gasto medio por persona;2017M04;1.022
Total;Acumulado en lo que va de año;Gasto medio por persona;2017M03;1.057
Total;Acumulado en lo que va de año;Gasto medio por persona;2017M02;1.068
Total;Acumulado en lo que va de año;Gasto medio por persona;2017M01;1.091
Total;Acumulado en lo que va de año;Gasto medio por persona;2016M12;1.028
Total;Acumulado en lo que va de año;Gasto medio por persona;2016M11;1.022
Total;Acumulado en lo que va de año;Gasto medio por persona;2016M10;1.022
Total;Acumulado en lo que va de año;Gasto medio por persona;2016M09;1.021
Total;Acumulado en lo que va de año;Gasto medio por persona;2016M08;1.015
Total;Acumulado en lo que va de año;Gasto medio por persona;2016M07;1.013
Total;Acumulado en lo que va de año;Gasto medio por persona;2016M06;995
Total;Acumulado en lo que va de año;Gasto medio por persona;2016M05;983
Total;Acumulado en lo que va de año;Gasto medio por persona;2016M04;988
Total;Acumulado en lo que va de año;Gasto medio por persona;2016M03;1.020
Total;Acumulado en lo que va de año;Gasto medio por persona;2016M02;1.033
Total;Acumulado en lo que va de año;Gasto medio por persona;2016M01;1.060
Total;Acumulado en lo que va de año;Gasto medio por persona;2015M12;""
Total;Acumulado en lo que va de año;Gasto medio por persona;2015M11;""
Total;Acumulado en lo que va de año;Gasto medio por persona;2015M10;""
Total;Acumulado en lo que va de año;Gasto medio diario por persona;2026M07;202
Total;Acumulado en lo que va de año;Gasto medio diario por persona;2026M06;198
Total;Acumulado en lo que va de año;Gasto medio diario por persona;2026M05;195
Total;Acumulado en lo que va de año;Gasto medio diario por persona;2026M04;189
Total;Acumulado en lo que va de año;Gasto medio diario por persona;2026M03;188
Total;Acumulado en lo que va de año;Gasto medio diario por persona;2026M02;183
Total;Acumulado en lo que va de año;Gasto medio diario por persona;2026M01;177
Total;Acumulado en lo que va de año;Gasto medio diario por persona;2025M12;195
Total;Acumulado en lo que va de año;Gasto medio diario por persona;2025M11;197
Total;Acumulado en lo que va de año;Gasto medio diario por persona;2025M10;198
Total;Acumulado en lo que va de año;Gasto medio diario por persona;2025M09;197
Total;Acumulado en lo que va de año;Gasto medio diario por persona;2025M08;197
Total;Acumulado en lo que va de año;Gasto medio diario por persona;2025M07;196
Total;Acumulado en lo que va de año;Gasto medio diario por persona;2025M06;192
Total;Acumulado en lo que va de año;Gasto medio diario por persona;2025M05;188
Total;Acumulado en lo que va de año;Gasto medio diario por persona;2025M04;181
Total;Acumulado en lo que va de año;Gasto medio diario por persona;2025M03;179
Total;Acumulado en lo que va de año;Gasto medio diario por persona;2025M02;174
Total;Acumulado en lo que va de año;Gasto medio diario por persona;2025M01;165
Total;Acumulado en lo que va de año;Gasto medio diario por persona;2024M12;186
Total;Acumulado en lo que va de año;Gasto medio diario por persona;2024M11;188
Total;Acumulado en lo que va de año;Gasto medio diario por persona;2024M10;189
Total;Acumulado en lo que va de año;Gasto medio diario por persona;2024M09;189
Total;Acumulado en lo que va de año;Gasto medio diario por persona;2024M08;188
Total;Acumulado en lo que va de año;Gasto medio diario por persona;2024M07;187
Total;Acumulado en lo que va de año;Gasto medio diario por persona;2024M06;185
Total;Acumulado en lo que va de año;Gasto medio diario por persona;2024M05;182
Total;Acumulado en lo que va de año;Gasto medio diario por persona;2024M04;175
Total;Acumulado en lo que va de año;Gasto medio diario por persona;2024M03;171
Total;Acumulado en lo que va de año;Gasto medio diario por persona;2024M02;165
Total;Acumulado en lo que va de año;Gasto medio diario por persona;2024M01;158
Total;Acumulado en lo que va de año;Gasto medio diario por persona;2023M12;177
Total;Acumulado en lo que va de año;Gasto medio diario por persona;2023M11;179
Total;Acumulado en lo que va de año;Gasto medio diario por persona;2023M10;180
Total;Acumulado en lo que va de año;Gasto medio diario por persona;2023M09;179
Total;Acumulado en lo que va de año;Gasto medio diario por persona;2023M08;178
Total;Acumulado en lo que va de año;Gasto medio diario por persona;2023M07;179
Total;Acumulado en lo que va de año;Gasto medio diario por persona;2023M06;175
Total;Acumulado en lo que va de año;Gasto medio diario por persona;2023M05;171
Total;Acumulado en lo que va de año;Gasto medio diario por persona;2023M04;165
Total;Acumulado en lo que va de año;Gasto medio diario por persona;2023M03;161
Total;Acumulado en lo que va de año;Gasto medio diario por persona;2023M02;156
Total;Acumulado en lo que va de año;Gasto medio diario por persona;2023M01;149
Total;Acumulado en lo que va de año;Gasto medio diario por persona;2022M12;162
Total;Acumulado en lo que va de año;Gasto medio diario por persona;2022M11;163
Total;Acumulado en lo que va de año;Gasto medio diario por persona;2022M10;163
Total;Acumulado en lo que va de año;Gasto medio diario por persona;2022M09;162
Total;Acumulado en lo que va de año;Gasto medio diario por persona;2022M08;161
Total;Acumulado en lo que va de año;Gasto medio diario por persona;2022M07;161
Total;Acumulado en lo que va de año;Gasto medio diario por persona;2022M06;158
Total;Acumulado en lo que va de año;Gasto medio diario por persona;2022M05;154
Total;Acumulado en lo que va de año;Gasto medio diario por persona;2022M04;146
Total;Acumulado en lo que va de año;Gasto medio diario por persona;2022M03;141
Total;Acumulado en lo que va de año;Gasto medio diario por persona;2022M02;131
Total;Acumulado en lo que va de año;Gasto medio diario por persona;2022M01;124
Total;Acumulado en lo que va de año;Gasto medio diario por persona;2021M12;137
Total;Acumulado en lo que va de año;Gasto medio diario por persona;2021M11;139
Total;Acumulado en lo que va de año;Gasto medio diario por persona;2021M10;138
Total;Acumulado en lo que va de año;Gasto medio diario por persona;2021M09;138
Total;Acumulado en lo que va de año;Gasto medio diario por persona;2021M08;138
Total;Acumulado en lo que va de año;Gasto medio diario por persona;2021M07;140
Total;Acumulado en lo que va de año;Gasto medio diario por persona;2021M06;136
Total;Acumulado en lo que va de año;Gasto medio diario por persona;2021M05;129
Total;Acumulado en lo que va de año;Gasto medio diario por persona;2021M04;122
Total;Acumulado en lo que va de año;Gasto medio diario por persona;2021M03;118
Total;Acumulado en lo que va de año;Gasto medio diario por persona;2021M02;111
Total;Acumulado en lo que va de año;Gasto medio diario por persona;2021M01;106
Total;Acumulado en lo que va de año;Gasto medio diario por persona;2020M12;134
Total;Acumulado en lo que va de año;Gasto medio diario por persona;2020M11;135
Total;Acumulado en lo que va de año;Gasto medio diario por persona;2020M10;135
Total;Acumulado en lo que va de año;Gasto medio diario por persona;2020M09;137
Total;Acumulado en lo que va de año;Gasto medio diario por persona;2020M08;139
Total;Acumulado en lo que va de año;Gasto medio diario por persona;2020M07;144
Total;Acumulado en lo que va de año;Gasto medio diario por persona;2020M06;149
Total;Acumulado en lo que va de año;Gasto medio diario por persona;2020M05;149
Total;Acumulado en lo que va de año;Gasto medio diario por persona;2020M04;149
Total;Acumulado en lo que va de año;Gasto medio diario por persona;2020M03;149
Total;Acumulado en lo que va de año;Gasto medio diario por persona;2020M02;148
Total;Acumulado en lo que va de año;Gasto medio diario por persona;2020M01;145
Total;Acumulado en lo que va de año;Gasto medio diario por persona;2019M12;155
Total;Acumulado en lo que va de año;Gasto medio diario por persona;2019M11;155
Total;Acumulado en lo que va de año;Gasto medio diario por persona;2019M10;155
Total;Acumulado en lo que va de año;Gasto medio diario por persona;2019M09;154
Total;Acumulado en lo que va de año;Gasto medio diario por persona;2019M08;154
Total;Acumulado en lo que va de año;Gasto medio diario por persona;2019M07;156
Total;Acumulado en lo que va de año;Gasto medio diario por persona;2019M06;155
Total;Acumulado en lo que va de año;Gasto medio diario por persona;2019M05;152
Total;Acumulado en lo que va de año;Gasto medio diario por persona;2019M04;148
Total;Acumulado en lo que va de año;Gasto medio diario por persona;2019M03;146
Total;Acumulado en lo que va de año;Gasto medio diario por persona;2019M02;143
Total;Acumulado en lo que va de año;Gasto medio diario por persona;2019M01;139
Total;Acumulado en lo que va de año;Gasto medio diario por persona;2018M12;146
Total;Acumulado en lo que va de año;Gasto medio diario por persona;2018M11;146
Total;Acumulado en lo que va de año;Gasto medio diario por persona;2018M10;146
Total;Acumulado en lo que va de año;Gasto medio diario por persona;2018M09;145
Total;Acumulado en lo que va de año;Gasto medio diario por persona;2018M08;145
Total;Acumulado en lo que va de año;Gasto medio diario por persona;2018M07;146
Total;Acumulado en lo que va de año;Gasto medio diario por persona;2018M06;144
Total;Acumulado en lo que va de año;Gasto medio diario por persona;2018M05;142
Total;Acumulado en lo que va de año;Gasto medio diario por persona;2018M04;140
Total;Acumulado en lo que va de año;Gasto medio diario por persona;2018M03;138
Total;Acumulado en lo que va de año;Gasto medio diario por persona;2018M02;136
Total;Acumulado en lo que va de año;Gasto medio diario por persona;2018M01;132
Total;Acumulado en lo que va de año;Gasto medio diario por persona;2017M12;137
Total;Acumulado en lo que va de año;Gasto medio diario por persona;2017M11;138
Total;Acumulado en lo que va de año;Gasto medio diario por persona;2017M10;138
Total;Acumulado en lo que va de año;Gasto medio diario por persona;2017M09;137
Total;Acumulado en lo que va de año;Gasto medio diario por persona;2017M08;137
Total;Acumulado en lo que va de año;Gasto medio diario por persona;2017M07;139
Total;Acumulado en lo que va de año;Gasto medio diario por persona;2017M06;139
Total;Acumulado en lo que va de año;Gasto medio diario por persona;2017M05;138
Total;Acumulado en lo que va de año;Gasto medio diario por persona;2017M04;136
Total;Acumulado en lo que va de año;Gasto medio diario por persona;2017M03;134
Total;Acumulado en lo que va de año;Gasto medio diario por persona;2017M02;130
Total;Acumulado en lo que va de año;Gasto medio diario por persona;2017M01;129
Total;Acumulado en lo que va de año;Gasto medio diario por persona;2016M12;130
Total;Acumulado en lo que va de año;Gasto medio diario por persona;2016M11;131
Total;Acumulado en lo que va de año;Gasto medio diario por persona;2016M10;130
Total;Acumulado en lo que va de año;Gasto medio diario por persona;2016M09;130
Total;Acumulado en lo que va de año;Gasto medio diario por persona;2016M08;129
Total;Acumulado en lo que va de año;Gasto medio diario por persona;2016M07;132
Total;Acumulado en lo que va de año;Gasto medio diario por persona;2016M06;133
Total;Acumulado en lo que va de año;Gasto medio diario por persona;2016M05;132
Total;Acumulado en lo que va de año;Gasto medio diario por persona;2016M04;128
Total;Acumulado en lo que va de año;Gasto medio diario por persona;2016M03;127
Total;Acumulado en lo que va de año;Gasto medio diario por persona;2016M02;125
Total;Acumulado en lo que va de año;Gasto medio diario por persona;2016M01;122
Total;Acumulado en lo que va de año;Gasto medio diario por persona;2015M12;""
Total;Acumulado en lo que va de año;Gasto medio diario por persona;2015M11;""
Total;Acumulado en lo que va de año;Gasto medio diario por persona;2015M10;""
Total;Acumulado en lo que va de año;Duración media de los viajes;2026M07;6,99
Total;Acumulado en lo que va de año;Duración media de los viajes;2026M06;6,92
Total;Acumulado en lo que va de año;Duración media de los viajes;2026M05;7,01
Total;Acumulado en lo que va de año;Duración media de los viajes;2026M04;7,33
Total;Acumulado en lo que va de año;Duración media de los viajes;2026M03;7,59
Total;Acumulado en lo que va de año;Duración media de los viajes;2026M02;7,88
Total;Acumulado en lo que va de año;Duración media de los viajes;2026M01;8,62
Total;Acumulado en lo que va de año;Duración media de los viajes;2025M12;7,13
Total;Acumulado en lo que va de año;Duración media de los viajes;2025M11;7,02
Total;Acumulado en lo que va de año;Duración media de los viajes;2025M10;6,99
Total;Acumulado en lo que va de año;Duración media de los viajes;2025M09;7,01
Total;Acumulado en lo que va de año;Duración media de los viajes;2025M08;7,05
Total;Acumulado en lo que va de año;Duración media de los viajes;2025M07;6,99
Total;Acumulado en lo que va de año;Duración media de los viajes;2025M06;6,96
Total;Acumulado en lo que va de año;Duración media de los viajes;2025M05;7,07
Total;Acumulado en lo que va de año;Duración media de los viajes;2025M04;7,38
Total;Acumulado en lo que va de año;Duración media de los viajes;2025M03;7,69
Total;Acumulado en lo que va de año;Duración media de los viajes;2025M02;7,91
Total;Acumulado en lo que va de año;Duración media de los viajes;2025M01;8,55
Total;Acumulado en lo que va de año;Duración media de los viajes;2024M12;7,23
Total;Acumulado en lo que va de año;Duración media de los viajes;2024M11;7,12
Total;Acumulado en lo que va de año;Duración media de los viajes;2024M10;7,09
Total;Acumulado en lo que va de año;Duración media de los viajes;2024M09;7,10
Total;Acumulado en lo que va de año;Duración media de los viajes;2024M08;7,16
Total;Acumulado en lo que va de año;Duración media de los viajes;2024M07;7,10
Total;Acumulado en lo que va de año;Duración media de los viajes;2024M06;7,05
Total;Acumulado en lo que va de año;Duración media de los viajes;2024M05;7,13
Total;Acumulado en lo que va de año;Duración media de los viajes;2024M04;7,51
Total;Acumulado en lo que va de año;Duración media de los viajes;2024M03;7,95
Total;Acumulado en lo que va de año;Duración media de los viajes;2024M02;8,21
Total;Acumulado en lo que va de año;Duración media de los viajes;2024M01;8,68
Total;Acumulado en lo que va de año;Duración media de los viajes;2023M12;7,22
Total;Acumulado en lo que va de año;Duración media de los viajes;2023M11;7,10
Total;Acumulado en lo que va de año;Duración media de los viajes;2023M10;7,07
Total;Acumulado en lo que va de año;Duración media de los viajes;2023M09;7,11
Total;Acumulado en lo que va de año;Duración media de los viajes;2023M08;7,16
Total;Acumulado en lo que va de año;Duración media de los viajes;2023M07;7,04
Total;Acumulado en lo que va de año;Duración media de los viajes;2023M06;7,00
Total;Acumulado en lo que va de año;Duración media de los viajes;2023M05;7,10
Total;Acumulado en lo que va de año;Duración media de los viajes;2023M04;7,43
Total;Acumulado en lo que va de año;Duración media de los viajes;2023M03;7,80
Total;Acumulado en lo que va de año;Duración media de los viajes;2023M02;8,02
Total;Acumulado en lo que va de año;Duración media de los viajes;2023M01;8,48
Total;Acumulado en lo que va de año;Duración media de los viajes;2022M12;7,50
Total;Acumulado en lo que va de año;Duración media de los viajes;2022M11;7,43
Total;Acumulado en lo que va de año;Duración media de los viajes;2022M10;7,43
Total;Acumulado en lo que va de año;Duración media de los viajes;2022M09;7,49
Total;Acumulado en lo que va de año;Duración media de los viajes;2022M08;7,59
Total;Acumulado en lo que va de año;Duración media de los viajes;2022M07;7,53
Total;Acumulado en lo que va de año;Duración media de los viajes;2022M06;7,47
Total;Acumulado en lo que va de año;Duración media de los viajes;2022M05;7,65
Total;Acumulado en lo que va de año;Duración media de los viajes;2022M04;8,15
Total;Acumulado en lo que va de año;Duración media de los viajes;2022M03;8,68
Total;Acumulado en lo que va de año;Duración media de los viajes;2022M02;9,17
Total;Acumulado en lo que va de año;Duración media de los viajes;2022M01;9,80
Total;Acumulado en lo que va de año;Duración media de los viajes;2021M12;8,15
Total;Acumulado en lo que va de año;Duración media de los viajes;2021M11;8,00
Total;Acumulado en lo que va de año;Duración media de los viajes;2021M10;8,02
Total;Acumulado en lo que va de año;Duración media de los viajes;2021M09;8,08
Total;Acumulado en lo que va de año;Duración media de los viajes;2021M08;8,17
Total;Acumulado en lo que va de año;Duración media de los viajes;2021M07;8,03
Total;Acumulado en lo que va de año;Duración media de los viajes;2021M06;7,88
Total;Acumulado en lo que va de año;Duración media de los viajes;2021M05;8,19
Total;Acumulado en lo que va de año;Duración media de los viajes;2021M04;8,86
Total;Acumulado en lo que va de año;Duración media de los viajes;2021M03;9,24
Total;Acumulado en lo que va de año;Duración media de los viajes;2021M02;9,76
Total;Acumulado en lo que va de año;Duración media de los viajes;2021M01;9,86
Total;Acumulado en lo que va de año;Duración media de los viajes;2020M12;7,82
Total;Acumulado en lo que va de año;Duración media de los viajes;2020M11;7,75
Total;Acumulado en lo que va de año;Duración media de los viajes;2020M10;7,73
Total;Acumulado en lo que va de año;Duración media de los viajes;2020M09;7,71
Total;Acumulado en lo que va de año;Duración media de los viajes;2020M08;7,70
Total;Acumulado en lo que va de año;Duración media de los viajes;2020M07;7,53
Total;Acumulado en lo que va de año;Duración media de los viajes;2020M06;7,42
Total;Acumulado en lo que va de año;Duración media de los viajes;2020M05;7,45
Total;Acumulado en lo que va de año;Duración media de los viajes;2020M04;7,45
Total;Acumulado en lo que va de año;Duración media de los viajes;2020M03;7,45
Total;Acumulado en lo que va de año;Duración media de los viajes;2020M02;7,53
Total;Acumulado en lo que va de año;Duración media de los viajes;2020M01;7,97
Total;Acumulado en lo que va de año;Duración media de los viajes;2019M12;7,11
Total;Acumulado en lo que va de año;Duración media de los viajes;2019M11;7,08
Total;Acumulado en lo que va de año;Duración media de los viajes;2019M10;7,10
Total;Acumulado en lo que va de año;Duración media de los viajes;2019M09;7,13
Total;Acumulado en lo que va de año;Duración media de los viajes;2019M08;7,13
Total;Acumulado en lo que va de año;Duración media de los viajes;2019M07;6,97
Total;Acumulado en lo que va de año;Duración media de los viajes;2019M06;6,82
Total;Acumulado en lo que va de año;Duración media de los viajes;2019M05;6,85
Total;Acumulado en lo que va de año;Duración media de los viajes;2019M04;7,07
Total;Acumulado en lo que va de año;Duración media de los viajes;2019M03;7,40
Total;Acumulado en lo que va de año;Duración media de los viajes;2019M02;7,61
Total;Acumulado en lo que va de año;Duración media de los viajes;2019M01;8,05
Total;Acumulado en lo que va de año;Duración media de los viajes;2018M12;7,45
Total;Acumulado en lo que va de año;Duración media de los viajes;2018M11;7,39
Total;Acumulado en lo que va de año;Duración media de los viajes;2018M10;7,42
Total;Acumulado en lo que va de año;Duración media de los viajes;2018M09;7,46
Total;Acumulado en lo que va de año;Duración media de los viajes;2018M08;7,48
Total;Acumulado en lo que va de año;Duración media de los viajes;2018M07;7,35
Total;Acumulado en lo que va de año;Duración media de los viajes;2018M06;7,26
Total;Acumulado en lo que va de año;Duración media de los viajes;2018M05;7,26
Total;Acumulado en lo que va de año;Duración media de los viajes;2018M04;7,46
Total;Acumulado en lo que va de año;Duración media de los viajes;2018M03;7,80
Total;Acumulado en lo que va de año;Duración media de los viajes;2018M02;7,99
Total;Acumulado en lo que va de año;Duración media de los viajes;2018M01;8,37
Total;Acumulado en lo que va de año;Duración media de los viajes;2017M12;7,74
Total;Acumulado en lo que va de año;Duración media de los viajes;2017M11;7,68
Total;Acumulado en lo que va de año;Duración media de los viajes;2017M10;7,68
Total;Acumulado en lo que va de año;Duración media de los viajes;2017M09;7,70
Total;Acumulado en lo que va de año;Duración media de los viajes;2017M08;7,74
Total;Acumulado en lo que va de año;Duración media de los viajes;2017M07;7,53
Total;Acumulado en lo que va de año;Duración media de los viajes;2017M06;7,37
Total;Acumulado en lo que va de año;Duración media de los viajes;2017M05;7,34
Total;Acumulado en lo que va de año;Duración media de los viajes;2017M04;7,54
Total;Acumulado en lo que va de año;Duración media de los viajes;2017M03;7,89
Total;Acumulado en lo que va de año;Duración media de los viajes;2017M02;8,19
Total;Acumulado en lo que va de año;Duración media de los viajes;2017M01;8,45
Total;Acumulado en lo que va de año;Duración media de los viajes;2016M12;7,88
Total;Acumulado en lo que va de año;Duración media de los viajes;2016M11;7,81
Total;Acumulado en lo que va de año;Duración media de los viajes;2016M10;7,83
Total;Acumulado en lo que va de año;Duración media de los viajes;2016M09;7,86
Total;Acumulado en lo que va de año;Duración media de los viajes;2016M08;7,87
Total;Acumulado en lo que va de año;Duración media de los viajes;2016M07;7,65
Total;Acumulado en lo que va de año;Duración media de los viajes;2016M06;7,49
Total;Acumulado en lo que va de año;Duración media de los viajes;2016M05;7,46
Total;Acumulado en lo que va de año;Duración media de los viajes;2016M04;7,70
Total;Acumulado en lo que va de año;Duración media de los viajes;2016M03;8,00
Total;Acumulado en lo que va de año;Duración media de los viajes;2016M02;8,25
Total;Acumulado en lo que va de año;Duración media de los viajes;2016M01;8,70
Total;Acumulado en lo que va de año;Duración media de los viajes;2015M12;""
Total;Acumulado en lo que va de año;Duración media de los viajes;2015M11;""
Total;Acumulado en lo que va de año;Duración media de los viajes;2015M10;""
Total;Tasa de variación acumulada;Gasto total;2026M07;7,81
Total;Tasa de variación acumulada;Gasto total;2026M06;6,96
Total;Tasa de variación acumulada;Gasto total;2026M05;7,78
Total;Tasa de variación acumulada;Gasto total;2026M04;6,68
Total;Tasa de variación acumulada;Gasto total;2026M03;6,33
Total;Tasa de variación acumulada;Gasto total;2026M02;6,91
Total;Tasa de variación acumulada;Gasto total;2026M01;9,26
Total;Tasa de variación acumulada;Gasto total;2025M12;6,82
Total;Tasa de variación acumulada;Gasto total;2025M11;6,91
Total;Tasa de variación acumulada;Gasto total;2025M10;7,05
Total;Tasa de variación acumulada;Gasto total;2025M09;6,99
Total;Tasa de variación acumulada;Gasto total;2025M08;7,09
Total;Tasa de variación acumulada;Gasto total;2025M07;7,25
Total;Tasa de variación acumulada;Gasto total;2025M06;7,62
Total;Tasa de variación acumulada;Gasto total;2025M05;8,19
Total;Tasa de variación acumulada;Gasto total;2025M04;9,52
Total;Tasa de variación acumulada;Gasto total;2025M03;7,31
Total;Tasa de variación acumulada;Gasto total;2025M02;8,45
Total;Tasa de variación acumulada;Gasto total;2025M01;9,11
Total;Tasa de variación acumulada;Gasto total;2024M12;15,95
Total;Tasa de variación acumulada;Gasto total;2024M11;16,57
Total;Tasa de variación acumulada;Gasto total;2024M10;16,61
Total;Tasa de variación acumulada;Gasto total;2024M09;16,75
Total;Tasa de variación acumulada;Gasto total;2024M08;17,37
Total;Tasa de variación acumulada;Gasto total;2024M07;18,36
Total;Tasa de variación acumulada;Gasto total;2024M06;20,35
Total;Tasa de variación acumulada;Gasto total;2024M05;21,51
Total;Tasa de variación acumulada;Gasto total;2024M04;22,21
Total;Tasa de variación acumulada;Gasto total;2024M03;27,10
Total;Tasa de variación acumulada;Gasto total;2024M02;25,63
Total;Tasa de variación acumulada;Gasto total;2024M01;25,48
Total;Tasa de variación acumulada;Gasto total;2023M12;24,85
Total;Tasa de variación acumulada;Gasto total;2023M11;24,18
Total;Tasa de variación acumulada;Gasto total;2023M10;24,23
Total;Tasa de variación acumulada;Gasto total;2023M09;24,26
Total;Tasa de variación acumulada;Gasto total;2023M08;24,55
Total;Tasa de variación acumulada;Gasto total;2023M07;25,50
Total;Tasa de variación acumulada;Gasto total;2023M06;28,44
Total;Tasa de variación acumulada;Gasto total;2023M05;32,11
Total;Tasa de variación acumulada;Gasto total;2023M04;36,71
Total;Tasa de variación acumulada;Gasto total;2023M03;45,05
Total;Tasa de variación acumulada;Gasto total;2023M02;55,27
Total;Tasa de variación acumulada;Gasto total;2023M01;71,62
Total;Tasa de variación acumulada;Gasto total;2022M12;149,66
Total;Tasa de variación acumulada;Gasto total;2022M11;161,10
Total;Tasa de variación acumulada;Gasto total;2022M10;177,18
Total;Tasa de variación acumulada;Gasto total;2022M09;210,04
Total;Tasa de variación acumulada;Gasto total;2022M08;248,47
Total;Tasa de variación acumulada;Gasto total;2022M07;332,74
Total;Tasa de variación acumulada;Gasto total;2022M06;517,35
Total;Tasa de variación acumulada;Gasto total;2022M05;692,16
Total;Tasa de variación acumulada;Gasto total;2022M04;843,14
Total;Tasa de variación acumulada;Gasto total;2022M03;797,41
Total;Tasa de variación acumulada;Gasto total;2022M02;772,25
Total;Tasa de variación acumulada;Gasto total;2022M01;564,53
Total;Tasa de variación acumulada;Gasto total;2021M12;76,40
Total;Tasa de variación acumulada;Gasto total;2021M11;64,31
Total;Tasa de variación acumulada;Gasto total;2021M10;48,35
Total;Tasa de variación acumulada;Gasto total;2021M09;23,98
Total;Tasa de variación acumulada;Gasto total;2021M08;1,01
Total;Tasa de variación acumulada;Gasto total;2021M07;-22,91
Total;Tasa de variación acumulada;Gasto total;2021M06;-51,02
Total;Tasa de variación acumulada;Gasto total;2021M05;-71,11
Total;Tasa de variación acumulada;Gasto total;2021M04;-83,01
Total;Tasa de variación acumulada;Gasto total;2021M03;-88,70
Total;Tasa de variación acumulada;Gasto total;2021M02;-91,83
Total;Tasa de variación acumulada;Gasto total;2021M01;-90,40
Total;Tasa de variación acumulada;Gasto total;2020M12;-78,47
Total;Tasa de variación acumulada;Gasto total;2020M11;-78,03
Total;Tasa de variación acumulada;Gasto total;2020M10;-77,26
Total;Tasa de variación acumulada;Gasto total;2020M09;-75,86
Total;Tasa de variación acumulada;Gasto total;2020M08;-73,74
Total;Tasa de variación acumulada;Gasto total;2020M07;-72,56
Total;Tasa de variación acumulada;Gasto total;2020M06;-70,53
Total;Tasa de variación acumulada;Gasto total;2020M05;-61,62
Total;Tasa de variación acumulada;Gasto total;2020M04;-47,70
Total;Tasa de variación acumulada;Gasto total;2020M03;-23,69
Total;Tasa de variación acumulada;Gasto total;2020M02;2,35
Total;Tasa de variación acumulada;Gasto total;2020M01;1,89
Total;Tasa de variación acumulada;Gasto total;2019M12;2,41
Total;Tasa de variación acumulada;Gasto total;2019M11;2,55
Total;Tasa de variación acumulada;Gasto total;2019M10;2,49
Total;Tasa de variación acumulada;Gasto total;2019M09;2,55
Total;Tasa de variación acumulada;Gasto total;2019M08;2,83
Total;Tasa de variación acumulada;Gasto total;2019M07;2,98
Total;Tasa de variación acumulada;Gasto total;2019M06;3,39
Total;Tasa de variación acumulada;Gasto total;2019M05;3,39
Total;Tasa de variación acumulada;Gasto total;2019M04;4,76
Total;Tasa de variación acumulada;Gasto total;2019M03;3,96
Total;Tasa de variación acumulada;Gasto total;2019M02;3,06
Total;Tasa de variación acumulada;Gasto total;2019M01;3,41
Total;Tasa de variación acumulada;Gasto total;2018M12;3,16
Total;Tasa de variación acumulada;Gasto total;2018M11;2,75
Total;Tasa de variación acumulada;Gasto total;2018M10;2,60
Total;Tasa de variación acumulada;Gasto total;2018M09;2,35
Total;Tasa de variación acumulada;Gasto total;2018M08;2,60
Total;Tasa de variación acumulada;Gasto total;2018M07;2,96
Total;Tasa de variación acumulada;Gasto total;2018M06;4,18
Total;Tasa de variación acumulada;Gasto total;2018M05;4,15
Total;Tasa de variación acumulada;Gasto total;2018M04;4,64
Total;Tasa de variación acumulada;Gasto total;2018M03;8,11
Total;Tasa de variación acumulada;Gasto total;2018M02;5,75
Total;Tasa de variación acumulada;Gasto total;2018M01;6,13
Total;Tasa de variación acumulada;Gasto total;2017M12;12,39
Total;Tasa de variación acumulada;Gasto total;2017M11;13,15
Total;Tasa de variación acumulada;Gasto total;2017M10;13,32
Total;Tasa de variación acumulada;Gasto total;2017M09;14,17
Total;Tasa de variación acumulada;Gasto total;2017M08;14,38
Total;Tasa de variación acumulada;Gasto total;2017M07;15,36
Total;Tasa de variación acumulada;Gasto total;2017M06;15,24
Total;Tasa de variación acumulada;Gasto total;2017M05;15,33
Total;Tasa de variación acumulada;Gasto total;2017M04;15,62
Total;Tasa de variación acumulada;Gasto total;2017M03;13,33
Total;Tasa de variación acumulada;Gasto total;2017M02;15,10
Total;Tasa de variación acumulada;Gasto total;2017M01;14,07
Total;Tasa de variación acumulada;Gasto total;2016M12;9,21
Total;Tasa de variación acumulada;Gasto total;2016M11;8,61
Total;Tasa de variación acumulada;Gasto total;2016M10;8,61
Total;Tasa de variación acumulada;Gasto total;2016M09;7,71
Total;Tasa de variación acumulada;Gasto total;2016M08;7,31
Total;Tasa de variación acumulada;Gasto total;2016M07;8,10
Total;Tasa de variación acumulada;Gasto total;2016M06;8,21
Total;Tasa de variación acumulada;Gasto total;2016M05;6,84
Total;Tasa de variación acumulada;Gasto total;2016M04;6,19
Total;Tasa de variación acumulada;Gasto total;2016M03;7,14
Total;Tasa de variación acumulada;Gasto total;2016M02;5,76
Total;Tasa de variación acumulada;Gasto total;2016M01;3,62
Total;Tasa de variación acumulada;Gasto total;2015M12;""
Total;Tasa de variación acumulada;Gasto total;2015M11;""
Total;Tasa de variación acumulada;Gasto total;2015M10;""
Total;Tasa de variación acumulada;Gasto medio por persona;2026M07;3,07
Total;Tasa de variación acumulada;Gasto medio por persona;2026M06;2,27
Total;Tasa de variación acumulada;Gasto medio por persona;2026M05;2,60
Total;Tasa de variación acumulada;Gasto medio por persona;2026M04;3,15
Total;Tasa de variación acumulada;Gasto medio por persona;2026M03;3,73
Total;Tasa de variación acumulada;Gasto medio por persona;2026M02;4,78
Total;Tasa de variación acumulada;Gasto medio por persona;2026M01;7,98
Total;Tasa de variación acumulada;Gasto medio por persona;2025M12;3,46
Total;Tasa de variación acumulada;Gasto medio por persona;2025M11;3,37
Total;Tasa de variación acumulada;Gasto medio por persona;2025M10;3,40
Total;Tasa de variación acumulada;Gasto medio por persona;2025M09;3,30
Total;Tasa de variación acumulada;Gasto medio por persona;2025M08;3,05
Total;Tasa de variación acumulada;Gasto medio por persona;2025M07;2,96
Total;Tasa de variación acumulada;Gasto medio por persona;2025M06;2,67
Total;Tasa de variación acumulada;Gasto medio por persona;2025M05;2,41
Total;Tasa de variación acumulada;Gasto medio por persona;2025M04;2,02
Total;Tasa de variación acumulada;Gasto medio por persona;2025M03;1,42
Total;Tasa de variación acumulada;Gasto medio por persona;2025M02;1,27
Total;Tasa de variación acumulada;Gasto medio por persona;2025M01;2,84
Total;Tasa de variación acumulada;Gasto medio por persona;2024M12;5,33
Total;Tasa de variación acumulada;Gasto medio por persona;2024M11;5,33
Total;Tasa de variación acumulada;Gasto medio por persona;2024M10;5,35
Total;Tasa de variación acumulada;Gasto medio por persona;2024M09;5,33
Total;Tasa de variación acumulada;Gasto medio por persona;2024M08;5,64
Total;Tasa de variación acumulada;Gasto medio por persona;2024M07;5,77
Total;Tasa de variación acumulada;Gasto medio por persona;2024M06;6,35
Total;Tasa de variación acumulada;Gasto medio por persona;2024M05;7,05
Total;Tasa de variación acumulada;Gasto medio por persona;2024M04;6,92
Total;Tasa de variación acumulada;Gasto medio por persona;2024M03;7,91
Total;Tasa de variación acumulada;Gasto medio por persona;2024M02;8,51
Total;Tasa de variación acumulada;Gasto medio por persona;2024M01;8,65
Total;Tasa de variación acumulada;Gasto medio por persona;2023M12;5,04
Total;Tasa de variación acumulada;Gasto medio por persona;2023M11;4,88
Total;Tasa de variación acumulada;Gasto medio por persona;2023M10;4,92
Total;Tasa de variación acumulada;Gasto medio por persona;2023M09;4,46
Total;Tasa de variación acumulada;Gasto medio por persona;2023M08;3,90
Total;Tasa de variación acumulada;Gasto medio por persona;2023M07;3,77
Total;Tasa de variación acumulada;Gasto medio por persona;2023M06;3,72
Total;Tasa de variación acumulada;Gasto medio por persona;2023M05;3,11
Total;Tasa de variación acumulada;Gasto medio por persona;2023M04;3,37
Total;Tasa de variación acumulada;Gasto medio por persona;2023M03;2,89
Total;Tasa de variación acumulada;Gasto medio por persona;2023M02;4,32
Total;Tasa de variación acumulada;Gasto medio por persona;2023M01;3,82
Total;Tasa de variación acumulada;Gasto medio por persona;2022M12;8,63
Total;Tasa de variación acumulada;Gasto medio por persona;2022M11;9,16
Total;Tasa de variación acumulada;Gasto medio por persona;2022M10;9,09
Total;Tasa de variación acumulada;Gasto medio por persona;2022M09;9,15
Total;Tasa de variación acumulada;Gasto medio por persona;2022M08;8,46
Total;Tasa de variación acumulada;Gasto medio por persona;2022M07;7,87
Total;Tasa de variación acumulada;Gasto medio por persona;2022M06;10,45
Total;Tasa de variación acumulada;Gasto medio por persona;2022M05;11,34
Total;Tasa de variación acumulada;Gasto medio por persona;2022M04;9,86
Total;Tasa de variación acumulada;Gasto medio por persona;2022M03;12,12
Total;Tasa de variación acumulada;Gasto medio por persona;2022M02;11,01
Total;Tasa de variación acumulada;Gasto medio por persona;2022M01;16,35
Total;Tasa de variación acumulada;Gasto medio por persona;2021M12;7,11
Total;Tasa de variación acumulada;Gasto medio por persona;2021M11;6,41
Total;Tasa de variación acumulada;Gasto medio por persona;2021M10;6,34
Total;Tasa de variación acumulada;Gasto medio por persona;2021M09;5,65
Total;Tasa de variación acumulada;Gasto medio por persona;2021M08;5,37
Total;Tasa de variación acumulada;Gasto medio por persona;2021M07;3,81
Total;Tasa de variación acumulada;Gasto medio por persona;2021M06;-2,80
Total;Tasa de variación acumulada;Gasto medio por persona;2021M05;-4,87
Total;Tasa de variación acumulada;Gasto medio por persona;2021M04;-2,68
Total;Tasa de variación acumulada;Gasto medio por persona;2021M03;-1,79
Total;Tasa de variación acumulada;Gasto medio por persona;2021M02;-3,20
Total;Tasa de variación acumulada;Gasto medio por persona;2021M01;-9,45
Total;Tasa de variación acumulada;Gasto medio por persona;2020M12;-5,05
Total;Tasa de variación acumulada;Gasto medio por persona;2020M11;-4,84
Total;Tasa de variación acumulada;Gasto medio por persona;2020M10;-4,92
Total;Tasa de variación acumulada;Gasto medio por persona;2020M09;-3,84
Total;Tasa de variación acumulada;Gasto medio por persona;2020M08;-2,60
Total;Tasa de variación acumulada;Gasto medio por persona;2020M07;-0,42
Total;Tasa de variación acumulada;Gasto medio por persona;2020M06;4,42
Total;Tasa de variación acumulada;Gasto medio por persona;2020M05;6,47
Total;Tasa de variación acumulada;Gasto medio por persona;2020M04;5,87
Total;Tasa de variación acumulada;Gasto medio por persona;2020M03;2,82
Total;Tasa de variación acumulada;Gasto medio por persona;2020M02;2,54
Total;Tasa de variación acumulada;Gasto medio por persona;2020M01;3,44
Total;Tasa de variación acumulada;Gasto medio por persona;2019M12;1,55
Total;Tasa de variación acumulada;Gasto medio por persona;2019M11;1,58
Total;Tasa de variación acumulada;Gasto medio por persona;2019M10;1,62
Total;Tasa de variación acumulada;Gasto medio por persona;2019M09;1,49
Total;Tasa de variación acumulada;Gasto medio por persona;2019M08;1,44
Total;Tasa de variación acumulada;Gasto medio por persona;2019M07;1,18
Total;Tasa de variación acumulada;Gasto medio por persona;2019M06;0,71
Total;Tasa de variación acumulada;Gasto medio por persona;2019M05;0,90
Total;Tasa de variación acumulada;Gasto medio por persona;2019M04;0,48
Total;Tasa de variación acumulada;Gasto medio por persona;2019M03;0,24
Total;Tasa de variación acumulada;Gasto medio por persona;2019M02;0,03
Total;Tasa de variación acumulada;Gasto medio por persona;2019M01;1,21
Total;Tasa de variación acumulada;Gasto medio por persona;2018M12;1,99
Total;Tasa de variación acumulada;Gasto medio por persona;2018M11;2,01
Total;Tasa de variación acumulada;Gasto medio por persona;2018M10;2,01
Total;Tasa de variación acumulada;Gasto medio por persona;2018M09;2,28
Total;Tasa de variación acumulada;Gasto medio por persona;2018M08;2,62
Total;Tasa de variación acumulada;Gasto medio por persona;2018M07;2,50
Total;Tasa de variación acumulada;Gasto medio por persona;2018M06;2,26
Total;Tasa de variación acumulada;Gasto medio por persona;2018M05;2,10
Total;Tasa de variación acumulada;Gasto medio por persona;2018M04;2,20
Total;Tasa de variación acumulada;Gasto medio por persona;2018M03;1,98
Total;Tasa de variación acumulada;Gasto medio por persona;2018M02;1,94
Total;Tasa de variación acumulada;Gasto medio por persona;2018M01;0,94
Total;Tasa de variación acumulada;Gasto medio por persona;2017M12;3,39
Total;Tasa de variación acumulada;Gasto medio por persona;2017M11;3,62
Total;Tasa de variación acumulada;Gasto medio por persona;2017M10;3,65
Total;Tasa de variación acumulada;Gasto medio por persona;2017M09;3,59
Total;Tasa de variación acumulada;Gasto medio por persona;2017M08;4,03
Total;Tasa de variación acumulada;Gasto medio por persona;2017M07;3,52
Total;Tasa de variación acumulada;Gasto medio por persona;2017M06;3,00
Total;Tasa de variación acumulada;Gasto medio por persona;2017M05;3,01
Total;Tasa de variación acumulada;Gasto medio por persona;2017M04;3,48
Total;Tasa de variación acumulada;Gasto medio por persona;2017M03;3,64
Total;Tasa de variación acumulada;Gasto medio por persona;2017M02;3,35
Total;Tasa de variación acumulada;Gasto medio por persona;2017M01;2,99
Total;Tasa de variación acumulada;Gasto medio por persona;2016M12;-1,14
Total;Tasa de variación acumulada;Gasto medio por persona;2016M11;-1,53
Total;Tasa de variación acumulada;Gasto medio por persona;2016M10;-1,59
Total;Tasa de variación acumulada;Gasto medio por persona;2016M09;-2,34
Total;Tasa de variación acumulada;Gasto medio por persona;2016M08;-2,81
Total;Tasa de variación acumulada;Gasto medio por persona;2016M07;-2,98
Total;Tasa de variación acumulada;Gasto medio por persona;2016M06;-3,25
Total;Tasa de variación acumulada;Gasto medio por persona;2016M05;-4,21
Total;Tasa de variación acumulada;Gasto medio por persona;2016M04;-5,97
Total;Tasa de variación acumulada;Gasto medio por persona;2016M03;-5,72
Total;Tasa de variación acumulada;Gasto medio por persona;2016M02;-5,99
Total;Tasa de variación acumulada;Gasto medio por persona;2016M01;-6,68
Total;Tasa de variación acumulada;Gasto medio por persona;2015M12;""
Total;Tasa de variación acumulada;Gasto medio por persona;2015M11;""
Total;Tasa de variación acumulada;Gasto medio por persona;2015M10;""
Total;Tasa de variación acumulada;Gasto medio diario por persona;2026M07;3,09
Total;Tasa de variación acumulada;Gasto medio diario por persona;2026M06;2,86
Total;Tasa de variación acumulada;Gasto medio diario por persona;2026M05;3,47
Total;Tasa de variación acumulada;Gasto medio diario por persona;2026M04;3,89
Total;Tasa de variación acumulada;Gasto medio diario por persona;2026M03;5,05
Total;Tasa de variación acumulada;Gasto medio diario por persona;2026M02;5,20
Total;Tasa de variación acumulada;Gasto medio diario por persona;2026M01;7,08
Total;Tasa de variación acumulada;Gasto medio diario por persona;2025M12;4,89
Total;Tasa de variación acumulada;Gasto medio diario por persona;2025M11;4,85
Total;Tasa de variación acumulada;Gasto medio diario por persona;2025M10;4,77
Total;Tasa de variación acumulada;Gasto medio diario por persona;2025M09;4,68
Total;Tasa de variación acumulada;Gasto medio diario por persona;2025M08;4,73
Total;Tasa de variación acumulada;Gasto medio diario por persona;2025M07;4,61
Total;Tasa de variación acumulada;Gasto medio diario por persona;2025M06;3,93
Total;Tasa de variación acumulada;Gasto medio diario por persona;2025M05;3,32
Total;Tasa de variación acumulada;Gasto medio diario por persona;2025M04;3,80
Total;Tasa de variación acumulada;Gasto medio diario por persona;2025M03;4,90
Total;Tasa de variación acumulada;Gasto medio diario por persona;2025M02;5,07
Total;Tasa de variación acumulada;Gasto medio diario por persona;2025M01;4,44
Total;Tasa de variación acumulada;Gasto medio diario por persona;2024M12;5,19
Total;Tasa de variación acumulada;Gasto medio diario por persona;2024M11;4,96
Total;Tasa de variación acumulada;Gasto medio diario por persona;2024M10;5,14
Total;Tasa de variación acumulada;Gasto medio diario por persona;2024M09;5,38
Total;Tasa de variación acumulada;Gasto medio diario por persona;2024M08;5,62
Total;Tasa de variación acumulada;Gasto medio diario por persona;2024M07;4,82
Total;Tasa de variación acumulada;Gasto medio diario por persona;2024M06;5,56
Total;Tasa de variación acumulada;Gasto medio diario por persona;2024M05;6,55
Total;Tasa de variación acumulada;Gasto medio diario por persona;2024M04;5,85
Total;Tasa de variación acumulada;Gasto medio diario por persona;2024M03;5,91
Total;Tasa de variación acumulada;Gasto medio diario por persona;2024M02;5,98
Total;Tasa de variación acumulada;Gasto medio diario por persona;2024M01;6,14
Total;Tasa de variación acumulada;Gasto medio diario por persona;2023M12;9,15
Total;Tasa de variación acumulada;Gasto medio diario por persona;2023M11;9,79
Total;Tasa de variación acumulada;Gasto medio diario por persona;2023M10;10,17
Total;Tasa de variación acumulada;Gasto medio diario por persona;2023M09;10,12
Total;Tasa de variación acumulada;Gasto medio diario por persona;2023M08;10,14
Total;Tasa de variación acumulada;Gasto medio diario por persona;2023M07;11,07
Total;Tasa de variación acumulada;Gasto medio diario por persona;2023M06;10,74
Total;Tasa de variación acumulada;Gasto medio diario por persona;2023M05;11,14
Total;Tasa de variación acumulada;Gasto medio diario por persona;2023M04;13,27
Total;Tasa de variación acumulada;Gasto medio diario por persona;2023M03;14,44
Total;Tasa de variación acumulada;Gasto medio diario por persona;2023M02;19,31
Total;Tasa de variación acumulada;Gasto medio diario por persona;2023M01;19,97
Total;Tasa de variación acumulada;Gasto medio diario por persona;2022M12;17,95
Total;Tasa de variación acumulada;Gasto medio diario por persona;2022M11;17,58
Total;Tasa de variación acumulada;Gasto medio diario por persona;2022M10;17,80
Total;Tasa de variación acumulada;Gasto medio diario por persona;2022M09;17,70
Total;Tasa de variación acumulada;Gasto medio diario por persona;2022M08;16,77
Total;Tasa de variación acumulada;Gasto medio diario por persona;2022M07;15,03
Total;Tasa de variación acumulada;Gasto medio diario por persona;2022M06;16,44
Total;Tasa de variación acumulada;Gasto medio diario por persona;2022M05;19,13
Total;Tasa de variación acumulada;Gasto medio diario por persona;2022M04;19,44
Total;Tasa de variación acumulada;Gasto medio diario por persona;2022M03;19,38
Total;Tasa de variación acumulada;Gasto medio diario por persona;2022M02;18,16
Total;Tasa de variación acumulada;Gasto medio diario por persona;2022M01;17,12
Total;Tasa de variación acumulada;Gasto medio diario por persona;2021M12;2,78
Total;Tasa de variación acumulada;Gasto medio diario por persona;2021M11;3,00
Total;Tasa de variación acumulada;Gasto medio diario por persona;2021M10;2,45
Total;Tasa de variación acumulada;Gasto medio diario por persona;2021M09;0,85
Total;Tasa de variación acumulada;Gasto medio diario por persona;2021M08;-0,70
Total;Tasa de variación acumulada;Gasto medio diario por persona;2021M07;-2,63
Total;Tasa de variación acumulada;Gasto medio diario por persona;2021M06;-8,43
Total;Tasa de variación acumulada;Gasto medio diario por persona;2021M05;-13,47
Total;Tasa de variación acumulada;Gasto medio diario por persona;2021M04;-18,15
Total;Tasa de variación acumulada;Gasto medio diario por persona;2021M03;-20,86
Total;Tasa de variación acumulada;Gasto medio diario por persona;2021M02;-25,28
Total;Tasa de variación acumulada;Gasto medio diario por persona;2021M01;-26,86
Total;Tasa de variación acumulada;Gasto medio diario por persona;2020M12;-13,59
Total;Tasa de variación acumulada;Gasto medio diario por persona;2020M11;-13,08
Total;Tasa de variación acumulada;Gasto medio diario por persona;2020M10;-12,68
Total;Tasa de variación acumulada;Gasto medio diario por persona;2020M09;-11,12
Total;Tasa de variación acumulada;Gasto medio diario por persona;2020M08;-9,80
Total;Tasa de variación acumulada;Gasto medio diario por persona;2020M07;-7,87
Total;Tasa de variación acumulada;Gasto medio diario por persona;2020M06;-4,04
Total;Tasa de variación acumulada;Gasto medio diario por persona;2020M05;-2,02
Total;Tasa de variación acumulada;Gasto medio diario por persona;2020M04;0,48
Total;Tasa de variación acumulada;Gasto medio diario por persona;2020M03;2,21
Total;Tasa de variación acumulada;Gasto medio diario por persona;2020M02;3,58
Total;Tasa de variación acumulada;Gasto medio diario por persona;2020M01;4,45
Total;Tasa de variación acumulada;Gasto medio diario por persona;2019M12;6,32
Total;Tasa de variación acumulada;Gasto medio diario por persona;2019M11;6,14
Total;Tasa de variación acumulada;Gasto medio diario por persona;2019M10;6,20
Total;Tasa de variación acumulada;Gasto medio diario por persona;2019M09;6,14
Total;Tasa de variación acumulada;Gasto medio diario por persona;2019M08;6,47
Total;Tasa de variación acumulada;Gasto medio diario por persona;2019M07;6,73
Total;Tasa de variación acumulada;Gasto medio diario por persona;2019M06;7,19
Total;Tasa de variación acumulada;Gasto medio diario por persona;2019M05;6,86
Total;Tasa de variación acumulada;Gasto medio diario por persona;2019M04;6,01
Total;Tasa de variación acumulada;Gasto medio diario por persona;2019M03;5,58
Total;Tasa de variación acumulada;Gasto medio diario por persona;2019M02;5,10
Total;Tasa de variación acumulada;Gasto medio diario por persona;2019M01;5,29
Total;Tasa de variación acumulada;Gasto medio diario por persona;2018M12;6,00
Total;Tasa de variación acumulada;Gasto medio diario por persona;2018M11;5,91
Total;Tasa de variación acumulada;Gasto medio diario por persona;2018M10;5,60
Total;Tasa de variación acumulada;Gasto medio diario por persona;2018M09;5,65
Total;Tasa de variación acumulada;Gasto medio diario por persona;2018M08;6,11
Total;Tasa de variación acumulada;Gasto medio diario por persona;2018M07;5,03
Total;Tasa de variación acumulada;Gasto medio diario por persona;2018M06;3,78
Total;Tasa de variación acumulada;Gasto medio diario por persona;2018M05;3,23
Total;Tasa de variación acumulada;Gasto medio diario por persona;2018M04;3,31
Total;Tasa de variación acumulada;Gasto medio diario por persona;2018M03;3,14
Total;Tasa de variación acumulada;Gasto medio diario por persona;2018M02;4,39
Total;Tasa de variación acumulada;Gasto medio diario por persona;2018M01;1,95
Total;Tasa de variación acumulada;Gasto medio diario por persona;2017M12;5,24
Total;Tasa de variación acumulada;Gasto medio diario por persona;2017M11;5,39
Total;Tasa de variación acumulada;Gasto medio diario por persona;2017M10;5,71
Total;Tasa de variación acumulada;Gasto medio diario por persona;2017M09;5,78
Total;Tasa de variación acumulada;Gasto medio diario por persona;2017M08;5,76
Total;Tasa de variación acumulada;Gasto medio diario por persona;2017M07;5,16
Total;Tasa de variación acumulada;Gasto medio diario por persona;2017M06;4,77
Total;Tasa de variación acumulada;Gasto medio diario por persona;2017M05;4,71
Total;Tasa de variación acumulada;Gasto medio diario por persona;2017M04;5,67
Total;Tasa de variación acumulada;Gasto medio diario por persona;2017M03;5,16
Total;Tasa de variación acumulada;Gasto medio diario por persona;2017M02;4,11
Total;Tasa de variación acumulada;Gasto medio diario por persona;2017M01;5,97
Total;Tasa de variación acumulada;Gasto medio diario por persona;2016M12;4,08
Total;Tasa de variación acumulada;Gasto medio diario por persona;2016M11;3,95
Total;Tasa de variación acumulada;Gasto medio diario por persona;2016M10;3,81
Total;Tasa de variación acumulada;Gasto medio diario por persona;2016M09;2,79
Total;Tasa de variación acumulada;Gasto medio diario por persona;2016M08;2,72
Total;Tasa de variación acumulada;Gasto medio diario por persona;2016M07;3,30
Total;Tasa de variación acumulada;Gasto medio diario por persona;2016M06;2,48
Total;Tasa de variación acumulada;Gasto medio diario por persona;2016M05;2,65
Total;Tasa de variación acumulada;Gasto medio diario por persona;2016M04;1,92
Total;Tasa de variación acumulada;Gasto medio diario por persona;2016M03;1,91
Total;Tasa de variación acumulada;Gasto medio diario por persona;2016M02;2,81
Total;Tasa de variación acumulada;Gasto medio diario por persona;2016M01;0,95
Total;Tasa de variación acumulada;Gasto medio diario por persona;2015M12;""
Total;Tasa de variación acumulada;Gasto medio diario por persona;2015M11;""
Total;Tasa de variación acumulada;Gasto medio diario por persona;2015M10;""
Total;Tasa de variación acumulada;Duración media de los viajes;2026M07;-0,02
Total;Tasa de variación acumulada;Duración media de los viajes;2026M06;-0,57
Total;Tasa de variación acumulada;Duración media de los viajes;2026M05;-0,84
Total;Tasa de variación acumulada;Duración media de los viajes;2026M04;-0,71
Total;Tasa de variación acumulada;Duración media de los viajes;2026M03;-1,25
Total;Tasa de variación acumulada;Duración media de los viajes;2026M02;-0,41
Total;Tasa de variación acumulada;Duración media de los viajes;2026M01;0,84
Total;Tasa de variación acumulada;Duración media de los viajes;2025M12;-1,37
Total;Tasa de variación acumulada;Duración media de los viajes;2025M11;-1,40
Total;Tasa de variación acumulada;Duración media de los viajes;2025M10;-1,31
Total;Tasa de variación acumulada;Duración media de los viajes;2025M09;-1,32
Total;Tasa de variación acumulada;Duración media de los viajes;2025M08;-1,60
Total;Tasa de variación acumulada;Duración media de los viajes;2025M07;-1,58
Total;Tasa de variación acumulada;Duración media de los viajes;2025M06;-1,21
Total;Tasa de variación acumulada;Duración media de los viajes;2025M05;-0,88
Total;Tasa de variación acumulada;Duración media de los viajes;2025M04;-1,71
Total;Tasa de variación acumulada;Duración media de los viajes;2025M03;-3,32
Total;Tasa de variación acumulada;Duración media de los viajes;2025M02;-3,61
Total;Tasa de variación acumulada;Duración media de los viajes;2025M01;-1,53
Total;Tasa de variación acumulada;Duración media de los viajes;2024M12;0,13
Total;Tasa de variación acumulada;Duración media de los viajes;2024M11;0,35
Total;Tasa de variación acumulada;Duración media de los viajes;2024M10;0,20
Total;Tasa de variación acumulada;Duración media de los viajes;2024M09;-0,05
Total;Tasa de variación acumulada;Duración media de los viajes;2024M08;0,02
Total;Tasa de variación acumulada;Duración media de los viajes;2024M07;0,90
Total;Tasa de variación acumulada;Duración media de los viajes;2024M06;0,75
Total;Tasa de variación acumulada;Duración media de los viajes;2024M05;0,47
Total;Tasa de variación acumulada;Duración media de los viajes;2024M04;1,02
Total;Tasa de variación acumulada;Duración media de los viajes;2024M03;1,90
Total;Tasa de variación acumulada;Duración media de los viajes;2024M02;2,39
Total;Tasa de variación acumulada;Duración media de los viajes;2024M01;2,37
Total;Tasa de variación acumulada;Duración media de los viajes;2023M12;-3,76
Total;Tasa de variación acumulada;Duración media de los viajes;2023M11;-4,48
Total;Tasa de variación acumulada;Duración media de los viajes;2023M10;-4,76
Total;Tasa de variación acumulada;Duración media de los viajes;2023M09;-5,14
Total;Tasa de variación acumulada;Duración media de los viajes;2023M08;-5,66
Total;Tasa de variación acumulada;Duración media de los viajes;2023M07;-6,58
Total;Tasa de variación acumulada;Duración media de los viajes;2023M06;-6,34
Total;Tasa de variación acumulada;Duración media de los viajes;2023M05;-7,22
Total;Tasa de variación acumulada;Duración media de los viajes;2023M04;-8,74
Total;Tasa de variación acumulada;Duración media de los viajes;2023M03;-10,09
Total;Tasa de variación acumulada;Duración media de los viajes;2023M02;-12,57
Total;Tasa de variación acumulada;Duración media de los viajes;2023M01;-13,46
Total;Tasa de variación acumulada;Duración media de los viajes;2022M12;-7,90
Total;Tasa de variación acumulada;Duración media de los viajes;2022M11;-7,16
Total;Tasa de variación acumulada;Duración media de los viajes;2022M10;-7,40
Total;Tasa de variación acumulada;Duración media de los viajes;2022M09;-7,26
Total;Tasa de variación acumulada;Duración media de los viajes;2022M08;-7,11
Total;Tasa de variación acumulada;Duración media de los viajes;2022M07;-6,23
Total;Tasa de variación acumulada;Duración media de los viajes;2022M06;-5,14
Total;Tasa de variación acumulada;Duración media de los viajes;2022M05;-6,54
Total;Tasa de variación acumulada;Duración media de los viajes;2022M04;-8,01
Total;Tasa de variación acumulada;Duración media de los viajes;2022M03;-6,08
Total;Tasa de variación acumulada;Duración media de los viajes;2022M02;-6,06
Total;Tasa de variación acumulada;Duración media de los viajes;2022M01;-0,66
Total;Tasa de variación acumulada;Duración media de los viajes;2021M12;4,21
Total;Tasa de variación acumulada;Duración media de los viajes;2021M11;3,31
Total;Tasa de variación acumulada;Duración media de los viajes;2021M10;3,79
Total;Tasa de variación acumulada;Duración media de los viajes;2021M09;4,77
Total;Tasa de variación acumulada;Duración media de los viajes;2021M08;6,12
Total;Tasa de variación acumulada;Duración media de los viajes;2021M07;6,61
Total;Tasa de variación acumulada;Duración media de los viajes;2021M06;6,14
Total;Tasa de variación acumulada;Duración media de los viajes;2021M05;9,94
Total;Tasa de variación acumulada;Duración media de los viajes;2021M04;18,90
Total;Tasa de variación acumulada;Duración media de los viajes;2021M03;24,09
Total;Tasa de variación acumulada;Duración media de los viajes;2021M02;29,56
Total;Tasa de variación acumulada;Duración media de los viajes;2021M01;23,80
Total;Tasa de variación acumulada;Duración media de los viajes;2020M12;9,88
Total;Tasa de variación acumulada;Duración media de los viajes;2020M11;9,48
Total;Tasa de variación acumulada;Duración media de los viajes;2020M10;8,89
Total;Tasa de variación acumulada;Duración media de los viajes;2020M09;8,19
Total;Tasa de variación acumulada;Duración media de los viajes;2020M08;7,99
Total;Tasa de variación acumulada;Duración media de los viajes;2020M07;8,09
Total;Tasa de variación acumulada;Duración media de los viajes;2020M06;8,81
Total;Tasa de variación acumulada;Duración media de los viajes;2020M05;8,66
Total;Tasa de variación acumulada;Duración media de los viajes;2020M04;5,37
Total;Tasa de variación acumulada;Duración media de los viajes;2020M03;0,60
Total;Tasa de variación acumulada;Duración media de los viajes;2020M02;-1,01
Total;Tasa de variación acumulada;Duración media de los viajes;2020M01;-0,97
Total;Tasa de variación acumulada;Duración media de los viajes;2019M12;-4,49
Total;Tasa de variación acumulada;Duración media de los viajes;2019M11;-4,29
Total;Tasa de variación acumulada;Duración media de los viajes;2019M10;-4,31
Total;Tasa de variación acumulada;Duración media de los viajes;2019M09;-4,38
Total;Tasa de variación acumulada;Duración media de los viajes;2019M08;-4,72
Total;Tasa de variación acumulada;Duración media de los viajes;2019M07;-5,20
Total;Tasa de variación acumulada;Duración media de los viajes;2019M06;-6,04
Total;Tasa de variación acumulada;Duración media de los viajes;2019M05;-5,58
Total;Tasa de variación acumulada;Duración media de los viajes;2019M04;-5,22
Total;Tasa de variación acumulada;Duración media de los viajes;2019M03;-5,05
Total;Tasa de variación acumulada;Duración media de los viajes;2019M02;-4,82
Total;Tasa de variación acumulada;Duración media de los viajes;2019M01;-3,87
Total;Tasa de variación acumulada;Duración media de los viajes;2018M12;-3,78
Total;Tasa de variación acumulada;Duración media de los viajes;2018M11;-3,69
Total;Tasa de variación acumulada;Duración media de los viajes;2018M10;-3,40
Total;Tasa de variación acumulada;Duración media de los viajes;2018M09;-3,19
Total;Tasa de variación acumulada;Duración media de los viajes;2018M08;-3,29
Total;Tasa de variación acumulada;Duración media de los viajes;2018M07;-2,41
Total;Tasa de variación acumulada;Duración media de los viajes;2018M06;-1,47
Total;Tasa de variación acumulada;Duración media de los viajes;2018M05;-1,09
Total;Tasa de variación acumulada;Duración media de los viajes;2018M04;-1,08
Total;Tasa de variación acumulada;Duración media de los viajes;2018M03;-1,13
Total;Tasa de variación acumulada;Duración media de los viajes;2018M02;-2,34
Total;Tasa de variación acumulada;Duración media de los viajes;2018M01;-0,99
Total;Tasa de variación acumulada;Duración media de los viajes;2017M12;-1,76
Total;Tasa de variación acumulada;Duración media de los viajes;2017M11;-1,68
Total;Tasa de variación acumulada;Duración media de los viajes;2017M10;-1,95
Total;Tasa de variación acumulada;Duración media de los viajes;2017M09;-2,07
Total;Tasa de variación acumulada;Duración media de los viajes;2017M08;-1,64
Total;Tasa de variación acumulada;Duración media de los viajes;2017M07;-1,56
Total;Tasa de variación acumulada;Duración media de los viajes;2017M06;-1,69
Total;Tasa de variación acumulada;Duración media de los viajes;2017M05;-1,63
Total;Tasa de variación acumulada;Duración media de los viajes;2017M04;-2,08
Total;Tasa de variación acumulada;Duración media de los viajes;2017M03;-1,44
Total;Tasa de variación acumulada;Duración media de los viajes;2017M02;-0,74
Total;Tasa de variación acumulada;Duración media de los viajes;2017M01;-2,81
Total;Tasa de variación acumulada;Duración media de los viajes;2016M12;-5,01
Total;Tasa de variación acumulada;Duración media de los viajes;2016M11;-5,27
Total;Tasa de variación acumulada;Duración media de los viajes;2016M10;-5,20
Total;Tasa de variación acumulada;Duración media de los viajes;2016M09;-4,99
Total;Tasa de variación acumulada;Duración media de los viajes;2016M08;-5,38
Total;Tasa de variación acumulada;Duración media de los viajes;2016M07;-6,08
Total;Tasa de variación acumulada;Duración media de los viajes;2016M06;-5,60
Total;Tasa de variación acumulada;Duración media de los viajes;2016M05;-6,69
Total;Tasa de variación acumulada;Duración media de los viajes;2016M04;-7,74
Total;Tasa de variación acumulada;Duración media de los viajes;2016M03;-7,48
Total;Tasa de variación acumulada;Duración media de los viajes;2016M02;-8,56
Total;Tasa de variación acumulada;Duración media de los viajes;2016M01;-7,56
Total;Tasa de variación acumulada;Duración media de los viajes;2015M12;""
Total;Tasa de variación acumulada;Duración media de los viajes;2015M11;""
Total;Tasa de variación acumulada;Duración media de los viajes;2015M10;""
Aeropuerto;Dato base;Gasto total;2026M07;15.912,40
Aeropuerto;Dato base;Gasto total;2026M06;12.301,98
Aeropuerto;Dato base;Gasto total;2026M05;12.169,65
Aeropuerto;Dato base;Gasto total;2026M04;10.552,09
Aeropuerto;Dato base;Gasto total;2026M03;8.824,58
Aeropuerto;Dato base;Gasto total;2026M02;6.904,88
Aeropuerto;Dato base;Gasto total;2026M01;7.224,66
Aeropuerto;Dato base;Gasto total;2025M12;7.247,88
Aeropuerto;Dato base;Gasto total;2025M11;7.344,99
Aeropuerto;Dato base;Gasto total;2025M10;11.457,64
Aeropuerto;Dato base;Gasto total;2025M09;12.087,61
Aeropuerto;Dato base;Gasto total;2025M08;14.063,30
Aeropuerto;Dato base;Gasto total;2025M07;14.470,22
Aeropuerto;Dato base;Gasto total;2025M06;11.926,25
Aeropuerto;Dato base;Gasto total;2025M05;11.166,82
Aeropuerto;Dato base;Gasto total;2025M04;9.825,71
Aeropuerto;Dato base;Gasto total;2025M03;8.336,53
Aeropuerto;Dato base;Gasto total;2025M02;6.634,07
Aeropuerto;Dato base;Gasto total;2025M01;6.514,55
Aeropuerto;Dato base;Gasto total;2024M12;6.788,09
Aeropuerto;Dato base;Gasto total;2024M11;6.951,16
Aeropuerto;Dato base;Gasto total;2024M10;10.724,38
Aeropuerto;Dato base;Gasto total;2024M09;11.208,17
Aeropuerto;Dato base;Gasto total;2024M08;12.925,24
Aeropuerto;Dato base;Gasto total;2024M07;13.406,85
Aeropuerto;Dato base;Gasto total;2024M06;11.367,09
Aeropuerto;Dato base;Gasto total;2024M05;10.561,59
Aeropuerto;Dato base;Gasto total;2024M04;8.624,02
Aeropuerto;Dato base;Gasto total;2024M03;7.858,51
Aeropuerto;Dato base;Gasto total;2024M02;6.171,97
Aeropuerto;Dato base;Gasto total;2024M01;6.001,59
Aeropuerto;Dato base;Gasto total;2023M12;6.214,49
Aeropuerto;Dato base;Gasto total;2023M11;5.999,52
Aeropuerto;Dato base;Gasto total;2023M10;9.286,22
Aeropuerto;Dato base;Gasto total;2023M09;10.062,86
Aeropuerto;Dato base;Gasto total;2023M08;11.267,65
Aeropuerto;Dato base;Gasto total;2023M07;11.894,49
Aeropuerto;Dato base;Gasto total;2023M06;9.608,09
Aeropuerto;Dato base;Gasto total;2023M05;8.666,62
Aeropuerto;Dato base;Gasto total;2023M04;7.604,91
Aeropuerto;Dato base;Gasto total;2023M03;6.065,85
Aeropuerto;Dato base;Gasto total;2023M02;4.864,73
Aeropuerto;Dato base;Gasto total;2023M01;4.789,21
Aeropuerto;Dato base;Gasto total;2022M12;4.605,26
Aeropuerto;Dato base;Gasto total;2022M11;4.880,94
Aeropuerto;Dato base;Gasto total;2022M10;7.491,96
Aeropuerto;Dato base;Gasto total;2022M09;8.158,43
Aeropuerto;Dato base;Gasto total;2022M08;9.404,44
Aeropuerto;Dato base;Gasto total;2022M07;10.279,29
Aeropuerto;Dato base;Gasto total;2022M06;8.220,04
Aeropuerto;Dato base;Gasto total;2022M05;7.389,28
Aeropuerto;Dato base;Gasto total;2022M04;6.310,33
Aeropuerto;Dato base;Gasto total;2022M03;4.674,04
Aeropuerto;Dato base;Gasto total;2022M02;3.342,82
Aeropuerto;Dato base;Gasto total;2022M01;2.724,36
Aeropuerto;Dato base;Gasto total;2021M12;3.159,90
Aeropuerto;Dato base;Gasto total;2021M11;3.389,84
Aeropuerto;Dato base;Gasto total;2021M10;5.050,46
Aeropuerto;Dato base;Gasto total;2021M09;4.453,94
Aeropuerto;Dato base;Gasto total;2021M08;4.942,73
Aeropuerto;Dato base;Gasto total;2021M07;4.490,67
Aeropuerto;Dato base;Gasto total;2021M06;2.139,96
Aeropuerto;Dato base;Gasto total;2021M05;1.211,24
Aeropuerto;Dato base;Gasto total;2021M04;578,55
Aeropuerto;Dato base;Gasto total;2021M03;442,86
Aeropuerto;Dato base;Gasto total;2021M02;266,99
Aeropuerto;Dato base;Gasto total;2021M01;361,39
Aeropuerto;Dato base;Gasto total;2020M12;585,33
Aeropuerto;Dato base;Gasto total;2020M11;418,10
Aeropuerto;Dato base;Gasto total;2020M10;634,81
Aeropuerto;Dato base;Gasto total;2020M09;671,59
Aeropuerto;Dato base;Gasto total;2020M08;1.801,25
Aeropuerto;Dato base;Gasto total;2020M07;1.953,60
Aeropuerto;Dato base;Gasto total;2020M06;62,41
Aeropuerto;Dato base;Gasto total;2020M05;0,00
Aeropuerto;Dato base;Gasto total;2020M04;0,00
Aeropuerto;Dato base;Gasto total;2020M03;1.937,87
Aeropuerto;Dato base;Gasto total;2020M02;4.360,23
Aeropuerto;Dato base;Gasto total;2020M01;4.326,77
Aeropuerto;Dato base;Gasto total;2019M12;4.530,07
Aeropuerto;Dato base;Gasto total;2019M11;4.616,57
Aeropuerto;Dato base;Gasto total;2019M10;7.611,52
Aeropuerto;Dato base;Gasto total;2019M09;8.575,30
Aeropuerto;Dato base;Gasto total;2019M08;9.902,73
Aeropuerto;Dato base;Gasto total;2019M07;10.515,69
Aeropuerto;Dato base;Gasto total;2019M06;8.852,28
Aeropuerto;Dato base;Gasto total;2019M05;7.355,68
Aeropuerto;Dato base;Gasto total;2019M04;6.326,95
Aeropuerto;Dato base;Gasto total;2019M03;5.407,47
Aeropuerto;Dato base;Gasto total;2019M02;4.236,60
Aeropuerto;Dato base;Gasto total;2019M01;4.265,26
Aeropuerto;Dato base;Gasto total;2018M12;4.534,15
Aeropuerto;Dato base;Gasto total;2018M11;4.366,25
Aeropuerto;Dato base;Gasto total;2018M10;7.313,12
Aeropuerto;Dato base;Gasto total;2018M09;8.336,15
Aeropuerto;Dato base;Gasto total;2018M08;9.725,13
Aeropuerto;Dato base;Gasto total;2018M07;10.351,87
Aeropuerto;Dato base;Gasto total;2018M06;8.416,28
Aeropuerto;Dato base;Gasto total;2018M05;7.229,24
Aeropuerto;Dato base;Gasto total;2018M04;5.853,07
Aeropuerto;Dato base;Gasto total;2018M03;5.145,77
Aeropuerto;Dato base;Gasto total;2018M02;4.116,79
Aeropuerto;Dato base;Gasto total;2018M01;4.126,46
Aeropuerto;Dato base;Gasto total;2017M12;4.034,35
Aeropuerto;Dato base;Gasto total;2017M11;4.090,04
Aeropuerto;Dato base;Gasto total;2017M10;6.957,99
Aeropuerto;Dato base;Gasto total;2017M09;8.326,87
Aeropuerto;Dato base;Gasto total;2017M08;9.566,20
Aeropuerto;Dato base;Gasto total;2017M07;10.404,18
Aeropuerto;Dato base;Gasto total;2017M06;8.161,79
Aeropuerto;Dato base;Gasto total;2017M05;6.980,93
Aeropuerto;Dato base;Gasto total;2017M04;5.988,44
Aeropuerto;Dato base;Gasto total;2017M03;4.590,91
Aeropuerto;Dato base;Gasto total;2017M02;3.886,38
Aeropuerto;Dato base;Gasto total;2017M01;3.876,48
Aeropuerto;Dato base;Gasto total;2016M12;4.037,56
Aeropuerto;Dato base;Gasto total;2016M11;3.681,07
Aeropuerto;Dato base;Gasto total;2016M10;6.464,73
Aeropuerto;Dato base;Gasto total;2016M09;7.354,80
Aeropuerto;Dato base;Gasto total;2016M08;8.309,57
Aeropuerto;Dato base;Gasto total;2016M07;8.874,31
Aeropuerto;Dato base;Gasto total;2016M06;7.110,89
Aeropuerto;Dato base;Gasto total;2016M05;6.099,90
Aeropuerto;Dato base;Gasto total;2016M04;4.967,05
Aeropuerto;Dato base;Gasto total;2016M03;4.219,40
Aeropuerto;Dato base;Gasto total;2016M02;3.329,32
Aeropuerto;Dato base;Gasto total;2016M01;3.307,37
Aeropuerto;Dato base;Gasto total;2015M12;3.325,93
Aeropuerto;Dato base;Gasto total;2015M11;3.427,57
Aeropuerto;Dato base;Gasto total;2015M10;5.508,33
Aeropuerto;Dato base;Gasto medio por persona;2026M07;1.723
Aeropuerto;Dato base;Gasto medio por persona;2026M06;1.486
Aeropuerto;Dato base;Gasto medio por persona;2026M05;1.410
Aeropuerto;Dato base;Gasto medio por persona;2026M04;1.381
Aeropuerto;Dato base;Gasto medio por persona;2026M03;1.501
Aeropuerto;Dato base;Gasto medio por persona;2026M02;1.460
Aeropuerto;Dato base;Gasto medio por persona;2026M01;1.621
Aeropuerto;Dato base;Gasto medio por persona;2025M12;1.688
Aeropuerto;Dato base;Gasto medio por persona;2025M11;1.506
Aeropuerto;Dato base;Gasto medio por persona;2025M10;1.464
Aeropuerto;Dato base;Gasto medio por persona;2025M09;1.471
Aeropuerto;Dato base;Gasto medio por persona;2025M08;1.635
Aeropuerto;Dato base;Gasto medio por persona;2025M07;1.645
Aeropuerto;Dato base;Gasto medio por persona;2025M06;1.457
Aeropuerto;Dato base;Gasto medio por persona;2025M05;1.386
Aeropuerto;Dato base;Gasto medio por persona;2025M04;1.374
Aeropuerto;Dato base;Gasto medio por persona;2025M03;1.472
Aeropuerto;Dato base;Gasto medio por persona;2025M02;1.431
Aeropuerto;Dato base;Gasto medio por persona;2025M01;1.528
Aeropuerto;Dato base;Gasto medio por persona;2024M12;1.607
Aeropuerto;Dato base;Gasto medio por persona;2024M11;1.486
Aeropuerto;Dato base;Gasto medio por persona;2024M10;1.427
Aeropuerto;Dato base;Gasto medio por persona;2024M09;1.407
Aeropuerto;Dato base;Gasto medio por persona;2024M08;1.576
Aeropuerto;Dato base;Gasto medio por persona;2024M07;1.573
Aeropuerto;Dato base;Gasto medio por persona;2024M06;1.421
Aeropuerto;Dato base;Gasto medio por persona;2024M05;1.357
Aeropuerto;Dato base;Gasto medio por persona;2024M04;1.315
Aeropuerto;Dato base;Gasto medio por persona;2024M03;1.468
Aeropuerto;Dato base;Gasto medio por persona;2024M02;1.451
Aeropuerto;Dato base;Gasto medio por persona;2024M01;1.480
Aeropuerto;Dato base;Gasto medio por persona;2023M12;1.543
Aeropuerto;Dato base;Gasto medio por persona;2023M11;1.395
Aeropuerto;Dato base;Gasto medio por persona;2023M10;1.337
Aeropuerto;Dato base;Gasto medio por persona;2023M09;1.375
Aeropuerto;Dato base;Gasto medio por persona;2023M08;1.489
Aeropuerto;Dato base;Gasto medio por persona;2023M07;1.506
Aeropuerto;Dato base;Gasto medio por persona;2023M06;1.365
Aeropuerto;Dato base;Gasto medio por persona;2023M05;1.265
Aeropuerto;Dato base;Gasto medio por persona;2023M04;1.266
Aeropuerto;Dato base;Gasto medio por persona;2023M03;1.355
Aeropuerto;Dato base;Gasto medio por persona;2023M02;1.350
Aeropuerto;Dato base;Gasto medio por persona;2023M01;1.356
Aeropuerto;Dato base;Gasto medio por persona;2022M12;1.410
Aeropuerto;Dato base;Gasto medio por persona;2022M11;1.331
Aeropuerto;Dato base;Gasto medio por persona;2022M10;1.227
Aeropuerto;Dato base;Gasto medio por persona;2022M09;1.252
Aeropuerto;Dato base;Gasto medio por persona;2022M08;1.390
Aeropuerto;Dato base;Gasto medio por persona;2022M07;1.443
Aeropuerto;Dato base;Gasto medio por persona;2022M06;1.278
Aeropuerto;Dato base;Gasto medio por persona;2022M05;1.222
Aeropuerto;Dato base;Gasto medio por persona;2022M04;1.210
Aeropuerto;Dato base;Gasto medio por persona;2022M03;1.327
Aeropuerto;Dato base;Gasto medio por persona;2022M02;1.285
Aeropuerto;Dato base;Gasto medio por persona;2022M01;1.333
Aeropuerto;Dato base;Gasto medio por persona;2021M12;1.361
Aeropuerto;Dato base;Gasto medio por persona;2021M11;1.214
Aeropuerto;Dato base;Gasto medio por persona;2021M10;1.171
Aeropuerto;Dato base;Gasto medio por persona;2021M09;1.167
Aeropuerto;Dato base;Gasto medio por persona;2021M08;1.280
Aeropuerto;Dato base;Gasto medio por persona;2021M07;1.330
Aeropuerto;Dato base;Gasto medio por persona;2021M06;1.242
Aeropuerto;Dato base;Gasto medio por persona;2021M05;1.240
Aeropuerto;Dato base;Gasto medio por persona;2021M04;1.200
Aeropuerto;Dato base;Gasto medio por persona;2021M03;1.335
Aeropuerto;Dato base;Gasto medio por persona;2021M02;1.473
Aeropuerto;Dato base;Gasto medio por persona;2021M01;1.431
Aeropuerto;Dato base;Gasto medio por persona;2020M12;1.441
Aeropuerto;Dato base;Gasto medio por persona;2020M11;1.284
Aeropuerto;Dato base;Gasto medio por persona;2020M10;1.171
Aeropuerto;Dato base;Gasto medio por persona;2020M09;1.183
Aeropuerto;Dato base;Gasto medio por persona;2020M08;1.298
Aeropuerto;Dato base;Gasto medio por persona;2020M07;1.218
Aeropuerto;Dato base;Gasto medio por persona;2020M06;947
Aeropuerto;Dato base;Gasto medio por persona;2020M05;0
Aeropuerto;Dato base;Gasto medio por persona;2020M04;0
Aeropuerto;Dato base;Gasto medio por persona;2020M03;1.197
Aeropuerto;Dato base;Gasto medio por persona;2020M02;1.180
Aeropuerto;Dato base;Gasto medio por persona;2020M01;1.256
Aeropuerto;Dato base;Gasto medio por persona;2019M12;1.294
Aeropuerto;Dato base;Gasto medio por persona;2019M11;1.183
Aeropuerto;Dato base;Gasto medio por persona;2019M10;1.181
Aeropuerto;Dato base;Gasto medio por persona;2019M09;1.168
Aeropuerto;Dato base;Gasto medio por persona;2019M08;1.318
Aeropuerto;Dato base;Gasto medio por persona;2019M07;1.334
Aeropuerto;Dato base;Gasto medio por persona;2019M06;1.174
Aeropuerto;Dato base;Gasto medio por persona;2019M05;1.089
Aeropuerto;Dato base;Gasto medio por persona;2019M04;1.077
Aeropuerto;Dato base;Gasto medio por persona;2019M03;1.143
Aeropuerto;Dato base;Gasto medio por persona;2019M02;1.159
Aeropuerto;Dato base;Gasto medio por persona;2019M01;1.201
Aeropuerto;Dato base;Gasto medio por persona;2018M12;1.254
Aeropuerto;Dato base;Gasto medio por persona;2018M11;1.144
Aeropuerto;Dato base;Gasto medio por persona;2018M10;1.132
Aeropuerto;Dato base;Gasto medio por persona;2018M09;1.143
Aeropuerto;Dato base;Gasto medio por persona;2018M08;1.308
Aeropuerto;Dato base;Gasto medio por persona;2018M07;1.297
Aeropuerto;Dato base;Gasto medio por persona;2018M06;1.157
Aeropuerto;Dato base;Gasto medio por persona;2018M05;1.082
Aeropuerto;Dato base;Gasto medio por persona;2018M04;1.069
Aeropuerto;Dato base;Gasto medio por persona;2018M03;1.139
Aeropuerto;Dato base;Gasto medio por persona;2018M02;1.169
Aeropuerto;Dato base;Gasto medio por persona;2018M01;1.188
Aeropuerto;Dato base;Gasto medio por persona;2017M12;1.243
Aeropuerto;Dato base;Gasto medio por persona;2017M11;1.144
Aeropuerto;Dato base;Gasto medio por persona;2017M10;1.134
Aeropuerto;Dato base;Gasto medio por persona;2017M09;1.139
Aeropuerto;Dato base;Gasto medio por persona;2017M08;1.249
Aeropuerto;Dato base;Gasto medio por persona;2017M07;1.260
Aeropuerto;Dato base;Gasto medio por persona;2017M06;1.131
Aeropuerto;Dato base;Gasto medio por persona;2017M05;1.056
Aeropuerto;Dato base;Gasto medio por persona;2017M04;1.044
Aeropuerto;Dato base;Gasto medio por persona;2017M03;1.111
Aeropuerto;Dato base;Gasto medio por persona;2017M02;1.122
Aeropuerto;Dato base;Gasto medio por persona;2017M01;1.176
Aeropuerto;Dato base;Gasto medio por persona;2016M12;1.260
Aeropuerto;Dato base;Gasto medio por persona;2016M11;1.106
Aeropuerto;Dato base;Gasto medio por persona;2016M10;1.085
Aeropuerto;Dato base;Gasto medio por persona;2016M09;1.144
Aeropuerto;Dato base;Gasto medio por persona;2016M08;1.186
Aeropuerto;Dato base;Gasto medio por persona;2016M07;1.205
Aeropuerto;Dato base;Gasto medio por persona;2016M06;1.098
Aeropuerto;Dato base;Gasto medio por persona;2016M05;1.032
Aeropuerto;Dato base;Gasto medio por persona;2016M04;1.010
Aeropuerto;Dato base;Gasto medio por persona;2016M03;1.102
Aeropuerto;Dato base;Gasto medio por persona;2016M02;1.098
Aeropuerto;Dato base;Gasto medio por persona;2016M01;1.144
Aeropuerto;Dato base;Gasto medio por persona;2015M12;1.212
Aeropuerto;Dato base;Gasto medio por persona;2015M11;1.148
Aeropuerto;Dato base;Gasto medio por persona;2015M10;1.047
Aeropuerto;Dato base;Gasto medio diario por persona;2026M07;239
Aeropuerto;Dato base;Gasto medio diario por persona;2026M06;226
Aeropuerto;Dato base;Gasto medio diario por persona;2026M05;225
Aeropuerto;Dato base;Gasto medio diario por persona;2026M04;208
Aeropuerto;Dato base;Gasto medio diario por persona;2026M03;215
Aeropuerto;Dato base;Gasto medio diario por persona;2026M02;208
Aeropuerto;Dato base;Gasto medio diario por persona;2026M01;187
Aeropuerto;Dato base;Gasto medio diario por persona;2025M12;180
Aeropuerto;Dato base;Gasto medio diario por persona;2025M11;204
Aeropuerto;Dato base;Gasto medio diario por persona;2025M10;217
Aeropuerto;Dato base;Gasto medio diario por persona;2025M09;220
Aeropuerto;Dato base;Gasto medio diario por persona;2025M08;215
Aeropuerto;Dato base;Gasto medio diario por persona;2025M07;233
Aeropuerto;Dato base;Gasto medio diario por persona;2025M06;222
Aeropuerto;Dato base;Gasto medio diario por persona;2025M05;226
Aeropuerto;Dato base;Gasto medio diario por persona;2025M04;203
Aeropuerto;Dato base;Gasto medio diario por persona;2025M03;206
Aeropuerto;Dato base;Gasto medio diario por persona;2025M02;198
Aeropuerto;Dato base;Gasto medio diario por persona;2025M01;176
Aeropuerto;Dato base;Gasto medio diario por persona;2024M12;175
Aeropuerto;Dato base;Gasto medio diario por persona;2024M11;197
Aeropuerto;Dato base;Gasto medio diario por persona;2024M10;206
Aeropuerto;Dato base;Gasto medio diario por persona;2024M09;211
Aeropuerto;Dato base;Gasto medio diario por persona;2024M08;208
Aeropuerto;Dato base;Gasto medio diario por persona;2024M07;217
Aeropuerto;Dato base;Gasto medio diario por persona;2024M06;209
Aeropuerto;Dato base;Gasto medio diario por persona;2024M05;223
Aeropuerto;Dato base;Gasto medio diario por persona;2024M04;203
Aeropuerto;Dato base;Gasto medio diario por persona;2024M03;197
Aeropuerto;Dato base;Gasto medio diario por persona;2024M02;188
Aeropuerto;Dato base;Gasto medio diario por persona;2024M01;170
Aeropuerto;Dato base;Gasto medio diario por persona;2023M12;162
Aeropuerto;Dato base;Gasto medio diario por persona;2023M11;189
Aeropuerto;Dato base;Gasto medio diario por persona;2023M10;199
Aeropuerto;Dato base;Gasto medio diario por persona;2023M09;203
Aeropuerto;Dato base;Gasto medio diario por persona;2023M08;192
Aeropuerto;Dato base;Gasto medio diario por persona;2023M07;213
Aeropuerto;Dato base;Gasto medio diario por persona;2023M06;205
Aeropuerto;Dato base;Gasto medio diario por persona;2023M05;206
Aeropuerto;Dato base;Gasto medio diario por persona;2023M04;189
Aeropuerto;Dato base;Gasto medio diario por persona;2023M03;183
Aeropuerto;Dato base;Gasto medio diario por persona;2023M02;180
Aeropuerto;Dato base;Gasto medio diario por persona;2023M01;159
Aeropuerto;Dato base;Gasto medio diario por persona;2022M12;159
Aeropuerto;Dato base;Gasto medio diario por persona;2022M11;179
Aeropuerto;Dato base;Gasto medio diario por persona;2022M10;179
Aeropuerto;Dato base;Gasto medio diario por persona;2022M09;185
Aeropuerto;Dato base;Gasto medio diario por persona;2022M08;179
Aeropuerto;Dato base;Gasto medio diario por persona;2022M07;184
Aeropuerto;Dato base;Gasto medio diario por persona;2022M06;183
Aeropuerto;Dato base;Gasto medio diario por persona;2022M05;185
Aeropuerto;Dato base;Gasto medio diario por persona;2022M04;163
Aeropuerto;Dato base;Gasto medio diario por persona;2022M03;169
Aeropuerto;Dato base;Gasto medio diario por persona;2022M02;146
Aeropuerto;Dato base;Gasto medio diario por persona;2022M01;135
Aeropuerto;Dato base;Gasto medio diario por persona;2021M12;139
Aeropuerto;Dato base;Gasto medio diario por persona;2021M11;155
Aeropuerto;Dato base;Gasto medio diario por persona;2021M10;150
Aeropuerto;Dato base;Gasto medio diario por persona;2021M09;152
Aeropuerto;Dato base;Gasto medio diario por persona;2021M08;154
Aeropuerto;Dato base;Gasto medio diario por persona;2021M07;161
Aeropuerto;Dato base;Gasto medio diario por persona;2021M06;157
Aeropuerto;Dato base;Gasto medio diario por persona;2021M05;151
Aeropuerto;Dato base;Gasto medio diario por persona;2021M04;138
Aeropuerto;Dato base;Gasto medio diario por persona;2021M03;145
Aeropuerto;Dato base;Gasto medio diario por persona;2021M02;134
Aeropuerto;Dato base;Gasto medio diario por persona;2021M01;131
Aeropuerto;Dato base;Gasto medio diario por persona;2020M12;120
Aeropuerto;Dato base;Gasto medio diario por persona;2020M11;137
Aeropuerto;Dato base;Gasto medio diario por persona;2020M10;125
Aeropuerto;Dato base;Gasto medio diario por persona;2020M09;134
Aeropuerto;Dato base;Gasto medio diario por persona;2020M08;142
Aeropuerto;Dato base;Gasto medio diario por persona;2020M07;144
Aeropuerto;Dato base;Gasto medio diario por persona;2020M06;135
Aeropuerto;Dato base;Gasto medio diario por persona;2020M05;0
Aeropuerto;Dato base;Gasto medio diario por persona;2020M04;0
Aeropuerto;Dato base;Gasto medio diario por persona;2020M03;171
Aeropuerto;Dato base;Gasto medio diario por persona;2020M02;164
Aeropuerto;Dato base;Gasto medio diario por persona;2020M01;158
Aeropuerto;Dato base;Gasto medio diario por persona;2019M12;163
Aeropuerto;Dato base;Gasto medio diario por persona;2019M11;176
Aeropuerto;Dato base;Gasto medio diario por persona;2019M10;172
Aeropuerto;Dato base;Gasto medio diario por persona;2019M09;167
Aeropuerto;Dato base;Gasto medio diario por persona;2019M08;165
Aeropuerto;Dato base;Gasto medio diario por persona;2019M07;177
Aeropuerto;Dato base;Gasto medio diario por persona;2019M06;173
Aeropuerto;Dato base;Gasto medio diario por persona;2019M05;177
Aeropuerto;Dato base;Gasto medio diario por persona;2019M04;165
Aeropuerto;Dato base;Gasto medio diario por persona;2019M03;171
Aeropuerto;Dato base;Gasto medio diario por persona;2019M02;163
Aeropuerto;Dato base;Gasto medio diario por persona;2019M01;149
Aeropuerto;Dato base;Gasto medio diario por persona;2018M12;150
Aeropuerto;Dato base;Gasto medio diario por persona;2018M11;169
Aeropuerto;Dato base;Gasto medio diario por persona;2018M10;160
Aeropuerto;Dato base;Gasto medio diario por persona;2018M09;160
Aeropuerto;Dato base;Gasto medio diario por persona;2018M08;159
Aeropuerto;Dato base;Gasto medio diario por persona;2018M07;166
Aeropuerto;Dato base;Gasto medio diario por persona;2018M06;164
Aeropuerto;Dato base;Gasto medio diario por persona;2018M05;163
Aeropuerto;Dato base;Gasto medio diario por persona;2018M04;159
Aeropuerto;Dato base;Gasto medio diario por persona;2018M03;157
Aeropuerto;Dato base;Gasto medio diario por persona;2018M02;151
Aeropuerto;Dato base;Gasto medio diario por persona;2018M01;142
Aeropuerto;Dato base;Gasto medio diario por persona;2017M12;143
Aeropuerto;Dato base;Gasto medio diario por persona;2017M11;152
Aeropuerto;Dato base;Gasto medio diario por persona;2017M10;157
Aeropuerto;Dato base;Gasto medio diario por persona;2017M09;155
Aeropuerto;Dato base;Gasto medio diario por persona;2017M08;142
Aeropuerto;Dato base;Gasto medio diario por persona;2017M07;153
Aeropuerto;Dato base;Gasto medio diario por persona;2017M06;153
Aeropuerto;Dato base;Gasto medio diario por persona;2017M05;157
Aeropuerto;Dato base;Gasto medio diario por persona;2017M04;152
Aeropuerto;Dato base;Gasto medio diario por persona;2017M03;159
Aeropuerto;Dato base;Gasto medio diario por persona;2017M02;145
Aeropuerto;Dato base;Gasto medio diario por persona;2017M01;139
Aeropuerto;Dato base;Gasto medio diario por persona;2016M12;135
Aeropuerto;Dato base;Gasto medio diario por persona;2016M11;154
Aeropuerto;Dato base;Gasto medio diario por persona;2016M10;149
Aeropuerto;Dato base;Gasto medio diario por persona;2016M09;147
Aeropuerto;Dato base;Gasto medio diario por persona;2016M08;132
Aeropuerto;Dato base;Gasto medio diario por persona;2016M07;148
Aeropuerto;Dato base;Gasto medio diario por persona;2016M06;146
Aeropuerto;Dato base;Gasto medio diario por persona;2016M05;155
Aeropuerto;Dato base;Gasto medio diario por persona;2016M04;143
Aeropuerto;Dato base;Gasto medio diario por persona;2016M03;142
Aeropuerto;Dato base;Gasto medio diario por persona;2016M02;141
Aeropuerto;Dato base;Gasto medio diario por persona;2016M01;131
Aeropuerto;Dato base;Gasto medio diario por persona;2015M12;124
Aeropuerto;Dato base;Gasto medio diario por persona;2015M11;143
Aeropuerto;Dato base;Gasto medio diario por persona;2015M10;137
Aeropuerto;Dato base;Duración media de los viajes;2026M07;7,21
Aeropuerto;Dato base;Duración media de los viajes;2026M06;6,57
Aeropuerto;Dato base;Duración media de los viajes;2026M05;6,26
Aeropuerto;Dato base;Duración media de los viajes;2026M04;6,64
Aeropuerto;Dato base;Duración media de los viajes;2026M03;6,99
Aeropuerto;Dato base;Duración media de los viajes;2026M02;7,02
Aeropuerto;Dato base;Duración media de los viajes;2026M01;8,68
Aeropuerto;Dato base;Duración media de los viajes;2025M12;9,40
Aeropuerto;Dato base;Duración media de los viajes;2025M11;7,38
Aeropuerto;Dato base;Duración media de los viajes;2025M10;6,75
Aeropuerto;Dato base;Duración media de los viajes;2025M09;6,69
Aeropuerto;Dato base;Duración media de los viajes;2025M08;7,59
Aeropuerto;Dato base;Duración media de los viajes;2025M07;7,07
Aeropuerto;Dato base;Duración media de los viajes;2025M06;6,58
Aeropuerto;Dato base;Duración media de los viajes;2025M05;6,14
Aeropuerto;Dato base;Duración media de los viajes;2025M04;6,78
Aeropuerto;Dato base;Duración media de los viajes;2025M03;7,13
Aeropuerto;Dato base;Duración media de los viajes;2025M02;7,21
Aeropuerto;Dato base;Duración media de los viajes;2025M01;8,66
Aeropuerto;Dato base;Duración media de los viajes;2024M12;9,19
Aeropuerto;Dato base;Duración media de los viajes;2024M11;7,53
Aeropuerto;Dato base;Duración media de los viajes;2024M10;6,94
Aeropuerto;Dato base;Duración media de los viajes;2024M09;6,66
Aeropuerto;Dato base;Duración media de los viajes;2024M08;7,56
Aeropuerto;Dato base;Duración media de los viajes;2024M07;7,23
Aeropuerto;Dato base;Duración media de los viajes;2024M06;6,80
Aeropuerto;Dato base;Duración media de los viajes;2024M05;6,08
Aeropuerto;Dato base;Duración media de los viajes;2024M04;6,49
Aeropuerto;Dato base;Duración media de los viajes;2024M03;7,44
Aeropuerto;Dato base;Duración media de los viajes;2024M02;7,73
Aeropuerto;Dato base;Duración media de los viajes;2024M01;8,69
Aeropuerto;Dato base;Duración media de los viajes;2023M12;9,51
Aeropuerto;Dato base;Duración media de los viajes;2023M11;7,37
Aeropuerto;Dato base;Duración media de los viajes;2023M10;6,73
Aeropuerto;Dato base;Duración media de los viajes;2023M09;6,77
Aeropuerto;Dato base;Duración media de los viajes;2023M08;7,75
Aeropuerto;Dato base;Duración media de los viajes;2023M07;7,08
Aeropuerto;Dato base;Duración media de los viajes;2023M06;6,67
Aeropuerto;Dato base;Duración media de los viajes;2023M05;6,15
Aeropuerto;Dato base;Duración media de los viajes;2023M04;6,70
Aeropuerto;Dato base;Duración media de los viajes;2023M03;7,39
Aeropuerto;Dato base;Duración media de los viajes;2023M02;7,51
Aeropuerto;Dato base;Duración media de los viajes;2023M01;8,55
Aeropuerto;Dato base;Duración media de los viajes;2022M12;8,86
Aeropuerto;Dato base;Duración media de los viajes;2022M11;7,42
Aeropuerto;Dato base;Duración media de los viajes;2022M10;6,84
Aeropuerto;Dato base;Duración media de los viajes;2022M09;6,78
Aeropuerto;Dato base;Duración media de los viajes;2022M08;7,77
Aeropuerto;Dato base;Duración media de los viajes;2022M07;7,83
Aeropuerto;Dato base;Duración media de los viajes;2022M06;6,98
Aeropuerto;Dato base;Duración media de los viajes;2022M05;6,59
Aeropuerto;Dato base;Duración media de los viajes;2022M04;7,41
Aeropuerto;Dato base;Duración media de los viajes;2022M03;7,87
Aeropuerto;Dato base;Duración media de los viajes;2022M02;8,81
Aeropuerto;Dato base;Duración media de los viajes;2022M01;9,84
Aeropuerto;Dato base;Duración media de los viajes;2021M12;9,81
Aeropuerto;Dato base;Duración media de los viajes;2021M11;7,85
Aeropuerto;Dato base;Duración media de los viajes;2021M10;7,79
Aeropuerto;Dato base;Duración media de los viajes;2021M09;7,67
Aeropuerto;Dato base;Duración media de los viajes;2021M08;8,33
Aeropuerto;Dato base;Duración media de los viajes;2021M07;8,24
Aeropuerto;Dato base;Duración media de los viajes;2021M06;7,93
Aeropuerto;Dato base;Duración media de los viajes;2021M05;8,19
Aeropuerto;Dato base;Duración media de los viajes;2021M04;8,71
Aeropuerto;Dato base;Duración media de los viajes;2021M03;9,23
Aeropuerto;Dato base;Duración media de los viajes;2021M02;10,96
Aeropuerto;Dato base;Duración media de los viajes;2021M01;10,89
Aeropuerto;Dato base;Duración media de los viajes;2020M12;12,04
Aeropuerto;Dato base;Duración media de los viajes;2020M11;9,37
Aeropuerto;Dato base;Duración media de los viajes;2020M10;9,33
Aeropuerto;Dato base;Duración media de los viajes;2020M09;8,85
Aeropuerto;Dato base;Duración media de los viajes;2020M08;9,13
Aeropuerto;Dato base;Duración media de los viajes;2020M07;8,45
Aeropuerto;Dato base;Duración media de los viajes;2020M06;7,04
Aeropuerto;Dato base;Duración media de los viajes;2020M05;0,00
Aeropuerto;Dato base;Duración media de los viajes;2020M04;0,00
Aeropuerto;Dato base;Duración media de los viajes;2020M03;7,00
Aeropuerto;Dato base;Duración media de los viajes;2020M02;7,17
Aeropuerto;Dato base;Duración media de los viajes;2020M01;7,97
Aeropuerto;Dato base;Duración media de los viajes;2019M12;7,93
Aeropuerto;Dato base;Duración media de los viajes;2019M11;6,72
Aeropuerto;Dato base;Duración media de los viajes;2019M10;6,85
Aeropuerto;Dato base;Duración media de los viajes;2019M09;7,00
Aeropuerto;Dato base;Duración media de los viajes;2019M08;7,98
Aeropuerto;Dato base;Duración media de los viajes;2019M07;7,55
Aeropuerto;Dato base;Duración media de los viajes;2019M06;6,77
Aeropuerto;Dato base;Duración media de los viajes;2019M05;6,15
Aeropuerto;Dato base;Duración media de los viajes;2019M04;6,51
Aeropuerto;Dato base;Duración media de los viajes;2019M03;6,68
Aeropuerto;Dato base;Duración media de los viajes;2019M02;7,12
Aeropuerto;Dato base;Duración media de los viajes;2019M01;8,08
Aeropuerto;Dato base;Duración media de los viajes;2018M12;8,34
Aeropuerto;Dato base;Duración media de los viajes;2018M11;6,79
Aeropuerto;Dato base;Duración media de los viajes;2018M10;7,06
Aeropuerto;Dato base;Duración media de los viajes;2018M09;7,15
Aeropuerto;Dato base;Duración media de los viajes;2018M08;8,25
Aeropuerto;Dato base;Duración media de los viajes;2018M07;7,82
Aeropuerto;Dato base;Duración media de los viajes;2018M06;7,04
Aeropuerto;Dato base;Duración media de los viajes;2018M05;6,66
Aeropuerto;Dato base;Duración media de los viajes;2018M04;6,70
Aeropuerto;Dato base;Duración media de los viajes;2018M03;7,26
Aeropuerto;Dato base;Duración media de los viajes;2018M02;7,73
Aeropuerto;Dato base;Duración media de los viajes;2018M01;8,35
Aeropuerto;Dato base;Duración media de los viajes;2017M12;8,70
Aeropuerto;Dato base;Duración media de los viajes;2017M11;7,55
Aeropuerto;Dato base;Duración media de los viajes;2017M10;7,23
Aeropuerto;Dato base;Duración media de los viajes;2017M09;7,33
Aeropuerto;Dato base;Duración media de los viajes;2017M08;8,80
Aeropuerto;Dato base;Duración media de los viajes;2017M07;8,25
Aeropuerto;Dato base;Duración media de los viajes;2017M06;7,38
Aeropuerto;Dato base;Duración media de los viajes;2017M05;6,71
Aeropuerto;Dato base;Duración media de los viajes;2017M04;6,86
Aeropuerto;Dato base;Duración media de los viajes;2017M03;6,97
Aeropuerto;Dato base;Duración media de los viajes;2017M02;7,72
Aeropuerto;Dato base;Duración media de los viajes;2017M01;8,45
Aeropuerto;Dato base;Duración media de los viajes;2016M12;9,35
Aeropuerto;Dato base;Duración media de los viajes;2016M11;7,17
Aeropuerto;Dato base;Duración media de los viajes;2016M10;7,29
Aeropuerto;Dato base;Duración media de los viajes;2016M09;7,76
Aeropuerto;Dato base;Duración media de los viajes;2016M08;8,97
Aeropuerto;Dato base;Duración media de los viajes;2016M07;8,15
Aeropuerto;Dato base;Duración media de los viajes;2016M06;7,54
Aeropuerto;Dato base;Duración media de los viajes;2016M05;6,65
Aeropuerto;Dato base;Duración media de los viajes;2016M04;7,08
Aeropuerto;Dato base;Duración media de los viajes;2016M03;7,76
Aeropuerto;Dato base;Duración media de los viajes;2016M02;7,79
Aeropuerto;Dato base;Duración media de los viajes;2016M01;8,72
Aeropuerto;Dato base;Duración media de los viajes;2015M12;9,78
Aeropuerto;Dato base;Duración media de los viajes;2015M11;8,01
Aeropuerto;Dato base;Duración media de los viajes;2015M10;7,63
Aeropuerto;Tasa de variación anual;Gasto total;2026M07;9,97
Aeropuerto;Tasa de variación anual;Gasto total;2026M06;3,15
Aeropuerto;Tasa de variación anual;Gasto total;2026M05;8,98
Aeropuerto;Tasa de variación anual;Gasto total;2026M04;7,39
Aeropuerto;Tasa de variación anual;Gasto total;2026M03;5,85
Aeropuerto;Tasa de variación anual;Gasto total;2026M02;4,08
Aeropuerto;Tasa de variación anual;Gasto total;2026M01;10,90
Aeropuerto;Tasa de variación anual;Gasto total;2025M12;6,77
Aeropuerto;Tasa de variación anual;Gasto total;2025M11;5,67
Aeropuerto;Tasa de variación anual;Gasto total;2025M10;6,84
Aeropuerto;Tasa de variación anual;Gasto total;2025M09;7,85
Aeropuerto;Tasa de variación anual;Gasto total;2025M08;8,80
Aeropuerto;Tasa de variación anual;Gasto total;2025M07;7,93
Aeropuerto;Tasa de variación anual;Gasto total;2025M06;4,92
Aeropuerto;Tasa de variación anual;Gasto total;2025M05;5,73
Aeropuerto;Tasa de variación anual;Gasto total;2025M04;13,93
Aeropuerto;Tasa de variación anual;Gasto total;2025M03;6,08
Aeropuerto;Tasa de variación anual;Gasto total;2025M02;7,49
Aeropuerto;Tasa de variación anual;Gasto total;2025M01;8,55
Aeropuerto;Tasa de variación anual;Gasto total;2024M12;9,23
Aeropuerto;Tasa de variación anual;Gasto total;2024M11;15,86
Aeropuerto;Tasa de variación anual;Gasto total;2024M10;15,49
Aeropuerto;Tasa de variación anual;Gasto total;2024M09;11,38
Aeropuerto;Tasa de variación anual;Gasto total;2024M08;14,71
Aeropuerto;Tasa de variación anual;Gasto total;2024M07;12,71
Aeropuerto;Tasa de variación anual;Gasto total;2024M06;18,31
Aeropuerto;Tasa de variación anual;Gasto total;2024M05;21,87
Aeropuerto;Tasa de variación anual;Gasto total;2024M04;13,40
Aeropuerto;Tasa de variación anual;Gasto total;2024M03;29,55
Aeropuerto;Tasa de variación anual;Gasto total;2024M02;26,87
Aeropuerto;Tasa de variación anual;Gasto total;2024M01;25,31
Aeropuerto;Tasa de variación anual;Gasto total;2023M12;34,94
Aeropuerto;Tasa de variación anual;Gasto total;2023M11;22,92
Aeropuerto;Tasa de variación anual;Gasto total;2023M10;23,95
Aeropuerto;Tasa de variación anual;Gasto total;2023M09;23,34
Aeropuerto;Tasa de variación anual;Gasto total;2023M08;19,81
Aeropuerto;Tasa de variación anual;Gasto total;2023M07;15,71
Aeropuerto;Tasa de variación anual;Gasto total;2023M06;16,89
Aeropuerto;Tasa de variación anual;Gasto total;2023M05;17,29
Aeropuerto;Tasa de variación anual;Gasto total;2023M04;20,52
Aeropuerto;Tasa de variación anual;Gasto total;2023M03;29,78
Aeropuerto;Tasa de variación anual;Gasto total;2023M02;45,53
Aeropuerto;Tasa de variación anual;Gasto total;2023M01;75,79
Aeropuerto;Tasa de variación anual;Gasto total;2022M12;45,74
Aeropuerto;Tasa de variación anual;Gasto total;2022M11;43,99
Aeropuerto;Tasa de variación anual;Gasto total;2022M10;48,34
Aeropuerto;Tasa de variación anual;Gasto total;2022M09;83,17
Aeropuerto;Tasa de variación anual;Gasto total;2022M08;90,27
Aeropuerto;Tasa de variación anual;Gasto total;2022M07;128,90
Aeropuerto;Tasa de variación anual;Gasto total;2022M06;284,12
Aeropuerto;Tasa de variación anual;Gasto total;2022M05;510,06
Aeropuerto;Tasa de variación anual;Gasto total;2022M04;990,72
Aeropuerto;Tasa de variación anual;Gasto total;2022M03;955,41
Aeropuerto;Tasa de variación anual;Gasto total;2022M02;1.152,02
Aeropuerto;Tasa de variación anual;Gasto total;2022M01;653,85
Aeropuerto;Tasa de variación anual;Gasto total;2021M12;439,85
Aeropuerto;Tasa de variación anual;Gasto total;2021M11;710,77
Aeropuerto;Tasa de variación anual;Gasto total;2021M10;695,58
Aeropuerto;Tasa de variación anual;Gasto total;2021M09;563,19
Aeropuerto;Tasa de variación anual;Gasto total;2021M08;174,41
Aeropuerto;Tasa de variación anual;Gasto total;2021M07;129,87
Aeropuerto;Tasa de variación anual;Gasto total;2021M06;3.329,03
Aeropuerto;Tasa de variación anual;Gasto total;2021M05;..
Aeropuerto;Tasa de variación anual;Gasto total;2021M04;..
Aeropuerto;Tasa de variación anual;Gasto total;2021M03;-77,15
Aeropuerto;Tasa de variación anual;Gasto total;2021M02;-93,88
Aeropuerto;Tasa de variación anual;Gasto total;2021M01;-91,65
Aeropuerto;Tasa de variación anual;Gasto total;2020M12;-87,08
Aeropuerto;Tasa de variación anual;Gasto total;2020M11;-90,94
Aeropuerto;Tasa de variación anual;Gasto total;2020M10;-91,66
Aeropuerto;Tasa de variación anual;Gasto total;2020M09;-92,17
Aeropuerto;Tasa de variación anual;Gasto total;2020M08;-81,81
Aeropuerto;Tasa de variación anual;Gasto total;2020M07;-81,42
Aeropuerto;Tasa de variación anual;Gasto total;2020M06;-99,30
Aeropuerto;Tasa de variación anual;Gasto total;2020M05;-100,00
Aeropuerto;Tasa de variación anual;Gasto total;2020M04;-100,00
Aeropuerto;Tasa de variación anual;Gasto total;2020M03;-64,16
Aeropuerto;Tasa de variación anual;Gasto total;2020M02;2,92
Aeropuerto;Tasa de variación anual;Gasto total;2020M01;1,44
Aeropuerto;Tasa de variación anual;Gasto total;2019M12;-0,09
Aeropuerto;Tasa de variación anual;Gasto total;2019M11;5,73
Aeropuerto;Tasa de variación anual;Gasto total;2019M10;4,08
Aeropuerto;Tasa de variación anual;Gasto total;2019M09;2,87
Aeropuerto;Tasa de variación anual;Gasto total;2019M08;1,83
Aeropuerto;Tasa de variación anual;Gasto total;2019M07;1,58
Aeropuerto;Tasa de variación anual;Gasto total;2019M06;5,18
Aeropuerto;Tasa de variación anual;Gasto total;2019M05;1,75
Aeropuerto;Tasa de variación anual;Gasto total;2019M04;8,10
Aeropuerto;Tasa de variación anual;Gasto total;2019M03;5,09
Aeropuerto;Tasa de variación anual;Gasto total;2019M02;2,91
Aeropuerto;Tasa de variación anual;Gasto total;2019M01;3,36
Aeropuerto;Tasa de variación anual;Gasto total;2018M12;12,39
Aeropuerto;Tasa de variación anual;Gasto total;2018M11;6,75
Aeropuerto;Tasa de variación anual;Gasto total;2018M10;5,10
Aeropuerto;Tasa de variación anual;Gasto total;2018M09;0,11
Aeropuerto;Tasa de variación anual;Gasto total;2018M08;1,66
Aeropuerto;Tasa de variación anual;Gasto total;2018M07;-0,50
Aeropuerto;Tasa de variación anual;Gasto total;2018M06;3,12
Aeropuerto;Tasa de variación anual;Gasto total;2018M05;3,56
Aeropuerto;Tasa de variación anual;Gasto total;2018M04;-2,26
Aeropuerto;Tasa de variación anual;Gasto total;2018M03;12,09
Aeropuerto;Tasa de variación anual;Gasto total;2018M02;5,93
Aeropuerto;Tasa de variación anual;Gasto total;2018M01;6,45
Aeropuerto;Tasa de variación anual;Gasto total;2017M12;-0,08
Aeropuerto;Tasa de variación anual;Gasto total;2017M11;11,11
Aeropuerto;Tasa de variación anual;Gasto total;2017M10;7,63
Aeropuerto;Tasa de variación anual;Gasto total;2017M09;13,22
Aeropuerto;Tasa de variación anual;Gasto total;2017M08;15,12
Aeropuerto;Tasa de variación anual;Gasto total;2017M07;17,24
Aeropuerto;Tasa de variación anual;Gasto total;2017M06;14,78
Aeropuerto;Tasa de variación anual;Gasto total;2017M05;14,44
Aeropuerto;Tasa de variación anual;Gasto total;2017M04;20,56
Aeropuerto;Tasa de variación anual;Gasto total;2017M03;8,80
Aeropuerto;Tasa de variación anual;Gasto total;2017M02;16,73
Aeropuerto;Tasa de variación anual;Gasto total;2017M01;17,21
Aeropuerto;Tasa de variación anual;Gasto total;2016M12;21,40
Aeropuerto;Tasa de variación anual;Gasto total;2016M11;7,40
Aeropuerto;Tasa de variación anual;Gasto total;2016M10;17,36
Aeropuerto;Tasa de variación anual;Gasto total;2016M09;12,42
Aeropuerto;Tasa de variación anual;Gasto total;2016M08;4,04
Aeropuerto;Tasa de variación anual;Gasto total;2016M07;10,77
Aeropuerto;Tasa de variación anual;Gasto total;2016M06;15,52
Aeropuerto;Tasa de variación anual;Gasto total;2016M05;8,72
Aeropuerto;Tasa de variación anual;Gasto total;2016M04;4,22
Aeropuerto;Tasa de variación anual;Gasto total;2016M03;11,53
Aeropuerto;Tasa de variación anual;Gasto total;2016M02;7,54
Aeropuerto;Tasa de variación anual;Gasto total;2016M01;3,30
Aeropuerto;Tasa de variación anual;Gasto total;2015M12;11,76
Aeropuerto;Tasa de variación anual;Gasto total;2015M11;14,39
Aeropuerto;Tasa de variación anual;Gasto total;2015M10;5,82
Aeropuerto;Tasa de variación anual;Gasto medio por persona;2026M07;4,76
Aeropuerto;Tasa de variación anual;Gasto medio por persona;2026M06;2,00
Aeropuerto;Tasa de variación anual;Gasto medio por persona;2026M05;1,71
Aeropuerto;Tasa de variación anual;Gasto medio por persona;2026M04;0,56
Aeropuerto;Tasa de variación anual;Gasto medio por persona;2026M03;1,98
Aeropuerto;Tasa de variación anual;Gasto medio por persona;2026M02;2,05
Aeropuerto;Tasa de variación anual;Gasto medio por persona;2026M01;6,11
Aeropuerto;Tasa de variación anual;Gasto medio por persona;2025M12;5,04
Aeropuerto;Tasa de variación anual;Gasto medio por persona;2025M11;1,33
Aeropuerto;Tasa de variación anual;Gasto medio por persona;2025M10;2,64
Aeropuerto;Tasa de variación anual;Gasto medio por persona;2025M09;4,61
Aeropuerto;Tasa de variación anual;Gasto medio por persona;2025M08;3,76
Aeropuerto;Tasa de variación anual;Gasto medio por persona;2025M07;4,56
Aeropuerto;Tasa de variación anual;Gasto medio por persona;2025M06;2,57
Aeropuerto;Tasa de variación anual;Gasto medio por persona;2025M05;2,20
Aeropuerto;Tasa de variación anual;Gasto medio por persona;2025M04;4,47
Aeropuerto;Tasa de variación anual;Gasto medio por persona;2025M03;0,28
Aeropuerto;Tasa de variación anual;Gasto medio por persona;2025M02;-1,37
Aeropuerto;Tasa de variación anual;Gasto medio por persona;2025M01;3,25
Aeropuerto;Tasa de variación anual;Gasto medio por persona;2024M12;4,09
Aeropuerto;Tasa de variación anual;Gasto medio por persona;2024M11;6,52
Aeropuerto;Tasa de variación anual;Gasto medio por persona;2024M10;6,74
Aeropuerto;Tasa de variación anual;Gasto medio por persona;2024M09;2,28
Aeropuerto;Tasa de variación anual;Gasto medio por persona;2024M08;5,84
Aeropuerto;Tasa de variación anual;Gasto medio por persona;2024M07;4,43
Aeropuerto;Tasa de variación anual;Gasto medio por persona;2024M06;4,10
Aeropuerto;Tasa de variación anual;Gasto medio por persona;2024M05;7,23
Aeropuerto;Tasa de variación anual;Gasto medio por persona;2024M04;3,86
Aeropuerto;Tasa de variación anual;Gasto medio por persona;2024M03;8,35
Aeropuerto;Tasa de variación anual;Gasto medio por persona;2024M02;7,47
Aeropuerto;Tasa de variación anual;Gasto medio por persona;2024M01;9,10
Aeropuerto;Tasa de variación anual;Gasto medio por persona;2023M12;9,43
Aeropuerto;Tasa de variación anual;Gasto medio por persona;2023M11;4,82
Aeropuerto;Tasa de variación anual;Gasto medio por persona;2023M10;8,97
Aeropuerto;Tasa de variación anual;Gasto medio por persona;2023M09;9,86
Aeropuerto;Tasa de variación anual;Gasto medio por persona;2023M08;7,16
Aeropuerto;Tasa de variación anual;Gasto medio por persona;2023M07;4,43
Aeropuerto;Tasa de variación anual;Gasto medio por persona;2023M06;6,74
Aeropuerto;Tasa de variación anual;Gasto medio por persona;2023M05;3,51
Aeropuerto;Tasa de variación anual;Gasto medio por persona;2023M04;4,62
Aeropuerto;Tasa de variación anual;Gasto medio por persona;2023M03;2,07
Aeropuerto;Tasa de variación anual;Gasto medio por persona;2023M02;5,06
Aeropuerto;Tasa de variación anual;Gasto medio por persona;2023M01;1,77
Aeropuerto;Tasa de variación anual;Gasto medio por persona;2022M12;3,62
Aeropuerto;Tasa de variación anual;Gasto medio por persona;2022M11;9,66
Aeropuerto;Tasa de variación anual;Gasto medio por persona;2022M10;4,73
Aeropuerto;Tasa de variación anual;Gasto medio por persona;2022M09;7,29
Aeropuerto;Tasa de variación anual;Gasto medio por persona;2022M08;8,61
Aeropuerto;Tasa de variación anual;Gasto medio por persona;2022M07;8,48
Aeropuerto;Tasa de variación anual;Gasto medio por persona;2022M06;2,97
Aeropuerto;Tasa de variación anual;Gasto medio por persona;2022M05;-1,46
Aeropuerto;Tasa de variación anual;Gasto medio por persona;2022M04;0,80
Aeropuerto;Tasa de variación anual;Gasto medio por persona;2022M03;-0,55
Aeropuerto;Tasa de variación anual;Gasto medio por persona;2022M02;-12,75
Aeropuerto;Tasa de variación anual;Gasto medio por persona;2022M01;-6,85
Aeropuerto;Tasa de variación anual;Gasto medio por persona;2021M12;-5,52
Aeropuerto;Tasa de variación anual;Gasto medio por persona;2021M11;-5,49
Aeropuerto;Tasa de variación anual;Gasto medio por persona;2021M10;0,04
Aeropuerto;Tasa de variación anual;Gasto medio por persona;2021M09;-1,39
Aeropuerto;Tasa de variación anual;Gasto medio por persona;2021M08;-1,44
Aeropuerto;Tasa de variación anual;Gasto medio por persona;2021M07;9,15
Aeropuerto;Tasa de variación anual;Gasto medio por persona;2021M06;31,04
Aeropuerto;Tasa de variación anual;Gasto medio por persona;2021M05;..
Aeropuerto;Tasa de variación anual;Gasto medio por persona;2021M04;..
Aeropuerto;Tasa de variación anual;Gasto medio por persona;2021M03;11,49
Aeropuerto;Tasa de variación anual;Gasto medio por persona;2021M02;24,87
Aeropuerto;Tasa de variación anual;Gasto medio por persona;2021M01;13,87
Aeropuerto;Tasa de variación anual;Gasto medio por persona;2020M12;11,32
Aeropuerto;Tasa de variación anual;Gasto medio por persona;2020M11;8,56
Aeropuerto;Tasa de variación anual;Gasto medio por persona;2020M10;-0,90
Aeropuerto;Tasa de variación anual;Gasto medio por persona;2020M09;1,29
Aeropuerto;Tasa de variación anual;Gasto medio por persona;2020M08;-1,47
Aeropuerto;Tasa de variación anual;Gasto medio por persona;2020M07;-8,65
Aeropuerto;Tasa de variación anual;Gasto medio por persona;2020M06;-19,31
Aeropuerto;Tasa de variación anual;Gasto medio por persona;2020M05;-100,00
Aeropuerto;Tasa de variación anual;Gasto medio por persona;2020M04;-100,00
Aeropuerto;Tasa de variación anual;Gasto medio por persona;2020M03;4,73
Aeropuerto;Tasa de variación anual;Gasto medio por persona;2020M02;1,80
Aeropuerto;Tasa de variación anual;Gasto medio por persona;2020M01;4,58
Aeropuerto;Tasa de variación anual;Gasto medio por persona;2019M12;3,23
Aeropuerto;Tasa de variación anual;Gasto medio por persona;2019M11;3,39
Aeropuerto;Tasa de variación anual;Gasto medio por persona;2019M10;4,39
Aeropuerto;Tasa de variación anual;Gasto medio por persona;2019M09;2,20
Aeropuerto;Tasa de variación anual;Gasto medio por persona;2019M08;0,70
Aeropuerto;Tasa de variación anual;Gasto medio por persona;2019M07;2,79
Aeropuerto;Tasa de variación anual;Gasto medio por persona;2019M06;1,47
Aeropuerto;Tasa de variación anual;Gasto medio por persona;2019M05;0,67
Aeropuerto;Tasa de variación anual;Gasto medio por persona;2019M04;0,78
Aeropuerto;Tasa de variación anual;Gasto medio por persona;2019M03;0,34
Aeropuerto;Tasa de variación anual;Gasto medio por persona;2019M02;-0,85
Aeropuerto;Tasa de variación anual;Gasto medio por persona;2019M01;1,14
Aeropuerto;Tasa de variación anual;Gasto medio por persona;2018M12;0,86
Aeropuerto;Tasa de variación anual;Gasto medio por persona;2018M11;-0,01
Aeropuerto;Tasa de variación anual;Gasto medio por persona;2018M10;-0,17
Aeropuerto;Tasa de variación anual;Gasto medio por persona;2018M09;0,32
Aeropuerto;Tasa de variación anual;Gasto medio por persona;2018M08;4,72
Aeropuerto;Tasa de variación anual;Gasto medio por persona;2018M07;2,94
Aeropuerto;Tasa de variación anual;Gasto medio por persona;2018M06;2,33
Aeropuerto;Tasa de variación anual;Gasto medio por persona;2018M05;2,49
Aeropuerto;Tasa de variación anual;Gasto medio por persona;2018M04;2,36
Aeropuerto;Tasa de variación anual;Gasto medio por persona;2018M03;2,50
Aeropuerto;Tasa de variación anual;Gasto medio por persona;2018M02;4,20
Aeropuerto;Tasa de variación anual;Gasto medio por persona;2018M01;1,05
Aeropuerto;Tasa de variación anual;Gasto medio por persona;2017M12;-1,38
Aeropuerto;Tasa de variación anual;Gasto medio por persona;2017M11;3,43
Aeropuerto;Tasa de variación anual;Gasto medio por persona;2017M10;4,45
Aeropuerto;Tasa de variación anual;Gasto medio por persona;2017M09;-0,41
Aeropuerto;Tasa de variación anual;Gasto medio por persona;2017M08;5,35
Aeropuerto;Tasa de variación anual;Gasto medio por persona;2017M07;4,64
Aeropuerto;Tasa de variación anual;Gasto medio por persona;2017M06;2,95
Aeropuerto;Tasa de variación anual;Gasto medio por persona;2017M05;2,27
Aeropuerto;Tasa de variación anual;Gasto medio por persona;2017M04;3,32
Aeropuerto;Tasa de variación anual;Gasto medio por persona;2017M03;0,87
Aeropuerto;Tasa de variación anual;Gasto medio por persona;2017M02;2,15
Aeropuerto;Tasa de variación anual;Gasto medio por persona;2017M01;2,75
Aeropuerto;Tasa de variación anual;Gasto medio por persona;2016M12;3,97
Aeropuerto;Tasa de variación anual;Gasto medio por persona;2016M11;-3,61
Aeropuerto;Tasa de variación anual;Gasto medio por persona;2016M10;3,60
Aeropuerto;Tasa de variación anual;Gasto medio por persona;2016M09;1,96
Aeropuerto;Tasa de variación anual;Gasto medio por persona;2016M08;-1,03
Aeropuerto;Tasa de variación anual;Gasto medio por persona;2016M07;-1,46
Aeropuerto;Tasa de variación anual;Gasto medio por persona;2016M06;0,17
Aeropuerto;Tasa de variación anual;Gasto medio por persona;2016M05;-1,09
Aeropuerto;Tasa de variación anual;Gasto medio por persona;2016M04;-6,26
Aeropuerto;Tasa de variación anual;Gasto medio por persona;2016M03;-4,76
Aeropuerto;Tasa de variación anual;Gasto medio por persona;2016M02;-5,62
Aeropuerto;Tasa de variación anual;Gasto medio por persona;2016M01;-8,62
Aeropuerto;Tasa de variación anual;Gasto medio por persona;2015M12;2,41
Aeropuerto;Tasa de variación anual;Gasto medio por persona;2015M11;3,25
Aeropuerto;Tasa de variación anual;Gasto medio por persona;2015M10;-3,60
Aeropuerto;Tasa de variación anual;Gasto medio diario por persona;2026M07;2,69
Aeropuerto;Tasa de variación anual;Gasto medio diario por persona;2026M06;2,14
Aeropuerto;Tasa de variación anual;Gasto medio diario por persona;2026M05;-0,26
Aeropuerto;Tasa de variación anual;Gasto medio diario por persona;2026M04;2,80
Aeropuerto;Tasa de variación anual;Gasto medio diario por persona;2026M03;4,05
Aeropuerto;Tasa de variación anual;Gasto medio diario por persona;2026M02;4,86
Aeropuerto;Tasa de variación anual;Gasto medio diario por persona;2026M01;5,96
Aeropuerto;Tasa de variación anual;Gasto medio diario por persona;2025M12;2,70
Aeropuerto;Tasa de variación anual;Gasto medio diario por persona;2025M11;3,46
Aeropuerto;Tasa de variación anual;Gasto medio diario por persona;2025M10;5,51
Aeropuerto;Tasa de variación anual;Gasto medio diario por persona;2025M09;4,15
Aeropuerto;Tasa de variación anual;Gasto medio diario por persona;2025M08;3,33
Aeropuerto;Tasa de variación anual;Gasto medio diario por persona;2025M07;6,96
Aeropuerto;Tasa de variación anual;Gasto medio diario por persona;2025M06;6,02
Aeropuerto;Tasa de variación anual;Gasto medio diario por persona;2025M05;1,22
Aeropuerto;Tasa de variación anual;Gasto medio diario por persona;2025M04;-0,03
Aeropuerto;Tasa de variación anual;Gasto medio diario por persona;2025M03;4,58
Aeropuerto;Tasa de variación anual;Gasto medio diario por persona;2025M02;5,75
Aeropuerto;Tasa de variación anual;Gasto medio diario por persona;2025M01;3,54
Aeropuerto;Tasa de variación anual;Gasto medio diario por persona;2024M12;7,75
Aeropuerto;Tasa de variación anual;Gasto medio diario por persona;2024M11;4,17
Aeropuerto;Tasa de variación anual;Gasto medio diario por persona;2024M10;3,59
Aeropuerto;Tasa de variación anual;Gasto medio diario por persona;2024M09;3,99
Aeropuerto;Tasa de variación anual;Gasto medio diario por persona;2024M08;8,48
Aeropuerto;Tasa de variación anual;Gasto medio diario por persona;2024M07;2,15
Aeropuerto;Tasa de variación anual;Gasto medio diario por persona;2024M06;2,18
Aeropuerto;Tasa de variación anual;Gasto medio diario por persona;2024M05;8,48
Aeropuerto;Tasa de variación anual;Gasto medio diario por persona;2024M04;7,20
Aeropuerto;Tasa de variación anual;Gasto medio diario por persona;2024M03;7,59
Aeropuerto;Tasa de variación anual;Gasto medio diario por persona;2024M02;4,39
Aeropuerto;Tasa de variación anual;Gasto medio diario por persona;2024M01;7,36
Aeropuerto;Tasa de variación anual;Gasto medio diario por persona;2023M12;2,00
Aeropuerto;Tasa de variación anual;Gasto medio diario por persona;2023M11;5,62
Aeropuerto;Tasa de variación anual;Gasto medio diario por persona;2023M10;10,73
Aeropuerto;Tasa de variación anual;Gasto medio diario por persona;2023M09;9,95
Aeropuerto;Tasa de variación anual;Gasto medio diario por persona;2023M08;7,45
Aeropuerto;Tasa de variación anual;Gasto medio diario por persona;2023M07;15,57
Aeropuerto;Tasa de variación anual;Gasto medio diario por persona;2023M06;11,60
Aeropuerto;Tasa de variación anual;Gasto medio diario por persona;2023M05;10,85
Aeropuerto;Tasa de variación anual;Gasto medio diario por persona;2023M04;15,64
Aeropuerto;Tasa de variación anual;Gasto medio diario por persona;2023M03;8,74
Aeropuerto;Tasa de variación anual;Gasto medio diario por persona;2023M02;23,17
Aeropuerto;Tasa de variación anual;Gasto medio diario por persona;2023M01;17,15
Aeropuerto;Tasa de variación anual;Gasto medio diario por persona;2022M12;14,68
Aeropuerto;Tasa de variación anual;Gasto medio diario por persona;2022M11;15,99
Aeropuerto;Tasa de variación anual;Gasto medio diario por persona;2022M10;19,25
Aeropuerto;Tasa de variación anual;Gasto medio diario por persona;2022M09;21,32
Aeropuerto;Tasa de variación anual;Gasto medio diario por persona;2022M08;16,47
Aeropuerto;Tasa de variación anual;Gasto medio diario por persona;2022M07;14,12
Aeropuerto;Tasa de variación anual;Gasto medio diario por persona;2022M06;17,05
Aeropuerto;Tasa de variación anual;Gasto medio diario por persona;2022M05;22,43
Aeropuerto;Tasa de variación anual;Gasto medio diario por persona;2022M04;18,62
Aeropuerto;Tasa de variación anual;Gasto medio diario por persona;2022M03;16,65
Aeropuerto;Tasa de variación anual;Gasto medio diario por persona;2022M02;8,62
Aeropuerto;Tasa de variación anual;Gasto medio diario por persona;2022M01;3,03
Aeropuerto;Tasa de variación anual;Gasto medio diario por persona;2021M12;15,99
Aeropuerto;Tasa de variación anual;Gasto medio diario por persona;2021M11;12,87
Aeropuerto;Tasa de variación anual;Gasto medio diario por persona;2021M10;19,82
Aeropuerto;Tasa de variación anual;Gasto medio diario por persona;2021M09;13,85
Aeropuerto;Tasa de variación anual;Gasto medio diario por persona;2021M08;7,94
Aeropuerto;Tasa de variación anual;Gasto medio diario por persona;2021M07;12,02
Aeropuerto;Tasa de variación anual;Gasto medio diario por persona;2021M06;16,39
Aeropuerto;Tasa de variación anual;Gasto medio diario por persona;2021M05;..
Aeropuerto;Tasa de variación anual;Gasto medio diario por persona;2021M04;..
Aeropuerto;Tasa de variación anual;Gasto medio diario por persona;2021M03;-15,48
Aeropuerto;Tasa de variación anual;Gasto medio diario por persona;2021M02;-18,29
Aeropuerto;Tasa de variación anual;Gasto medio diario por persona;2021M01;-16,62
Aeropuerto;Tasa de variación anual;Gasto medio diario por persona;2020M12;-26,73
Aeropuerto;Tasa de variación anual;Gasto medio diario por persona;2020M11;-22,17
Aeropuerto;Tasa de variación anual;Gasto medio diario por persona;2020M10;-27,19
Aeropuerto;Tasa de variación anual;Gasto medio diario por persona;2020M09;-19,95
Aeropuerto;Tasa de variación anual;Gasto medio diario por persona;2020M08;-13,89
Aeropuerto;Tasa de variación anual;Gasto medio diario por persona;2020M07;-18,47
Aeropuerto;Tasa de variación anual;Gasto medio diario por persona;2020M06;-22,47
Aeropuerto;Tasa de variación anual;Gasto medio diario por persona;2020M05;-100,00
Aeropuerto;Tasa de variación anual;Gasto medio diario por persona;2020M04;-100,00
Aeropuerto;Tasa de variación anual;Gasto medio diario por persona;2020M03;-0,06
Aeropuerto;Tasa de variación anual;Gasto medio diario por persona;2020M02;1,05
Aeropuerto;Tasa de variación anual;Gasto medio diario por persona;2020M01;5,97
Aeropuerto;Tasa de variación anual;Gasto medio diario por persona;2019M12;8,65
Aeropuerto;Tasa de variación anual;Gasto medio diario por persona;2019M11;4,45
Aeropuerto;Tasa de variación anual;Gasto medio diario por persona;2019M10;7,60
Aeropuerto;Tasa de variación anual;Gasto medio diario por persona;2019M09;4,42
Aeropuerto;Tasa de variación anual;Gasto medio diario por persona;2019M08;4,13
Aeropuerto;Tasa de variación anual;Gasto medio diario por persona;2019M07;6,54
Aeropuerto;Tasa de variación anual;Gasto medio diario por persona;2019M06;5,61
Aeropuerto;Tasa de variación anual;Gasto medio diario por persona;2019M05;9,01
Aeropuerto;Tasa de variación anual;Gasto medio diario por persona;2019M04;3,73
Aeropuerto;Tasa de variación anual;Gasto medio diario por persona;2019M03;9,13
Aeropuerto;Tasa de variación anual;Gasto medio diario por persona;2019M02;7,58
Aeropuerto;Tasa de variación anual;Gasto medio diario por persona;2019M01;4,52
Aeropuerto;Tasa de variación anual;Gasto medio diario por persona;2018M12;5,14
Aeropuerto;Tasa de variación anual;Gasto medio diario por persona;2018M11;11,17
Aeropuerto;Tasa de variación anual;Gasto medio diario por persona;2018M10;2,16
Aeropuerto;Tasa de variación anual;Gasto medio diario por persona;2018M09;2,95
Aeropuerto;Tasa de variación anual;Gasto medio diario por persona;2018M08;11,76
Aeropuerto;Tasa de variación anual;Gasto medio diario por persona;2018M07;8,55
Aeropuerto;Tasa de variación anual;Gasto medio diario por persona;2018M06;7,19
Aeropuerto;Tasa de variación anual;Gasto medio diario por persona;2018M05;3,26
Aeropuerto;Tasa de variación anual;Gasto medio diario por persona;2018M04;4,80
Aeropuerto;Tasa de variación anual;Gasto medio diario por persona;2018M03;-1,54
Aeropuerto;Tasa de variación anual;Gasto medio diario por persona;2018M02;4,11
Aeropuerto;Tasa de variación anual;Gasto medio diario por persona;2018M01;2,25
Aeropuerto;Tasa de variación anual;Gasto medio diario por persona;2017M12;6,01
Aeropuerto;Tasa de variación anual;Gasto medio diario por persona;2017M11;-1,78
Aeropuerto;Tasa de variación anual;Gasto medio diario por persona;2017M10;5,32
Aeropuerto;Tasa de variación anual;Gasto medio diario por persona;2017M09;5,42
Aeropuerto;Tasa de variación anual;Gasto medio diario por persona;2017M08;7,31
Aeropuerto;Tasa de variación anual;Gasto medio diario por persona;2017M07;3,42
Aeropuerto;Tasa de variación anual;Gasto medio diario por persona;2017M06;5,24
Aeropuerto;Tasa de variación anual;Gasto medio diario por persona;2017M05;1,38
Aeropuerto;Tasa de variación anual;Gasto medio diario por persona;2017M04;6,58
Aeropuerto;Tasa de variación anual;Gasto medio diario por persona;2017M03;12,27
Aeropuerto;Tasa de variación anual;Gasto medio diario por persona;2017M02;3,11
Aeropuerto;Tasa de variación anual;Gasto medio diario por persona;2017M01;6,02
Aeropuerto;Tasa de variación anual;Gasto medio diario por persona;2016M12;8,77
Aeropuerto;Tasa de variación anual;Gasto medio diario por persona;2016M11;7,75
Aeropuerto;Tasa de variación anual;Gasto medio diario por persona;2016M10;8,37
Aeropuerto;Tasa de variación anual;Gasto medio diario por persona;2016M09;4,68
Aeropuerto;Tasa de variación anual;Gasto medio diario por persona;2016M08;0,45
Aeropuerto;Tasa de variación anual;Gasto medio diario por persona;2016M07;6,39
Aeropuerto;Tasa de variación anual;Gasto medio diario por persona;2016M06;3,88
Aeropuerto;Tasa de variación anual;Gasto medio diario por persona;2016M05;9,01
Aeropuerto;Tasa de variación anual;Gasto medio diario por persona;2016M04;6,21
Aeropuerto;Tasa de variación anual;Gasto medio diario por persona;2016M03;2,09
Aeropuerto;Tasa de variación anual;Gasto medio diario por persona;2016M02;9,63
Aeropuerto;Tasa de variación anual;Gasto medio diario por persona;2016M01;1,68
Aeropuerto;Tasa de variación anual;Gasto medio diario por persona;2015M12;-0,72
Aeropuerto;Tasa de variación anual;Gasto medio diario por persona;2015M11;2,78
Aeropuerto;Tasa de variación anual;Gasto medio diario por persona;2015M10;4,35
Aeropuerto;Tasa de variación anual;Duración media de los viajes;2026M07;2,01
Aeropuerto;Tasa de variación anual;Duración media de los viajes;2026M06;-0,13
Aeropuerto;Tasa de variación anual;Duración media de los viajes;2026M05;1,97
Aeropuerto;Tasa de variación anual;Duración media de los viajes;2026M04;-2,18
Aeropuerto;Tasa de variación anual;Duración media de los viajes;2026M03;-1,99
Aeropuerto;Tasa de variación anual;Duración media de los viajes;2026M02;-2,68
Aeropuerto;Tasa de variación anual;Duración media de los viajes;2026M01;0,14
Aeropuerto;Tasa de variación anual;Duración media de los viajes;2025M12;2,28
Aeropuerto;Tasa de variación anual;Duración media de los viajes;2025M11;-2,06
Aeropuerto;Tasa de variación anual;Duración media de los viajes;2025M10;-2,72
Aeropuerto;Tasa de variación anual;Duración media de los viajes;2025M09;0,44
Aeropuerto;Tasa de variación anual;Duración media de los viajes;2025M08;0,42
Aeropuerto;Tasa de variación anual;Duración media de los viajes;2025M07;-2,24
Aeropuerto;Tasa de variación anual;Duración media de los viajes;2025M06;-3,25
Aeropuerto;Tasa de variación anual;Duración media de los viajes;2025M05;0,96
Aeropuerto;Tasa de variación anual;Duración media de los viajes;2025M04;4,50
Aeropuerto;Tasa de variación anual;Duración media de los viajes;2025M03;-4,11
Aeropuerto;Tasa de variación anual;Duración media de los viajes;2025M02;-6,74
Aeropuerto;Tasa de variación anual;Duración media de los viajes;2025M01;-0,28
Aeropuerto;Tasa de variación anual;Duración media de los viajes;2024M12;-3,39
Aeropuerto;Tasa de variación anual;Duración media de los viajes;2024M11;2,25
Aeropuerto;Tasa de variación anual;Duración media de los viajes;2024M10;3,04
Aeropuerto;Tasa de variación anual;Duración media de los viajes;2024M09;-1,64
Aeropuerto;Tasa de variación anual;Duración media de los viajes;2024M08;-2,44
Aeropuerto;Tasa de variación anual;Duración media de los viajes;2024M07;2,23
Aeropuerto;Tasa de variación anual;Duración media de los viajes;2024M06;1,88
Aeropuerto;Tasa de variación anual;Duración media de los viajes;2024M05;-1,16
Aeropuerto;Tasa de variación anual;Duración media de los viajes;2024M04;-3,11
Aeropuerto;Tasa de variación anual;Duración media de los viajes;2024M03;0,71
Aeropuerto;Tasa de variación anual;Duración media de los viajes;2024M02;2,95
Aeropuerto;Tasa de variación anual;Duración media de los viajes;2024M01;1,62
Aeropuerto;Tasa de variación anual;Duración media de los viajes;2023M12;7,28
Aeropuerto;Tasa de variación anual;Duración media de los viajes;2023M11;-0,76
Aeropuerto;Tasa de variación anual;Duración media de los viajes;2023M10;-1,58
Aeropuerto;Tasa de variación anual;Duración media de los viajes;2023M09;-0,08
Aeropuerto;Tasa de variación anual;Duración media de los viajes;2023M08;-0,27
Aeropuerto;Tasa de variación anual;Duración media de los viajes;2023M07;-9,64
Aeropuerto;Tasa de variación anual;Duración media de los viajes;2023M06;-4,35
Aeropuerto;Tasa de variación anual;Duración media de los viajes;2023M05;-6,62
Aeropuerto;Tasa de variación anual;Duración media de los viajes;2023M04;-9,52
Aeropuerto;Tasa de variación anual;Duración media de los viajes;2023M03;-6,13
Aeropuerto;Tasa de variación anual;Duración media de los viajes;2023M02;-14,70
Aeropuerto;Tasa de variación anual;Duración media de los viajes;2023M01;-13,13
Aeropuerto;Tasa de variación anual;Duración media de los viajes;2022M12;-9,65
Aeropuerto;Tasa de variación anual;Duración media de los viajes;2022M11;-5,46
Aeropuerto;Tasa de variación anual;Duración media de los viajes;2022M10;-12,17
Aeropuerto;Tasa de variación anual;Duración media de los viajes;2022M09;-11,56
Aeropuerto;Tasa de variación anual;Duración media de los viajes;2022M08;-6,75
Aeropuerto;Tasa de variación anual;Duración media de los viajes;2022M07;-4,95
Aeropuerto;Tasa de variación anual;Duración media de los viajes;2022M06;-12,03
Aeropuerto;Tasa de variación anual;Duración media de los viajes;2022M05;-19,52
Aeropuerto;Tasa de variación anual;Duración media de los viajes;2022M04;-15,03
Aeropuerto;Tasa de variación anual;Duración media de los viajes;2022M03;-14,74
Aeropuerto;Tasa de variación anual;Duración media de los viajes;2022M02;-19,67
Aeropuerto;Tasa de variación anual;Duración media de los viajes;2022M01;-9,59
Aeropuerto;Tasa de variación anual;Duración media de los viajes;2021M12;-18,54
Aeropuerto;Tasa de variación anual;Duración media de los viajes;2021M11;-16,26
Aeropuerto;Tasa de variación anual;Duración media de los viajes;2021M10;-16,51
Aeropuerto;Tasa de variación anual;Duración media de los viajes;2021M09;-13,39
Aeropuerto;Tasa de variación anual;Duración media de los viajes;2021M08;-8,69
Aeropuerto;Tasa de variación anual;Duración media de los viajes;2021M07;-2,56
Aeropuerto;Tasa de variación anual;Duración media de los viajes;2021M06;12,59
Aeropuerto;Tasa de variación anual;Duración media de los viajes;2021M05;..
Aeropuerto;Tasa de variación anual;Duración media de los viajes;2021M04;..
Aeropuerto;Tasa de variación anual;Duración media de los viajes;2021M03;31,91
Aeropuerto;Tasa de variación anual;Duración media de los viajes;2021M02;52,81
Aeropuerto;Tasa de variación anual;Duración media de los viajes;2021M01;36,56
Aeropuerto;Tasa de variación anual;Duración media de los viajes;2020M12;51,93
Aeropuerto;Tasa de variación anual;Duración media de los viajes;2020M11;39,48
Aeropuerto;Tasa de variación anual;Duración media de los viajes;2020M10;36,11
Aeropuerto;Tasa de variación anual;Duración media de los viajes;2020M09;26,52
Aeropuerto;Tasa de variación anual;Duración media de los viajes;2020M08;14,43
Aeropuerto;Tasa de variación anual;Duración media de los viajes;2020M07;12,05
Aeropuerto;Tasa de variación anual;Duración media de los viajes;2020M06;4,07
Aeropuerto;Tasa de variación anual;Duración media de los viajes;2020M05;-100,00
Aeropuerto;Tasa de variación anual;Duración media de los viajes;2020M04;-100,00
Aeropuerto;Tasa de variación anual;Duración media de los viajes;2020M03;4,80
Aeropuerto;Tasa de variación anual;Duración media de los viajes;2020M02;0,73
Aeropuerto;Tasa de variación anual;Duración media de los viajes;2020M01;-1,31
Aeropuerto;Tasa de variación anual;Duración media de los viajes;2019M12;-4,99
Aeropuerto;Tasa de variación anual;Duración media de los viajes;2019M11;-1,02
Aeropuerto;Tasa de variación anual;Duración media de los viajes;2019M10;-2,99
Aeropuerto;Tasa de variación anual;Duración media de los viajes;2019M09;-2,12
Aeropuerto;Tasa de variación anual;Duración media de los viajes;2019M08;-3,29
Aeropuerto;Tasa de variación anual;Duración media de los viajes;2019M07;-3,52
Aeropuerto;Tasa de variación anual;Duración media de los viajes;2019M06;-3,92
Aeropuerto;Tasa de variación anual;Duración media de los viajes;2019M05;-7,65
Aeropuerto;Tasa de variación anual;Duración media de los viajes;2019M04;-2,84
Aeropuerto;Tasa de variación anual;Duración media de los viajes;2019M03;-8,05
Aeropuerto;Tasa de variación anual;Duración media de los viajes;2019M02;-7,84
Aeropuerto;Tasa de variación anual;Duración media de los viajes;2019M01;-3,23
Aeropuerto;Tasa de variación anual;Duración media de los viajes;2018M12;-4,07
Aeropuerto;Tasa de variación anual;Duración media de los viajes;2018M11;-10,05
Aeropuerto;Tasa de variación anual;Duración media de los viajes;2018M10;-2,28
Aeropuerto;Tasa de variación anual;Duración media de los viajes;2018M09;-2,55
Aeropuerto;Tasa de variación anual;Duración media de los viajes;2018M08;-6,30
Aeropuerto;Tasa de variación anual;Duración media de los viajes;2018M07;-5,17
Aeropuerto;Tasa de variación anual;Duración media de los viajes;2018M06;-4,53
Aeropuerto;Tasa de variación anual;Duración media de los viajes;2018M05;-0,74
Aeropuerto;Tasa de variación anual;Duración media de los viajes;2018M04;-2,33
Aeropuerto;Tasa de variación anual;Duración media de los viajes;2018M03;4,11
Aeropuerto;Tasa de variación anual;Duración media de los viajes;2018M02;0,09
Aeropuerto;Tasa de variación anual;Duración media de los viajes;2018M01;-1,18
Aeropuerto;Tasa de variación anual;Duración media de los viajes;2017M12;-6,97
Aeropuerto;Tasa de variación anual;Duración media de los viajes;2017M11;5,31
Aeropuerto;Tasa de variación anual;Duración media de los viajes;2017M10;-0,82
Aeropuerto;Tasa de variación anual;Duración media de los viajes;2017M09;-5,52
Aeropuerto;Tasa de variación anual;Duración media de los viajes;2017M08;-1,83
Aeropuerto;Tasa de variación anual;Duración media de los viajes;2017M07;1,18
Aeropuerto;Tasa de variación anual;Duración media de los viajes;2017M06;-2,18
Aeropuerto;Tasa de variación anual;Duración media de los viajes;2017M05;0,87
Aeropuerto;Tasa de variación anual;Duración media de los viajes;2017M04;-3,05
Aeropuerto;Tasa de variación anual;Duración media de los viajes;2017M03;-10,15
Aeropuerto;Tasa de variación anual;Duración media de los viajes;2017M02;-0,94
Aeropuerto;Tasa de variación anual;Duración media de los viajes;2017M01;-3,09
Aeropuerto;Tasa de variación anual;Duración media de los viajes;2016M12;-4,42
Aeropuerto;Tasa de variación anual;Duración media de los viajes;2016M11;-10,54
Aeropuerto;Tasa de variación anual;Duración media de los viajes;2016M10;-4,40
Aeropuerto;Tasa de variación anual;Duración media de los viajes;2016M09;-2,59
Aeropuerto;Tasa de variación anual;Duración media de los viajes;2016M08;-1,47
Aeropuerto;Tasa de variación anual;Duración media de los viajes;2016M07;-7,38
Aeropuerto;Tasa de variación anual;Duración media de los viajes;2016M06;-3,58
Aeropuerto;Tasa de variación anual;Duración media de los viajes;2016M05;-9,27
Aeropuerto;Tasa de variación anual;Duración media de los viajes;2016M04;-11,74
Aeropuerto;Tasa de variación anual;Duración media de los viajes;2016M03;-6,71
Aeropuerto;Tasa de variación anual;Duración media de los viajes;2016M02;-13,91
Aeropuerto;Tasa de variación anual;Duración media de los viajes;2016M01;-10,13
Aeropuerto;Tasa de variación anual;Duración media de los viajes;2015M12;3,16
Aeropuerto;Tasa de variación anual;Duración media de los viajes;2015M11;0,45
Aeropuerto;Tasa de variación anual;Duración media de los viajes;2015M10;-7,63
Aeropuerto;Acumulado en lo que va de año;Gasto total;2026M07;73.890,22
Aeropuerto;Acumulado en lo que va de año;Gasto total;2026M06;57.977,82
Aeropuerto;Acumulado en lo que va de año;Gasto total;2026M05;45.675,84
Aeropuerto;Acumulado en lo que va de año;Gasto total;2026M04;33.506,20
Aeropuerto;Acumulado en lo que va de año;Gasto total;2026M03;22.954,11
Aeropuerto;Acumulado en lo que va de año;Gasto total;2026M02;14.129,54
Aeropuerto;Acumulado en lo que va de año;Gasto total;2026M01;7.224,66
Aeropuerto;Acumulado en lo que va de año;Gasto total;2025M12;121.075,58
Aeropuerto;Acumulado en lo que va de año;Gasto total;2025M11;113.827,70
Aeropuerto;Acumulado en lo que va de año;Gasto total;2025M10;106.482,71
Aeropuerto;Acumulado en lo que va de año;Gasto total;2025M09;95.025,07
Aeropuerto;Acumulado en lo que va de año;Gasto total;2025M08;82.937,46
Aeropuerto;Acumulado en lo que va de año;Gasto total;2025M07;68.874,16
Aeropuerto;Acumulado en lo que va de año;Gasto total;2025M06;54.403,94
Aeropuerto;Acumulado en lo que va de año;Gasto total;2025M05;42.477,69
Aeropuerto;Acumulado en lo que va de año;Gasto total;2025M04;31.310,87
Aeropuerto;Acumulado en lo que va de año;Gasto total;2025M03;21.485,16
Aeropuerto;Acumulado en lo que va de año;Gasto total;2025M02;13.148,63
Aeropuerto;Acumulado en lo que va de año;Gasto total;2025M01;6.514,55
Aeropuerto;Acumulado en lo que va de año;Gasto total;2024M12;112.588,66
Aeropuerto;Acumulado en lo que va de año;Gasto total;2024M11;105.800,57
Aeropuerto;Acumulado en lo que va de año;Gasto total;2024M10;98.849,41
Aeropuerto;Acumulado en lo que va de año;Gasto total;2024M09;88.125,02
Aeropuerto;Acumulado en lo que va de año;Gasto total;2024M08;76.916,85
Aeropuerto;Acumulado en lo que va de año;Gasto total;2024M07;63.991,62
Aeropuerto;Acumulado en lo que va de año;Gasto total;2024M06;50.584,76
Aeropuerto;Acumulado en lo que va de año;Gasto total;2024M05;39.217,67
Aeropuerto;Acumulado en lo que va de año;Gasto total;2024M04;28.656,08
Aeropuerto;Acumulado en lo que va de año;Gasto total;2024M03;20.032,06
Aeropuerto;Acumulado en lo que va de año;Gasto total;2024M02;12.173,55
Aeropuerto;Acumulado en lo que va de año;Gasto total;2024M01;6.001,59
Aeropuerto;Acumulado en lo que va de año;Gasto total;2023M12;96.324,65
Aeropuerto;Acumulado en lo que va de año;Gasto total;2023M11;90.110,16
Aeropuerto;Acumulado en lo que va de año;Gasto total;2023M10;84.110,64
Aeropuerto;Acumulado en lo que va de año;Gasto total;2023M09;74.824,42
Aeropuerto;Acumulado en lo que va de año;Gasto total;2023M08;64.761,57
Aeropuerto;Acumulado en lo que va de año;Gasto total;2023M07;53.493,91
Aeropuerto;Acumulado en lo que va de año;Gasto total;2023M06;41.599,42
Aeropuerto;Acumulado en lo que va de año;Gasto total;2023M05;31.991,33
Aeropuerto;Acumulado en lo que va de año;Gasto total;2023M04;23.324,71
Aeropuerto;Acumulado en lo que va de año;Gasto total;2023M03;15.719,80
Aeropuerto;Acumulado en lo que va de año;Gasto total;2023M02;9.653,95
Aeropuerto;Acumulado en lo que va de año;Gasto total;2023M01;4.789,21
Aeropuerto;Acumulado en lo que va de año;Gasto total;2022M12;77.481,20
Aeropuerto;Acumulado en lo que va de año;Gasto total;2022M11;72.875,94
Aeropuerto;Acumulado en lo que va de año;Gasto total;2022M10;67.995,00
Aeropuerto;Acumulado en lo que va de año;Gasto total;2022M09;60.503,04
Aeropuerto;Acumulado en lo que va de año;Gasto total;2022M08;52.344,60
Aeropuerto;Acumulado en lo que va de año;Gasto total;2022M07;42.940,16
Aeropuerto;Acumulado en lo que va de año;Gasto total;2022M06;32.660,88
Aeropuerto;Acumulado en lo que va de año;Gasto total;2022M05;24.440,84
Aeropuerto;Acumulado en lo que va de año;Gasto total;2022M04;17.051,56
Aeropuerto;Acumulado en lo que va de año;Gasto total;2022M03;10.741,23
Aeropuerto;Acumulado en lo que va de año;Gasto total;2022M02;6.067,19
Aeropuerto;Acumulado en lo que va de año;Gasto total;2022M01;2.724,36
Aeropuerto;Acumulado en lo que va de año;Gasto total;2021M12;30.488,53
Aeropuerto;Acumulado en lo que va de año;Gasto total;2021M11;27.328,64
Aeropuerto;Acumulado en lo que va de año;Gasto total;2021M10;23.938,80
Aeropuerto;Acumulado en lo que va de año;Gasto total;2021M09;18.888,34
Aeropuerto;Acumulado en lo que va de año;Gasto total;2021M08;14.434,40
Aeropuerto;Acumulado en lo que va de año;Gasto total;2021M07;9.491,67
Aeropuerto;Acumulado en lo que va de año;Gasto total;2021M06;5.000,99
Aeropuerto;Acumulado en lo que va de año;Gasto total;2021M05;2.861,04
Aeropuerto;Acumulado en lo que va de año;Gasto total;2021M04;1.649,80
Aeropuerto;Acumulado en lo que va de año;Gasto total;2021M03;1.071,25
Aeropuerto;Acumulado en lo que va de año;Gasto total;2021M02;628,39
Aeropuerto;Acumulado en lo que va de año;Gasto total;2021M01;361,39
Aeropuerto;Acumulado en lo que va de año;Gasto total;2020M12;16.751,96
Aeropuerto;Acumulado en lo que va de año;Gasto total;2020M11;16.166,63
Aeropuerto;Acumulado en lo que va de año;Gasto total;2020M10;15.748,53
Aeropuerto;Acumulado en lo que va de año;Gasto total;2020M09;15.113,71
Aeropuerto;Acumulado en lo que va de año;Gasto total;2020M08;14.442,12
Aeropuerto;Acumulado en lo que va de año;Gasto total;2020M07;12.640,87
Aeropuerto;Acumulado en lo que va de año;Gasto total;2020M06;10.687,28
Aeropuerto;Acumulado en lo que va de año;Gasto total;2020M05;10.624,87
Aeropuerto;Acumulado en lo que va de año;Gasto total;2020M04;10.624,87
Aeropuerto;Acumulado en lo que va de año;Gasto total;2020M03;10.624,87
Aeropuerto;Acumulado en lo que va de año;Gasto total;2020M02;8.687,00
Aeropuerto;Acumulado en lo que va de año;Gasto total;2020M01;4.326,77
Aeropuerto;Acumulado en lo que va de año;Gasto total;2019M12;82.196,13
Aeropuerto;Acumulado en lo que va de año;Gasto total;2019M11;77.666,06
Aeropuerto;Acumulado en lo que va de año;Gasto total;2019M10;73.049,49
Aeropuerto;Acumulado en lo que va de año;Gasto total;2019M09;65.437,97
Aeropuerto;Acumulado en lo que va de año;Gasto total;2019M08;56.862,66
Aeropuerto;Acumulado en lo que va de año;Gasto total;2019M07;46.959,93
Aeropuerto;Acumulado en lo que va de año;Gasto total;2019M06;36.444,24
Aeropuerto;Acumulado en lo que va de año;Gasto total;2019M05;27.591,96
Aeropuerto;Acumulado en lo que va de año;Gasto total;2019M04;20.236,28
Aeropuerto;Acumulado en lo que va de año;Gasto total;2019M03;13.909,33
Aeropuerto;Acumulado en lo que va de año;Gasto total;2019M02;8.501,86
Aeropuerto;Acumulado en lo que va de año;Gasto total;2019M01;4.265,26
Aeropuerto;Acumulado en lo que va de año;Gasto total;2018M12;79.514,28
Aeropuerto;Acumulado en lo que va de año;Gasto total;2018M11;74.980,13
Aeropuerto;Acumulado en lo que va de año;Gasto total;2018M10;70.613,88
Aeropuerto;Acumulado en lo que va de año;Gasto total;2018M09;63.300,76
Aeropuerto;Acumulado en lo que va de año;Gasto total;2018M08;54.964,60
Aeropuerto;Acumulado en lo que va de año;Gasto total;2018M07;45.239,48
Aeropuerto;Acumulado en lo que va de año;Gasto total;2018M06;34.887,61
Aeropuerto;Acumulado en lo que va de año;Gasto total;2018M05;26.471,33
Aeropuerto;Acumulado en lo que va de año;Gasto total;2018M04;19.242,09
Aeropuerto;Acumulado en lo que va de año;Gasto total;2018M03;13.389,02
Aeropuerto;Acumulado en lo que va de año;Gasto total;2018M02;8.243,25
Aeropuerto;Acumulado en lo que va de año;Gasto total;2018M01;4.126,46
Aeropuerto;Acumulado en lo que va de año;Gasto total;2017M12;76.864,56
Aeropuerto;Acumulado en lo que va de año;Gasto total;2017M11;72.830,22
Aeropuerto;Acumulado en lo que va de año;Gasto total;2017M10;68.740,18
Aeropuerto;Acumulado en lo que va de año;Gasto total;2017M09;61.782,19
Aeropuerto;Acumulado en lo que va de año;Gasto total;2017M08;53.455,31
Aeropuerto;Acumulado en lo que va de año;Gasto total;2017M07;43.889,12
Aeropuerto;Acumulado en lo que va de año;Gasto total;2017M06;33.484,94
Aeropuerto;Acumulado en lo que va de año;Gasto total;2017M05;25.323,15
Aeropuerto;Acumulado en lo que va de año;Gasto total;2017M04;18.342,22
Aeropuerto;Acumulado en lo que va de año;Gasto total;2017M03;12.353,78
Aeropuerto;Acumulado en lo que va de año;Gasto total;2017M02;7.762,86
Aeropuerto;Acumulado en lo que va de año;Gasto total;2017M01;3.876,48
Aeropuerto;Acumulado en lo que va de año;Gasto total;2016M12;67.755,97
Aeropuerto;Acumulado en lo que va de año;Gasto total;2016M11;63.718,41
Aeropuerto;Acumulado en lo que va de año;Gasto total;2016M10;60.037,34
Aeropuerto;Acumulado en lo que va de año;Gasto total;2016M09;53.572,61
Aeropuerto;Acumulado en lo que va de año;Gasto total;2016M08;46.217,81
Aeropuerto;Acumulado en lo que va de año;Gasto total;2016M07;37.908,24
Aeropuerto;Acumulado en lo que va de año;Gasto total;2016M06;29.033,93
Aeropuerto;Acumulado en lo que va de año;Gasto total;2016M05;21.923,04
Aeropuerto;Acumulado en lo que va de año;Gasto total;2016M04;15.823,14
Aeropuerto;Acumulado en lo que va de año;Gasto total;2016M03;10.856,09
Aeropuerto;Acumulado en lo que va de año;Gasto total;2016M02;6.636,68
Aeropuerto;Acumulado en lo que va de año;Gasto total;2016M01;3.307,37
Aeropuerto;Acumulado en lo que va de año;Gasto total;2015M12;""
Aeropuerto;Acumulado en lo que va de año;Gasto total;2015M11;""
Aeropuerto;Acumulado en lo que va de año;Gasto total;2015M10;""
Aeropuerto;Acumulado en lo que va de año;Gasto medio por persona;2026M07;1.513
Aeropuerto;Acumulado en lo que va de año;Gasto medio por persona;2026M06;1.464
Aeropuerto;Acumulado en lo que va de año;Gasto medio por persona;2026M05;1.458
Aeropuerto;Acumulado en lo que va de año;Gasto medio por persona;2026M04;1.476
Aeropuerto;Acumulado en lo que va de año;Gasto medio por persona;2026M03;1.524
Aeropuerto;Acumulado en lo que va de año;Gasto medio por persona;2026M02;1.538
Aeropuerto;Acumulado en lo que va de año;Gasto medio por persona;2026M01;1.621
Aeropuerto;Acumulado en lo que va de año;Gasto medio por persona;2025M12;1.503
Aeropuerto;Acumulado en lo que va de año;Gasto medio por persona;2025M11;1.492
Aeropuerto;Acumulado en lo que va de año;Gasto medio por persona;2025M10;1.492
Aeropuerto;Acumulado en lo que va de año;Gasto medio por persona;2025M09;1.495
Aeropuerto;Acumulado en lo que va de año;Gasto medio por persona;2025M08;1.498
Aeropuerto;Acumulado en lo que va de año;Gasto medio por persona;2025M07;1.473
Aeropuerto;Acumulado en lo que va de año;Gasto medio por persona;2025M06;1.433
Aeropuerto;Acumulado en lo que va de año;Gasto medio por persona;2025M05;1.427
Aeropuerto;Acumulado en lo que va de año;Gasto medio por persona;2025M04;1.442
Aeropuerto;Acumulado en lo que va de año;Gasto medio por persona;2025M03;1.475
Aeropuerto;Acumulado en lo que va de año;Gasto medio por persona;2025M02;1.477
Aeropuerto;Acumulado en lo que va de año;Gasto medio por persona;2025M01;1.528
Aeropuerto;Acumulado en lo que va de año;Gasto medio por persona;2024M12;1.460
Aeropuerto;Acumulado en lo que va de año;Gasto medio por persona;2024M11;1.451
Aeropuerto;Acumulado en lo que va de año;Gasto medio por persona;2024M10;1.449
Aeropuerto;Acumulado en lo que va de año;Gasto medio por persona;2024M09;1.452
Aeropuerto;Acumulado en lo que va de año;Gasto medio por persona;2024M08;1.459
Aeropuerto;Acumulado en lo que va de año;Gasto medio por persona;2024M07;1.437
Aeropuerto;Acumulado en lo que va de año;Gasto medio por persona;2024M06;1.405
Aeropuerto;Acumulado en lo que va de año;Gasto medio por persona;2024M05;1.400
Aeropuerto;Acumulado en lo que va de año;Gasto medio por persona;2024M04;1.417
Aeropuerto;Acumulado en lo que va de año;Gasto medio por persona;2024M03;1.466
Aeropuerto;Acumulado en lo que va de año;Gasto medio por persona;2024M02;1.465
Aeropuerto;Acumulado en lo que va de año;Gasto medio por persona;2024M01;1.480
Aeropuerto;Acumulado en lo que va de año;Gasto medio por persona;2023M12;1.385
Aeropuerto;Acumulado en lo que va de año;Gasto medio por persona;2023M11;1.375
Aeropuerto;Acumulado en lo que va de año;Gasto medio por persona;2023M10;1.374
Aeropuerto;Acumulado en lo que va de año;Gasto medio por persona;2023M09;1.378
Aeropuerto;Acumulado en lo que va de año;Gasto medio por persona;2023M08;1.379
Aeropuerto;Acumulado en lo que va de año;Gasto medio por persona;2023M07;1.358
Aeropuerto;Acumulado en lo que va de año;Gasto medio por persona;2023M06;1.320
Aeropuerto;Acumulado en lo que va de año;Gasto medio por persona;2023M05;1.307
Aeropuerto;Acumulado en lo que va de año;Gasto medio por persona;2023M04;1.324
Aeropuerto;Acumulado en lo que va de año;Gasto medio por persona;2023M03;1.354
Aeropuerto;Acumulado en lo que va de año;Gasto medio por persona;2023M02;1.353
Aeropuerto;Acumulado en lo que va de año;Gasto medio por persona;2023M01;1.356
Aeropuerto;Acumulado en lo que va de año;Gasto medio por persona;2022M12;1.306
Aeropuerto;Acumulado en lo que va de año;Gasto medio por persona;2022M11;1.300
Aeropuerto;Acumulado en lo que va de año;Gasto medio por persona;2022M10;1.298
Aeropuerto;Acumulado en lo que va de año;Gasto medio por persona;2022M09;1.308
Aeropuerto;Acumulado en lo que va de año;Gasto medio por persona;2022M08;1.317
Aeropuerto;Acumulado en lo que va de año;Gasto medio por persona;2022M07;1.302
Aeropuerto;Acumulado en lo que va de año;Gasto medio por persona;2022M06;1.263
Aeropuerto;Acumulado en lo que va de año;Gasto medio por persona;2022M05;1.258
Aeropuerto;Acumulado en lo que va de año;Gasto medio por persona;2022M04;1.274
Aeropuerto;Acumulado en lo que va de año;Gasto medio por persona;2022M03;1.315
Aeropuerto;Acumulado en lo que va de año;Gasto medio por persona;2022M02;1.306
Aeropuerto;Acumulado en lo que va de año;Gasto medio por persona;2022M01;1.333
Aeropuerto;Acumulado en lo que va de año;Gasto medio por persona;2021M12;1.248
Aeropuerto;Acumulado en lo que va de año;Gasto medio por persona;2021M11;1.236
Aeropuerto;Acumulado en lo que va de año;Gasto medio por persona;2021M10;1.239
Aeropuerto;Acumulado en lo que va de año;Gasto medio por persona;2021M09;1.259
Aeropuerto;Acumulado en lo que va de año;Gasto medio por persona;2021M08;1.290
Aeropuerto;Acumulado en lo que va de año;Gasto medio por persona;2021M07;1.296
Aeropuerto;Acumulado en lo que va de año;Gasto medio por persona;2021M06;1.267
Aeropuerto;Acumulado en lo que va de año;Gasto medio por persona;2021M05;1.286
Aeropuerto;Acumulado en lo que va de año;Gasto medio por persona;2021M04;1.322
Aeropuerto;Acumulado en lo que va de año;Gasto medio por persona;2021M03;1.399
Aeropuerto;Acumulado en lo que va de año;Gasto medio por persona;2021M02;1.448
Aeropuerto;Acumulado en lo que va de año;Gasto medio por persona;2021M01;1.431
Aeropuerto;Acumulado en lo que va de año;Gasto medio por persona;2020M12;1.227
Aeropuerto;Acumulado en lo que va de año;Gasto medio por persona;2020M11;1.220
Aeropuerto;Acumulado en lo que va de año;Gasto medio por persona;2020M10;1.218
Aeropuerto;Acumulado en lo que va de año;Gasto medio por persona;2020M09;1.220
Aeropuerto;Acumulado en lo que va de año;Gasto medio por persona;2020M08;1.222
Aeropuerto;Acumulado en lo que va de año;Gasto medio por persona;2020M07;1.212
Aeropuerto;Acumulado en lo que va de año;Gasto medio por persona;2020M06;1.211
Aeropuerto;Acumulado en lo que va de año;Gasto medio por persona;2020M05;1.213
Aeropuerto;Acumulado en lo que va de año;Gasto medio por persona;2020M04;1.213
Aeropuerto;Acumulado en lo que va de año;Gasto medio por persona;2020M03;1.213
Aeropuerto;Acumulado en lo que va de año;Gasto medio por persona;2020M02;1.217
Aeropuerto;Acumulado en lo que va de año;Gasto medio por persona;2020M01;1.256
Aeropuerto;Acumulado en lo que va de año;Gasto medio por persona;2019M12;1.197
Aeropuerto;Acumulado en lo que va de año;Gasto medio por persona;2019M11;1.191
Aeropuerto;Acumulado en lo que va de año;Gasto medio por persona;2019M10;1.192
Aeropuerto;Acumulado en lo que va de año;Gasto medio por persona;2019M09;1.193
Aeropuerto;Acumulado en lo que va de año;Gasto medio por persona;2019M08;1.197
Aeropuerto;Acumulado en lo que va de año;Gasto medio por persona;2019M07;1.174
Aeropuerto;Acumulado en lo que va de año;Gasto medio por persona;2019M06;1.135
Aeropuerto;Acumulado en lo que va de año;Gasto medio por persona;2019M05;1.123
Aeropuerto;Acumulado en lo que va de año;Gasto medio por persona;2019M04;1.136
Aeropuerto;Acumulado en lo que va de año;Gasto medio por persona;2019M03;1.165
Aeropuerto;Acumulado en lo que va de año;Gasto medio por persona;2019M02;1.180
Aeropuerto;Acumulado en lo que va de año;Gasto medio por persona;2019M01;1.201
Aeropuerto;Acumulado en lo que va de año;Gasto medio por persona;2018M12;1.177
Aeropuerto;Acumulado en lo que va de año;Gasto medio por persona;2018M11;1.173
Aeropuerto;Acumulado en lo que va de año;Gasto medio por persona;2018M10;1.175
Aeropuerto;Acumulado en lo que va de año;Gasto medio por persona;2018M09;1.180
Aeropuerto;Acumulado en lo que va de año;Gasto medio por persona;2018M08;1.186
Aeropuerto;Acumulado en lo que va de año;Gasto medio por persona;2018M07;1.162
Aeropuerto;Acumulado en lo que va de año;Gasto medio por persona;2018M06;1.127
Aeropuerto;Acumulado en lo que va de año;Gasto medio por persona;2018M05;1.118
Aeropuerto;Acumulado en lo que va de año;Gasto medio por persona;2018M04;1.132
Aeropuerto;Acumulado en lo que va de año;Gasto medio por persona;2018M03;1.163
Aeropuerto;Acumulado en lo que va de año;Gasto medio por persona;2018M02;1.178
Aeropuerto;Acumulado en lo que va de año;Gasto medio por persona;2018M01;1.188
Aeropuerto;Acumulado en lo que va de año;Gasto medio por persona;2017M12;1.153
Aeropuerto;Acumulado en lo que va de año;Gasto medio por persona;2017M11;1.149
Aeropuerto;Acumulado en lo que va de año;Gasto medio por persona;2017M10;1.149
Aeropuerto;Acumulado en lo que va de año;Gasto medio por persona;2017M09;1.151
Aeropuerto;Acumulado en lo que va de año;Gasto medio por persona;2017M08;1.153
Aeropuerto;Acumulado en lo que va de año;Gasto medio por persona;2017M07;1.134
Aeropuerto;Acumulado en lo que va de año;Gasto medio por persona;2017M06;1.099
Aeropuerto;Acumulado en lo que va de año;Gasto medio por persona;2017M05;1.089
Aeropuerto;Acumulado en lo que va de año;Gasto medio por persona;2017M04;1.103
Aeropuerto;Acumulado en lo que va de año;Gasto medio por persona;2017M03;1.134
Aeropuerto;Acumulado en lo que va de año;Gasto medio por persona;2017M02;1.148
Aeropuerto;Acumulado en lo que va de año;Gasto medio por persona;2017M01;1.176
Aeropuerto;Acumulado en lo que va de año;Gasto medio por persona;2016M12;1.123
Aeropuerto;Acumulado en lo que va de año;Gasto medio por persona;2016M11;1.115
Aeropuerto;Acumulado en lo que va de año;Gasto medio por persona;2016M10;1.116
Aeropuerto;Acumulado en lo que va de año;Gasto medio por persona;2016M09;1.119
Aeropuerto;Acumulado en lo que va de año;Gasto medio por persona;2016M08;1.116
Aeropuerto;Acumulado en lo que va de año;Gasto medio por persona;2016M07;1.101
Aeropuerto;Acumulado en lo que va de año;Gasto medio por persona;2016M06;1.073
Aeropuerto;Acumulado en lo que va de año;Gasto medio por persona;2016M05;1.065
Aeropuerto;Acumulado en lo que va de año;Gasto medio por persona;2016M04;1.079
Aeropuerto;Acumulado en lo que va de año;Gasto medio por persona;2016M03;1.113
Aeropuerto;Acumulado en lo que va de año;Gasto medio por persona;2016M02;1.120
Aeropuerto;Acumulado en lo que va de año;Gasto medio por persona;2016M01;1.144
Aeropuerto;Acumulado en lo que va de año;Gasto medio por persona;2015M12;""
Aeropuerto;Acumulado en lo que va de año;Gasto medio por persona;2015M11;""
Aeropuerto;Acumulado en lo que va de año;Gasto medio por persona;2015M10;""
Aeropuerto;Acumulado en lo que va de año;Gasto medio diario por persona;2026M07;218
Aeropuerto;Acumulado en lo que va de año;Gasto medio diario por persona;2026M06;213
Aeropuerto;Acumulado en lo que va de año;Gasto medio diario por persona;2026M05;210
Aeropuerto;Acumulado en lo que va de año;Gasto medio diario por persona;2026M04;205
Aeropuerto;Acumulado en lo que va de año;Gasto medio diario por persona;2026M03;203
Aeropuerto;Acumulado en lo que va de año;Gasto medio diario por persona;2026M02;197
Aeropuerto;Acumulado en lo que va de año;Gasto medio diario por persona;2026M01;187
Aeropuerto;Acumulado en lo que va de año;Gasto medio diario por persona;2025M12;211
Aeropuerto;Acumulado en lo que va de año;Gasto medio diario por persona;2025M11;213
Aeropuerto;Acumulado en lo que va de año;Gasto medio diario por persona;2025M10;214
Aeropuerto;Acumulado en lo que va de año;Gasto medio diario por persona;2025M09;213
Aeropuerto;Acumulado en lo que va de año;Gasto medio diario por persona;2025M08;213
Aeropuerto;Acumulado en lo que va de año;Gasto medio diario por persona;2025M07;212
Aeropuerto;Acumulado en lo que va de año;Gasto medio diario por persona;2025M06;207
Aeropuerto;Acumulado en lo que va de año;Gasto medio diario por persona;2025M05;203
Aeropuerto;Acumulado en lo que va de año;Gasto medio diario por persona;2025M04;197
Aeropuerto;Acumulado en lo que va de año;Gasto medio diario por persona;2025M03;194
Aeropuerto;Acumulado en lo que va de año;Gasto medio diario por persona;2025M02;187
Aeropuerto;Acumulado en lo que va de año;Gasto medio diario por persona;2025M01;176
Aeropuerto;Acumulado en lo que va de año;Gasto medio diario por persona;2024M12;203
Aeropuerto;Acumulado en lo que va de año;Gasto medio diario por persona;2024M11;205
Aeropuerto;Acumulado en lo que va de año;Gasto medio diario por persona;2024M10;205
Aeropuerto;Acumulado en lo que va de año;Gasto medio diario por persona;2024M09;205
Aeropuerto;Acumulado en lo que va de año;Gasto medio diario por persona;2024M08;205
Aeropuerto;Acumulado en lo que va de año;Gasto medio diario por persona;2024M07;204
Aeropuerto;Acumulado en lo que va de año;Gasto medio diario por persona;2024M06;201
Aeropuerto;Acumulado en lo que va de año;Gasto medio diario por persona;2024M05;198
Aeropuerto;Acumulado en lo que va de año;Gasto medio diario por persona;2024M04;190
Aeropuerto;Acumulado en lo que va de año;Gasto medio diario por persona;2024M03;186
Aeropuerto;Acumulado en lo que va de año;Gasto medio diario por persona;2024M02;179
Aeropuerto;Acumulado en lo que va de año;Gasto medio diario por persona;2024M01;170
Aeropuerto;Acumulado en lo que va de año;Gasto medio diario por persona;2023M12;192
Aeropuerto;Acumulado en lo que va de año;Gasto medio diario por persona;2023M11;195
Aeropuerto;Acumulado en lo que va de año;Gasto medio diario por persona;2023M10;195
Aeropuerto;Acumulado en lo que va de año;Gasto medio diario por persona;2023M09;195
Aeropuerto;Acumulado en lo que va de año;Gasto medio diario por persona;2023M08;194
Aeropuerto;Acumulado en lo que va de año;Gasto medio diario por persona;2023M07;194
Aeropuerto;Acumulado en lo que va de año;Gasto medio diario por persona;2023M06;189
Aeropuerto;Acumulado en lo que va de año;Gasto medio diario por persona;2023M05;185
Aeropuerto;Acumulado en lo que va de año;Gasto medio diario por persona;2023M04;179
Aeropuerto;Acumulado en lo que va de año;Gasto medio diario por persona;2023M03;174
Aeropuerto;Acumulado en lo que va de año;Gasto medio diario por persona;2023M02;169
Aeropuerto;Acumulado en lo que va de año;Gasto medio diario por persona;2023M01;159
Aeropuerto;Acumulado en lo que va de año;Gasto medio diario por persona;2022M12;174
Aeropuerto;Acumulado en lo que va de año;Gasto medio diario por persona;2022M11;175
Aeropuerto;Acumulado en lo que va de año;Gasto medio diario por persona;2022M10;175
Aeropuerto;Acumulado en lo que va de año;Gasto medio diario por persona;2022M09;175
Aeropuerto;Acumulado en lo que va de año;Gasto medio diario por persona;2022M08;173
Aeropuerto;Acumulado en lo que va de año;Gasto medio diario por persona;2022M07;172
Aeropuerto;Acumulado en lo que va de año;Gasto medio diario por persona;2022M06;168
Aeropuerto;Acumulado en lo que va de año;Gasto medio diario por persona;2022M05;164
Aeropuerto;Acumulado en lo que va de año;Gasto medio diario por persona;2022M04;156
Aeropuerto;Acumulado en lo que va de año;Gasto medio diario por persona;2022M03;152
Aeropuerto;Acumulado en lo que va de año;Gasto medio diario por persona;2022M02;141
Aeropuerto;Acumulado en lo que va de año;Gasto medio diario por persona;2022M01;135
Aeropuerto;Acumulado en lo que va de año;Gasto medio diario por persona;2021M12;152
Aeropuerto;Acumulado en lo que va de año;Gasto medio diario por persona;2021M11;153
Aeropuerto;Acumulado en lo que va de año;Gasto medio diario por persona;2021M10;153
Aeropuerto;Acumulado en lo que va de año;Gasto medio diario por persona;2021M09;154
Aeropuerto;Acumulado en lo que va de año;Gasto medio diario por persona;2021M08;154
Aeropuerto;Acumulado en lo que va de año;Gasto medio diario por persona;2021M07;154
Aeropuerto;Acumulado en lo que va de año;Gasto medio diario por persona;2021M06;149
Aeropuerto;Acumulado en lo que va de año;Gasto medio diario por persona;2021M05;143
Aeropuerto;Acumulado en lo que va de año;Gasto medio diario por persona;2021M04;137
Aeropuerto;Acumulado en lo que va de año;Gasto medio diario por persona;2021M03;137
Aeropuerto;Acumulado en lo que va de año;Gasto medio diario por persona;2021M02;133
Aeropuerto;Acumulado en lo que va de año;Gasto medio diario por persona;2021M01;131
Aeropuerto;Acumulado en lo que va de año;Gasto medio diario por persona;2020M12;152
Aeropuerto;Acumulado en lo que va de año;Gasto medio diario por persona;2020M11;154
Aeropuerto;Acumulado en lo que va de año;Gasto medio diario por persona;2020M10;154
Aeropuerto;Acumulado en lo que va de año;Gasto medio diario por persona;2020M09;156
Aeropuerto;Acumulado en lo que va de año;Gasto medio diario por persona;2020M08;157
Aeropuerto;Acumulado en lo que va de año;Gasto medio diario por persona;2020M07;159
Aeropuerto;Acumulado en lo que va de año;Gasto medio diario por persona;2020M06;163
Aeropuerto;Acumulado en lo que va de año;Gasto medio diario por persona;2020M05;163
Aeropuerto;Acumulado en lo que va de año;Gasto medio diario por persona;2020M04;163
Aeropuerto;Acumulado en lo que va de año;Gasto medio diario por persona;2020M03;163
Aeropuerto;Acumulado en lo que va de año;Gasto medio diario por persona;2020M02;161
Aeropuerto;Acumulado en lo que va de año;Gasto medio diario por persona;2020M01;158
Aeropuerto;Acumulado en lo que va de año;Gasto medio diario por persona;2019M12;169
Aeropuerto;Acumulado en lo que va de año;Gasto medio diario por persona;2019M11;169
Aeropuerto;Acumulado en lo que va de año;Gasto medio diario por persona;2019M10;169
Aeropuerto;Acumulado en lo que va de año;Gasto medio diario por persona;2019M09;169
Aeropuerto;Acumulado en lo que va de año;Gasto medio diario por persona;2019M08;169
Aeropuerto;Acumulado en lo que va de año;Gasto medio diario por persona;2019M07;170
Aeropuerto;Acumulado en lo que va de año;Gasto medio diario por persona;2019M06;168
Aeropuerto;Acumulado en lo que va de año;Gasto medio diario por persona;2019M05;166
Aeropuerto;Acumulado en lo que va de año;Gasto medio diario por persona;2019M04;162
Aeropuerto;Acumulado en lo que va de año;Gasto medio diario por persona;2019M03;161
Aeropuerto;Acumulado en lo que va de año;Gasto medio diario por persona;2019M02;155
Aeropuerto;Acumulado en lo que va de año;Gasto medio diario por persona;2019M01;149
Aeropuerto;Acumulado en lo que va de año;Gasto medio diario por persona;2018M12;159
Aeropuerto;Acumulado en lo que va de año;Gasto medio diario por persona;2018M11;160
Aeropuerto;Acumulado en lo que va de año;Gasto medio diario por persona;2018M10;159
Aeropuerto;Acumulado en lo que va de año;Gasto medio diario por persona;2018M09;159
Aeropuerto;Acumulado en lo que va de año;Gasto medio diario por persona;2018M08;159
Aeropuerto;Acumulado en lo que va de año;Gasto medio diario por persona;2018M07;159
Aeropuerto;Acumulado en lo que va de año;Gasto medio diario por persona;2018M06;158
Aeropuerto;Acumulado en lo que va de año;Gasto medio diario por persona;2018M05;156
Aeropuerto;Acumulado en lo que va de año;Gasto medio diario por persona;2018M04;153
Aeropuerto;Acumulado en lo que va de año;Gasto medio diario por persona;2018M03;150
Aeropuerto;Acumulado en lo que va de año;Gasto medio diario por persona;2018M02;147
Aeropuerto;Acumulado en lo que va de año;Gasto medio diario por persona;2018M01;142
Aeropuerto;Acumulado en lo que va de año;Gasto medio diario por persona;2017M12;151
Aeropuerto;Acumulado en lo que va de año;Gasto medio diario por persona;2017M11;151
Aeropuerto;Acumulado en lo que va de año;Gasto medio diario por persona;2017M10;151
Aeropuerto;Acumulado en lo que va de año;Gasto medio diario por persona;2017M09;151
Aeropuerto;Acumulado en lo que va de año;Gasto medio diario por persona;2017M08;150
Aeropuerto;Acumulado en lo que va de año;Gasto medio diario por persona;2017M07;152
Aeropuerto;Acumulado en lo que va de año;Gasto medio diario por persona;2017M06;152
Aeropuerto;Acumulado en lo que va de año;Gasto medio diario por persona;2017M05;152
Aeropuerto;Acumulado en lo que va de año;Gasto medio diario por persona;2017M04;149
Aeropuerto;Acumulado en lo que va de año;Gasto medio diario por persona;2017M03;148
Aeropuerto;Acumulado en lo que va de año;Gasto medio diario por persona;2017M02;142
Aeropuerto;Acumulado en lo que va de año;Gasto medio diario por persona;2017M01;139
Aeropuerto;Acumulado en lo que va de año;Gasto medio diario por persona;2016M12;144
Aeropuerto;Acumulado en lo que va de año;Gasto medio diario por persona;2016M11;144
Aeropuerto;Acumulado en lo que va de año;Gasto medio diario por persona;2016M10;144
Aeropuerto;Acumulado en lo que va de año;Gasto medio diario por persona;2016M09;143
Aeropuerto;Acumulado en lo que va de año;Gasto medio diario por persona;2016M08;142
Aeropuerto;Acumulado en lo que va de año;Gasto medio diario por persona;2016M07;145
Aeropuerto;Acumulado en lo que va de año;Gasto medio diario por persona;2016M06;144
Aeropuerto;Acumulado en lo que va de año;Gasto medio diario por persona;2016M05;144
Aeropuerto;Acumulado en lo que va de año;Gasto medio diario por persona;2016M04;140
Aeropuerto;Acumulado en lo que va de año;Gasto medio diario por persona;2016M03;138
Aeropuerto;Acumulado en lo que va de año;Gasto medio diario por persona;2016M02;136
Aeropuerto;Acumulado en lo que va de año;Gasto medio diario por persona;2016M01;131
Aeropuerto;Acumulado en lo que va de año;Gasto medio diario por persona;2015M12;""
Aeropuerto;Acumulado en lo que va de año;Gasto medio diario por persona;2015M11;""
Aeropuerto;Acumulado en lo que va de año;Gasto medio diario por persona;2015M10;""
Aeropuerto;Acumulado en lo que va de año;Duración media de los viajes;2026M07;6,93
Aeropuerto;Acumulado en lo que va de año;Duración media de los viajes;2026M06;6,87
Aeropuerto;Acumulado en lo que va de año;Duración media de los viajes;2026M05;6,95
Aeropuerto;Acumulado en lo que va de año;Duración media de los viajes;2026M04;7,21
Aeropuerto;Acumulado en lo que va de año;Duración media de los viajes;2026M03;7,50
Aeropuerto;Acumulado en lo que va de año;Duración media de los viajes;2026M02;7,82
Aeropuerto;Acumulado en lo que va de año;Duración media de los viajes;2026M01;8,68
Aeropuerto;Acumulado en lo que va de año;Duración media de los viajes;2025M12;7,13
Aeropuerto;Acumulado en lo que va de año;Duración media de los viajes;2025M11;7,00
Aeropuerto;Acumulado en lo que va de año;Duración media de los viajes;2025M10;6,97
Aeropuerto;Acumulado en lo que va de año;Duración media de los viajes;2025M09;7,00
Aeropuerto;Acumulado en lo que va de año;Duración media de los viajes;2025M08;7,05
Aeropuerto;Acumulado en lo que va de año;Duración media de los viajes;2025M07;6,95
Aeropuerto;Acumulado en lo que va de año;Duración media de los viajes;2025M06;6,92
Aeropuerto;Acumulado en lo que va de año;Duración media de los viajes;2025M05;7,01
Aeropuerto;Acumulado en lo que va de año;Duración media de los viajes;2025M04;7,34
Aeropuerto;Acumulado en lo que va de año;Duración media de los viajes;2025M03;7,61
Aeropuerto;Acumulado en lo que va de año;Duración media de los viajes;2025M02;7,91
Aeropuerto;Acumulado en lo que va de año;Duración media de los viajes;2025M01;8,66
Aeropuerto;Acumulado en lo que va de año;Duración media de los viajes;2024M12;7,20
Aeropuerto;Acumulado en lo que va de año;Duración media de los viajes;2024M11;7,08
Aeropuerto;Acumulado en lo que va de año;Duración media de los viajes;2024M10;7,05
Aeropuerto;Acumulado en lo que va de año;Duración media de los viajes;2024M09;7,07
Aeropuerto;Acumulado en lo que va de año;Duración media de los viajes;2024M08;7,13
Aeropuerto;Acumulado en lo que va de año;Duración media de los viajes;2024M07;7,05
Aeropuerto;Acumulado en lo que va de año;Duración media de los viajes;2024M06;7,01
Aeropuerto;Acumulado en lo que va de año;Duración media de los viajes;2024M05;7,07
Aeropuerto;Acumulado en lo que va de año;Duración media de los viajes;2024M04;7,44
Aeropuerto;Acumulado en lo que va de año;Duración media de los viajes;2024M03;7,90
Aeropuerto;Acumulado en lo que va de año;Duración media de los viajes;2024M02;8,20
Aeropuerto;Acumulado en lo que va de año;Duración media de los viajes;2024M01;8,69
Aeropuerto;Acumulado en lo que va de año;Duración media de los viajes;2023M12;7,20
Aeropuerto;Acumulado en lo que va de año;Duración media de los viajes;2023M11;7,05
Aeropuerto;Acumulado en lo que va de año;Duración media de los viajes;2023M10;7,03
Aeropuerto;Acumulado en lo que va de año;Duración media de los viajes;2023M09;7,07
Aeropuerto;Acumulado en lo que va de año;Duración media de los viajes;2023M08;7,12
Aeropuerto;Acumulado en lo que va de año;Duración media de los viajes;2023M07;6,99
Aeropuerto;Acumulado en lo que va de año;Duración media de los viajes;2023M06;6,97
Aeropuerto;Acumulado en lo que va de año;Duración media de los viajes;2023M05;7,06
Aeropuerto;Acumulado en lo que va de año;Duración media de los viajes;2023M04;7,41
Aeropuerto;Acumulado en lo que va de año;Duración media de los viajes;2023M03;7,78
Aeropuerto;Acumulado en lo que va de año;Duración media de los viajes;2023M02;8,03
Aeropuerto;Acumulado en lo que va de año;Duración media de los viajes;2023M01;8,55
Aeropuerto;Acumulado en lo que va de año;Duración media de los viajes;2022M12;7,50
Aeropuerto;Acumulado en lo que va de año;Duración media de los viajes;2022M11;7,42
Aeropuerto;Acumulado en lo que va de año;Duración media de los viajes;2022M10;7,42
Aeropuerto;Acumulado en lo que va de año;Duración media de los viajes;2022M09;7,49
Aeropuerto;Acumulado en lo que va de año;Duración media de los viajes;2022M08;7,61
Aeropuerto;Acumulado en lo que va de año;Duración media de los viajes;2022M07;7,58
Aeropuerto;Acumulado en lo que va de año;Duración media de los viajes;2022M06;7,50
Aeropuerto;Acumulado en lo que va de año;Duración media de los viajes;2022M05;7,68
Aeropuerto;Acumulado en lo que va de año;Duración media de los viajes;2022M04;8,17
Aeropuerto;Acumulado en lo que va de año;Duración media de los viajes;2022M03;8,66
Aeropuerto;Acumulado en lo que va de año;Duración media de los viajes;2022M02;9,26
Aeropuerto;Acumulado en lo que va de año;Duración media de los viajes;2022M01;9,84
Aeropuerto;Acumulado en lo que va de año;Duración media de los viajes;2021M12;8,24
Aeropuerto;Acumulado en lo que va de año;Duración media de los viajes;2021M11;8,07
Aeropuerto;Acumulado en lo que va de año;Duración media de los viajes;2021M10;8,10
Aeropuerto;Acumulado en lo que va de año;Duración media de los viajes;2021M09;8,19
Aeropuerto;Acumulado en lo que va de año;Duración media de los viajes;2021M08;8,37
Aeropuerto;Acumulado en lo que va de año;Duración media de los viajes;2021M07;8,39
Aeropuerto;Acumulado en lo que va de año;Duración media de los viajes;2021M06;8,53
Aeropuerto;Acumulado en lo que va de año;Duración media de los viajes;2021M05;8,99
Aeropuerto;Acumulado en lo que va de año;Duración media de los viajes;2021M04;9,62
Aeropuerto;Acumulado en lo que va de año;Duración media de los viajes;2021M03;10,19
Aeropuerto;Acumulado en lo que va de año;Duración media de los viajes;2021M02;10,92
Aeropuerto;Acumulado en lo que va de año;Duración media de los viajes;2021M01;10,89
Aeropuerto;Acumulado en lo que va de año;Duración media de los viajes;2020M12;8,06
Aeropuerto;Acumulado en lo que va de año;Duración media de los viajes;2020M11;7,93
Aeropuerto;Acumulado en lo que va de año;Duración media de los viajes;2020M10;7,90
Aeropuerto;Acumulado en lo que va de año;Duración media de los viajes;2020M09;7,83
Aeropuerto;Acumulado en lo que va de año;Duración media de los viajes;2020M08;7,78
Aeropuerto;Acumulado en lo que va de año;Duración media de los viajes;2020M07;7,61
Aeropuerto;Acumulado en lo que va de año;Duración media de los viajes;2020M06;7,45
Aeropuerto;Acumulado en lo que va de año;Duración media de los viajes;2020M05;7,46
Aeropuerto;Acumulado en lo que va de año;Duración media de los viajes;2020M04;7,46
Aeropuerto;Acumulado en lo que va de año;Duración media de los viajes;2020M03;7,46
Aeropuerto;Acumulado en lo que va de año;Duración media de los viajes;2020M02;7,56
Aeropuerto;Acumulado en lo que va de año;Duración media de los viajes;2020M01;7,97
Aeropuerto;Acumulado en lo que va de año;Duración media de los viajes;2019M12;7,08
Aeropuerto;Acumulado en lo que va de año;Duración media de los viajes;2019M11;7,03
Aeropuerto;Acumulado en lo que va de año;Duración media de los viajes;2019M10;7,05
Aeropuerto;Acumulado en lo que va de año;Duración media de los viajes;2019M09;7,07
Aeropuerto;Acumulado en lo que va de año;Duración media de los viajes;2019M08;7,08
Aeropuerto;Acumulado en lo que va de año;Duración media de los viajes;2019M07;6,92
Aeropuerto;Acumulado en lo que va de año;Duración media de los viajes;2019M06;6,76
Aeropuerto;Acumulado en lo que va de año;Duración media de los viajes;2019M05;6,76
Aeropuerto;Acumulado en lo que va de año;Duración media de los viajes;2019M04;6,99
Aeropuerto;Acumulado en lo que va de año;Duración media de los viajes;2019M03;7,23
Aeropuerto;Acumulado en lo que va de año;Duración media de los viajes;2019M02;7,59
Aeropuerto;Acumulado en lo que va de año;Duración media de los viajes;2019M01;8,08
Aeropuerto;Acumulado en lo que va de año;Duración media de los viajes;2018M12;7,39
Aeropuerto;Acumulado en lo que va de año;Duración media de los viajes;2018M11;7,33
Aeropuerto;Acumulado en lo que va de año;Duración media de los viajes;2018M10;7,37
Aeropuerto;Acumulado en lo que va de año;Duración media de los viajes;2018M09;7,40
Aeropuerto;Acumulado en lo que va de año;Duración media de los viajes;2018M08;7,45
Aeropuerto;Acumulado en lo que va de año;Duración media de los viajes;2018M07;7,29
Aeropuerto;Acumulado en lo que va de año;Duración media de los viajes;2018M06;7,16
Aeropuerto;Acumulado en lo que va de año;Duración media de los viajes;2018M05;7,19
Aeropuerto;Acumulado en lo que va de año;Duración media de los viajes;2018M04;7,40
Aeropuerto;Acumulado en lo que va de año;Duración media de los viajes;2018M03;7,73
Aeropuerto;Acumulado en lo que va de año;Duración media de los viajes;2018M02;8,04
Aeropuerto;Acumulado en lo que va de año;Duración media de los viajes;2018M01;8,35
Aeropuerto;Acumulado en lo que va de año;Duración media de los viajes;2017M12;7,64
Aeropuerto;Acumulado en lo que va de año;Duración media de los viajes;2017M11;7,58
Aeropuerto;Acumulado en lo que va de año;Duración media de los viajes;2017M10;7,59
Aeropuerto;Acumulado en lo que va de año;Duración media de los viajes;2017M09;7,63
Aeropuerto;Acumulado en lo que va de año;Duración media de los viajes;2017M08;7,67
Aeropuerto;Acumulado en lo que va de año;Duración media de los viajes;2017M07;7,45
Aeropuerto;Acumulado en lo que va de año;Duración media de los viajes;2017M06;7,24
Aeropuerto;Acumulado en lo que va de año;Duración media de los viajes;2017M05;7,19
Aeropuerto;Acumulado en lo que va de año;Duración media de los viajes;2017M04;7,38
Aeropuerto;Acumulado en lo que va de año;Duración media de los viajes;2017M03;7,66
Aeropuerto;Acumulado en lo que va de año;Duración media de los viajes;2017M02;8,08
Aeropuerto;Acumulado en lo que va de año;Duración media de los viajes;2017M01;8,45
Aeropuerto;Acumulado en lo que va de año;Duración media de los viajes;2016M12;7,81
Aeropuerto;Acumulado en lo que va de año;Duración media de los viajes;2016M11;7,73
Aeropuerto;Acumulado en lo que va de año;Duración media de los viajes;2016M10;7,76
Aeropuerto;Acumulado en lo que va de año;Duración media de los viajes;2016M09;7,82
Aeropuerto;Acumulado en lo que va de año;Duración media de los viajes;2016M08;7,83
Aeropuerto;Acumulado en lo que va de año;Duración media de los viajes;2016M07;7,60
Aeropuerto;Acumulado en lo que va de año;Duración media de los viajes;2016M06;7,45
Aeropuerto;Acumulado en lo que va de año;Duración media de los viajes;2016M05;7,42
Aeropuerto;Acumulado en lo que va de año;Duración media de los viajes;2016M04;7,73
Aeropuerto;Acumulado en lo que va de año;Duración media de los viajes;2016M03;8,05
Aeropuerto;Acumulado en lo que va de año;Duración media de los viajes;2016M02;8,24
Aeropuerto;Acumulado en lo que va de año;Duración media de los viajes;2016M01;8,72
Aeropuerto;Acumulado en lo que va de año;Duración media de los viajes;2015M12;""
Aeropuerto;Acumulado en lo que va de año;Duración media de los viajes;2015M11;""
Aeropuerto;Acumulado en lo que va de año;Duración media de los viajes;2015M10;""
Aeropuerto;Tasa de variación acumulada;Gasto total;2026M07;7,28
Aeropuerto;Tasa de variación acumulada;Gasto total;2026M06;6,57
Aeropuerto;Tasa de variación acumulada;Gasto total;2026M05;7,53
Aeropuerto;Tasa de variación acumulada;Gasto total;2026M04;7,01
Aeropuerto;Tasa de variación acumulada;Gasto total;2026M03;6,84
Aeropuerto;Tasa de variación acumulada;Gasto total;2026M02;7,46
Aeropuerto;Tasa de variación acumulada;Gasto total;2026M01;10,90
Aeropuerto;Tasa de variación acumulada;Gasto total;2025M12;7,54
Aeropuerto;Tasa de variación acumulada;Gasto total;2025M11;7,59
Aeropuerto;Tasa de variación acumulada;Gasto total;2025M10;7,72
Aeropuerto;Tasa de variación acumulada;Gasto total;2025M09;7,83
Aeropuerto;Tasa de variación acumulada;Gasto total;2025M08;7,83
Aeropuerto;Tasa de variación acumulada;Gasto total;2025M07;7,63
Aeropuerto;Tasa de variación acumulada;Gasto total;2025M06;7,55
Aeropuerto;Tasa de variación acumulada;Gasto total;2025M05;8,31
Aeropuerto;Tasa de variación acumulada;Gasto total;2025M04;9,26
Aeropuerto;Tasa de variación acumulada;Gasto total;2025M03;7,25
Aeropuerto;Tasa de variación acumulada;Gasto total;2025M02;8,01
Aeropuerto;Tasa de variación acumulada;Gasto total;2025M01;8,55
Aeropuerto;Tasa de variación acumulada;Gasto total;2024M12;16,88
Aeropuerto;Tasa de variación acumulada;Gasto total;2024M11;17,41
Aeropuerto;Tasa de variación acumulada;Gasto total;2024M10;17,52
Aeropuerto;Tasa de variación acumulada;Gasto total;2024M09;17,78
Aeropuerto;Tasa de variación acumulada;Gasto total;2024M08;18,77
Aeropuerto;Tasa de variación acumulada;Gasto total;2024M07;19,62
Aeropuerto;Tasa de variación acumulada;Gasto total;2024M06;21,60
Aeropuerto;Tasa de variación acumulada;Gasto total;2024M05;22,59
Aeropuerto;Tasa de variación acumulada;Gasto total;2024M04;22,86
Aeropuerto;Tasa de variación acumulada;Gasto total;2024M03;27,43
Aeropuerto;Tasa de variación acumulada;Gasto total;2024M02;26,10
Aeropuerto;Tasa de variación acumulada;Gasto total;2024M01;25,31
Aeropuerto;Tasa de variación acumulada;Gasto total;2023M12;24,32
Aeropuerto;Tasa de variación acumulada;Gasto total;2023M11;23,65
Aeropuerto;Tasa de variación acumulada;Gasto total;2023M10;23,70
Aeropuerto;Tasa de variación acumulada;Gasto total;2023M09;23,67
Aeropuerto;Tasa de variación acumulada;Gasto total;2023M08;23,72
Aeropuerto;Tasa de variación acumulada;Gasto total;2023M07;24,58
Aeropuerto;Tasa de variación acumulada;Gasto total;2023M06;27,37
Aeropuerto;Tasa de variación acumulada;Gasto total;2023M05;30,89
Aeropuerto;Tasa de variación acumulada;Gasto total;2023M04;36,79
Aeropuerto;Tasa de variación acumulada;Gasto total;2023M03;46,35
Aeropuerto;Tasa de variación acumulada;Gasto total;2023M02;59,12
Aeropuerto;Tasa de variación acumulada;Gasto total;2023M01;75,79
Aeropuerto;Tasa de variación acumulada;Gasto total;2022M12;154,13
Aeropuerto;Tasa de variación acumulada;Gasto total;2022M11;166,67
Aeropuerto;Tasa de variación acumulada;Gasto total;2022M10;184,04
Aeropuerto;Tasa de variación acumulada;Gasto total;2022M09;220,32
Aeropuerto;Tasa de variación acumulada;Gasto total;2022M08;262,64
Aeropuerto;Tasa de variación acumulada;Gasto total;2022M07;352,40
Aeropuerto;Tasa de variación acumulada;Gasto total;2022M06;553,09
Aeropuerto;Tasa de variación acumulada;Gasto total;2022M05;754,27
Aeropuerto;Tasa de variación acumulada;Gasto total;2022M04;933,55
Aeropuerto;Tasa de variación acumulada;Gasto total;2022M03;902,68
Aeropuerto;Tasa de variación acumulada;Gasto total;2022M02;865,52
Aeropuerto;Tasa de variación acumulada;Gasto total;2022M01;653,85
Aeropuerto;Tasa de variación acumulada;Gasto total;2021M12;82,00
Aeropuerto;Tasa de variación acumulada;Gasto total;2021M11;69,04
Aeropuerto;Tasa de variación acumulada;Gasto total;2021M10;52,01
Aeropuerto;Tasa de variación acumulada;Gasto total;2021M09;24,97
Aeropuerto;Tasa de variación acumulada;Gasto total;2021M08;-0,05
Aeropuerto;Tasa de variación acumulada;Gasto total;2021M07;-24,91
Aeropuerto;Tasa de variación acumulada;Gasto total;2021M06;-53,21
Aeropuerto;Tasa de variación acumulada;Gasto total;2021M05;-73,07
Aeropuerto;Tasa de variación acumulada;Gasto total;2021M04;-84,47
Aeropuerto;Tasa de variación acumulada;Gasto total;2021M03;-89,92
Aeropuerto;Tasa de variación acumulada;Gasto total;2021M02;-92,77
Aeropuerto;Tasa de variación acumulada;Gasto total;2021M01;-91,65
Aeropuerto;Tasa de variación acumulada;Gasto total;2020M12;-79,62
Aeropuerto;Tasa de variación acumulada;Gasto total;2020M11;-79,18
Aeropuerto;Tasa de variación acumulada;Gasto total;2020M10;-78,44
Aeropuerto;Tasa de variación acumulada;Gasto total;2020M09;-76,90
Aeropuerto;Tasa de variación acumulada;Gasto total;2020M08;-74,60
Aeropuerto;Tasa de variación acumulada;Gasto total;2020M07;-73,08
Aeropuerto;Tasa de variación acumulada;Gasto total;2020M06;-70,67
Aeropuerto;Tasa de variación acumulada;Gasto total;2020M05;-61,49
Aeropuerto;Tasa de variación acumulada;Gasto total;2020M04;-47,50
Aeropuerto;Tasa de variación acumulada;Gasto total;2020M03;-23,61
Aeropuerto;Tasa de variación acumulada;Gasto total;2020M02;2,18
Aeropuerto;Tasa de variación acumulada;Gasto total;2020M01;1,44
Aeropuerto;Tasa de variación acumulada;Gasto total;2019M12;3,37
Aeropuerto;Tasa de variación acumulada;Gasto total;2019M11;3,58
Aeropuerto;Tasa de variación acumulada;Gasto total;2019M10;3,45
Aeropuerto;Tasa de variación acumulada;Gasto total;2019M09;3,38
Aeropuerto;Tasa de variación acumulada;Gasto total;2019M08;3,45
Aeropuerto;Tasa de variación acumulada;Gasto total;2019M07;3,80
Aeropuerto;Tasa de variación acumulada;Gasto total;2019M06;4,46
Aeropuerto;Tasa de variación acumulada;Gasto total;2019M05;4,23
Aeropuerto;Tasa de variación acumulada;Gasto total;2019M04;5,17
Aeropuerto;Tasa de variación acumulada;Gasto total;2019M03;3,89
Aeropuerto;Tasa de variación acumulada;Gasto total;2019M02;3,14
Aeropuerto;Tasa de variación acumulada;Gasto total;2019M01;3,36
Aeropuerto;Tasa de variación acumulada;Gasto total;2018M12;3,45
Aeropuerto;Tasa de variación acumulada;Gasto total;2018M11;2,95
Aeropuerto;Tasa de variación acumulada;Gasto total;2018M10;2,73
Aeropuerto;Tasa de variación acumulada;Gasto total;2018M09;2,46
Aeropuerto;Tasa de variación acumulada;Gasto total;2018M08;2,82
Aeropuerto;Tasa de variación acumulada;Gasto total;2018M07;3,08
Aeropuerto;Tasa de variación acumulada;Gasto total;2018M06;4,19
Aeropuerto;Tasa de variación acumulada;Gasto total;2018M05;4,53
Aeropuerto;Tasa de variación acumulada;Gasto total;2018M04;4,91
Aeropuerto;Tasa de variación acumulada;Gasto total;2018M03;8,38
Aeropuerto;Tasa de variación acumulada;Gasto total;2018M02;6,19
Aeropuerto;Tasa de variación acumulada;Gasto total;2018M01;6,45
Aeropuerto;Tasa de variación acumulada;Gasto total;2017M12;13,44
Aeropuerto;Tasa de variación acumulada;Gasto total;2017M11;14,30
Aeropuerto;Tasa de variación acumulada;Gasto total;2017M10;14,50
Aeropuerto;Tasa de variación acumulada;Gasto total;2017M09;15,32
Aeropuerto;Tasa de variación acumulada;Gasto total;2017M08;15,66
Aeropuerto;Tasa de variación acumulada;Gasto total;2017M07;15,78
Aeropuerto;Tasa de variación acumulada;Gasto total;2017M06;15,33
Aeropuerto;Tasa de variación acumulada;Gasto total;2017M05;15,51
Aeropuerto;Tasa de variación acumulada;Gasto total;2017M04;15,92
Aeropuerto;Tasa de variación acumulada;Gasto total;2017M03;13,80
Aeropuerto;Tasa de variación acumulada;Gasto total;2017M02;16,97
Aeropuerto;Tasa de variación acumulada;Gasto total;2017M01;17,21
Aeropuerto;Tasa de variación acumulada;Gasto total;2016M12;10,32
Aeropuerto;Tasa de variación acumulada;Gasto total;2016M11;9,69
Aeropuerto;Tasa de variación acumulada;Gasto total;2016M10;9,83
Aeropuerto;Tasa de variación acumulada;Gasto total;2016M09;8,99
Aeropuerto;Tasa de variación acumulada;Gasto total;2016M08;8,46
Aeropuerto;Tasa de variación acumulada;Gasto total;2016M07;9,48
Aeropuerto;Tasa de variación acumulada;Gasto total;2016M06;9,10
Aeropuerto;Tasa de variación acumulada;Gasto total;2016M05;7,16
Aeropuerto;Tasa de variación acumulada;Gasto total;2016M04;6,58
Aeropuerto;Tasa de variación acumulada;Gasto total;2016M03;7,69
Aeropuerto;Tasa de variación acumulada;Gasto total;2016M02;5,39
Aeropuerto;Tasa de variación acumulada;Gasto total;2016M01;3,30
Aeropuerto;Tasa de variación acumulada;Gasto total;2015M12;""
Aeropuerto;Tasa de variación acumulada;Gasto total;2015M11;""
Aeropuerto;Tasa de variación acumulada;Gasto total;2015M10;""
Aeropuerto;Tasa de variación acumulada;Gasto medio por persona;2026M07;2,69
Aeropuerto;Tasa de variación acumulada;Gasto medio por persona;2026M06;2,12
Aeropuerto;Tasa de variación acumulada;Gasto medio por persona;2026M05;2,17
Aeropuerto;Tasa de variación acumulada;Gasto medio por persona;2026M04;2,36
Aeropuerto;Tasa de variación acumulada;Gasto medio por persona;2026M03;3,29
Aeropuerto;Tasa de variación acumulada;Gasto medio por persona;2026M02;4,13
Aeropuerto;Tasa de variación acumulada;Gasto medio por persona;2026M01;6,11
Aeropuerto;Tasa de variación acumulada;Gasto medio por persona;2025M12;2,94
Aeropuerto;Tasa de variación acumulada;Gasto medio por persona;2025M11;2,83
Aeropuerto;Tasa de variación acumulada;Gasto medio por persona;2025M10;2,93
Aeropuerto;Tasa de variación acumulada;Gasto medio por persona;2025M09;2,97
Aeropuerto;Tasa de variación acumulada;Gasto medio por persona;2025M08;2,72
Aeropuerto;Tasa de variación acumulada;Gasto medio por persona;2025M07;2,52
Aeropuerto;Tasa de variación acumulada;Gasto medio por persona;2025M06;2,04
Aeropuerto;Tasa de variación acumulada;Gasto medio por persona;2025M05;1,90
Aeropuerto;Tasa de variación acumulada;Gasto medio por persona;2025M04;1,75
Aeropuerto;Tasa de variación acumulada;Gasto medio por persona;2025M03;0,63
Aeropuerto;Tasa de variación acumulada;Gasto medio por persona;2025M02;0,85
Aeropuerto;Tasa de variación acumulada;Gasto medio por persona;2025M01;3,25
Aeropuerto;Tasa de variación acumulada;Gasto medio por persona;2024M12;5,43
Aeropuerto;Tasa de variación acumulada;Gasto medio por persona;2024M11;5,56
Aeropuerto;Tasa de variación acumulada;Gasto medio por persona;2024M10;5,50
Aeropuerto;Tasa de variación acumulada;Gasto medio por persona;2024M09;5,34
Aeropuerto;Tasa de variación acumulada;Gasto medio por persona;2024M08;5,80
Aeropuerto;Tasa de variación acumulada;Gasto medio por persona;2024M07;5,86
Aeropuerto;Tasa de variación acumulada;Gasto medio por persona;2024M06;6,41
Aeropuerto;Tasa de variación acumulada;Gasto medio por persona;2024M05;7,10
Aeropuerto;Tasa de variación acumulada;Gasto medio por persona;2024M04;7,04
Aeropuerto;Tasa de variación acumulada;Gasto medio por persona;2024M03;8,30
Aeropuerto;Tasa de variación acumulada;Gasto medio por persona;2024M02;8,27
Aeropuerto;Tasa de variación acumulada;Gasto medio por persona;2024M01;9,10
Aeropuerto;Tasa de variación acumulada;Gasto medio por persona;2023M12;5,99
Aeropuerto;Tasa de variación acumulada;Gasto medio por persona;2023M11;5,73
Aeropuerto;Tasa de variación acumulada;Gasto medio por persona;2023M10;5,80
Aeropuerto;Tasa de variación acumulada;Gasto medio por persona;2023M09;5,40
Aeropuerto;Tasa de variación acumulada;Gasto medio por persona;2023M08;4,70
Aeropuerto;Tasa de variación acumulada;Gasto medio por persona;2023M07;4,27
Aeropuerto;Tasa de variación acumulada;Gasto medio por persona;2023M06;4,52
Aeropuerto;Tasa de variación acumulada;Gasto medio por persona;2023M05;3,92
Aeropuerto;Tasa de variación acumulada;Gasto medio por persona;2023M04;3,89
Aeropuerto;Tasa de variación acumulada;Gasto medio por persona;2023M03;2,93
Aeropuerto;Tasa de variación acumulada;Gasto medio por persona;2023M02;3,61
Aeropuerto;Tasa de variación acumulada;Gasto medio por persona;2023M01;1,77
Aeropuerto;Tasa de variación acumulada;Gasto medio por persona;2022M12;4,69
Aeropuerto;Tasa de variación acumulada;Gasto medio por persona;2022M11;5,21
Aeropuerto;Tasa de variación acumulada;Gasto medio por persona;2022M10;4,76
Aeropuerto;Tasa de variación acumulada;Gasto medio por persona;2022M09;3,88
Aeropuerto;Tasa de variación acumulada;Gasto medio por persona;2022M08;2,06
Aeropuerto;Tasa de variación acumulada;Gasto medio por persona;2022M07;0,46
Aeropuerto;Tasa de variación acumulada;Gasto medio por persona;2022M06;-0,29
Aeropuerto;Tasa de variación acumulada;Gasto medio por persona;2022M05;-2,20
Aeropuerto;Tasa de variación acumulada;Gasto medio por persona;2022M04;-3,64
Aeropuerto;Tasa de variación acumulada;Gasto medio por persona;2022M03;-5,99
Aeropuerto;Tasa de variación acumulada;Gasto medio por persona;2022M02;-9,82
Aeropuerto;Tasa de variación acumulada;Gasto medio por persona;2022M01;-6,85
Aeropuerto;Tasa de variación acumulada;Gasto medio por persona;2021M12;1,74
Aeropuerto;Tasa de variación acumulada;Gasto medio por persona;2021M11;1,31
Aeropuerto;Tasa de variación acumulada;Gasto medio por persona;2021M10;1,71
Aeropuerto;Tasa de variación acumulada;Gasto medio por persona;2021M09;3,14
Aeropuerto;Tasa de variación acumulada;Gasto medio por persona;2021M08;5,56
Aeropuerto;Tasa de variación acumulada;Gasto medio por persona;2021M07;6,91
Aeropuerto;Tasa de variación acumulada;Gasto medio por persona;2021M06;4,60
Aeropuerto;Tasa de variación acumulada;Gasto medio por persona;2021M05;6,04
Aeropuerto;Tasa de variación acumulada;Gasto medio por persona;2021M04;9,01
Aeropuerto;Tasa de variación acumulada;Gasto medio por persona;2021M03;15,33
Aeropuerto;Tasa de variación acumulada;Gasto medio por persona;2021M02;19,04
Aeropuerto;Tasa de variación acumulada;Gasto medio por persona;2021M01;13,87
Aeropuerto;Tasa de variación acumulada;Gasto medio por persona;2020M12;2,50
Aeropuerto;Tasa de variación acumulada;Gasto medio por persona;2020M11;2,40
Aeropuerto;Tasa de variación acumulada;Gasto medio por persona;2020M10;2,22
Aeropuerto;Tasa de variación acumulada;Gasto medio por persona;2020M09;2,29
Aeropuerto;Tasa de variación acumulada;Gasto medio por persona;2020M08;2,11
Aeropuerto;Tasa de variación acumulada;Gasto medio por persona;2020M07;3,22
Aeropuerto;Tasa de variación acumulada;Gasto medio por persona;2020M06;6,68
Aeropuerto;Tasa de variación acumulada;Gasto medio por persona;2020M05;7,99
Aeropuerto;Tasa de variación acumulada;Gasto medio por persona;2020M04;6,77
Aeropuerto;Tasa de variación acumulada;Gasto medio por persona;2020M03;4,11
Aeropuerto;Tasa de variación acumulada;Gasto medio por persona;2020M02;3,12
Aeropuerto;Tasa de variación acumulada;Gasto medio por persona;2020M01;4,58
Aeropuerto;Tasa de variación acumulada;Gasto medio por persona;2019M12;1,65
Aeropuerto;Tasa de variación acumulada;Gasto medio por persona;2019M11;1,58
Aeropuerto;Tasa de variación acumulada;Gasto medio por persona;2019M10;1,46
Aeropuerto;Tasa de variación acumulada;Gasto medio por persona;2019M09;1,12
Aeropuerto;Tasa de variación acumulada;Gasto medio por persona;2019M08;0,95
Aeropuerto;Tasa de variación acumulada;Gasto medio por persona;2019M07;1,04
Aeropuerto;Tasa de variación acumulada;Gasto medio por persona;2019M06;0,69
Aeropuerto;Tasa de variación acumulada;Gasto medio por persona;2019M05;0,45
Aeropuerto;Tasa de variación acumulada;Gasto medio por persona;2019M04;0,32
Aeropuerto;Tasa de variación acumulada;Gasto medio por persona;2019M03;0,20
Aeropuerto;Tasa de variación acumulada;Gasto medio por persona;2019M02;0,13
Aeropuerto;Tasa de variación acumulada;Gasto medio por persona;2019M01;1,14
Aeropuerto;Tasa de variación acumulada;Gasto medio por persona;2018M12;2,06
Aeropuerto;Tasa de variación acumulada;Gasto medio por persona;2018M11;2,09
Aeropuerto;Tasa de variación acumulada;Gasto medio por persona;2018M10;2,22
Aeropuerto;Tasa de variación acumulada;Gasto medio por persona;2018M09;2,52
Aeropuerto;Tasa de variación acumulada;Gasto medio por persona;2018M08;2,86
Aeropuerto;Tasa de variación acumulada;Gasto medio por persona;2018M07;2,52
Aeropuerto;Tasa de variación acumulada;Gasto medio por persona;2018M06;2,56
Aeropuerto;Tasa de variación acumulada;Gasto medio por persona;2018M05;2,64
Aeropuerto;Tasa de variación acumulada;Gasto medio por persona;2018M04;2,68
Aeropuerto;Tasa de variación acumulada;Gasto medio por persona;2018M03;2,54
Aeropuerto;Tasa de variación acumulada;Gasto medio por persona;2018M02;2,64
Aeropuerto;Tasa de variación acumulada;Gasto medio por persona;2018M01;1,05
Aeropuerto;Tasa de variación acumulada;Gasto medio por persona;2017M12;2,73
Aeropuerto;Tasa de variación acumulada;Gasto medio por persona;2017M11;3,02
Aeropuerto;Tasa de variación acumulada;Gasto medio por persona;2017M10;3,00
Aeropuerto;Tasa de variación acumulada;Gasto medio por persona;2017M09;2,81
Aeropuerto;Tasa de variación acumulada;Gasto medio por persona;2017M08;3,32
Aeropuerto;Tasa de variación acumulada;Gasto medio por persona;2017M07;2,93
Aeropuerto;Tasa de variación acumulada;Gasto medio por persona;2017M06;2,42
Aeropuerto;Tasa de variación acumulada;Gasto medio por persona;2017M05;2,27
Aeropuerto;Tasa de variación acumulada;Gasto medio por persona;2017M04;2,25
Aeropuerto;Tasa de variación acumulada;Gasto medio por persona;2017M03;1,88
Aeropuerto;Tasa de variación acumulada;Gasto medio por persona;2017M02;2,44
Aeropuerto;Tasa de variación acumulada;Gasto medio por persona;2017M01;2,75
Aeropuerto;Tasa de variación acumulada;Gasto medio por persona;2016M12;-1,38
Aeropuerto;Tasa de variación acumulada;Gasto medio por persona;2016M11;-1,72
Aeropuerto;Tasa de variación acumulada;Gasto medio por persona;2016M10;-1,60
Aeropuerto;Tasa de variación acumulada;Gasto medio por persona;2016M09;-2,18
Aeropuerto;Tasa de variación acumulada;Gasto medio por persona;2016M08;-2,81
Aeropuerto;Tasa de variación acumulada;Gasto medio por persona;2016M07;-3,13
Aeropuerto;Tasa de variación acumulada;Gasto medio por persona;2016M06;-3,61
Aeropuerto;Tasa de variación acumulada;Gasto medio por persona;2016M05;-4,77
Aeropuerto;Tasa de variación acumulada;Gasto medio por persona;2016M04;-6,20
Aeropuerto;Tasa de variación acumulada;Gasto medio por persona;2016M03;-6,27
Aeropuerto;Tasa de variación acumulada;Gasto medio por persona;2016M02;-7,15
Aeropuerto;Tasa de variación acumulada;Gasto medio por persona;2016M01;-8,62
Aeropuerto;Tasa de variación acumulada;Gasto medio por persona;2015M12;""
Aeropuerto;Tasa de variación acumulada;Gasto medio por persona;2015M11;""
Aeropuerto;Tasa de variación acumulada;Gasto medio por persona;2015M10;""
Aeropuerto;Tasa de variación acumulada;Gasto medio diario por persona;2026M07;2,89
Aeropuerto;Tasa de variación acumulada;Gasto medio diario por persona;2026M06;2,87
Aeropuerto;Tasa de variación acumulada;Gasto medio diario por persona;2026M05;3,12
Aeropuerto;Tasa de variación acumulada;Gasto medio diario por persona;2026M04;4,17
Aeropuerto;Tasa de variación acumulada;Gasto medio diario por persona;2026M03;4,78
Aeropuerto;Tasa de variación acumulada;Gasto medio diario por persona;2026M02;5,26
Aeropuerto;Tasa de variación acumulada;Gasto medio diario por persona;2026M01;5,96
Aeropuerto;Tasa de variación acumulada;Gasto medio diario por persona;2025M12;3,98
Aeropuerto;Tasa de variación acumulada;Gasto medio diario por persona;2025M11;4,07
Aeropuerto;Tasa de variación acumulada;Gasto medio diario por persona;2025M10;4,11
Aeropuerto;Tasa de variación acumulada;Gasto medio diario por persona;2025M09;3,94
Aeropuerto;Tasa de variación acumulada;Gasto medio diario por persona;2025M08;3,92
Aeropuerto;Tasa de variación acumulada;Gasto medio diario por persona;2025M07;4,03
Aeropuerto;Tasa de variación acumulada;Gasto medio diario por persona;2025M06;3,33
Aeropuerto;Tasa de variación acumulada;Gasto medio diario por persona;2025M05;2,67
Aeropuerto;Tasa de variación acumulada;Gasto medio diario por persona;2025M04;3,25
Aeropuerto;Tasa de variación acumulada;Gasto medio diario por persona;2025M03;4,53
Aeropuerto;Tasa de variación acumulada;Gasto medio diario por persona;2025M02;4,57
Aeropuerto;Tasa de variación acumulada;Gasto medio diario por persona;2025M01;3,54
Aeropuerto;Tasa de variación acumulada;Gasto medio diario por persona;2024M12;5,37
Aeropuerto;Tasa de variación acumulada;Gasto medio diario por persona;2024M11;5,10
Aeropuerto;Tasa de variación acumulada;Gasto medio diario por persona;2024M10;5,16
Aeropuerto;Tasa de variación acumulada;Gasto medio diario por persona;2024M09;5,36
Aeropuerto;Tasa de variación acumulada;Gasto medio diario por persona;2024M08;5,59
Aeropuerto;Tasa de variación acumulada;Gasto medio diario por persona;2024M07;5,01
Aeropuerto;Tasa de variación acumulada;Gasto medio diario por persona;2024M06;5,90
Aeropuerto;Tasa de variación acumulada;Gasto medio diario por persona;2024M05;7,00
Aeropuerto;Tasa de variación acumulada;Gasto medio diario por persona;2024M04;6,57
Aeropuerto;Tasa de variación acumulada;Gasto medio diario por persona;2024M03;6,62
Aeropuerto;Tasa de variación acumulada;Gasto medio diario por persona;2024M02;5,97
Aeropuerto;Tasa de variación acumulada;Gasto medio diario por persona;2024M01;7,36
Aeropuerto;Tasa de variación acumulada;Gasto medio diario por persona;2023M12;10,42
Aeropuerto;Tasa de variación acumulada;Gasto medio diario por persona;2023M11;11,18
Aeropuerto;Tasa de variación acumulada;Gasto medio diario por persona;2023M10;11,59
Aeropuerto;Tasa de variación acumulada;Gasto medio diario por persona;2023M09;11,69
Aeropuerto;Tasa de variación acumulada;Gasto medio diario por persona;2023M08;11,96
Aeropuerto;Tasa de variación acumulada;Gasto medio diario por persona;2023M07;12,95
Aeropuerto;Tasa de variación acumulada;Gasto medio diario por persona;2023M06;12,49
Aeropuerto;Tasa de variación acumulada;Gasto medio diario por persona;2023M05;13,06
Aeropuerto;Tasa de variación acumulada;Gasto medio diario por persona;2023M04;14,56
Aeropuerto;Tasa de variación acumulada;Gasto medio diario por persona;2023M03;14,61
Aeropuerto;Tasa de variación acumulada;Gasto medio diario por persona;2023M02;19,57
Aeropuerto;Tasa de variación acumulada;Gasto medio diario por persona;2023M01;17,15
Aeropuerto;Tasa de variación acumulada;Gasto medio diario por persona;2022M12;15,03
Aeropuerto;Tasa de variación acumulada;Gasto medio diario por persona;2022M11;14,50
Aeropuerto;Tasa de variación acumulada;Gasto medio diario por persona;2022M10;14,47
Aeropuerto;Tasa de variación acumulada;Gasto medio diario por persona;2022M09;13,61
Aeropuerto;Tasa de variación acumulada;Gasto medio diario por persona;2022M08;12,32
Aeropuerto;Tasa de variación acumulada;Gasto medio diario por persona;2022M07;11,33
Aeropuerto;Tasa de variación acumulada;Gasto medio diario por persona;2022M06;13,30
Aeropuerto;Tasa de variación acumulada;Gasto medio diario por persona;2022M05;14,49
Aeropuerto;Tasa de variación acumulada;Gasto medio diario por persona;2022M04;13,42
Aeropuerto;Tasa de variación acumulada;Gasto medio diario por persona;2022M03;10,56
Aeropuerto;Tasa de variación acumulada;Gasto medio diario por persona;2022M02;6,30
Aeropuerto;Tasa de variación acumulada;Gasto medio diario por persona;2022M01;3,03
Aeropuerto;Tasa de variación acumulada;Gasto medio diario por persona;2021M12;-0,50
Aeropuerto;Tasa de variación acumulada;Gasto medio diario por persona;2021M11;-0,43
Aeropuerto;Tasa de variación acumulada;Gasto medio diario por persona;2021M10;-0,89
Aeropuerto;Tasa de variación acumulada;Gasto medio diario por persona;2021M09;-1,39
Aeropuerto;Tasa de variación acumulada;Gasto medio diario por persona;2021M08;-1,86
Aeropuerto;Tasa de variación acumulada;Gasto medio diario por persona;2021M07;-3,13
Aeropuerto;Tasa de variación acumulada;Gasto medio diario por persona;2021M06;-8,59
Aeropuerto;Tasa de variación acumulada;Gasto medio diario por persona;2021M05;-12,07
Aeropuerto;Tasa de variación acumulada;Gasto medio diario por persona;2021M04;-15,50
Aeropuerto;Tasa de variación acumulada;Gasto medio diario por persona;2021M03;-15,59
Aeropuerto;Tasa de variación acumulada;Gasto medio diario por persona;2021M02;-17,59
Aeropuerto;Tasa de variación acumulada;Gasto medio diario por persona;2021M01;-16,62
Aeropuerto;Tasa de variación acumulada;Gasto medio diario por persona;2020M12;-9,96
Aeropuerto;Tasa de variación acumulada;Gasto medio diario por persona;2020M11;-9,25
Aeropuerto;Tasa de variación acumulada;Gasto medio diario por persona;2020M10;-8,74
Aeropuerto;Tasa de variación acumulada;Gasto medio diario por persona;2020M09;-7,64
Aeropuerto;Tasa de variación acumulada;Gasto medio diario por persona;2020M08;-7,07
Aeropuerto;Tasa de variación acumulada;Gasto medio diario por persona;2020M07;-6,13
Aeropuerto;Tasa de variación acumulada;Gasto medio diario por persona;2020M06;-3,19
Aeropuerto;Tasa de variación acumulada;Gasto medio diario por persona;2020M05;-2,06
Aeropuerto;Tasa de variación acumulada;Gasto medio diario por persona;2020M04;0,16
Aeropuerto;Tasa de variación acumulada;Gasto medio diario por persona;2020M03;0,96
Aeropuerto;Tasa de variación acumulada;Gasto medio diario por persona;2020M02;3,59
Aeropuerto;Tasa de variación acumulada;Gasto medio diario por persona;2020M01;5,97
Aeropuerto;Tasa de variación acumulada;Gasto medio diario por persona;2019M12;6,13
Aeropuerto;Tasa de variación acumulada;Gasto medio diario por persona;2019M11;5,97
Aeropuerto;Tasa de variación acumulada;Gasto medio diario por persona;2019M10;6,05
Aeropuerto;Tasa de variación acumulada;Gasto medio diario por persona;2019M09;5,87
Aeropuerto;Tasa de variación acumulada;Gasto medio diario por persona;2019M08;6,10
Aeropuerto;Tasa de variación acumulada;Gasto medio diario por persona;2019M07;6,52
Aeropuerto;Tasa de variación acumulada;Gasto medio diario por persona;2019M06;6,55
Aeropuerto;Tasa de variación acumulada;Gasto medio diario por persona;2019M05;6,83
Aeropuerto;Tasa de variación acumulada;Gasto medio diario por persona;2019M04;6,16
Aeropuerto;Tasa de variación acumulada;Gasto medio diario por persona;2019M03;7,16
Aeropuerto;Tasa de variación acumulada;Gasto medio diario por persona;2019M02;5,97
Aeropuerto;Tasa de variación acumulada;Gasto medio diario por persona;2019M01;4,52
Aeropuerto;Tasa de variación acumulada;Gasto medio diario por persona;2018M12;5,53
Aeropuerto;Tasa de variación acumulada;Gasto medio diario por persona;2018M11;5,58
Aeropuerto;Tasa de variación acumulada;Gasto medio diario por persona;2018M10;5,26
Aeropuerto;Tasa de variación acumulada;Gasto medio diario por persona;2018M09;5,60
Aeropuerto;Tasa de variación acumulada;Gasto medio diario por persona;2018M08;6,02
Aeropuerto;Tasa de variación acumulada;Gasto medio diario por persona;2018M07;4,76
Aeropuerto;Tasa de variación acumulada;Gasto medio diario por persona;2018M06;3,69
Aeropuerto;Tasa de variación acumulada;Gasto medio diario por persona;2018M05;2,64
Aeropuerto;Tasa de variación acumulada;Gasto medio diario por persona;2018M04;2,45
Aeropuerto;Tasa de variación acumulada;Gasto medio diario por persona;2018M03;1,56
Aeropuerto;Tasa de variación acumulada;Gasto medio diario por persona;2018M02;3,15
Aeropuerto;Tasa de variación acumulada;Gasto medio diario por persona;2018M01;2,25
Aeropuerto;Tasa de variación acumulada;Gasto medio diario por persona;2017M12;5,07
Aeropuerto;Tasa de variación acumulada;Gasto medio diario por persona;2017M11;4,96
Aeropuerto;Tasa de variación acumulada;Gasto medio diario por persona;2017M10;5,37
Aeropuerto;Tasa de variación acumulada;Gasto medio diario por persona;2017M09;5,41
Aeropuerto;Tasa de variación acumulada;Gasto medio diario por persona;2017M08;5,42
Aeropuerto;Tasa de variación acumulada;Gasto medio diario por persona;2017M07;4,96
Aeropuerto;Tasa de variación acumulada;Gasto medio diario por persona;2017M06;5,43
Aeropuerto;Tasa de variación acumulada;Gasto medio diario por persona;2017M05;5,49
Aeropuerto;Tasa de variación acumulada;Gasto medio diario por persona;2017M04;7,02
Aeropuerto;Tasa de variación acumulada;Gasto medio diario por persona;2017M03;7,16
Aeropuerto;Tasa de variación acumulada;Gasto medio diario por persona;2017M02;4,59
Aeropuerto;Tasa de variación acumulada;Gasto medio diario por persona;2017M01;6,02
Aeropuerto;Tasa de variación acumulada;Gasto medio diario por persona;2016M12;5,42
Aeropuerto;Tasa de variación acumulada;Gasto medio diario por persona;2016M11;5,26
Aeropuerto;Tasa de variación acumulada;Gasto medio diario por persona;2016M10;5,12
Aeropuerto;Tasa de variación acumulada;Gasto medio diario por persona;2016M09;4,74
Aeropuerto;Tasa de variación acumulada;Gasto medio diario por persona;2016M08;4,74
Aeropuerto;Tasa de variación acumulada;Gasto medio diario por persona;2016M07;5,73
Aeropuerto;Tasa de variación acumulada;Gasto medio diario por persona;2016M06;5,52
Aeropuerto;Tasa de variación acumulada;Gasto medio diario por persona;2016M05;5,98
Aeropuerto;Tasa de variación acumulada;Gasto medio diario por persona;2016M04;4,89
Aeropuerto;Tasa de variación acumulada;Gasto medio diario por persona;2016M03;4,33
Aeropuerto;Tasa de variación acumulada;Gasto medio diario por persona;2016M02;5,52
Aeropuerto;Tasa de variación acumulada;Gasto medio diario por persona;2016M01;1,68
Aeropuerto;Tasa de variación acumulada;Gasto medio diario por persona;2015M12;""
Aeropuerto;Tasa de variación acumulada;Gasto medio diario por persona;2015M11;""
Aeropuerto;Tasa de variación acumulada;Gasto medio diario por persona;2015M10;""
Aeropuerto;Tasa de variación acumulada;Duración media de los viajes;2026M07;-0,20
Aeropuerto;Tasa de variación acumulada;Duración media de los viajes;2026M06;-0,72
Aeropuerto;Tasa de variación acumulada;Duración media de los viajes;2026M05;-0,92
Aeropuerto;Tasa de variación acumulada;Duración media de los viajes;2026M04;-1,74
Aeropuerto;Tasa de variación acumulada;Duración media de los viajes;2026M03;-1,42
Aeropuerto;Tasa de variación acumulada;Duración media de los viajes;2026M02;-1,07
Aeropuerto;Tasa de variación acumulada;Duración media de los viajes;2026M01;0,14
Aeropuerto;Tasa de variación acumulada;Duración media de los viajes;2025M12;-1,00
Aeropuerto;Tasa de variación acumulada;Duración media de los viajes;2025M11;-1,20
Aeropuerto;Tasa de variación acumulada;Duración media de los viajes;2025M10;-1,13
Aeropuerto;Tasa de variación acumulada;Duración media de los viajes;2025M09;-0,94
Aeropuerto;Tasa de variación acumulada;Duración media de los viajes;2025M08;-1,15
Aeropuerto;Tasa de variación acumulada;Duración media de los viajes;2025M07;-1,45
Aeropuerto;Tasa de variación acumulada;Duración media de los viajes;2025M06;-1,25
Aeropuerto;Tasa de variación acumulada;Duración media de los viajes;2025M05;-0,75
Aeropuerto;Tasa de variación acumulada;Duración media de los viajes;2025M04;-1,46
Aeropuerto;Tasa de variación acumulada;Duración media de los viajes;2025M03;-3,73
Aeropuerto;Tasa de variación acumulada;Duración media de los viajes;2025M02;-3,56
Aeropuerto;Tasa de variación acumulada;Duración media de los viajes;2025M01;-0,28
Aeropuerto;Tasa de variación acumulada;Duración media de los viajes;2024M12;0,06
Aeropuerto;Tasa de variación acumulada;Duración media de los viajes;2024M11;0,44
Aeropuerto;Tasa de variación acumulada;Duración media de los viajes;2024M10;0,32
Aeropuerto;Tasa de variación acumulada;Duración media de los viajes;2024M09;-0,02
Aeropuerto;Tasa de variación acumulada;Duración media de los viajes;2024M08;0,20
Aeropuerto;Tasa de variación acumulada;Duración media de los viajes;2024M07;0,81
Aeropuerto;Tasa de variación acumulada;Duración media de los viajes;2024M06;0,48
Aeropuerto;Tasa de variación acumulada;Duración media de los viajes;2024M05;0,09
Aeropuerto;Tasa de variación acumulada;Duración media de los viajes;2024M04;0,45
Aeropuerto;Tasa de variación acumulada;Duración media de los viajes;2024M03;1,57
Aeropuerto;Tasa de variación acumulada;Duración media de los viajes;2024M02;2,17
Aeropuerto;Tasa de variación acumulada;Duración media de los viajes;2024M01;1,62
Aeropuerto;Tasa de variación acumulada;Duración media de los viajes;2023M12;-4,01
Aeropuerto;Tasa de variación acumulada;Duración media de los viajes;2023M11;-4,90
Aeropuerto;Tasa de variación acumulada;Duración media de los viajes;2023M10;-5,19
Aeropuerto;Tasa de variación acumulada;Duración media de los viajes;2023M09;-5,64
Aeropuerto;Tasa de variación acumulada;Duración media de los viajes;2023M08;-6,48
Aeropuerto;Tasa de variación acumulada;Duración media de los viajes;2023M07;-7,68
Aeropuerto;Tasa de variación acumulada;Duración media de los viajes;2023M06;-7,09
Aeropuerto;Tasa de variación acumulada;Duración media de los viajes;2023M05;-8,08
Aeropuerto;Tasa de variación acumulada;Duración media de los viajes;2023M04;-9,31
Aeropuerto;Tasa de variación acumulada;Duración media de los viajes;2023M03;-10,19
Aeropuerto;Tasa de variación acumulada;Duración media de los viajes;2023M02;-13,35
Aeropuerto;Tasa de variación acumulada;Duración media de los viajes;2023M01;-13,13
Aeropuerto;Tasa de variación acumulada;Duración media de los viajes;2022M12;-8,99
Aeropuerto;Tasa de variación acumulada;Duración media de los viajes;2022M11;-8,12
Aeropuerto;Tasa de variación acumulada;Duración media de los viajes;2022M10;-8,48
Aeropuerto;Tasa de variación acumulada;Duración media de los viajes;2022M09;-8,57
Aeropuerto;Tasa de variación acumulada;Duración media de los viajes;2022M08;-9,14
Aeropuerto;Tasa de variación acumulada;Duración media de los viajes;2022M07;-9,76
Aeropuerto;Tasa de variación acumulada;Duración media de los viajes;2022M06;-11,99
Aeropuerto;Tasa de variación acumulada;Duración media de los viajes;2022M05;-14,58
Aeropuerto;Tasa de variación acumulada;Duración media de los viajes;2022M04;-15,04
Aeropuerto;Tasa de variación acumulada;Duración media de los viajes;2022M03;-14,97
Aeropuerto;Tasa de variación acumulada;Duración media de los viajes;2022M02;-15,17
Aeropuerto;Tasa de variación acumulada;Duración media de los viajes;2022M01;-9,59
Aeropuerto;Tasa de variación acumulada;Duración media de los viajes;2021M12;2,25
Aeropuerto;Tasa de variación acumulada;Duración media de los viajes;2021M11;1,75
Aeropuerto;Tasa de variación acumulada;Duración media de los viajes;2021M10;2,62
Aeropuerto;Tasa de variación acumulada;Duración media de los viajes;2021M09;4,60
Aeropuerto;Tasa de variación acumulada;Duración media de los viajes;2021M08;7,57
Aeropuerto;Tasa de variación acumulada;Duración media de los viajes;2021M07;10,36
Aeropuerto;Tasa de variación acumulada;Duración media de los viajes;2021M06;14,43
Aeropuerto;Tasa de variación acumulada;Duración media de los viajes;2021M05;20,59
Aeropuerto;Tasa de variación acumulada;Duración media de los viajes;2021M04;29,01
Aeropuerto;Tasa de variación acumulada;Duración media de los viajes;2021M03;36,64
Aeropuerto;Tasa de variación acumulada;Duración media de los viajes;2021M02;44,44
Aeropuerto;Tasa de variación acumulada;Duración media de los viajes;2021M01;36,56
Aeropuerto;Tasa de variación acumulada;Duración media de los viajes;2020M12;13,84
Aeropuerto;Tasa de variación acumulada;Duración media de los viajes;2020M11;12,84
Aeropuerto;Tasa de variación acumulada;Duración media de los viajes;2020M10;12,01
Aeropuerto;Tasa de variación acumulada;Duración media de los viajes;2020M09;10,76
Aeropuerto;Tasa de variación acumulada;Duración media de los viajes;2020M08;9,88
Aeropuerto;Tasa de variación acumulada;Duración media de los viajes;2020M07;9,96
Aeropuerto;Tasa de variación acumulada;Duración media de los viajes;2020M06;10,20
Aeropuerto;Tasa de variación acumulada;Duración media de los viajes;2020M05;10,27
Aeropuerto;Tasa de variación acumulada;Duración media de los viajes;2020M04;6,60
Aeropuerto;Tasa de variación acumulada;Duración media de los viajes;2020M03;3,12
Aeropuerto;Tasa de variación acumulada;Duración media de los viajes;2020M02;-0,45
Aeropuerto;Tasa de variación acumulada;Duración media de los viajes;2020M01;-1,31
Aeropuerto;Tasa de variación acumulada;Duración media de los viajes;2019M12;-4,23
Aeropuerto;Tasa de variación acumulada;Duración media de los viajes;2019M11;-4,14
Aeropuerto;Tasa de variación acumulada;Duración media de los viajes;2019M10;-4,32
Aeropuerto;Tasa de variación acumulada;Duración media de los viajes;2019M09;-4,49
Aeropuerto;Tasa de variación acumulada;Duración media de los viajes;2019M08;-4,85
Aeropuerto;Tasa de variación acumulada;Duración media de los viajes;2019M07;-5,15
Aeropuerto;Tasa de variación acumulada;Duración media de los viajes;2019M06;-5,50
Aeropuerto;Tasa de variación acumulada;Duración media de los viajes;2019M05;-5,97
Aeropuerto;Tasa de variación acumulada;Duración media de los viajes;2019M04;-5,50
Aeropuerto;Tasa de variación acumulada;Duración media de los viajes;2019M03;-6,49
Aeropuerto;Tasa de variación acumulada;Duración media de los viajes;2019M02;-5,51
Aeropuerto;Tasa de variación acumulada;Duración media de los viajes;2019M01;-3,23
Aeropuerto;Tasa de variación acumulada;Duración media de los viajes;2018M12;-3,29
Aeropuerto;Tasa de variación acumulada;Duración media de los viajes;2018M11;-3,31
Aeropuerto;Tasa de variación acumulada;Duración media de los viajes;2018M10;-2,88
Aeropuerto;Tasa de variación acumulada;Duración media de los viajes;2018M09;-2,92
Aeropuerto;Tasa de variación acumulada;Duración media de los viajes;2018M08;-2,98
Aeropuerto;Tasa de variación acumulada;Duración media de los viajes;2018M07;-2,13
Aeropuerto;Tasa de variación acumulada;Duración media de los viajes;2018M06;-1,10
Aeropuerto;Tasa de variación acumulada;Duración media de los viajes;2018M05;-0,01
Aeropuerto;Tasa de variación acumulada;Duración media de los viajes;2018M04;0,22
Aeropuerto;Tasa de variación acumulada;Duración media de los viajes;2018M03;0,97
Aeropuerto;Tasa de variación acumulada;Duración media de los viajes;2018M02;-0,49
Aeropuerto;Tasa de variación acumulada;Duración media de los viajes;2018M01;-1,18
Aeropuerto;Tasa de variación acumulada;Duración media de los viajes;2017M12;-2,23
Aeropuerto;Tasa de variación acumulada;Duración media de los viajes;2017M11;-1,84
Aeropuerto;Tasa de variación acumulada;Duración media de los viajes;2017M10;-2,25
Aeropuerto;Tasa de variación acumulada;Duración media de los viajes;2017M09;-2,47
Aeropuerto;Tasa de variación acumulada;Duración media de los viajes;2017M08;-1,99
Aeropuerto;Tasa de variación acumulada;Duración media de los viajes;2017M07;-1,94
Aeropuerto;Tasa de variación acumulada;Duración media de los viajes;2017M06;-2,85
Aeropuerto;Tasa de variación acumulada;Duración media de los viajes;2017M05;-3,06
Aeropuerto;Tasa de variación acumulada;Duración media de los viajes;2017M04;-4,46
Aeropuerto;Tasa de variación acumulada;Duración media de los viajes;2017M03;-4,93
Aeropuerto;Tasa de variación acumulada;Duración media de los viajes;2017M02;-2,05
Aeropuerto;Tasa de variación acumulada;Duración media de los viajes;2017M01;-3,09
Aeropuerto;Tasa de variación acumulada;Duración media de los viajes;2016M12;-6,46
Aeropuerto;Tasa de variación acumulada;Duración media de los viajes;2016M11;-6,63
Aeropuerto;Tasa de variación acumulada;Duración media de los viajes;2016M10;-6,40
Aeropuerto;Tasa de variación acumulada;Duración media de los viajes;2016M09;-6,61
Aeropuerto;Tasa de variación acumulada;Duración media de los viajes;2016M08;-7,21
Aeropuerto;Tasa de variación acumulada;Duración media de los viajes;2016M07;-8,38
Aeropuerto;Tasa de variación acumulada;Duración media de los viajes;2016M06;-8,66
Aeropuerto;Tasa de variación acumulada;Duración media de los viajes;2016M05;-10,14
Aeropuerto;Tasa de variación acumulada;Duración media de los viajes;2016M04;-10,57
Aeropuerto;Tasa de variación acumulada;Duración media de los viajes;2016M03;-10,15
Aeropuerto;Tasa de variación acumulada;Duración media de los viajes;2016M02;-12,01
Aeropuerto;Tasa de variación acumulada;Duración media de los viajes;2016M01;-10,13
Aeropuerto;Tasa de variación acumulada;Duración media de los viajes;2015M12;""
Aeropuerto;Tasa de variación acumulada;Duración media de los viajes;2015M11;""
Aeropuerto;Tasa de variación acumulada;Duración media de los viajes;2015M10;""
Carretera;Dato base;Gasto total;2026M07;1.904,21
Carretera;Dato base;Gasto total;2026M06;957,91
Carretera;Dato base;Gasto total;2026M05;902,60
Carretera;Dato base;Gasto total;2026M04;960,56
Carretera;Dato base;Gasto total;2026M03;646,24
Carretera;Dato base;Gasto total;2026M02;556,98
Carretera;Dato base;Gasto total;2026M01;475,31
Carretera;Dato base;Gasto total;2025M12;651,97
Carretera;Dato base;Gasto total;2025M11;606,38
Carretera;Dato base;Gasto total;2025M10;1.014,83
Carretera;Dato base;Gasto total;2025M09;969,09
Carretera;Dato base;Gasto total;2025M08;1.847,58
Carretera;Dato base;Gasto total;2025M07;1.731,08
Carretera;Dato base;Gasto total;2025M06;916,12
Carretera;Dato base;Gasto total;2025M05;833,08
Carretera;Dato base;Gasto total;2025M04;865,40
Carretera;Dato base;Gasto total;2025M03;686,64
Carretera;Dato base;Gasto total;2025M02;556,15
Carretera;Dato base;Gasto total;2025M01;527,56
Carretera;Dato base;Gasto total;2024M12;721,55
Carretera;Dato base;Gasto total;2024M11;651,02
Carretera;Dato base;Gasto total;2024M10;906,82
Carretera;Dato base;Gasto total;2024M09;1.061,88
Carretera;Dato base;Gasto total;2024M08;1.999,83
Carretera;Dato base;Gasto total;2024M07;1.795,17
Carretera;Dato base;Gasto total;2024M06;762,94
Carretera;Dato base;Gasto total;2024M05;924,18
Carretera;Dato base;Gasto total;2024M04;731,31
Carretera;Dato base;Gasto total;2024M03;693,17
Carretera;Dato base;Gasto total;2024M02;484,35
Carretera;Dato base;Gasto total;2024M01;452,83
Carretera;Dato base;Gasto total;2023M12;711,41
Carretera;Dato base;Gasto total;2023M11;497,37
Carretera;Dato base;Gasto total;2023M10;763,17
Carretera;Dato base;Gasto total;2023M09;889,14
Carretera;Dato base;Gasto total;2023M08;1.860,56
Carretera;Dato base;Gasto total;2023M07;1.708,48
Carretera;Dato base;Gasto total;2023M06;827,20
Carretera;Dato base;Gasto total;2023M05;925,41
Carretera;Dato base;Gasto total;2023M04;742,37
Carretera;Dato base;Gasto total;2023M03;548,94
Carretera;Dato base;Gasto total;2023M02;460,97
Carretera;Dato base;Gasto total;2023M01;355,85
Carretera;Dato base;Gasto total;2022M12;588,46
Carretera;Dato base;Gasto total;2022M11;430,19
Carretera;Dato base;Gasto total;2022M10;694,33
Carretera;Dato base;Gasto total;2022M09;803,67
Carretera;Dato base;Gasto total;2022M08;1.548,74
Carretera;Dato base;Gasto total;2022M07;1.419,89
Carretera;Dato base;Gasto total;2022M06;633,98
Carretera;Dato base;Gasto total;2022M05;526,54
Carretera;Dato base;Gasto total;2022M04;510,92
Carretera;Dato base;Gasto total;2022M03;332,29
Carretera;Dato base;Gasto total;2022M02;387,95
Carretera;Dato base;Gasto total;2022M01;279,83
Carretera;Dato base;Gasto total;2021M12;335,20
Carretera;Dato base;Gasto total;2021M11;312,76
Carretera;Dato base;Gasto total;2021M10;485,85
Carretera;Dato base;Gasto total;2021M09;542,74
Carretera;Dato base;Gasto total;2021M08;913,52
Carretera;Dato base;Gasto total;2021M07;687,79
Carretera;Dato base;Gasto total;2021M06;254,50
Carretera;Dato base;Gasto total;2021M05;163,55
Carretera;Dato base;Gasto total;2021M04;73,43
Carretera;Dato base;Gasto total;2021M03;80,22
Carretera;Dato base;Gasto total;2021M02;42,76
Carretera;Dato base;Gasto total;2021M01;78,87
Carretera;Dato base;Gasto total;2020M12;92,70
Carretera;Dato base;Gasto total;2020M11;53,72
Carretera;Dato base;Gasto total;2020M10;208,83
Carretera;Dato base;Gasto total;2020M09;270,42
Carretera;Dato base;Gasto total;2020M08;620,26
Carretera;Dato base;Gasto total;2020M07;473,33
Carretera;Dato base;Gasto total;2020M06;67,42
Carretera;Dato base;Gasto total;2020M05;0,00
Carretera;Dato base;Gasto total;2020M04;0,00
Carretera;Dato base;Gasto total;2020M03;198,56
Carretera;Dato base;Gasto total;2020M02;358,18
Carretera;Dato base;Gasto total;2020M01;340,65
Carretera;Dato base;Gasto total;2019M12;411,49
Carretera;Dato base;Gasto total;2019M11;356,82
Carretera;Dato base;Gasto total;2019M10;556,60
Carretera;Dato base;Gasto total;2019M09;722,33
Carretera;Dato base;Gasto total;2019M08;1.434,23
Carretera;Dato base;Gasto total;2019M07;1.224,26
Carretera;Dato base;Gasto total;2019M06;662,59
Carretera;Dato base;Gasto total;2019M05;624,48
Carretera;Dato base;Gasto total;2019M04;567,78
Carretera;Dato base;Gasto total;2019M03;514,04
Carretera;Dato base;Gasto total;2019M02;372,55
Carretera;Dato base;Gasto total;2019M01;308,30
Carretera;Dato base;Gasto total;2018M12;390,70
Carretera;Dato base;Gasto total;2018M11;370,11
Carretera;Dato base;Gasto total;2018M10;561,26
Carretera;Dato base;Gasto total;2018M09;733,44
Carretera;Dato base;Gasto total;2018M08;1.373,86
Carretera;Dato base;Gasto total;2018M07;1.042,61
Carretera;Dato base;Gasto total;2018M06;726,64
Carretera;Dato base;Gasto total;2018M05;690,94
Carretera;Dato base;Gasto total;2018M04;614,09
Carretera;Dato base;Gasto total;2018M03;474,97
Carretera;Dato base;Gasto total;2018M02;330,15
Carretera;Dato base;Gasto total;2018M01;300,62
Carretera;Dato base;Gasto total;2017M12;369,86
Carretera;Dato base;Gasto total;2017M11;336,79
Carretera;Dato base;Gasto total;2017M10;614,33
Carretera;Dato base;Gasto total;2017M09;688,31
Carretera;Dato base;Gasto total;2017M08;1.319,29
Carretera;Dato base;Gasto total;2017M07;1.219,48
Carretera;Dato base;Gasto total;2017M06;670,80
Carretera;Dato base;Gasto total;2017M05;664,92
Carretera;Dato base;Gasto total;2017M04;613,24
Carretera;Dato base;Gasto total;2017M03;428,40
Carretera;Dato base;Gasto total;2017M02;337,43
Carretera;Dato base;Gasto total;2017M01;268,61
Carretera;Dato base;Gasto total;2016M12;389,54
Carretera;Dato base;Gasto total;2016M11;391,75
Carretera;Dato base;Gasto total;2016M10;628,68
Carretera;Dato base;Gasto total;2016M09;702,51
Carretera;Dato base;Gasto total;2016M08;1.379,20
Carretera;Dato base;Gasto total;2016M07;1.172,02
Carretera;Dato base;Gasto total;2016M06;571,79
Carretera;Dato base;Gasto total;2016M05;624,59
Carretera;Dato base;Gasto total;2016M04;521,53
Carretera;Dato base;Gasto total;2016M03;336,98
Carretera;Dato base;Gasto total;2016M02;288,94
Carretera;Dato base;Gasto total;2016M01;318,19
Carretera;Dato base;Gasto total;2015M12;345,77
Carretera;Dato base;Gasto total;2015M11;338,85
Carretera;Dato base;Gasto total;2015M10;610,37
Carretera;Dato base;Gasto medio por persona;2026M07;965
Carretera;Dato base;Gasto medio por persona;2026M06;770
Carretera;Dato base;Gasto medio por persona;2026M05;723
Carretera;Dato base;Gasto medio por persona;2026M04;770
Carretera;Dato base;Gasto medio por persona;2026M03;776
Carretera;Dato base;Gasto medio por persona;2026M02;773
Carretera;Dato base;Gasto medio por persona;2026M01;818
Carretera;Dato base;Gasto medio por persona;2025M12;725
Carretera;Dato base;Gasto medio por persona;2025M11;784
Carretera;Dato base;Gasto medio por persona;2025M10;888
Carretera;Dato base;Gasto medio por persona;2025M09;805
Carretera;Dato base;Gasto medio por persona;2025M08;846
Carretera;Dato base;Gasto medio por persona;2025M07;869
Carretera;Dato base;Gasto medio por persona;2025M06;818
Carretera;Dato base;Gasto medio por persona;2025M05;759
Carretera;Dato base;Gasto medio por persona;2025M04;678
Carretera;Dato base;Gasto medio por persona;2025M03;804
Carretera;Dato base;Gasto medio por persona;2025M02;782
Carretera;Dato base;Gasto medio por persona;2025M01;734
Carretera;Dato base;Gasto medio por persona;2024M12;743
Carretera;Dato base;Gasto medio por persona;2024M11;742
Carretera;Dato base;Gasto medio por persona;2024M10;767
Carretera;Dato base;Gasto medio por persona;2024M09;851
Carretera;Dato base;Gasto medio por persona;2024M08;852
Carretera;Dato base;Gasto medio por persona;2024M07;905
Carretera;Dato base;Gasto medio por persona;2024M06;729
Carretera;Dato base;Gasto medio por persona;2024M05;724
Carretera;Dato base;Gasto medio por persona;2024M04;667
Carretera;Dato base;Gasto medio por persona;2024M03;762
Carretera;Dato base;Gasto medio por persona;2024M02;713
Carretera;Dato base;Gasto medio por persona;2024M01;710
Carretera;Dato base;Gasto medio por persona;2023M12;687
Carretera;Dato base;Gasto medio por persona;2023M11;730
Carretera;Dato base;Gasto medio por persona;2023M10;757
Carretera;Dato base;Gasto medio por persona;2023M09;766
Carretera;Dato base;Gasto medio por persona;2023M08;842
Carretera;Dato base;Gasto medio por persona;2023M07;866
Carretera;Dato base;Gasto medio por persona;2023M06;791
Carretera;Dato base;Gasto medio por persona;2023M05;735
Carretera;Dato base;Gasto medio por persona;2023M04;674
Carretera;Dato base;Gasto medio por persona;2023M03;772
Carretera;Dato base;Gasto medio por persona;2023M02;679
Carretera;Dato base;Gasto medio por persona;2023M01;658
Carretera;Dato base;Gasto medio por persona;2022M12;716
Carretera;Dato base;Gasto medio por persona;2022M11;732
Carretera;Dato base;Gasto medio por persona;2022M10;742
Carretera;Dato base;Gasto medio por persona;2022M09;771
Carretera;Dato base;Gasto medio por persona;2022M08;849
Carretera;Dato base;Gasto medio por persona;2022M07;806
Carretera;Dato base;Gasto medio por persona;2022M06;696
Carretera;Dato base;Gasto medio por persona;2022M05;651
Carretera;Dato base;Gasto medio por persona;2022M04;627
Carretera;Dato base;Gasto medio por persona;2022M03;705
Carretera;Dato base;Gasto medio por persona;2022M02;700
Carretera;Dato base;Gasto medio por persona;2022M01;650
Carretera;Dato base;Gasto medio por persona;2021M12;560
Carretera;Dato base;Gasto medio por persona;2021M11;600
Carretera;Dato base;Gasto medio por persona;2021M10;642
Carretera;Dato base;Gasto medio por persona;2021M09;657
Carretera;Dato base;Gasto medio por persona;2021M08;707
Carretera;Dato base;Gasto medio por persona;2021M07;699
Carretera;Dato base;Gasto medio por persona;2021M06;538
Carretera;Dato base;Gasto medio por persona;2021M05;439
Carretera;Dato base;Gasto medio por persona;2021M04;535
Carretera;Dato base;Gasto medio por persona;2021M03;535
Carretera;Dato base;Gasto medio por persona;2021M02;444
Carretera;Dato base;Gasto medio por persona;2021M01;451
Carretera;Dato base;Gasto medio por persona;2020M12;401
Carretera;Dato base;Gasto medio por persona;2020M11;434
Carretera;Dato base;Gasto medio por persona;2020M10;450
Carretera;Dato base;Gasto medio por persona;2020M09;486
Carretera;Dato base;Gasto medio por persona;2020M08;599
Carretera;Dato base;Gasto medio por persona;2020M07;565
Carretera;Dato base;Gasto medio por persona;2020M06;495
Carretera;Dato base;Gasto medio por persona;2020M05;0
Carretera;Dato base;Gasto medio por persona;2020M04;0
Carretera;Dato base;Gasto medio por persona;2020M03;577
Carretera;Dato base;Gasto medio por persona;2020M02;546
Carretera;Dato base;Gasto medio por persona;2020M01;590
Carretera;Dato base;Gasto medio por persona;2019M12;564
Carretera;Dato base;Gasto medio por persona;2019M11;567
Carretera;Dato base;Gasto medio por persona;2019M10;584
Carretera;Dato base;Gasto medio por persona;2019M09;611
Carretera;Dato base;Gasto medio por persona;2019M08;645
Carretera;Dato base;Gasto medio por persona;2019M07;690
Carretera;Dato base;Gasto medio por persona;2019M06;591
Carretera;Dato base;Gasto medio por persona;2019M05;610
Carretera;Dato base;Gasto medio por persona;2019M04;513
Carretera;Dato base;Gasto medio por persona;2019M03;637
Carretera;Dato base;Gasto medio por persona;2019M02;562
Carretera;Dato base;Gasto medio por persona;2019M01;571
Carretera;Dato base;Gasto medio por persona;2018M12;593
Carretera;Dato base;Gasto medio por persona;2018M11;617
Carretera;Dato base;Gasto medio por persona;2018M10;601
Carretera;Dato base;Gasto medio por persona;2018M09;598
Carretera;Dato base;Gasto medio por persona;2018M08;584
Carretera;Dato base;Gasto medio por persona;2018M07;596
Carretera;Dato base;Gasto medio por persona;2018M06;663
Carretera;Dato base;Gasto medio por persona;2018M05;574
Carretera;Dato base;Gasto medio por persona;2018M04;538
Carretera;Dato base;Gasto medio por persona;2018M03;598
Carretera;Dato base;Gasto medio por persona;2018M02;531
Carretera;Dato base;Gasto medio por persona;2018M01;559
Carretera;Dato base;Gasto medio por persona;2017M12;569
Carretera;Dato base;Gasto medio por persona;2017M11;530
Carretera;Dato base;Gasto medio por persona;2017M10;648
Carretera;Dato base;Gasto medio por persona;2017M09;593
Carretera;Dato base;Gasto medio por persona;2017M08;567
Carretera;Dato base;Gasto medio por persona;2017M07;604
Carretera;Dato base;Gasto medio por persona;2017M06;610
Carretera;Dato base;Gasto medio por persona;2017M05;574
Carretera;Dato base;Gasto medio por persona;2017M04;530
Carretera;Dato base;Gasto medio por persona;2017M03;614
Carretera;Dato base;Gasto medio por persona;2017M02;595
Carretera;Dato base;Gasto medio por persona;2017M01;574
Carretera;Dato base;Gasto medio por persona;2016M12;557
Carretera;Dato base;Gasto medio por persona;2016M11;604
Carretera;Dato base;Gasto medio por persona;2016M10;626
Carretera;Dato base;Gasto medio por persona;2016M09;573
Carretera;Dato base;Gasto medio por persona;2016M08;548
Carretera;Dato base;Gasto medio por persona;2016M07;590
Carretera;Dato base;Gasto medio por persona;2016M06;585
Carretera;Dato base;Gasto medio por persona;2016M05;583
Carretera;Dato base;Gasto medio por persona;2016M04;502
Carretera;Dato base;Gasto medio por persona;2016M03;466
Carretera;Dato base;Gasto medio por persona;2016M02;511
Carretera;Dato base;Gasto medio por persona;2016M01;614
Carretera;Dato base;Gasto medio por persona;2015M12;497
Carretera;Dato base;Gasto medio por persona;2015M11;513
Carretera;Dato base;Gasto medio por persona;2015M10;598
Carretera;Dato base;Gasto medio diario por persona;2026M07;123
Carretera;Dato base;Gasto medio diario por persona;2026M06;107
Carretera;Dato base;Gasto medio diario por persona;2026M05;116
Carretera;Dato base;Gasto medio diario por persona;2026M04;94
Carretera;Dato base;Gasto medio diario por persona;2026M03;92
Carretera;Dato base;Gasto medio diario por persona;2026M02;90
Carretera;Dato base;Gasto medio diario por persona;2026M01;96
Carretera;Dato base;Gasto medio diario por persona;2025M12;96
Carretera;Dato base;Gasto medio diario por persona;2025M11;96
Carretera;Dato base;Gasto medio diario por persona;2025M10;107
Carretera;Dato base;Gasto medio diario por persona;2025M09;103
Carretera;Dato base;Gasto medio diario por persona;2025M08;125
Carretera;Dato base;Gasto medio diario por persona;2025M07;117
Carretera;Dato base;Gasto medio diario por persona;2025M06;120
Carretera;Dato base;Gasto medio diario por persona;2025M05;107
Carretera;Dato base;Gasto medio diario por persona;2025M04;97
Carretera;Dato base;Gasto medio diario por persona;2025M03;90
Carretera;Dato base;Gasto medio diario por persona;2025M02;95
Carretera;Dato base;Gasto medio diario por persona;2025M01;91
Carretera;Dato base;Gasto medio diario por persona;2024M12;86
Carretera;Dato base;Gasto medio diario por persona;2024M11;88
Carretera;Dato base;Gasto medio diario por persona;2024M10;101
Carretera;Dato base;Gasto medio diario por persona;2024M09;108
Carretera;Dato base;Gasto medio diario por persona;2024M08;116
Carretera;Dato base;Gasto medio diario por persona;2024M07;112
Carretera;Dato base;Gasto medio diario por persona;2024M06;104
Carretera;Dato base;Gasto medio diario por persona;2024M05;106
Carretera;Dato base;Gasto medio diario por persona;2024M04;90
Carretera;Dato base;Gasto medio diario por persona;2024M03;89
Carretera;Dato base;Gasto medio diario por persona;2024M02;88
Carretera;Dato base;Gasto medio diario por persona;2024M01;81
Carretera;Dato base;Gasto medio diario por persona;2023M12;86
Carretera;Dato base;Gasto medio diario por persona;2023M11;87
Carretera;Dato base;Gasto medio diario por persona;2023M10;98
Carretera;Dato base;Gasto medio diario por persona;2023M09;105
Carretera;Dato base;Gasto medio diario por persona;2023M08;105
Carretera;Dato base;Gasto medio diario por persona;2023M07;109
Carretera;Dato base;Gasto medio diario por persona;2023M06;114
Carretera;Dato base;Gasto medio diario por persona;2023M05;104
Carretera;Dato base;Gasto medio diario por persona;2023M04;95
Carretera;Dato base;Gasto medio diario por persona;2023M03;96
Carretera;Dato base;Gasto medio diario por persona;2023M02;86
Carretera;Dato base;Gasto medio diario por persona;2023M01;81
Carretera;Dato base;Gasto medio diario por persona;2022M12;88
Carretera;Dato base;Gasto medio diario por persona;2022M11;92
Carretera;Dato base;Gasto medio diario por persona;2022M10;97
Carretera;Dato base;Gasto medio diario por persona;2022M09;96
Carretera;Dato base;Gasto medio diario por persona;2022M08;105
Carretera;Dato base;Gasto medio diario por persona;2022M07;105
Carretera;Dato base;Gasto medio diario por persona;2022M06;102
Carretera;Dato base;Gasto medio diario por persona;2022M05;104
Carretera;Dato base;Gasto medio diario por persona;2022M04;93
Carretera;Dato base;Gasto medio diario por persona;2022M03;81
Carretera;Dato base;Gasto medio diario por persona;2022M02;89
Carretera;Dato base;Gasto medio diario por persona;2022M01;68
Carretera;Dato base;Gasto medio diario por persona;2021M12;67
Carretera;Dato base;Gasto medio diario por persona;2021M11;76
Carretera;Dato base;Gasto medio diario por persona;2021M10;80
Carretera;Dato base;Gasto medio diario por persona;2021M09;78
Carretera;Dato base;Gasto medio diario por persona;2021M08;82
Carretera;Dato base;Gasto medio diario por persona;2021M07;85
Carretera;Dato base;Gasto medio diario por persona;2021M06;96
Carretera;Dato base;Gasto medio diario por persona;2021M05;88
Carretera;Dato base;Gasto medio diario por persona;2021M04;87
Carretera;Dato base;Gasto medio diario por persona;2021M03;79
Carretera;Dato base;Gasto medio diario por persona;2021M02;62
Carretera;Dato base;Gasto medio diario por persona;2021M01;53
Carretera;Dato base;Gasto medio diario por persona;2020M12;68
Carretera;Dato base;Gasto medio diario por persona;2020M11;71
Carretera;Dato base;Gasto medio diario por persona;2020M10;70
Carretera;Dato base;Gasto medio diario por persona;2020M09;70
Carretera;Dato base;Gasto medio diario por persona;2020M08;77
Carretera;Dato base;Gasto medio diario por persona;2020M07;78
Carretera;Dato base;Gasto medio diario por persona;2020M06;91
Carretera;Dato base;Gasto medio diario por persona;2020M05;0
Carretera;Dato base;Gasto medio diario por persona;2020M04;0
Carretera;Dato base;Gasto medio diario por persona;2020M03;78
Carretera;Dato base;Gasto medio diario por persona;2020M02;78
Carretera;Dato base;Gasto medio diario por persona;2020M01;72
Carretera;Dato base;Gasto medio diario por persona;2019M12;76
Carretera;Dato base;Gasto medio diario por persona;2019M11;78
Carretera;Dato base;Gasto medio diario por persona;2019M10;83
Carretera;Dato base;Gasto medio diario por persona;2019M09;77
Carretera;Dato base;Gasto medio diario por persona;2019M08;82
Carretera;Dato base;Gasto medio diario por persona;2019M07;87
Carretera;Dato base;Gasto medio diario por persona;2019M06;89
Carretera;Dato base;Gasto medio diario por persona;2019M05;84
Carretera;Dato base;Gasto medio diario por persona;2019M04;86
Carretera;Dato base;Gasto medio diario por persona;2019M03;66
Carretera;Dato base;Gasto medio diario por persona;2019M02;72
Carretera;Dato base;Gasto medio diario por persona;2019M01;71
Carretera;Dato base;Gasto medio diario por persona;2018M12;66
Carretera;Dato base;Gasto medio diario por persona;2018M11;75
Carretera;Dato base;Gasto medio diario por persona;2018M10;77
Carretera;Dato base;Gasto medio diario por persona;2018M09;73
Carretera;Dato base;Gasto medio diario por persona;2018M08;74
Carretera;Dato base;Gasto medio diario por persona;2018M07;78
Carretera;Dato base;Gasto medio diario por persona;2018M06;75
Carretera;Dato base;Gasto medio diario por persona;2018M05;81
Carretera;Dato base;Gasto medio diario por persona;2018M04;74
Carretera;Dato base;Gasto medio diario por persona;2018M03;68
Carretera;Dato base;Gasto medio diario por persona;2018M02;73
Carretera;Dato base;Gasto medio diario por persona;2018M01;64
Carretera;Dato base;Gasto medio diario por persona;2017M12;54
Carretera;Dato base;Gasto medio diario por persona;2017M11;64
Carretera;Dato base;Gasto medio diario por persona;2017M10;71
Carretera;Dato base;Gasto medio diario por persona;2017M09;69
Carretera;Dato base;Gasto medio diario por persona;2017M08;68
Carretera;Dato base;Gasto medio diario por persona;2017M07;77
Carretera;Dato base;Gasto medio diario por persona;2017M06;75
Carretera;Dato base;Gasto medio diario por persona;2017M05;79
Carretera;Dato base;Gasto medio diario por persona;2017M04;73
Carretera;Dato base;Gasto medio diario por persona;2017M03;62
Carretera;Dato base;Gasto medio diario por persona;2017M02;64
Carretera;Dato base;Gasto medio diario por persona;2017M01;63
Carretera;Dato base;Gasto medio diario por persona;2016M12;67
Carretera;Dato base;Gasto medio diario por persona;2016M11;70
Carretera;Dato base;Gasto medio diario por persona;2016M10;70
Carretera;Dato base;Gasto medio diario por persona;2016M09;69
Carretera;Dato base;Gasto medio diario por persona;2016M08;66
Carretera;Dato base;Gasto medio diario por persona;2016M07;68
Carretera;Dato base;Gasto medio diario por persona;2016M06;75
Carretera;Dato base;Gasto medio diario por persona;2016M05;74
Carretera;Dato base;Gasto medio diario por persona;2016M04;69
Carretera;Dato base;Gasto medio diario por persona;2016M03;67
Carretera;Dato base;Gasto medio diario por persona;2016M02;65
Carretera;Dato base;Gasto medio diario por persona;2016M01;67
Carretera;Dato base;Gasto medio diario por persona;2015M12;73
Carretera;Dato base;Gasto medio diario por persona;2015M11;66
Carretera;Dato base;Gasto medio diario por persona;2015M10;56
Carretera;Dato base;Duración media de los viajes;2026M07;7,83
Carretera;Dato base;Duración media de los viajes;2026M06;7,17
Carretera;Dato base;Duración media de los viajes;2026M05;6,23
Carretera;Dato base;Duración media de los viajes;2026M04;8,22
Carretera;Dato base;Duración media de los viajes;2026M03;8,44
Carretera;Dato base;Duración media de los viajes;2026M02;8,57
Carretera;Dato base;Duración media de los viajes;2026M01;8,56
Carretera;Dato base;Duración media de los viajes;2025M12;7,53
Carretera;Dato base;Duración media de los viajes;2025M11;8,14
Carretera;Dato base;Duración media de los viajes;2025M10;8,27
Carretera;Dato base;Duración media de los viajes;2025M09;7,82
Carretera;Dato base;Duración media de los viajes;2025M08;6,78
Carretera;Dato base;Duración media de los viajes;2025M07;7,45
Carretera;Dato base;Duración media de los viajes;2025M06;6,81
Carretera;Dato base;Duración media de los viajes;2025M05;7,12
Carretera;Dato base;Duración media de los viajes;2025M04;7,03
Carretera;Dato base;Duración media de los viajes;2025M03;8,90
Carretera;Dato base;Duración media de los viajes;2025M02;8,20
Carretera;Dato base;Duración media de los viajes;2025M01;8,08
Carretera;Dato base;Duración media de los viajes;2024M12;8,61
Carretera;Dato base;Duración media de los viajes;2024M11;8,40
Carretera;Dato base;Duración media de los viajes;2024M10;7,60
Carretera;Dato base;Duración media de los viajes;2024M09;7,89
Carretera;Dato base;Duración media de los viajes;2024M08;7,36
Carretera;Dato base;Duración media de los viajes;2024M07;8,08
Carretera;Dato base;Duración media de los viajes;2024M06;6,98
Carretera;Dato base;Duración media de los viajes;2024M05;6,84
Carretera;Dato base;Duración media de los viajes;2024M04;7,45
Carretera;Dato base;Duración media de los viajes;2024M03;8,58
Carretera;Dato base;Duración media de los viajes;2024M02;8,14
Carretera;Dato base;Duración media de los viajes;2024M01;8,79
Carretera;Dato base;Duración media de los viajes;2023M12;7,96
Carretera;Dato base;Duración media de los viajes;2023M11;8,39
Carretera;Dato base;Duración media de los viajes;2023M10;7,69
Carretera;Dato base;Duración media de los viajes;2023M09;7,30
Carretera;Dato base;Duración media de los viajes;2023M08;7,99
Carretera;Dato base;Duración media de los viajes;2023M07;7,91
Carretera;Dato base;Duración media de los viajes;2023M06;6,93
Carretera;Dato base;Duración media de los viajes;2023M05;7,08
Carretera;Dato base;Duración media de los viajes;2023M04;7,10
Carretera;Dato base;Duración media de los viajes;2023M03;8,00
Carretera;Dato base;Duración media de los viajes;2023M02;7,93
Carretera;Dato base;Duración media de los viajes;2023M01;8,15
Carretera;Dato base;Duración media de los viajes;2022M12;8,11
Carretera;Dato base;Duración media de los viajes;2022M11;7,92
Carretera;Dato base;Duración media de los viajes;2022M10;7,65
Carretera;Dato base;Duración media de los viajes;2022M09;8,01
Carretera;Dato base;Duración media de los viajes;2022M08;8,07
Carretera;Dato base;Duración media de los viajes;2022M07;7,65
Carretera;Dato base;Duración media de los viajes;2022M06;6,86
Carretera;Dato base;Duración media de los viajes;2022M05;6,29
Carretera;Dato base;Duración media de los viajes;2022M04;6,75
Carretera;Dato base;Duración media de los viajes;2022M03;8,74
Carretera;Dato base;Duración media de los viajes;2022M02;7,90
Carretera;Dato base;Duración media de los viajes;2022M01;9,55
Carretera;Dato base;Duración media de los viajes;2021M12;8,40
Carretera;Dato base;Duración media de los viajes;2021M11;7,90
Carretera;Dato base;Duración media de los viajes;2021M10;8,04
Carretera;Dato base;Duración media de los viajes;2021M09;8,45
Carretera;Dato base;Duración media de los viajes;2021M08;8,67
Carretera;Dato base;Duración media de los viajes;2021M07;8,22
Carretera;Dato base;Duración media de los viajes;2021M06;5,58
Carretera;Dato base;Duración media de los viajes;2021M05;4,97
Carretera;Dato base;Duración media de los viajes;2021M04;6,15
Carretera;Dato base;Duración media de los viajes;2021M03;6,75
Carretera;Dato base;Duración media de los viajes;2021M02;7,15
Carretera;Dato base;Duración media de los viajes;2021M01;8,49
Carretera;Dato base;Duración media de los viajes;2020M12;5,93
Carretera;Dato base;Duración media de los viajes;2020M11;6,15
Carretera;Dato base;Duración media de los viajes;2020M10;6,40
Carretera;Dato base;Duración media de los viajes;2020M09;6,94
Carretera;Dato base;Duración media de los viajes;2020M08;7,80
Carretera;Dato base;Duración media de los viajes;2020M07;7,28
Carretera;Dato base;Duración media de los viajes;2020M06;5,42
Carretera;Dato base;Duración media de los viajes;2020M05;0,00
Carretera;Dato base;Duración media de los viajes;2020M04;0,00
Carretera;Dato base;Duración media de los viajes;2020M03;7,39
Carretera;Dato base;Duración media de los viajes;2020M02;7,02
Carretera;Dato base;Duración media de los viajes;2020M01;8,24
Carretera;Dato base;Duración media de los viajes;2019M12;7,39
Carretera;Dato base;Duración media de los viajes;2019M11;7,27
Carretera;Dato base;Duración media de los viajes;2019M10;7,06
Carretera;Dato base;Duración media de los viajes;2019M09;7,96
Carretera;Dato base;Duración media de los viajes;2019M08;7,90
Carretera;Dato base;Duración media de los viajes;2019M07;7,91
Carretera;Dato base;Duración media de los viajes;2019M06;6,63
Carretera;Dato base;Duración media de los viajes;2019M05;7,28
Carretera;Dato base;Duración media de los viajes;2019M04;5,96
Carretera;Dato base;Duración media de los viajes;2019M03;9,61
Carretera;Dato base;Duración media de los viajes;2019M02;7,75
Carretera;Dato base;Duración media de los viajes;2019M01;8,06
Carretera;Dato base;Duración media de los viajes;2018M12;8,94
Carretera;Dato base;Duración media de los viajes;2018M11;8,27
Carretera;Dato base;Duración media de los viajes;2018M10;7,83
Carretera;Dato base;Duración media de los viajes;2018M09;8,20
Carretera;Dato base;Duración media de los viajes;2018M08;7,93
Carretera;Dato base;Duración media de los viajes;2018M07;7,64
Carretera;Dato base;Duración media de los viajes;2018M06;8,82
Carretera;Dato base;Duración media de los viajes;2018M05;7,08
Carretera;Dato base;Duración media de los viajes;2018M04;7,31
Carretera;Dato base;Duración media de los viajes;2018M03;8,77
Carretera;Dato base;Duración media de los viajes;2018M02;7,27
Carretera;Dato base;Duración media de los viajes;2018M01;8,77
Carretera;Dato base;Duración media de los viajes;2017M12;10,56
Carretera;Dato base;Duración media de los viajes;2017M11;8,30
Carretera;Dato base;Duración media de los viajes;2017M10;9,11
Carretera;Dato base;Duración media de los viajes;2017M09;8,53
Carretera;Dato base;Duración media de los viajes;2017M08;8,33
Carretera;Dato base;Duración media de los viajes;2017M07;7,88
Carretera;Dato base;Duración media de los viajes;2017M06;8,10
Carretera;Dato base;Duración media de los viajes;2017M05;7,27
Carretera;Dato base;Duración media de los viajes;2017M04;7,28
Carretera;Dato base;Duración media de los viajes;2017M03;9,84
Carretera;Dato base;Duración media de los viajes;2017M02;9,26
Carretera;Dato base;Duración media de los viajes;2017M01;9,13
Carretera;Dato base;Duración media de los viajes;2016M12;8,28
Carretera;Dato base;Duración media de los viajes;2016M11;8,63
Carretera;Dato base;Duración media de los viajes;2016M10;8,91
Carretera;Dato base;Duración media de los viajes;2016M09;8,34
Carretera;Dato base;Duración media de los viajes;2016M08;8,33
Carretera;Dato base;Duración media de los viajes;2016M07;8,64
Carretera;Dato base;Duración media de los viajes;2016M06;7,80
Carretera;Dato base;Duración media de los viajes;2016M05;7,85
Carretera;Dato base;Duración media de los viajes;2016M04;7,24
Carretera;Dato base;Duración media de los viajes;2016M03;6,94
Carretera;Dato base;Duración media de los viajes;2016M02;7,84
Carretera;Dato base;Duración media de los viajes;2016M01;9,16
Carretera;Dato base;Duración media de los viajes;2015M12;6,83
Carretera;Dato base;Duración media de los viajes;2015M11;7,71
Carretera;Dato base;Duración media de los viajes;2015M10;10,68
Carretera;Tasa de variación anual;Gasto total;2026M07;10,00
Carretera;Tasa de variación anual;Gasto total;2026M06;4,56
Carretera;Tasa de variación anual;Gasto total;2026M05;8,35
Carretera;Tasa de variación anual;Gasto total;2026M04;11,00
Carretera;Tasa de variación anual;Gasto total;2026M03;-5,88
Carretera;Tasa de variación anual;Gasto total;2026M02;0,15
Carretera;Tasa de variación anual;Gasto total;2026M01;-9,90
Carretera;Tasa de variación anual;Gasto total;2025M12;-9,64
Carretera;Tasa de variación anual;Gasto total;2025M11;-6,86
Carretera;Tasa de variación anual;Gasto total;2025M10;11,91
Carretera;Tasa de variación anual;Gasto total;2025M09;-8,74
Carretera;Tasa de variación anual;Gasto total;2025M08;-7,61
Carretera;Tasa de variación anual;Gasto total;2025M07;-3,57
Carretera;Tasa de variación anual;Gasto total;2025M06;20,08
Carretera;Tasa de variación anual;Gasto total;2025M05;-9,86
Carretera;Tasa de variación anual;Gasto total;2025M04;18,34
Carretera;Tasa de variación anual;Gasto total;2025M03;-0,94
Carretera;Tasa de variación anual;Gasto total;2025M02;14,82
Carretera;Tasa de variación anual;Gasto total;2025M01;16,50
Carretera;Tasa de variación anual;Gasto total;2024M12;1,43
Carretera;Tasa de variación anual;Gasto total;2024M11;30,89
Carretera;Tasa de variación anual;Gasto total;2024M10;18,82
Carretera;Tasa de variación anual;Gasto total;2024M09;19,43
Carretera;Tasa de variación anual;Gasto total;2024M08;7,49
Carretera;Tasa de variación anual;Gasto total;2024M07;5,07
Carretera;Tasa de variación anual;Gasto total;2024M06;-7,77
Carretera;Tasa de variación anual;Gasto total;2024M05;-0,13
Carretera;Tasa de variación anual;Gasto total;2024M04;-1,49
Carretera;Tasa de variación anual;Gasto total;2024M03;26,27
Carretera;Tasa de variación anual;Gasto total;2024M02;5,07
Carretera;Tasa de variación anual;Gasto total;2024M01;27,25
Carretera;Tasa de variación anual;Gasto total;2023M12;20,89
Carretera;Tasa de variación anual;Gasto total;2023M11;15,62
Carretera;Tasa de variación anual;Gasto total;2023M10;9,91
Carretera;Tasa de variación anual;Gasto total;2023M09;10,63
Carretera;Tasa de variación anual;Gasto total;2023M08;20,13
Carretera;Tasa de variación anual;Gasto total;2023M07;20,32
Carretera;Tasa de variación anual;Gasto total;2023M06;30,48
Carretera;Tasa de variación anual;Gasto total;2023M05;75,75
Carretera;Tasa de variación anual;Gasto total;2023M04;45,30
Carretera;Tasa de variación anual;Gasto total;2023M03;65,20
Carretera;Tasa de variación anual;Gasto total;2023M02;18,82
Carretera;Tasa de variación anual;Gasto total;2023M01;27,17
Carretera;Tasa de variación anual;Gasto total;2022M12;75,56
Carretera;Tasa de variación anual;Gasto total;2022M11;37,55
Carretera;Tasa de variación anual;Gasto total;2022M10;42,91
Carretera;Tasa de variación anual;Gasto total;2022M09;48,08
Carretera;Tasa de variación anual;Gasto total;2022M08;69,54
Carretera;Tasa de variación anual;Gasto total;2022M07;106,44
Carretera;Tasa de variación anual;Gasto total;2022M06;149,11
Carretera;Tasa de variación anual;Gasto total;2022M05;221,94
Carretera;Tasa de variación anual;Gasto total;2022M04;595,80
Carretera;Tasa de variación anual;Gasto total;2022M03;314,23
Carretera;Tasa de variación anual;Gasto total;2022M02;807,20
Carretera;Tasa de variación anual;Gasto total;2022M01;254,78
Carretera;Tasa de variación anual;Gasto total;2021M12;261,59
Carretera;Tasa de variación anual;Gasto total;2021M11;482,26
Carretera;Tasa de variación anual;Gasto total;2021M10;132,65
Carretera;Tasa de variación anual;Gasto total;2021M09;100,70
Carretera;Tasa de variación anual;Gasto total;2021M08;47,28
Carretera;Tasa de variación anual;Gasto total;2021M07;45,31
Carretera;Tasa de variación anual;Gasto total;2021M06;277,46
Carretera;Tasa de variación anual;Gasto total;2021M05;..
Carretera;Tasa de variación anual;Gasto total;2021M04;..
Carretera;Tasa de variación anual;Gasto total;2021M03;-59,60
Carretera;Tasa de variación anual;Gasto total;2021M02;-88,06
Carretera;Tasa de variación anual;Gasto total;2021M01;-76,85
Carretera;Tasa de variación anual;Gasto total;2020M12;-77,47
Carretera;Tasa de variación anual;Gasto total;2020M11;-84,95
Carretera;Tasa de variación anual;Gasto total;2020M10;-62,48
Carretera;Tasa de variación anual;Gasto total;2020M09;-62,56
Carretera;Tasa de variación anual;Gasto total;2020M08;-56,75
Carretera;Tasa de variación anual;Gasto total;2020M07;-61,34
Carretera;Tasa de variación anual;Gasto total;2020M06;-89,82
Carretera;Tasa de variación anual;Gasto total;2020M05;-100,00
Carretera;Tasa de variación anual;Gasto total;2020M04;-100,00
Carretera;Tasa de variación anual;Gasto total;2020M03;-61,37
Carretera;Tasa de variación anual;Gasto total;2020M02;-3,86
Carretera;Tasa de variación anual;Gasto total;2020M01;10,49
Carretera;Tasa de variación anual;Gasto total;2019M12;5,32
Carretera;Tasa de variación anual;Gasto total;2019M11;-3,59
Carretera;Tasa de variación anual;Gasto total;2019M10;-0,83
Carretera;Tasa de variación anual;Gasto total;2019M09;-1,51
Carretera;Tasa de variación anual;Gasto total;2019M08;4,39
Carretera;Tasa de variación anual;Gasto total;2019M07;17,42
Carretera;Tasa de variación anual;Gasto total;2019M06;-8,81
Carretera;Tasa de variación anual;Gasto total;2019M05;-9,62
Carretera;Tasa de variación anual;Gasto total;2019M04;-7,54
Carretera;Tasa de variación anual;Gasto total;2019M03;8,22
Carretera;Tasa de variación anual;Gasto total;2019M02;12,84
Carretera;Tasa de variación anual;Gasto total;2019M01;2,56
Carretera;Tasa de variación anual;Gasto total;2018M12;5,63
Carretera;Tasa de variación anual;Gasto total;2018M11;9,89
Carretera;Tasa de variación anual;Gasto total;2018M10;-8,64
Carretera;Tasa de variación anual;Gasto total;2018M09;6,56
Carretera;Tasa de variación anual;Gasto total;2018M08;4,14
Carretera;Tasa de variación anual;Gasto total;2018M07;-14,50
Carretera;Tasa de variación anual;Gasto total;2018M06;8,32
Carretera;Tasa de variación anual;Gasto total;2018M05;3,91
Carretera;Tasa de variación anual;Gasto total;2018M04;0,14
Carretera;Tasa de variación anual;Gasto total;2018M03;10,87
Carretera;Tasa de variación anual;Gasto total;2018M02;-2,16
Carretera;Tasa de variación anual;Gasto total;2018M01;11,92
Carretera;Tasa de variación anual;Gasto total;2017M12;-5,05
Carretera;Tasa de variación anual;Gasto total;2017M11;-14,03
Carretera;Tasa de variación anual;Gasto total;2017M10;-2,28
Carretera;Tasa de variación anual;Gasto total;2017M09;-2,02
Carretera;Tasa de variación anual;Gasto total;2017M08;-4,34
Carretera;Tasa de variación anual;Gasto total;2017M07;4,05
Carretera;Tasa de variación anual;Gasto total;2017M06;17,32
Carretera;Tasa de variación anual;Gasto total;2017M05;6,46
Carretera;Tasa de variación anual;Gasto total;2017M04;17,59
Carretera;Tasa de variación anual;Gasto total;2017M03;27,13
Carretera;Tasa de variación anual;Gasto total;2017M02;16,79
Carretera;Tasa de variación anual;Gasto total;2017M01;-15,58
Carretera;Tasa de variación anual;Gasto total;2016M12;12,66
Carretera;Tasa de variación anual;Gasto total;2016M11;15,61
Carretera;Tasa de variación anual;Gasto total;2016M10;3,00
Carretera;Tasa de variación anual;Gasto total;2016M09;-11,19
Carretera;Tasa de variación anual;Gasto total;2016M08;0,54
Carretera;Tasa de variación anual;Gasto total;2016M07;-8,15
Carretera;Tasa de variación anual;Gasto total;2016M06;-11,86
Carretera;Tasa de variación anual;Gasto total;2016M05;-3,10
Carretera;Tasa de variación anual;Gasto total;2016M04;4,39
Carretera;Tasa de variación anual;Gasto total;2016M03;-8,20
Carretera;Tasa de variación anual;Gasto total;2016M02;11,83
Carretera;Tasa de variación anual;Gasto total;2016M01;10,39
Carretera;Tasa de variación anual;Gasto total;2015M12;-11,27
Carretera;Tasa de variación anual;Gasto total;2015M11;-6,90
Carretera;Tasa de variación anual;Gasto total;2015M10;-11,68
Carretera;Tasa de variación anual;Gasto medio por persona;2026M07;11,01
Carretera;Tasa de variación anual;Gasto medio por persona;2026M06;-5,86
Carretera;Tasa de variación anual;Gasto medio por persona;2026M05;-4,75
Carretera;Tasa de variación anual;Gasto medio por persona;2026M04;13,59
Carretera;Tasa de variación anual;Gasto medio por persona;2026M03;-3,41
Carretera;Tasa de variación anual;Gasto medio por persona;2026M02;-1,17
Carretera;Tasa de variación anual;Gasto medio por persona;2026M01;11,44
Carretera;Tasa de variación anual;Gasto medio por persona;2025M12;-2,45
Carretera;Tasa de variación anual;Gasto medio por persona;2025M11;5,64
Carretera;Tasa de variación anual;Gasto medio por persona;2025M10;15,87
Carretera;Tasa de variación anual;Gasto medio por persona;2025M09;-5,39
Carretera;Tasa de variación anual;Gasto medio por persona;2025M08;-0,68
Carretera;Tasa de variación anual;Gasto medio por persona;2025M07;-3,93
Carretera;Tasa de variación anual;Gasto medio por persona;2025M06;12,30
Carretera;Tasa de variación anual;Gasto medio por persona;2025M05;4,81
Carretera;Tasa de variación anual;Gasto medio por persona;2025M04;1,63
Carretera;Tasa de variación anual;Gasto medio por persona;2025M03;5,46
Carretera;Tasa de variación anual;Gasto medio por persona;2025M02;9,66
Carretera;Tasa de variación anual;Gasto medio por persona;2025M01;3,44
Carretera;Tasa de variación anual;Gasto medio por persona;2024M12;8,11
Carretera;Tasa de variación anual;Gasto medio por persona;2024M11;1,64
Carretera;Tasa de variación anual;Gasto medio por persona;2024M10;1,27
Carretera;Tasa de variación anual;Gasto medio por persona;2024M09;11,07
Carretera;Tasa de variación anual;Gasto medio por persona;2024M08;1,21
Carretera;Tasa de variación anual;Gasto medio por persona;2024M07;4,48
Carretera;Tasa de variación anual;Gasto medio por persona;2024M06;-7,88
Carretera;Tasa de variación anual;Gasto medio por persona;2024M05;-1,54
Carretera;Tasa de variación anual;Gasto medio por persona;2024M04;-0,98
Carretera;Tasa de variación anual;Gasto medio por persona;2024M03;-1,30
Carretera;Tasa de variación anual;Gasto medio por persona;2024M02;5,04
Carretera;Tasa de variación anual;Gasto medio por persona;2024M01;7,87
Carretera;Tasa de variación anual;Gasto medio por persona;2023M12;-3,95
Carretera;Tasa de variación anual;Gasto medio por persona;2023M11;-0,22
Carretera;Tasa de variación anual;Gasto medio por persona;2023M10;1,99
Carretera;Tasa de variación anual;Gasto medio por persona;2023M09;-0,65
Carretera;Tasa de variación anual;Gasto medio por persona;2023M08;-0,87
Carretera;Tasa de variación anual;Gasto medio por persona;2023M07;7,52
Carretera;Tasa de variación anual;Gasto medio por persona;2023M06;13,58
Carretera;Tasa de variación anual;Gasto medio por persona;2023M05;12,95
Carretera;Tasa de variación anual;Gasto medio por persona;2023M04;7,43
Carretera;Tasa de variación anual;Gasto medio por persona;2023M03;9,59
Carretera;Tasa de variación anual;Gasto medio por persona;2023M02;-3,00
Carretera;Tasa de variación anual;Gasto medio por persona;2023M01;1,19
Carretera;Tasa de variación anual;Gasto medio por persona;2022M12;27,82
Carretera;Tasa de variación anual;Gasto medio por persona;2022M11;21,96
Carretera;Tasa de variación anual;Gasto medio por persona;2022M10;15,62
Carretera;Tasa de variación anual;Gasto medio por persona;2022M09;17,48
Carretera;Tasa de variación anual;Gasto medio por persona;2022M08;20,02
Carretera;Tasa de variación anual;Gasto medio por persona;2022M07;15,28
Carretera;Tasa de variación anual;Gasto medio por persona;2022M06;29,46
Carretera;Tasa de variación anual;Gasto medio por persona;2022M05;48,36
Carretera;Tasa de variación anual;Gasto medio por persona;2022M04;17,26
Carretera;Tasa de variación anual;Gasto medio por persona;2022M03;31,76
Carretera;Tasa de variación anual;Gasto medio por persona;2022M02;57,68
Carretera;Tasa de variación anual;Gasto medio por persona;2022M01;44,15
Carretera;Tasa de variación anual;Gasto medio por persona;2021M12;39,46
Carretera;Tasa de variación anual;Gasto medio por persona;2021M11;38,16
Carretera;Tasa de variación anual;Gasto medio por persona;2021M10;42,76
Carretera;Tasa de variación anual;Gasto medio por persona;2021M09;35,11
Carretera;Tasa de variación anual;Gasto medio por persona;2021M08;18,08
Carretera;Tasa de variación anual;Gasto medio por persona;2021M07;23,63
Carretera;Tasa de variación anual;Gasto medio por persona;2021M06;8,61
Carretera;Tasa de variación anual;Gasto medio por persona;2021M05;..
Carretera;Tasa de variación anual;Gasto medio por persona;2021M04;..
Carretera;Tasa de variación anual;Gasto medio por persona;2021M03;-7,23
Carretera;Tasa de variación anual;Gasto medio por persona;2021M02;-18,72
Carretera;Tasa de variación anual;Gasto medio por persona;2021M01;-23,54
Carretera;Tasa de variación anual;Gasto medio por persona;2020M12;-28,81
Carretera;Tasa de variación anual;Gasto medio por persona;2020M11;-23,46
Carretera;Tasa de variación anual;Gasto medio por persona;2020M10;-23,02
Carretera;Tasa de variación anual;Gasto medio por persona;2020M09;-20,47
Carretera;Tasa de variación anual;Gasto medio por persona;2020M08;-7,18
Carretera;Tasa de variación anual;Gasto medio por persona;2020M07;-18,13
Carretera;Tasa de variación anual;Gasto medio por persona;2020M06;-16,20
Carretera;Tasa de variación anual;Gasto medio por persona;2020M05;-100,00
Carretera;Tasa de variación anual;Gasto medio por persona;2020M04;-100,00
Carretera;Tasa de variación anual;Gasto medio por persona;2020M03;-9,56
Carretera;Tasa de variación anual;Gasto medio por persona;2020M02;-2,75
Carretera;Tasa de variación anual;Gasto medio por persona;2020M01;3,40
Carretera;Tasa de variación anual;Gasto medio por persona;2019M12;-4,82
Carretera;Tasa de variación anual;Gasto medio por persona;2019M11;-8,12
Carretera;Tasa de variación anual;Gasto medio por persona;2019M10;-2,81
Carretera;Tasa de variación anual;Gasto medio por persona;2019M09;2,15
Carretera;Tasa de variación anual;Gasto medio por persona;2019M08;10,44
Carretera;Tasa de variación anual;Gasto medio por persona;2019M07;15,83
Carretera;Tasa de variación anual;Gasto medio por persona;2019M06;-10,85
Carretera;Tasa de variación anual;Gasto medio por persona;2019M05;6,22
Carretera;Tasa de variación anual;Gasto medio por persona;2019M04;-4,55
Carretera;Tasa de variación anual;Gasto medio por persona;2019M03;6,53
Carretera;Tasa de variación anual;Gasto medio por persona;2019M02;5,71
Carretera;Tasa de variación anual;Gasto medio por persona;2019M01;2,06
Carretera;Tasa de variación anual;Gasto medio por persona;2018M12;4,06
Carretera;Tasa de variación anual;Gasto medio por persona;2018M11;16,59
Carretera;Tasa de variación anual;Gasto medio por persona;2018M10;-7,29
Carretera;Tasa de variación anual;Gasto medio por persona;2018M09;0,86
Carretera;Tasa de variación anual;Gasto medio por persona;2018M08;3,15
Carretera;Tasa de variación anual;Gasto medio por persona;2018M07;-1,26
Carretera;Tasa de variación anual;Gasto medio por persona;2018M06;8,68
Carretera;Tasa de variación anual;Gasto medio por persona;2018M05;0,07
Carretera;Tasa de variación anual;Gasto medio por persona;2018M04;1,38
Carretera;Tasa de variación anual;Gasto medio por persona;2018M03;-2,51
Carretera;Tasa de variación anual;Gasto medio por persona;2018M02;-10,68
Carretera;Tasa de variación anual;Gasto medio por persona;2018M01;-2,64
Carretera;Tasa de variación anual;Gasto medio por persona;2017M12;2,22
Carretera;Tasa de variación anual;Gasto medio por persona;2017M11;-12,30
Carretera;Tasa de variación anual;Gasto medio por persona;2017M10;3,52
Carretera;Tasa de variación anual;Gasto medio por persona;2017M09;3,56
Carretera;Tasa de variación anual;Gasto medio por persona;2017M08;3,34
Carretera;Tasa de variación anual;Gasto medio por persona;2017M07;2,24
Carretera;Tasa de variación anual;Gasto medio por persona;2017M06;4,20
Carretera;Tasa de variación anual;Gasto medio por persona;2017M05;-1,50
Carretera;Tasa de variación anual;Gasto medio por persona;2017M04;5,65
Carretera;Tasa de variación anual;Gasto medio por persona;2017M03;31,72
Carretera;Tasa de variación anual;Gasto medio por persona;2017M02;16,34
Carretera;Tasa de variación anual;Gasto medio por persona;2017M01;-6,47
Carretera;Tasa de variación anual;Gasto medio por persona;2016M12;12,11
Carretera;Tasa de variación anual;Gasto medio por persona;2016M11;17,74
Carretera;Tasa de variación anual;Gasto medio por persona;2016M10;4,73
Carretera;Tasa de variación anual;Gasto medio por persona;2016M09;-15,06
Carretera;Tasa de variación anual;Gasto medio por persona;2016M08;-10,33
Carretera;Tasa de variación anual;Gasto medio por persona;2016M07;-10,00
Carretera;Tasa de variación anual;Gasto medio por persona;2016M06;-10,89
Carretera;Tasa de variación anual;Gasto medio por persona;2016M05;-2,05
Carretera;Tasa de variación anual;Gasto medio por persona;2016M04;-8,38
Carretera;Tasa de variación anual;Gasto medio por persona;2016M03;-14,07
Carretera;Tasa de variación anual;Gasto medio por persona;2016M02;-1,15
Carretera;Tasa de variación anual;Gasto medio por persona;2016M01;8,67
Carretera;Tasa de variación anual;Gasto medio por persona;2015M12;-15,09
Carretera;Tasa de variación anual;Gasto medio por persona;2015M11;-14,20
Carretera;Tasa de variación anual;Gasto medio por persona;2015M10;-14,53
Carretera;Tasa de variación anual;Gasto medio diario por persona;2026M07;5,53
Carretera;Tasa de variación anual;Gasto medio diario por persona;2026M06;-10,66
Carretera;Tasa de variación anual;Gasto medio diario por persona;2026M05;8,79
Carretera;Tasa de variación anual;Gasto medio diario por persona;2026M04;-2,86
Carretera;Tasa de variación anual;Gasto medio diario por persona;2026M03;1,85
Carretera;Tasa de variación anual;Gasto medio diario por persona;2026M02;-5,50
Carretera;Tasa de variación anual;Gasto medio diario por persona;2026M01;5,20
Carretera;Tasa de variación anual;Gasto medio diario por persona;2025M12;11,52
Carretera;Tasa de variación anual;Gasto medio diario por persona;2025M11;9,01
Carretera;Tasa de variación anual;Gasto medio diario por persona;2025M10;6,51
Carretera;Tasa de variación anual;Gasto medio diario por persona;2025M09;-4,62
Carretera;Tasa de variación anual;Gasto medio diario por persona;2025M08;7,84
Carretera;Tasa de variación anual;Gasto medio diario por persona;2025M07;4,21
Carretera;Tasa de variación anual;Gasto medio diario por persona;2025M06;15,11
Carretera;Tasa de variación anual;Gasto medio diario por persona;2025M05;0,73
Carretera;Tasa de variación anual;Gasto medio diario por persona;2025M04;7,82
Carretera;Tasa de variación anual;Gasto medio diario por persona;2025M03;1,70
Carretera;Tasa de variación anual;Gasto medio diario por persona;2025M02;8,85
Carretera;Tasa de variación anual;Gasto medio diario por persona;2025M01;12,46
Carretera;Tasa de variación anual;Gasto medio diario por persona;2024M12;-0,15
Carretera;Tasa de variación anual;Gasto medio diario por persona;2024M11;1,53
Carretera;Tasa de variación anual;Gasto medio diario por persona;2024M10;2,52
Carretera;Tasa de variación anual;Gasto medio diario por persona;2024M09;2,86
Carretera;Tasa de variación anual;Gasto medio diario por persona;2024M08;9,90
Carretera;Tasa de variación anual;Gasto medio diario por persona;2024M07;2,33
Carretera;Tasa de variación anual;Gasto medio diario por persona;2024M06;-8,50
Carretera;Tasa de variación anual;Gasto medio diario por persona;2024M05;1,85
Carretera;Tasa de variación anual;Gasto medio diario por persona;2024M04;-5,66
Carretera;Tasa de variación anual;Gasto medio diario por persona;2024M03;-7,94
Carretera;Tasa de variación anual;Gasto medio diario por persona;2024M02;2,31
Carretera;Tasa de variación anual;Gasto medio diario por persona;2024M01;0,02
Carretera;Tasa de variación anual;Gasto medio diario por persona;2023M12;-2,08
Carretera;Tasa de variación anual;Gasto medio diario por persona;2023M11;-5,77
Carretera;Tasa de variación anual;Gasto medio diario por persona;2023M10;1,44
Carretera;Tasa de variación anual;Gasto medio diario por persona;2023M09;9,03
Carretera;Tasa de variación anual;Gasto medio diario por persona;2023M08;0,09
Carretera;Tasa de variación anual;Gasto medio diario por persona;2023M07;3,89
Carretera;Tasa de variación anual;Gasto medio diario por persona;2023M06;12,37
Carretera;Tasa de variación anual;Gasto medio diario por persona;2023M05;0,30
Carretera;Tasa de variación anual;Gasto medio diario por persona;2023M04;2,08
Carretera;Tasa de variación anual;Gasto medio diario por persona;2023M03;19,62
Carretera;Tasa de variación anual;Gasto medio diario por persona;2023M02;-3,31
Carretera;Tasa de variación anual;Gasto medio diario por persona;2023M01;18,62
Carretera;Tasa de variación anual;Gasto medio diario por persona;2022M12;32,35
Carretera;Tasa de variación anual;Gasto medio diario por persona;2022M11;21,66
Carretera;Tasa de variación anual;Gasto medio diario por persona;2022M10;21,47
Carretera;Tasa de variación anual;Gasto medio diario por persona;2022M09;23,85
Carretera;Tasa de variación anual;Gasto medio diario por persona;2022M08;28,95
Carretera;Tasa de variación anual;Gasto medio diario por persona;2022M07;23,97
Carretera;Tasa de variación anual;Gasto medio diario por persona;2022M06;5,28
Carretera;Tasa de variación anual;Gasto medio diario por persona;2022M05;17,38
Carretera;Tasa de variación anual;Gasto medio diario por persona;2022M04;6,90
Carretera;Tasa de variación anual;Gasto medio diario por persona;2022M03;1,84
Carretera;Tasa de variación anual;Gasto medio diario por persona;2022M02;42,59
Carretera;Tasa de variación anual;Gasto medio diario por persona;2022M01;28,08
Carretera;Tasa de variación anual;Gasto medio diario por persona;2021M12;-1,45
Carretera;Tasa de variación anual;Gasto medio diario por persona;2021M11;7,54
Carretera;Tasa de variación anual;Gasto medio diario por persona;2021M10;13,70
Carretera;Tasa de variación anual;Gasto medio diario por persona;2021M09;11,00
Carretera;Tasa de variación anual;Gasto medio diario por persona;2021M08;6,27
Carretera;Tasa de variación anual;Gasto medio diario por persona;2021M07;9,39
Carretera;Tasa de variación anual;Gasto medio diario por persona;2021M06;5,67
Carretera;Tasa de variación anual;Gasto medio diario por persona;2021M05;..
Carretera;Tasa de variación anual;Gasto medio diario por persona;2021M04;..
Carretera;Tasa de variación anual;Gasto medio diario por persona;2021M03;1,53
Carretera;Tasa de variación anual;Gasto medio diario por persona;2021M02;-20,20
Carretera;Tasa de variación anual;Gasto medio diario por persona;2021M01;-25,78
Carretera;Tasa de variación anual;Gasto medio diario por persona;2020M12;-11,29
Carretera;Tasa de variación anual;Gasto medio diario por persona;2020M11;-9,52
Carretera;Tasa de variación anual;Gasto medio diario por persona;2020M10;-15,11
Carretera;Tasa de variación anual;Gasto medio diario por persona;2020M09;-8,77
Carretera;Tasa de variación anual;Gasto medio diario por persona;2020M08;-6,10
Carretera;Tasa de variación anual;Gasto medio diario por persona;2020M07;-11,00
Carretera;Tasa de variación anual;Gasto medio diario por persona;2020M06;2,45
Carretera;Tasa de variación anual;Gasto medio diario por persona;2020M05;-100,00
Carretera;Tasa de variación anual;Gasto medio diario por persona;2020M04;-100,00
Carretera;Tasa de variación anual;Gasto medio diario por persona;2020M03;17,55
Carretera;Tasa de variación anual;Gasto medio diario por persona;2020M02;7,48
Carretera;Tasa de variación anual;Gasto medio diario por persona;2020M01;1,17
Carretera;Tasa de variación anual;Gasto medio diario por persona;2019M12;15,06
Carretera;Tasa de variación anual;Gasto medio diario por persona;2019M11;4,46
Carretera;Tasa de variación anual;Gasto medio diario por persona;2019M10;7,82
Carretera;Tasa de variación anual;Gasto medio diario por persona;2019M09;5,17
Carretera;Tasa de variación anual;Gasto medio diario por persona;2019M08;10,93
Carretera;Tasa de variación anual;Gasto medio diario por persona;2019M07;11,93
Carretera;Tasa de variación anual;Gasto medio diario por persona;2019M06;18,54
Carretera;Tasa de variación anual;Gasto medio diario por persona;2019M05;3,41
Carretera;Tasa de variación anual;Gasto medio diario por persona;2019M04;17,03
Carretera;Tasa de variación anual;Gasto medio diario por persona;2019M03;-2,79
Carretera;Tasa de variación anual;Gasto medio diario por persona;2019M02;-0,87
Carretera;Tasa de variación anual;Gasto medio diario por persona;2019M01;11,01
Carretera;Tasa de variación anual;Gasto medio diario por persona;2018M12;22,89
Carretera;Tasa de variación anual;Gasto medio diario por persona;2018M11;17,06
Carretera;Tasa de variación anual;Gasto medio diario por persona;2018M10;7,87
Carretera;Tasa de variación anual;Gasto medio diario por persona;2018M09;5,02
Carretera;Tasa de variación anual;Gasto medio diario por persona;2018M08;8,36
Carretera;Tasa de variación anual;Gasto medio diario por persona;2018M07;1,88
Carretera;Tasa de variación anual;Gasto medio diario por persona;2018M06;-0,22
Carretera;Tasa de variación anual;Gasto medio diario por persona;2018M05;2,74
Carretera;Tasa de variación anual;Gasto medio diario por persona;2018M04;0,96
Carretera;Tasa de variación anual;Gasto medio diario por persona;2018M03;9,46
Carretera;Tasa de variación anual;Gasto medio diario por persona;2018M02;13,69
Carretera;Tasa de variación anual;Gasto medio diario por persona;2018M01;1,34
Carretera;Tasa de variación anual;Gasto medio diario por persona;2017M12;-19,82
Carretera;Tasa de variación anual;Gasto medio diario por persona;2017M11;-8,83
Carretera;Tasa de variación anual;Gasto medio diario por persona;2017M10;1,17
Carretera;Tasa de variación anual;Gasto medio diario por persona;2017M09;1,18
Carretera;Tasa de variación anual;Gasto medio diario por persona;2017M08;3,35
Carretera;Tasa de variación anual;Gasto medio diario por persona;2017M07;12,02
Carretera;Tasa de variación anual;Gasto medio diario por persona;2017M06;0,45
Carretera;Tasa de variación anual;Gasto medio diario por persona;2017M05;6,33
Carretera;Tasa de variación anual;Gasto medio diario por persona;2017M04;5,06
Carretera;Tasa de variación anual;Gasto medio diario por persona;2017M03;-7,11
Carretera;Tasa de variación anual;Gasto medio diario por persona;2017M02;-1,43
Carretera;Tasa de variación anual;Gasto medio diario por persona;2017M01;-6,16
Carretera;Tasa de variación anual;Gasto medio diario por persona;2016M12;-7,46
Carretera;Tasa de variación anual;Gasto medio diario por persona;2016M11;5,29
Carretera;Tasa de variación anual;Gasto medio diario por persona;2016M10;25,62
Carretera;Tasa de variación anual;Gasto medio diario por persona;2016M09;-16,95
Carretera;Tasa de variación anual;Gasto medio diario por persona;2016M08;-2,06
Carretera;Tasa de variación anual;Gasto medio diario por persona;2016M07;-3,80
Carretera;Tasa de variación anual;Gasto medio diario por persona;2016M06;-15,65
Carretera;Tasa de variación anual;Gasto medio diario por persona;2016M05;-19,95
Carretera;Tasa de variación anual;Gasto medio diario por persona;2016M04;-16,65
Carretera;Tasa de variación anual;Gasto medio diario por persona;2016M03;-16,99
Carretera;Tasa de variación anual;Gasto medio diario por persona;2016M02;-18,62
Carretera;Tasa de variación anual;Gasto medio diario por persona;2016M01;0,19
Carretera;Tasa de variación anual;Gasto medio diario por persona;2015M12;3,99
Carretera;Tasa de variación anual;Gasto medio diario por persona;2015M11;-2,68
Carretera;Tasa de variación anual;Gasto medio diario por persona;2015M10;-34,87
Carretera;Tasa de variación anual;Duración media de los viajes;2026M07;5,19
Carretera;Tasa de variación anual;Duración media de los viajes;2026M06;5,37
Carretera;Tasa de variación anual;Duración media de los viajes;2026M05;-12,44
Carretera;Tasa de variación anual;Duración media de los viajes;2026M04;16,94
Carretera;Tasa de variación anual;Duración media de los viajes;2026M03;-5,16
Carretera;Tasa de variación anual;Duración media de los viajes;2026M02;4,59
Carretera;Tasa de variación anual;Duración media de los viajes;2026M01;5,93
Carretera;Tasa de variación anual;Duración media de los viajes;2025M12;-12,53
Carretera;Tasa de variación anual;Duración media de los viajes;2025M11;-3,09
Carretera;Tasa de variación anual;Duración media de los viajes;2025M10;8,78
Carretera;Tasa de variación anual;Duración media de los viajes;2025M09;-0,81
Carretera;Tasa de variación anual;Duración media de los viajes;2025M08;-7,91
Carretera;Tasa de variación anual;Duración media de los viajes;2025M07;-7,82
Carretera;Tasa de variación anual;Duración media de los viajes;2025M06;-2,44
Carretera;Tasa de variación anual;Duración media de los viajes;2025M05;4,06
Carretera;Tasa de variación anual;Duración media de los viajes;2025M04;-5,74
Carretera;Tasa de variación anual;Duración media de los viajes;2025M03;3,70
Carretera;Tasa de variación anual;Duración media de los viajes;2025M02;0,74
Carretera;Tasa de variación anual;Duración media de los viajes;2025M01;-8,02
Carretera;Tasa de variación anual;Duración media de los viajes;2024M12;8,27
Carretera;Tasa de variación anual;Duración media de los viajes;2024M11;0,11
Carretera;Tasa de variación anual;Duración media de los viajes;2024M10;-1,22
Carretera;Tasa de variación anual;Duración media de los viajes;2024M09;7,99
Carretera;Tasa de variación anual;Duración media de los viajes;2024M08;-7,91
Carretera;Tasa de variación anual;Duración media de los viajes;2024M07;2,10
Carretera;Tasa de variación anual;Duración media de los viajes;2024M06;0,67
Carretera;Tasa de variación anual;Duración media de los viajes;2024M05;-3,34
Carretera;Tasa de variación anual;Duración media de los viajes;2024M04;4,97
Carretera;Tasa de variación anual;Duración media de los viajes;2024M03;7,21
Carretera;Tasa de variación anual;Duración media de los viajes;2024M02;2,66
Carretera;Tasa de variación anual;Duración media de los viajes;2024M01;7,85
Carretera;Tasa de variación anual;Duración media de los viajes;2023M12;-1,91
Carretera;Tasa de variación anual;Duración media de los viajes;2023M11;5,89
Carretera;Tasa de variación anual;Duración media de los viajes;2023M10;0,55
Carretera;Tasa de variación anual;Duración media de los viajes;2023M09;-8,88
Carretera;Tasa de variación anual;Duración media de los viajes;2023M08;-0,95
Carretera;Tasa de variación anual;Duración media de los viajes;2023M07;3,49
Carretera;Tasa de variación anual;Duración media de los viajes;2023M06;1,08
Carretera;Tasa de variación anual;Duración media de los viajes;2023M05;12,61
Carretera;Tasa de variación anual;Duración media de los viajes;2023M04;5,24
Carretera;Tasa de variación anual;Duración media de los viajes;2023M03;-8,38
Carretera;Tasa de variación anual;Duración media de los viajes;2023M02;0,32
Carretera;Tasa de variación anual;Duración media de los viajes;2023M01;-14,69
Carretera;Tasa de variación anual;Duración media de los viajes;2022M12;-3,42
Carretera;Tasa de variación anual;Duración media de los viajes;2022M11;0,24
Carretera;Tasa de variación anual;Duración media de los viajes;2022M10;-4,81
Carretera;Tasa de variación anual;Duración media de los viajes;2022M09;-5,14
Carretera;Tasa de variación anual;Duración media de los viajes;2022M08;-6,93
Carretera;Tasa de variación anual;Duración media de los viajes;2022M07;-7,01
Carretera;Tasa de variación anual;Duración media de los viajes;2022M06;22,96
Carretera;Tasa de variación anual;Duración media de los viajes;2022M05;26,39
Carretera;Tasa de variación anual;Duración media de los viajes;2022M04;9,69
Carretera;Tasa de variación anual;Duración media de los viajes;2022M03;29,38
Carretera;Tasa de variación anual;Duración media de los viajes;2022M02;10,58
Carretera;Tasa de variación anual;Duración media de los viajes;2022M01;12,55
Carretera;Tasa de variación anual;Duración media de los viajes;2021M12;41,52
Carretera;Tasa de variación anual;Duración media de los viajes;2021M11;28,47
Carretera;Tasa de variación anual;Duración media de los viajes;2021M10;25,55
Carretera;Tasa de variación anual;Duración media de los viajes;2021M09;21,72
Carretera;Tasa de variación anual;Duración media de los viajes;2021M08;11,11
Carretera;Tasa de variación anual;Duración media de los viajes;2021M07;13,02
Carretera;Tasa de variación anual;Duración media de los viajes;2021M06;2,79
Carretera;Tasa de variación anual;Duración media de los viajes;2021M05;..
Carretera;Tasa de variación anual;Duración media de los viajes;2021M04;..
Carretera;Tasa de variación anual;Duración media de los viajes;2021M03;-8,63
Carretera;Tasa de variación anual;Duración media de los viajes;2021M02;1,86
Carretera;Tasa de variación anual;Duración media de los viajes;2021M01;3,01
Carretera;Tasa de variación anual;Duración media de los viajes;2020M12;-19,75
Carretera;Tasa de variación anual;Duración media de los viajes;2020M11;-15,40
Carretera;Tasa de variación anual;Duración media de los viajes;2020M10;-9,32
Carretera;Tasa de variación anual;Duración media de los viajes;2020M09;-12,83
Carretera;Tasa de variación anual;Duración media de los viajes;2020M08;-1,15
Carretera;Tasa de variación anual;Duración media de los viajes;2020M07;-8,01
Carretera;Tasa de variación anual;Duración media de los viajes;2020M06;-18,20
Carretera;Tasa de variación anual;Duración media de los viajes;2020M05;-100,00
Carretera;Tasa de variación anual;Duración media de los viajes;2020M04;-100,00
Carretera;Tasa de variación anual;Duración media de los viajes;2020M03;-23,07
Carretera;Tasa de variación anual;Duración media de los viajes;2020M02;-9,52
Carretera;Tasa de variación anual;Duración media de los viajes;2020M01;2,21
Carretera;Tasa de variación anual;Duración media de los viajes;2019M12;-17,28
Carretera;Tasa de variación anual;Duración media de los viajes;2019M11;-12,04
Carretera;Tasa de variación anual;Duración media de los viajes;2019M10;-9,86
Carretera;Tasa de variación anual;Duración media de los viajes;2019M09;-2,87
Carretera;Tasa de variación anual;Duración media de los viajes;2019M08;-0,45
Carretera;Tasa de variación anual;Duración media de los viajes;2019M07;3,49
Carretera;Tasa de variación anual;Duración media de los viajes;2019M06;-24,79
Carretera;Tasa de variación anual;Duración media de los viajes;2019M05;2,72
Carretera;Tasa de variación anual;Duración media de los viajes;2019M04;-18,44
Carretera;Tasa de variación anual;Duración media de los viajes;2019M03;9,59
Carretera;Tasa de variación anual;Duración media de los viajes;2019M02;6,64
Carretera;Tasa de variación anual;Duración media de los viajes;2019M01;-8,07
Carretera;Tasa de variación anual;Duración media de los viajes;2018M12;-15,32
Carretera;Tasa de variación anual;Duración media de los viajes;2018M11;-0,40
Carretera;Tasa de variación anual;Duración media de los viajes;2018M10;-14,05
Carretera;Tasa de variación anual;Duración media de los viajes;2018M09;-3,96
Carretera;Tasa de variación anual;Duración media de los viajes;2018M08;-4,81
Carretera;Tasa de variación anual;Duración media de los viajes;2018M07;-3,08
Carretera;Tasa de variación anual;Duración media de los viajes;2018M06;8,91
Carretera;Tasa de variación anual;Duración media de los viajes;2018M05;-2,60
Carretera;Tasa de variación anual;Duración media de los viajes;2018M04;0,42
Carretera;Tasa de variación anual;Duración media de los viajes;2018M03;-10,93
Carretera;Tasa de variación anual;Duración media de los viajes;2018M02;-21,44
Carretera;Tasa de variación anual;Duración media de los viajes;2018M01;-3,93
Carretera;Tasa de variación anual;Duración media de los viajes;2017M12;27,49
Carretera;Tasa de variación anual;Duración media de los viajes;2017M11;-3,80
Carretera;Tasa de variación anual;Duración media de los viajes;2017M10;2,32
Carretera;Tasa de variación anual;Duración media de los viajes;2017M09;2,36
Carretera;Tasa de variación anual;Duración media de los viajes;2017M08;-0,01
Carretera;Tasa de variación anual;Duración media de los viajes;2017M07;-8,73
Carretera;Tasa de variación anual;Duración media de los viajes;2017M06;3,74
Carretera;Tasa de variación anual;Duración media de los viajes;2017M05;-7,36
Carretera;Tasa de variación anual;Duración media de los viajes;2017M04;0,55
Carretera;Tasa de variación anual;Duración media de los viajes;2017M03;41,81
Carretera;Tasa de variación anual;Duración media de los viajes;2017M02;18,03
Carretera;Tasa de variación anual;Duración media de los viajes;2017M01;-0,33
Carretera;Tasa de variación anual;Duración media de los viajes;2016M12;21,14
Carretera;Tasa de variación anual;Duración media de los viajes;2016M11;11,83
Carretera;Tasa de variación anual;Duración media de los viajes;2016M10;-16,63
Carretera;Tasa de variación anual;Duración media de los viajes;2016M09;2,28
Carretera;Tasa de variación anual;Duración media de los viajes;2016M08;-8,45
Carretera;Tasa de variación anual;Duración media de los viajes;2016M07;-6,45
Carretera;Tasa de variación anual;Duración media de los viajes;2016M06;5,64
Carretera;Tasa de variación anual;Duración media de los viajes;2016M05;22,37
Carretera;Tasa de variación anual;Duración media de los viajes;2016M04;9,93
Carretera;Tasa de variación anual;Duración media de los viajes;2016M03;3,52
Carretera;Tasa de variación anual;Duración media de los viajes;2016M02;21,46
Carretera;Tasa de variación anual;Duración media de los viajes;2016M01;8,47
Carretera;Tasa de variación anual;Duración media de los viajes;2015M12;-18,35
Carretera;Tasa de variación anual;Duración media de los viajes;2015M11;-11,84
Carretera;Tasa de variación anual;Duración media de los viajes;2015M10;31,22
Carretera;Acumulado en lo que va de año;Gasto total;2026M07;6.403,82
Carretera;Acumulado en lo que va de año;Gasto total;2026M06;4.499,61
Carretera;Acumulado en lo que va de año;Gasto total;2026M05;3.541,70
Carretera;Acumulado en lo que va de año;Gasto total;2026M04;2.639,10
Carretera;Acumulado en lo que va de año;Gasto total;2026M03;1.678,53
Carretera;Acumulado en lo que va de año;Gasto total;2026M02;1.032,29
Carretera;Acumulado en lo que va de año;Gasto total;2026M01;475,31
Carretera;Acumulado en lo que va de año;Gasto total;2025M12;11.205,89
Carretera;Acumulado en lo que va de año;Gasto total;2025M11;10.553,92
Carretera;Acumulado en lo que va de año;Gasto total;2025M10;9.947,54
Carretera;Acumulado en lo que va de año;Gasto total;2025M09;8.932,71
Carretera;Acumulado en lo que va de año;Gasto total;2025M08;7.963,62
Carretera;Acumulado en lo que va de año;Gasto total;2025M07;6.116,04
Carretera;Acumulado en lo que va de año;Gasto total;2025M06;4.384,96
Carretera;Acumulado en lo que va de año;Gasto total;2025M05;3.468,83
Carretera;Acumulado en lo que va de año;Gasto total;2025M04;2.635,75
Carretera;Acumulado en lo que va de año;Gasto total;2025M03;1.770,35
Carretera;Acumulado en lo que va de año;Gasto total;2025M02;1.083,71
Carretera;Acumulado en lo que va de año;Gasto total;2025M01;527,56
Carretera;Acumulado en lo que va de año;Gasto total;2024M12;11.185,05
Carretera;Acumulado en lo que va de año;Gasto total;2024M11;10.463,50
Carretera;Acumulado en lo que va de año;Gasto total;2024M10;9.812,48
Carretera;Acumulado en lo que va de año;Gasto total;2024M09;8.905,66
Carretera;Acumulado en lo que va de año;Gasto total;2024M08;7.843,78
Carretera;Acumulado en lo que va de año;Gasto total;2024M07;5.843,96
Carretera;Acumulado en lo que va de año;Gasto total;2024M06;4.048,79
Carretera;Acumulado en lo que va de año;Gasto total;2024M05;3.285,85
Carretera;Acumulado en lo que va de año;Gasto total;2024M04;2.361,67
Carretera;Acumulado en lo que va de año;Gasto total;2024M03;1.630,36
Carretera;Acumulado en lo que va de año;Gasto total;2024M02;937,19
Carretera;Acumulado en lo que va de año;Gasto total;2024M01;452,83
Carretera;Acumulado en lo que va de año;Gasto total;2023M12;10.290,88
Carretera;Acumulado en lo que va de año;Gasto total;2023M11;9.579,47
Carretera;Acumulado en lo que va de año;Gasto total;2023M10;9.082,10
Carretera;Acumulado en lo que va de año;Gasto total;2023M09;8.318,93
Carretera;Acumulado en lo que va de año;Gasto total;2023M08;7.429,79
Carretera;Acumulado en lo que va de año;Gasto total;2023M07;5.569,23
Carretera;Acumulado en lo que va de año;Gasto total;2023M06;3.860,75
Carretera;Acumulado en lo que va de año;Gasto total;2023M05;3.033,55
Carretera;Acumulado en lo que va de año;Gasto total;2023M04;2.108,13
Carretera;Acumulado en lo que va de año;Gasto total;2023M03;1.365,77
Carretera;Acumulado en lo que va de año;Gasto total;2023M02;816,82
Carretera;Acumulado en lo que va de año;Gasto total;2023M01;355,85
Carretera;Acumulado en lo que va de año;Gasto total;2022M12;8.156,81
Carretera;Acumulado en lo que va de año;Gasto total;2022M11;7.568,34
Carretera;Acumulado en lo que va de año;Gasto total;2022M10;7.138,15
Carretera;Acumulado en lo que va de año;Gasto total;2022M09;6.443,82
Carretera;Acumulado en lo que va de año;Gasto total;2022M08;5.640,15
Carretera;Acumulado en lo que va de año;Gasto total;2022M07;4.091,40
Carretera;Acumulado en lo que va de año;Gasto total;2022M06;2.671,51
Carretera;Acumulado en lo que va de año;Gasto total;2022M05;2.037,53
Carretera;Acumulado en lo que va de año;Gasto total;2022M04;1.510,99
Carretera;Acumulado en lo que va de año;Gasto total;2022M03;1.000,07
Carretera;Acumulado en lo que va de año;Gasto total;2022M02;667,78
Carretera;Acumulado en lo que va de año;Gasto total;2022M01;279,83
Carretera;Acumulado en lo que va de año;Gasto total;2021M12;3.971,20
Carretera;Acumulado en lo que va de año;Gasto total;2021M11;3.636,00
Carretera;Acumulado en lo que va de año;Gasto total;2021M10;3.323,24
Carretera;Acumulado en lo que va de año;Gasto total;2021M09;2.837,39
Carretera;Acumulado en lo que va de año;Gasto total;2021M08;2.294,65
Carretera;Acumulado en lo que va de año;Gasto total;2021M07;1.381,13
Carretera;Acumulado en lo que va de año;Gasto total;2021M06;693,34
Carretera;Acumulado en lo que va de año;Gasto total;2021M05;438,84
Carretera;Acumulado en lo que va de año;Gasto total;2021M04;275,29
Carretera;Acumulado en lo que va de año;Gasto total;2021M03;201,86
Carretera;Acumulado en lo que va de año;Gasto total;2021M02;121,64
Carretera;Acumulado en lo que va de año;Gasto total;2021M01;78,87
Carretera;Acumulado en lo que va de año;Gasto total;2020M12;2.684,07
Carretera;Acumulado en lo que va de año;Gasto total;2020M11;2.591,37
Carretera;Acumulado en lo que va de año;Gasto total;2020M10;2.537,65
Carretera;Acumulado en lo que va de año;Gasto total;2020M09;2.328,82
Carretera;Acumulado en lo que va de año;Gasto total;2020M08;2.058,40
Carretera;Acumulado en lo que va de año;Gasto total;2020M07;1.438,14
Carretera;Acumulado en lo que va de año;Gasto total;2020M06;964,81
Carretera;Acumulado en lo que va de año;Gasto total;2020M05;897,39
Carretera;Acumulado en lo que va de año;Gasto total;2020M04;897,39
Carretera;Acumulado en lo que va de año;Gasto total;2020M03;897,39
Carretera;Acumulado en lo que va de año;Gasto total;2020M02;698,83
Carretera;Acumulado en lo que va de año;Gasto total;2020M01;340,65
Carretera;Acumulado en lo que va de año;Gasto total;2019M12;7.755,47
Carretera;Acumulado en lo que va de año;Gasto total;2019M11;7.343,97
Carretera;Acumulado en lo que va de año;Gasto total;2019M10;6.987,15
Carretera;Acumulado en lo que va de año;Gasto total;2019M09;6.430,55
Carretera;Acumulado en lo que va de año;Gasto total;2019M08;5.708,22
Carretera;Acumulado en lo que va de año;Gasto total;2019M07;4.273,99
Carretera;Acumulado en lo que va de año;Gasto total;2019M06;3.049,74
Carretera;Acumulado en lo que va de año;Gasto total;2019M05;2.387,14
Carretera;Acumulado en lo que va de año;Gasto total;2019M04;1.762,67
Carretera;Acumulado en lo que va de año;Gasto total;2019M03;1.194,89
Carretera;Acumulado en lo que va de año;Gasto total;2019M02;680,85
Carretera;Acumulado en lo que va de año;Gasto total;2019M01;308,30
Carretera;Acumulado en lo que va de año;Gasto total;2018M12;7.609,38
Carretera;Acumulado en lo que va de año;Gasto total;2018M11;7.218,69
Carretera;Acumulado en lo que va de año;Gasto total;2018M10;6.848,58
Carretera;Acumulado en lo que va de año;Gasto total;2018M09;6.287,32
Carretera;Acumulado en lo que va de año;Gasto total;2018M08;5.553,88
Carretera;Acumulado en lo que va de año;Gasto total;2018M07;4.180,02
Carretera;Acumulado en lo que va de año;Gasto total;2018M06;3.137,41
Carretera;Acumulado en lo que va de año;Gasto total;2018M05;2.410,77
Carretera;Acumulado en lo que va de año;Gasto total;2018M04;1.719,84
Carretera;Acumulado en lo que va de año;Gasto total;2018M03;1.105,74
Carretera;Acumulado en lo que va de año;Gasto total;2018M02;630,77
Carretera;Acumulado en lo que va de año;Gasto total;2018M01;300,62
Carretera;Acumulado en lo que va de año;Gasto total;2017M12;7.531,47
Carretera;Acumulado en lo que va de año;Gasto total;2017M11;7.161,61
Carretera;Acumulado en lo que va de año;Gasto total;2017M10;6.824,82
Carretera;Acumulado en lo que va de año;Gasto total;2017M09;6.210,49
Carretera;Acumulado en lo que va de año;Gasto total;2017M08;5.522,18
Carretera;Acumulado en lo que va de año;Gasto total;2017M07;4.202,89
Carretera;Acumulado en lo que va de año;Gasto total;2017M06;2.983,41
Carretera;Acumulado en lo que va de año;Gasto total;2017M05;2.312,61
Carretera;Acumulado en lo que va de año;Gasto total;2017M04;1.647,69
Carretera;Acumulado en lo que va de año;Gasto total;2017M03;1.034,45
Carretera;Acumulado en lo que va de año;Gasto total;2017M02;606,04
Carretera;Acumulado en lo que va de año;Gasto total;2017M01;268,61
Carretera;Acumulado en lo que va de año;Gasto total;2016M12;7.325,71
Carretera;Acumulado en lo que va de año;Gasto total;2016M11;6.936,17
Carretera;Acumulado en lo que va de año;Gasto total;2016M10;6.544,42
Carretera;Acumulado en lo que va de año;Gasto total;2016M09;5.915,74
Carretera;Acumulado en lo que va de año;Gasto total;2016M08;5.213,23
Carretera;Acumulado en lo que va de año;Gasto total;2016M07;3.834,03
Carretera;Acumulado en lo que va de año;Gasto total;2016M06;2.662,01
Carretera;Acumulado en lo que va de año;Gasto total;2016M05;2.090,22
Carretera;Acumulado en lo que va de año;Gasto total;2016M04;1.465,63
Carretera;Acumulado en lo que va de año;Gasto total;2016M03;944,10
Carretera;Acumulado en lo que va de año;Gasto total;2016M02;607,12
Carretera;Acumulado en lo que va de año;Gasto total;2016M01;318,19
Carretera;Acumulado en lo que va de año;Gasto total;2015M12;""
Carretera;Acumulado en lo que va de año;Gasto total;2015M11;""
Carretera;Acumulado en lo que va de año;Gasto total;2015M10;""
Carretera;Acumulado en lo que va de año;Gasto medio por persona;2026M07;816
Carretera;Acumulado en lo que va de año;Gasto medio por persona;2026M06;766
Carretera;Acumulado en lo que va de año;Gasto medio por persona;2026M05;765
Carretera;Acumulado en lo que va de año;Gasto medio por persona;2026M04;781
Carretera;Acumulado en lo que va de año;Gasto medio por persona;2026M03;787
Carretera;Acumulado en lo que va de año;Gasto medio por persona;2026M02;793
Carretera;Acumulado en lo que va de año;Gasto medio por persona;2026M01;818
Carretera;Acumulado en lo que va de año;Gasto medio por persona;2025M12;802
Carretera;Acumulado en lo que va de año;Gasto medio por persona;2025M11;807
Carretera;Acumulado en lo que va de año;Gasto medio por persona;2025M10;809
Carretera;Acumulado en lo que va de año;Gasto medio por persona;2025M09;801
Carretera;Acumulado en lo que va de año;Gasto medio por persona;2025M08;800
Carretera;Acumulado en lo que va de año;Gasto medio por persona;2025M07;787
Carretera;Acumulado en lo que va de año;Gasto medio por persona;2025M06;759
Carretera;Acumulado en lo que va de año;Gasto medio por persona;2025M05;745
Carretera;Acumulado en lo que va de año;Gasto medio por persona;2025M04;740
Carretera;Acumulado en lo que va de año;Gasto medio por persona;2025M03;775
Carretera;Acumulado en lo que va de año;Gasto medio por persona;2025M02;758
Carretera;Acumulado en lo que va de año;Gasto medio por persona;2025M01;734
Carretera;Acumulado en lo que va de año;Gasto medio por persona;2024M12;785
Carretera;Acumulado en lo que va de año;Gasto medio por persona;2024M11;788
Carretera;Acumulado en lo que va de año;Gasto medio por persona;2024M10;791
Carretera;Acumulado en lo que va de año;Gasto medio por persona;2024M09;793
Carretera;Acumulado en lo que va de año;Gasto medio por persona;2024M08;786
Carretera;Acumulado en lo que va de año;Gasto medio por persona;2024M07;766
Carretera;Acumulado en lo que va de año;Gasto medio por persona;2024M06;717
Carretera;Acumulado en lo que va de año;Gasto medio por persona;2024M05;714
Carretera;Acumulado en lo que va de año;Gasto medio por persona;2024M04;711
Carretera;Acumulado en lo que va de año;Gasto medio por persona;2024M03;732
Carretera;Acumulado en lo que va de año;Gasto medio por persona;2024M02;712
Carretera;Acumulado en lo que va de año;Gasto medio por persona;2024M01;710
Carretera;Acumulado en lo que va de año;Gasto medio por persona;2023M12;768
Carretera;Acumulado en lo que va de año;Gasto medio por persona;2023M11;774
Carretera;Acumulado en lo que va de año;Gasto medio por persona;2023M10;777
Carretera;Acumulado en lo que va de año;Gasto medio por persona;2023M09;779
Carretera;Acumulado en lo que va de año;Gasto medio por persona;2023M08;780
Carretera;Acumulado en lo que va de año;Gasto medio por persona;2023M07;762
Carretera;Acumulado en lo que va de año;Gasto medio por persona;2023M06;723
Carretera;Acumulado en lo que va de año;Gasto medio por persona;2023M05;707
Carretera;Acumulado en lo que va de año;Gasto medio por persona;2023M04;695
Carretera;Acumulado en lo que va de año;Gasto medio por persona;2023M03;708
Carretera;Acumulado en lo que va de año;Gasto medio por persona;2023M02;670
Carretera;Acumulado en lo que va de año;Gasto medio por persona;2023M01;658
Carretera;Acumulado en lo que va de año;Gasto medio por persona;2022M12;744
Carretera;Acumulado en lo que va de año;Gasto medio por persona;2022M11;746
Carretera;Acumulado en lo que va de año;Gasto medio por persona;2022M10;747
Carretera;Acumulado en lo que va de año;Gasto medio por persona;2022M09;748
Carretera;Acumulado en lo que va de año;Gasto medio por persona;2022M08;744
Carretera;Acumulado en lo que va de año;Gasto medio por persona;2022M07;711
Carretera;Acumulado en lo que va de año;Gasto medio por persona;2022M06;670
Carretera;Acumulado en lo que va de año;Gasto medio por persona;2022M05;662
Carretera;Acumulado en lo que va de año;Gasto medio por persona;2022M04;666
Carretera;Acumulado en lo que va de año;Gasto medio por persona;2022M03;687
Carretera;Acumulado en lo que va de año;Gasto medio por persona;2022M02;678
Carretera;Acumulado en lo que va de año;Gasto medio por persona;2022M01;650
Carretera;Acumulado en lo que va de año;Gasto medio por persona;2021M12;622
Carretera;Acumulado en lo que va de año;Gasto medio por persona;2021M11;629
Carretera;Acumulado en lo que va de año;Gasto medio por persona;2021M10;631
Carretera;Acumulado en lo que va de año;Gasto medio por persona;2021M09;630
Carretera;Acumulado en lo que va de año;Gasto medio por persona;2021M08;624
Carretera;Acumulado en lo que va de año;Gasto medio por persona;2021M07;578
Carretera;Acumulado en lo que va de año;Gasto medio por persona;2021M06;494
Carretera;Acumulado en lo que va de año;Gasto medio por persona;2021M05;471
Carretera;Acumulado en lo que va de año;Gasto medio por persona;2021M04;493
Carretera;Acumulado en lo que va de año;Gasto medio por persona;2021M03;479
Carretera;Acumulado en lo que va de año;Gasto medio por persona;2021M02;449
Carretera;Acumulado en lo que va de año;Gasto medio por persona;2021M01;451
Carretera;Acumulado en lo que va de año;Gasto medio por persona;2020M12;541
Carretera;Acumulado en lo que va de año;Gasto medio por persona;2020M11;548
Carretera;Acumulado en lo que va de año;Gasto medio por persona;2020M10;551
Carretera;Acumulado en lo que va de año;Gasto medio por persona;2020M09;562
Carretera;Acumulado en lo que va de año;Gasto medio por persona;2020M08;574
Carretera;Acumulado en lo que va de año;Gasto medio por persona;2020M07;564
Carretera;Acumulado en lo que va de año;Gasto medio por persona;2020M06;563
Carretera;Acumulado en lo que va de año;Gasto medio por persona;2020M05;569
Carretera;Acumulado en lo que va de año;Gasto medio por persona;2020M04;569
Carretera;Acumulado en lo que va de año;Gasto medio por persona;2020M03;569
Carretera;Acumulado en lo que va de año;Gasto medio por persona;2020M02;567
Carretera;Acumulado en lo que va de año;Gasto medio por persona;2020M01;590
Carretera;Acumulado en lo que va de año;Gasto medio por persona;2019M12;608
Carretera;Acumulado en lo que va de año;Gasto medio por persona;2019M11;611
Carretera;Acumulado en lo que va de año;Gasto medio por persona;2019M10;613
Carretera;Acumulado en lo que va de año;Gasto medio por persona;2019M09;616
Carretera;Acumulado en lo que va de año;Gasto medio por persona;2019M08;617
Carretera;Acumulado en lo que va de año;Gasto medio por persona;2019M07;608
Carretera;Acumulado en lo que va de año;Gasto medio por persona;2019M06;580
Carretera;Acumulado en lo que va de año;Gasto medio por persona;2019M05;577
Carretera;Acumulado en lo que va de año;Gasto medio por persona;2019M04;566
Carretera;Acumulado en lo que va de año;Gasto medio por persona;2019M03;595
Carretera;Acumulado en lo que va de año;Gasto medio por persona;2019M02;566
Carretera;Acumulado en lo que va de año;Gasto medio por persona;2019M01;571
Carretera;Acumulado en lo que va de año;Gasto medio por persona;2018M12;589
Carretera;Acumulado en lo que va de año;Gasto medio por persona;2018M11;589
Carretera;Acumulado en lo que va de año;Gasto medio por persona;2018M10;588
Carretera;Acumulado en lo que va de año;Gasto medio por persona;2018M09;587
Carretera;Acumulado en lo que va de año;Gasto medio por persona;2018M08;585
Carretera;Acumulado en lo que va de año;Gasto medio por persona;2018M07;585
Carretera;Acumulado en lo que va de año;Gasto medio por persona;2018M06;582
Carretera;Acumulado en lo que va de año;Gasto medio por persona;2018M05;561
Carretera;Acumulado en lo que va de año;Gasto medio por persona;2018M04;556
Carretera;Acumulado en lo que va de año;Gasto medio por persona;2018M03;566
Carretera;Acumulado en lo que va de año;Gasto medio por persona;2018M02;544
Carretera;Acumulado en lo que va de año;Gasto medio por persona;2018M01;559
Carretera;Acumulado en lo que va de año;Gasto medio por persona;2017M12;584
Carretera;Acumulado en lo que va de año;Gasto medio por persona;2017M11;585
Carretera;Acumulado en lo que va de año;Gasto medio por persona;2017M10;588
Carretera;Acumulado en lo que va de año;Gasto medio por persona;2017M09;583
Carretera;Acumulado en lo que va de año;Gasto medio por persona;2017M08;582
Carretera;Acumulado en lo que va de año;Gasto medio por persona;2017M07;586
Carretera;Acumulado en lo que va de año;Gasto medio por persona;2017M06;580
Carretera;Acumulado en lo que va de año;Gasto medio por persona;2017M05;571
Carretera;Acumulado en lo que va de año;Gasto medio por persona;2017M04;570
Carretera;Acumulado en lo que va de año;Gasto medio por persona;2017M03;597
Carretera;Acumulado en lo que va de año;Gasto medio por persona;2017M02;586
Carretera;Acumulado en lo que va de año;Gasto medio por persona;2017M01;574
Carretera;Acumulado en lo que va de año;Gasto medio por persona;2016M12;565
Carretera;Acumulado en lo que va de año;Gasto medio por persona;2016M11;565
Carretera;Acumulado en lo que va de año;Gasto medio por persona;2016M10;563
Carretera;Acumulado en lo que va de año;Gasto medio por persona;2016M09;557
Carretera;Acumulado en lo que va de año;Gasto medio por persona;2016M08;555
Carretera;Acumulado en lo que va de año;Gasto medio por persona;2016M07;557
Carretera;Acumulado en lo que va de año;Gasto medio por persona;2016M06;544
Carretera;Acumulado en lo que va de año;Gasto medio por persona;2016M05;534
Carretera;Acumulado en lo que va de año;Gasto medio por persona;2016M04;515
Carretera;Acumulado en lo que va de año;Gasto medio por persona;2016M03;523
Carretera;Acumulado en lo que va de año;Gasto medio por persona;2016M02;561
Carretera;Acumulado en lo que va de año;Gasto medio por persona;2016M01;614
Carretera;Acumulado en lo que va de año;Gasto medio por persona;2015M12;""
Carretera;Acumulado en lo que va de año;Gasto medio por persona;2015M11;""
Carretera;Acumulado en lo que va de año;Gasto medio por persona;2015M10;""
Carretera;Acumulado en lo que va de año;Gasto medio diario por persona;2026M07;106
Carretera;Acumulado en lo que va de año;Gasto medio diario por persona;2026M06;100
Carretera;Acumulado en lo que va de año;Gasto medio diario por persona;2026M05;98
Carretera;Acumulado en lo que va de año;Gasto medio diario por persona;2026M04;93
Carretera;Acumulado en lo que va de año;Gasto medio diario por persona;2026M03;92
Carretera;Acumulado en lo que va de año;Gasto medio diario por persona;2026M02;93
Carretera;Acumulado en lo que va de año;Gasto medio diario por persona;2026M01;96
Carretera;Acumulado en lo que va de año;Gasto medio diario por persona;2025M12;107
Carretera;Acumulado en lo que va de año;Gasto medio diario por persona;2025M11;107
Carretera;Acumulado en lo que va de año;Gasto medio diario por persona;2025M10;108
Carretera;Acumulado en lo que va de año;Gasto medio diario por persona;2025M09;108
Carretera;Acumulado en lo que va de año;Gasto medio diario por persona;2025M08;109
Carretera;Acumulado en lo que va de año;Gasto medio diario por persona;2025M07;105
Carretera;Acumulado en lo que va de año;Gasto medio diario por persona;2025M06;100
Carretera;Acumulado en lo que va de año;Gasto medio diario por persona;2025M05;96
Carretera;Acumulado en lo que va de año;Gasto medio diario por persona;2025M04;93
Carretera;Acumulado en lo que va de año;Gasto medio diario por persona;2025M03;92
Carretera;Acumulado en lo que va de año;Gasto medio diario por persona;2025M02;93
Carretera;Acumulado en lo que va de año;Gasto medio diario por persona;2025M01;91
Carretera;Acumulado en lo que va de año;Gasto medio diario por persona;2024M12;101
Carretera;Acumulado en lo que va de año;Gasto medio diario por persona;2024M11;102
Carretera;Acumulado en lo que va de año;Gasto medio diario por persona;2024M10;103
Carretera;Acumulado en lo que va de año;Gasto medio diario por persona;2024M09;103
Carretera;Acumulado en lo que va de año;Gasto medio diario por persona;2024M08;103
Carretera;Acumulado en lo que va de año;Gasto medio diario por persona;2024M07;99
Carretera;Acumulado en lo que va de año;Gasto medio diario por persona;2024M06;94
Carretera;Acumulado en lo que va de año;Gasto medio diario por persona;2024M05;92
Carretera;Acumulado en lo que va de año;Gasto medio diario por persona;2024M04;87
Carretera;Acumulado en lo que va de año;Gasto medio diario por persona;2024M03;86
Carretera;Acumulado en lo que va de año;Gasto medio diario por persona;2024M02;84
Carretera;Acumulado en lo que va de año;Gasto medio diario por persona;2024M01;81
Carretera;Acumulado en lo que va de año;Gasto medio diario por persona;2023M12;100
Carretera;Acumulado en lo que va de año;Gasto medio diario por persona;2023M11;101
Carretera;Acumulado en lo que va de año;Gasto medio diario por persona;2023M10;102
Carretera;Acumulado en lo que va de año;Gasto medio diario por persona;2023M09;102
Carretera;Acumulado en lo que va de año;Gasto medio diario por persona;2023M08;102
Carretera;Acumulado en lo que va de año;Gasto medio diario por persona;2023M07;101
Carretera;Acumulado en lo que va de año;Gasto medio diario por persona;2023M06;98
Carretera;Acumulado en lo que va de año;Gasto medio diario por persona;2023M05;94
Carretera;Acumulado en lo que va de año;Gasto medio diario por persona;2023M04;90
Carretera;Acumulado en lo que va de año;Gasto medio diario por persona;2023M03;88
Carretera;Acumulado en lo que va de año;Gasto medio diario por persona;2023M02;83
Carretera;Acumulado en lo que va de año;Gasto medio diario por persona;2023M01;81
Carretera;Acumulado en lo que va de año;Gasto medio diario por persona;2022M12;97
Carretera;Acumulado en lo que va de año;Gasto medio diario por persona;2022M11;97
Carretera;Acumulado en lo que va de año;Gasto medio diario por persona;2022M10;98
Carretera;Acumulado en lo que va de año;Gasto medio diario por persona;2022M09;98
Carretera;Acumulado en lo que va de año;Gasto medio diario por persona;2022M08;98
Carretera;Acumulado en lo que va de año;Gasto medio diario por persona;2022M07;95
Carretera;Acumulado en lo que va de año;Gasto medio diario por persona;2022M06;91
Carretera;Acumulado en lo que va de año;Gasto medio diario por persona;2022M05;88
Carretera;Acumulado en lo que va de año;Gasto medio diario por persona;2022M04;83
Carretera;Acumulado en lo que va de año;Gasto medio diario por persona;2022M03;79
Carretera;Acumulado en lo que va de año;Gasto medio diario por persona;2022M02;79
Carretera;Acumulado en lo que va de año;Gasto medio diario por persona;2022M01;68
Carretera;Acumulado en lo que va de año;Gasto medio diario por persona;2021M12;79
Carretera;Acumulado en lo que va de año;Gasto medio diario por persona;2021M11;81
Carretera;Acumulado en lo que va de año;Gasto medio diario por persona;2021M10;81
Carretera;Acumulado en lo que va de año;Gasto medio diario por persona;2021M09;82
Carretera;Acumulado en lo que va de año;Gasto medio diario por persona;2021M08;83
Carretera;Acumulado en lo que va de año;Gasto medio diario por persona;2021M07;83
Carretera;Acumulado en lo que va de año;Gasto medio diario por persona;2021M06;81
Carretera;Acumulado en lo que va de año;Gasto medio diario por persona;2021M05;75
Carretera;Acumulado en lo que va de año;Gasto medio diario por persona;2021M04;68
Carretera;Acumulado en lo que va de año;Gasto medio diario por persona;2021M03;63
Carretera;Acumulado en lo que va de año;Gasto medio diario por persona;2021M02;56
Carretera;Acumulado en lo que va de año;Gasto medio diario por persona;2021M01;53
Carretera;Acumulado en lo que va de año;Gasto medio diario por persona;2020M12;75
Carretera;Acumulado en lo que va de año;Gasto medio diario por persona;2020M11;75
Carretera;Acumulado en lo que va de año;Gasto medio diario por persona;2020M10;75
Carretera;Acumulado en lo que va de año;Gasto medio diario por persona;2020M09;76
Carretera;Acumulado en lo que va de año;Gasto medio diario por persona;2020M08;77
Carretera;Acumulado en lo que va de año;Gasto medio diario por persona;2020M07;77
Carretera;Acumulado en lo que va de año;Gasto medio diario por persona;2020M06;76
Carretera;Acumulado en lo que va de año;Gasto medio diario por persona;2020M05;75
Carretera;Acumulado en lo que va de año;Gasto medio diario por persona;2020M04;75
Carretera;Acumulado en lo que va de año;Gasto medio diario por persona;2020M03;75
Carretera;Acumulado en lo que va de año;Gasto medio diario por persona;2020M02;75
Carretera;Acumulado en lo que va de año;Gasto medio diario por persona;2020M01;72
Carretera;Acumulado en lo que va de año;Gasto medio diario por persona;2019M12;80
Carretera;Acumulado en lo que va de año;Gasto medio diario por persona;2019M11;81
Carretera;Acumulado en lo que va de año;Gasto medio diario por persona;2019M10;81
Carretera;Acumulado en lo que va de año;Gasto medio diario por persona;2019M09;81
Carretera;Acumulado en lo que va de año;Gasto medio diario por persona;2019M08;81
Carretera;Acumulado en lo que va de año;Gasto medio diario por persona;2019M07;81
Carretera;Acumulado en lo que va de año;Gasto medio diario por persona;2019M06;79
Carretera;Acumulado en lo que va de año;Gasto medio diario por persona;2019M05;76
Carretera;Acumulado en lo que va de año;Gasto medio diario por persona;2019M04;74
Carretera;Acumulado en lo que va de año;Gasto medio diario por persona;2019M03;69
Carretera;Acumulado en lo que va de año;Gasto medio diario por persona;2019M02;72
Carretera;Acumulado en lo que va de año;Gasto medio diario por persona;2019M01;71
Carretera;Acumulado en lo que va de año;Gasto medio diario por persona;2018M12;74
Carretera;Acumulado en lo que va de año;Gasto medio diario por persona;2018M11;74
Carretera;Acumulado en lo que va de año;Gasto medio diario por persona;2018M10;74
Carretera;Acumulado en lo que va de año;Gasto medio diario por persona;2018M09;74
Carretera;Acumulado en lo que va de año;Gasto medio diario por persona;2018M08;74
Carretera;Acumulado en lo que va de año;Gasto medio diario por persona;2018M07;75
Carretera;Acumulado en lo que va de año;Gasto medio diario por persona;2018M06;73
Carretera;Acumulado en lo que va de año;Gasto medio diario por persona;2018M05;73
Carretera;Acumulado en lo que va de año;Gasto medio diario por persona;2018M04;70
Carretera;Acumulado en lo que va de año;Gasto medio diario por persona;2018M03;68
Carretera;Acumulado en lo que va de año;Gasto medio diario por persona;2018M02;68
Carretera;Acumulado en lo que va de año;Gasto medio diario por persona;2018M01;64
Carretera;Acumulado en lo que va de año;Gasto medio diario por persona;2017M12;70
Carretera;Acumulado en lo que va de año;Gasto medio diario por persona;2017M11;71
Carretera;Acumulado en lo que va de año;Gasto medio diario por persona;2017M10;71
Carretera;Acumulado en lo que va de año;Gasto medio diario por persona;2017M09;71
Carretera;Acumulado en lo que va de año;Gasto medio diario por persona;2017M08;71
Carretera;Acumulado en lo que va de año;Gasto medio diario por persona;2017M07;72
Carretera;Acumulado en lo que va de año;Gasto medio diario por persona;2017M06;71
Carretera;Acumulado en lo que va de año;Gasto medio diario por persona;2017M05;70
Carretera;Acumulado en lo que va de año;Gasto medio diario por persona;2017M04;66
Carretera;Acumulado en lo que va de año;Gasto medio diario por persona;2017M03;63
Carretera;Acumulado en lo que va de año;Gasto medio diario por persona;2017M02;64
Carretera;Acumulado en lo que va de año;Gasto medio diario por persona;2017M01;63
Carretera;Acumulado en lo que va de año;Gasto medio diario por persona;2016M12;69
Carretera;Acumulado en lo que va de año;Gasto medio diario por persona;2016M11;69
Carretera;Acumulado en lo que va de año;Gasto medio diario por persona;2016M10;69
Carretera;Acumulado en lo que va de año;Gasto medio diario por persona;2016M09;69
Carretera;Acumulado en lo que va de año;Gasto medio diario por persona;2016M08;69
Carretera;Acumulado en lo que va de año;Gasto medio diario por persona;2016M07;70
Carretera;Acumulado en lo que va de año;Gasto medio diario por persona;2016M06;71
Carretera;Acumulado en lo que va de año;Gasto medio diario por persona;2016M05;69
Carretera;Acumulado en lo que va de año;Gasto medio diario por persona;2016M04;67
Carretera;Acumulado en lo que va de año;Gasto medio diario por persona;2016M03;67
Carretera;Acumulado en lo que va de año;Gasto medio diario por persona;2016M02;66
Carretera;Acumulado en lo que va de año;Gasto medio diario por persona;2016M01;67
Carretera;Acumulado en lo que va de año;Gasto medio diario por persona;2015M12;""
Carretera;Acumulado en lo que va de año;Gasto medio diario por persona;2015M11;""
Carretera;Acumulado en lo que va de año;Gasto medio diario por persona;2015M10;""
Carretera;Acumulado en lo que va de año;Duración media de los viajes;2026M07;7,72
Carretera;Acumulado en lo que va de año;Duración media de los viajes;2026M06;7,68
Carretera;Acumulado en lo que va de año;Duración media de los viajes;2026M05;7,82
Carretera;Acumulado en lo que va de año;Duración media de los viajes;2026M04;8,41
Carretera;Acumulado en lo que va de año;Duración media de los viajes;2026M03;8,52
Carretera;Acumulado en lo que va de año;Duración media de los viajes;2026M02;8,57
Carretera;Acumulado en lo que va de año;Duración media de los viajes;2026M01;8,56
Carretera;Acumulado en lo que va de año;Duración media de los viajes;2025M12;7,53
Carretera;Acumulado en lo que va de año;Duración media de los viajes;2025M11;7,53
Carretera;Acumulado en lo que va de año;Duración media de los viajes;2025M10;7,49
Carretera;Acumulado en lo que va de año;Duración media de los viajes;2025M09;7,41
Carretera;Acumulado en lo que va de año;Duración media de los viajes;2025M08;7,36
Carretera;Acumulado en lo que va de año;Duración media de los viajes;2025M07;7,53
Carretera;Acumulado en lo que va de año;Duración media de los viajes;2025M06;7,55
Carretera;Acumulado en lo que va de año;Duración media de los viajes;2025M05;7,73
Carretera;Acumulado en lo que va de año;Duración media de los viajes;2025M04;7,92
Carretera;Acumulado en lo que va de año;Duración media de los viajes;2025M03;8,42
Carretera;Acumulado en lo que va de año;Duración media de los viajes;2025M02;8,14
Carretera;Acumulado en lo que va de año;Duración media de los viajes;2025M01;8,08
Carretera;Acumulado en lo que va de año;Duración media de los viajes;2024M12;7,79
Carretera;Acumulado en lo que va de año;Duración media de los viajes;2024M11;7,73
Carretera;Acumulado en lo que va de año;Duración media de los viajes;2024M10;7,68
Carretera;Acumulado en lo que va de año;Duración media de los viajes;2024M09;7,69
Carretera;Acumulado en lo que va de año;Duración media de los viajes;2024M08;7,66
Carretera;Acumulado en lo que va de año;Duración media de los viajes;2024M07;7,76
Carretera;Acumulado en lo que va de año;Duración media de los viajes;2024M06;7,64
Carretera;Acumulado en lo que va de año;Duración media de los viajes;2024M05;7,79
Carretera;Acumulado en lo que va de año;Duración media de los viajes;2024M04;8,16
Carretera;Acumulado en lo que va de año;Duración media de los viajes;2024M03;8,50
Carretera;Acumulado en lo que va de año;Duración media de los viajes;2024M02;8,45
Carretera;Acumulado en lo que va de año;Duración media de los viajes;2024M01;8,79
Carretera;Acumulado en lo que va de año;Duración media de los viajes;2023M12;7,68
Carretera;Acumulado en lo que va de año;Duración media de los viajes;2023M11;7,65
Carretera;Acumulado en lo que va de año;Duración media de los viajes;2023M10;7,61
Carretera;Acumulado en lo que va de año;Duración media de los viajes;2023M09;7,60
Carretera;Acumulado en lo que va de año;Duración media de los viajes;2023M08;7,64
Carretera;Acumulado en lo que va de año;Duración media de los viajes;2023M07;7,53
Carretera;Acumulado en lo que va de año;Duración media de los viajes;2023M06;7,39
Carretera;Acumulado en lo que va de año;Duración media de los viajes;2023M05;7,51
Carretera;Acumulado en lo que va de año;Duración media de los viajes;2023M04;7,68
Carretera;Acumulado en lo que va de año;Duración media de los viajes;2023M03;8,02
Carretera;Acumulado en lo que va de año;Duración media de los viajes;2023M02;8,02
Carretera;Acumulado en lo que va de año;Duración media de los viajes;2023M01;8,15
Carretera;Acumulado en lo que va de año;Duración media de los viajes;2022M12;7,70
Carretera;Acumulado en lo que va de año;Duración media de los viajes;2022M11;7,67
Carretera;Acumulado en lo que va de año;Duración media de los viajes;2022M10;7,66
Carretera;Acumulado en lo que va de año;Duración media de los viajes;2022M09;7,66
Carretera;Acumulado en lo que va de año;Duración media de los viajes;2022M08;7,61
Carretera;Acumulado en lo que va de año;Duración media de los viajes;2022M07;7,46
Carretera;Acumulado en lo que va de año;Duración media de los viajes;2022M06;7,38
Carretera;Acumulado en lo que va de año;Duración media de los viajes;2022M05;7,53
Carretera;Acumulado en lo que va de año;Duración media de los viajes;2022M04;7,97
Carretera;Acumulado en lo que va de año;Duración media de los viajes;2022M03;8,66
Carretera;Acumulado en lo que va de año;Duración media de los viajes;2022M02;8,62
Carretera;Acumulado en lo que va de año;Duración media de los viajes;2022M01;9,55
Carretera;Acumulado en lo que va de año;Duración media de los viajes;2021M12;7,84
Carretera;Acumulado en lo que va de año;Duración media de los viajes;2021M11;7,78
Carretera;Acumulado en lo que va de año;Duración media de los viajes;2021M10;7,77
Carretera;Acumulado en lo que va de año;Duración media de los viajes;2021M09;7,72
Carretera;Acumulado en lo que va de año;Duración media de los viajes;2021M08;7,56
Carretera;Acumulado en lo que va de año;Duración media de los viajes;2021M07;6,96
Carretera;Acumulado en lo que va de año;Duración media de los viajes;2021M06;6,07
Carretera;Acumulado en lo que va de año;Duración media de los viajes;2021M05;6,32
Carretera;Acumulado en lo que va de año;Duración media de los viajes;2021M04;7,22
Carretera;Acumulado en lo que va de año;Duración media de los viajes;2021M03;7,56
Carretera;Acumulado en lo que va de año;Duración media de los viajes;2021M02;8,01
Carretera;Acumulado en lo que va de año;Duración media de los viajes;2021M01;8,49
Carretera;Acumulado en lo que va de año;Duración media de los viajes;2020M12;7,21
Carretera;Acumulado en lo que va de año;Duración media de los viajes;2020M11;7,27
Carretera;Acumulado en lo que va de año;Duración media de los viajes;2020M10;7,30
Carretera;Acumulado en lo que va de año;Duración media de los viajes;2020M09;7,40
Carretera;Acumulado en lo que va de año;Duración media de los viajes;2020M08;7,48
Carretera;Acumulado en lo que va de año;Duración media de los viajes;2020M07;7,34
Carretera;Acumulado en lo que va de año;Duración media de los viajes;2020M06;7,38
Carretera;Acumulado en lo que va de año;Duración media de los viajes;2020M05;7,54
Carretera;Acumulado en lo que va de año;Duración media de los viajes;2020M04;7,54
Carretera;Acumulado en lo que va de año;Duración media de los viajes;2020M03;7,54
Carretera;Acumulado en lo que va de año;Duración media de los viajes;2020M02;7,59
Carretera;Acumulado en lo que va de año;Duración media de los viajes;2020M01;8,24
Carretera;Acumulado en lo que va de año;Duración media de los viajes;2019M12;7,56
Carretera;Acumulado en lo que va de año;Duración media de los viajes;2019M11;7,57
Carretera;Acumulado en lo que va de año;Duración media de los viajes;2019M10;7,59
Carretera;Acumulado en lo que va de año;Duración media de los viajes;2019M09;7,64
Carretera;Acumulado en lo que va de año;Duración media de los viajes;2019M08;7,59
Carretera;Acumulado en lo que va de año;Duración media de los viajes;2019M07;7,50
Carretera;Acumulado en lo que va de año;Duración media de los viajes;2019M06;7,36
Carretera;Acumulado en lo que va de año;Duración media de los viajes;2019M05;7,56
Carretera;Acumulado en lo que va de año;Duración media de los viajes;2019M04;7,65
Carretera;Acumulado en lo que va de año;Duración media de los viajes;2019M03;8,58
Carretera;Acumulado en lo que va de año;Duración media de los viajes;2019M02;7,89
Carretera;Acumulado en lo que va de año;Duración media de los viajes;2019M01;8,06
Carretera;Acumulado en lo que va de año;Duración media de los viajes;2018M12;7,97
Carretera;Acumulado en lo que va de año;Duración media de los viajes;2018M11;7,92
Carretera;Acumulado en lo que va de año;Duración media de los viajes;2018M10;7,90
Carretera;Acumulado en lo que va de año;Duración media de los viajes;2018M09;7,91
Carretera;Acumulado en lo que va de año;Duración media de los viajes;2018M08;7,87
Carretera;Acumulado en lo que va de año;Duración media de los viajes;2018M07;7,85
Carretera;Acumulado en lo que va de año;Duración media de los viajes;2018M06;7,92
Carretera;Acumulado en lo que va de año;Duración media de los viajes;2018M05;7,69
Carretera;Acumulado en lo que va de año;Duración media de los viajes;2018M04;7,93
Carretera;Acumulado en lo que va de año;Duración media de los viajes;2018M03;8,29
Carretera;Acumulado en lo que va de año;Duración media de los viajes;2018M02;7,97
Carretera;Acumulado en lo que va de año;Duración media de los viajes;2018M01;8,77
Carretera;Acumulado en lo que va de año;Duración media de los viajes;2017M12;8,39
Carretera;Acumulado en lo que va de año;Duración media de los viajes;2017M11;8,27
Carretera;Acumulado en lo que va de año;Duración media de los viajes;2017M10;8,27
Carretera;Acumulado en lo que va de año;Duración media de los viajes;2017M09;8,20
Carretera;Acumulado en lo que va de año;Duración media de los viajes;2017M08;8,16
Carretera;Acumulado en lo que va de año;Duración media de los viajes;2017M07;8,10
Carretera;Acumulado en lo que va de año;Duración media de los viajes;2017M06;8,19
Carretera;Acumulado en lo que va de año;Duración media de los viajes;2017M05;8,21
Carretera;Acumulado en lo que va de año;Duración media de los viajes;2017M04;8,59
Carretera;Acumulado en lo que va de año;Duración media de los viajes;2017M03;9,46
Carretera;Acumulado en lo que va de año;Duración media de los viajes;2017M02;9,20
Carretera;Acumulado en lo que va de año;Duración media de los viajes;2017M01;9,13
Carretera;Acumulado en lo que va de año;Duración media de los viajes;2016M12;8,20
Carretera;Acumulado en lo que va de año;Duración media de los viajes;2016M11;8,20
Carretera;Acumulado en lo que va de año;Duración media de los viajes;2016M10;8,18
Carretera;Acumulado en lo que va de año;Duración media de los viajes;2016M09;8,11
Carretera;Acumulado en lo que va de año;Duración media de los viajes;2016M08;8,08
Carretera;Acumulado en lo que va de año;Duración media de los viajes;2016M07;7,98
Carretera;Acumulado en lo que va de año;Duración media de los viajes;2016M06;7,71
Carretera;Acumulado en lo que va de año;Duración media de los viajes;2016M05;7,69
Carretera;Acumulado en lo que va de año;Duración media de los viajes;2016M04;7,63
Carretera;Acumulado en lo que va de año;Duración media de los viajes;2016M03;7,86
Carretera;Acumulado en lo que va de año;Duración media de los viajes;2016M02;8,47
Carretera;Acumulado en lo que va de año;Duración media de los viajes;2016M01;9,16
Carretera;Acumulado en lo que va de año;Duración media de los viajes;2015M12;""
Carretera;Acumulado en lo que va de año;Duración media de los viajes;2015M11;""
Carretera;Acumulado en lo que va de año;Duración media de los viajes;2015M10;""
Carretera;Tasa de variación acumulada;Gasto total;2026M07;4,71
Carretera;Tasa de variación acumulada;Gasto total;2026M06;2,61
Carretera;Tasa de variación acumulada;Gasto total;2026M05;2,10
Carretera;Tasa de variación acumulada;Gasto total;2026M04;0,13
Carretera;Tasa de variación acumulada;Gasto total;2026M03;-5,19
Carretera;Tasa de variación acumulada;Gasto total;2026M02;-4,75
Carretera;Tasa de variación acumulada;Gasto total;2026M01;-9,90
Carretera;Tasa de variación acumulada;Gasto total;2025M12;0,19
Carretera;Tasa de variación acumulada;Gasto total;2025M11;0,86
Carretera;Tasa de variación acumulada;Gasto total;2025M10;1,38
Carretera;Tasa de variación acumulada;Gasto total;2025M09;0,30
Carretera;Tasa de variación acumulada;Gasto total;2025M08;1,53
Carretera;Tasa de variación acumulada;Gasto total;2025M07;4,66
Carretera;Tasa de variación acumulada;Gasto total;2025M06;8,30
Carretera;Tasa de variación acumulada;Gasto total;2025M05;5,57
Carretera;Tasa de variación acumulada;Gasto total;2025M04;11,61
Carretera;Tasa de variación acumulada;Gasto total;2025M03;8,59
Carretera;Tasa de variación acumulada;Gasto total;2025M02;15,63
Carretera;Tasa de variación acumulada;Gasto total;2025M01;16,50
Carretera;Tasa de variación acumulada;Gasto total;2024M12;8,69
Carretera;Tasa de variación acumulada;Gasto total;2024M11;9,23
Carretera;Tasa de variación acumulada;Gasto total;2024M10;8,04
Carretera;Tasa de variación acumulada;Gasto total;2024M09;7,05
Carretera;Tasa de variación acumulada;Gasto total;2024M08;5,57
Carretera;Tasa de variación acumulada;Gasto total;2024M07;4,93
Carretera;Tasa de variación acumulada;Gasto total;2024M06;4,87
Carretera;Tasa de variación acumulada;Gasto total;2024M05;8,32
Carretera;Tasa de variación acumulada;Gasto total;2024M04;12,03
Carretera;Tasa de variación acumulada;Gasto total;2024M03;19,37
Carretera;Tasa de variación acumulada;Gasto total;2024M02;14,74
Carretera;Tasa de variación acumulada;Gasto total;2024M01;27,25
Carretera;Tasa de variación acumulada;Gasto total;2023M12;26,16
Carretera;Tasa de variación acumulada;Gasto total;2023M11;26,57
Carretera;Tasa de variación acumulada;Gasto total;2023M10;27,23
Carretera;Tasa de variación acumulada;Gasto total;2023M09;29,10
Carretera;Tasa de variación acumulada;Gasto total;2023M08;31,73
Carretera;Tasa de variación acumulada;Gasto total;2023M07;36,12
Carretera;Tasa de variación acumulada;Gasto total;2023M06;44,52
Carretera;Tasa de variación acumulada;Gasto total;2023M05;48,88
Carretera;Tasa de variación acumulada;Gasto total;2023M04;39,52
Carretera;Tasa de variación acumulada;Gasto total;2023M03;36,57
Carretera;Tasa de variación acumulada;Gasto total;2023M02;22,32
Carretera;Tasa de variación acumulada;Gasto total;2023M01;27,17
Carretera;Tasa de variación acumulada;Gasto total;2022M12;105,40
Carretera;Tasa de variación acumulada;Gasto total;2022M11;108,15
Carretera;Tasa de variación acumulada;Gasto total;2022M10;114,80
Carretera;Tasa de variación acumulada;Gasto total;2022M09;127,10
Carretera;Tasa de variación acumulada;Gasto total;2022M08;145,80
Carretera;Tasa de variación acumulada;Gasto total;2022M07;196,24
Carretera;Tasa de variación acumulada;Gasto total;2022M06;285,31
Carretera;Tasa de variación acumulada;Gasto total;2022M05;364,30
Carretera;Tasa de variación acumulada;Gasto total;2022M04;448,88
Carretera;Tasa de variación acumulada;Gasto total;2022M03;395,44
Carretera;Tasa de variación acumulada;Gasto total;2022M02;448,99
Carretera;Tasa de variación acumulada;Gasto total;2022M01;254,78
Carretera;Tasa de variación acumulada;Gasto total;2021M12;47,95
Carretera;Tasa de variación acumulada;Gasto total;2021M11;40,31
Carretera;Tasa de variación acumulada;Gasto total;2021M10;30,96
Carretera;Tasa de variación acumulada;Gasto total;2021M09;21,84
Carretera;Tasa de variación acumulada;Gasto total;2021M08;11,48
Carretera;Tasa de variación acumulada;Gasto total;2021M07;-3,96
Carretera;Tasa de variación acumulada;Gasto total;2021M06;-28,14
Carretera;Tasa de variación acumulada;Gasto total;2021M05;-51,10
Carretera;Tasa de variación acumulada;Gasto total;2021M04;-69,32
Carretera;Tasa de variación acumulada;Gasto total;2021M03;-77,51
Carretera;Tasa de variación acumulada;Gasto total;2021M02;-82,59
Carretera;Tasa de variación acumulada;Gasto total;2021M01;-76,85
Carretera;Tasa de variación acumulada;Gasto total;2020M12;-65,39
Carretera;Tasa de variación acumulada;Gasto total;2020M11;-64,71
Carretera;Tasa de variación acumulada;Gasto total;2020M10;-63,68
Carretera;Tasa de variación acumulada;Gasto total;2020M09;-63,79
Carretera;Tasa de variación acumulada;Gasto total;2020M08;-63,94
Carretera;Tasa de variación acumulada;Gasto total;2020M07;-66,35
Carretera;Tasa de variación acumulada;Gasto total;2020M06;-68,36
Carretera;Tasa de variación acumulada;Gasto total;2020M05;-62,41
Carretera;Tasa de variación acumulada;Gasto total;2020M04;-49,09
Carretera;Tasa de variación acumulada;Gasto total;2020M03;-24,90
Carretera;Tasa de variación acumulada;Gasto total;2020M02;2,64
Carretera;Tasa de variación acumulada;Gasto total;2020M01;10,49
Carretera;Tasa de variación acumulada;Gasto total;2019M12;1,92
Carretera;Tasa de variación acumulada;Gasto total;2019M11;1,74
Carretera;Tasa de variación acumulada;Gasto total;2019M10;2,02
Carretera;Tasa de variación acumulada;Gasto total;2019M09;2,28
Carretera;Tasa de variación acumulada;Gasto total;2019M08;2,78
Carretera;Tasa de variación acumulada;Gasto total;2019M07;2,25
Carretera;Tasa de variación acumulada;Gasto total;2019M06;-2,79
Carretera;Tasa de variación acumulada;Gasto total;2019M05;-0,98
Carretera;Tasa de variación acumulada;Gasto total;2019M04;2,49
Carretera;Tasa de variación acumulada;Gasto total;2019M03;8,06
Carretera;Tasa de variación acumulada;Gasto total;2019M02;7,94
Carretera;Tasa de variación acumulada;Gasto total;2019M01;2,56
Carretera;Tasa de variación acumulada;Gasto total;2018M12;1,03
Carretera;Tasa de variación acumulada;Gasto total;2018M11;0,80
Carretera;Tasa de variación acumulada;Gasto total;2018M10;0,35
Carretera;Tasa de variación acumulada;Gasto total;2018M09;1,24
Carretera;Tasa de variación acumulada;Gasto total;2018M08;0,57
Carretera;Tasa de variación acumulada;Gasto total;2018M07;-0,54
Carretera;Tasa de variación acumulada;Gasto total;2018M06;5,16
Carretera;Tasa de variación acumulada;Gasto total;2018M05;4,24
Carretera;Tasa de variación acumulada;Gasto total;2018M04;4,38
Carretera;Tasa de variación acumulada;Gasto total;2018M03;6,89
Carretera;Tasa de variación acumulada;Gasto total;2018M02;4,08
Carretera;Tasa de variación acumulada;Gasto total;2018M01;11,92
Carretera;Tasa de variación acumulada;Gasto total;2017M12;2,81
Carretera;Tasa de variación acumulada;Gasto total;2017M11;3,25
Carretera;Tasa de variación acumulada;Gasto total;2017M10;4,28
Carretera;Tasa de variación acumulada;Gasto total;2017M09;4,98
Carretera;Tasa de variación acumulada;Gasto total;2017M08;5,93
Carretera;Tasa de variación acumulada;Gasto total;2017M07;9,62
Carretera;Tasa de variación acumulada;Gasto total;2017M06;12,07
Carretera;Tasa de variación acumulada;Gasto total;2017M05;10,64
Carretera;Tasa de variación acumulada;Gasto total;2017M04;12,42
Carretera;Tasa de variación acumulada;Gasto total;2017M03;9,57
Carretera;Tasa de variación acumulada;Gasto total;2017M02;-0,18
Carretera;Tasa de variación acumulada;Gasto total;2017M01;-15,58
Carretera;Tasa de variación acumulada;Gasto total;2016M12;-1,54
Carretera;Tasa de variación acumulada;Gasto total;2016M11;-2,23
Carretera;Tasa de variación acumulada;Gasto total;2016M10;-3,13
Carretera;Tasa de variación acumulada;Gasto total;2016M09;-3,74
Carretera;Tasa de variación acumulada;Gasto total;2016M08;-2,64
Carretera;Tasa de variación acumulada;Gasto total;2016M07;-3,73
Carretera;Tasa de variación acumulada;Gasto total;2016M06;-1,65
Carretera;Tasa de variación acumulada;Gasto total;2016M05;1,57
Carretera;Tasa de variación acumulada;Gasto total;2016M04;3,70
Carretera;Tasa de variación acumulada;Gasto total;2016M03;3,33
Carretera;Tasa de variación acumulada;Gasto total;2016M02;11,07
Carretera;Tasa de variación acumulada;Gasto total;2016M01;10,39
Carretera;Tasa de variación acumulada;Gasto total;2015M12;""
Carretera;Tasa de variación acumulada;Gasto total;2015M11;""
Carretera;Tasa de variación acumulada;Gasto total;2015M10;""
Carretera;Tasa de variación acumulada;Gasto medio por persona;2026M07;3,67
Carretera;Tasa de variación acumulada;Gasto medio por persona;2026M06;0,94
Carretera;Tasa de variación acumulada;Gasto medio por persona;2026M05;2,72
Carretera;Tasa de variación acumulada;Gasto medio por persona;2026M04;5,43
Carretera;Tasa de variación acumulada;Gasto medio por persona;2026M03;1,48
Carretera;Tasa de variación acumulada;Gasto medio por persona;2026M02;4,63
Carretera;Tasa de variación acumulada;Gasto medio por persona;2026M01;11,44
Carretera;Tasa de variación acumulada;Gasto medio por persona;2025M12;2,23
Carretera;Tasa de variación acumulada;Gasto medio por persona;2025M11;2,51
Carretera;Tasa de variación acumulada;Gasto medio por persona;2025M10;2,28
Carretera;Tasa de variación acumulada;Gasto medio por persona;2025M09;0,93
Carretera;Tasa de variación acumulada;Gasto medio por persona;2025M08;1,78
Carretera;Tasa de variación acumulada;Gasto medio por persona;2025M07;2,79
Carretera;Tasa de variación acumulada;Gasto medio por persona;2025M06;5,84
Carretera;Tasa de variación acumulada;Gasto medio por persona;2025M05;4,24
Carretera;Tasa de variación acumulada;Gasto medio por persona;2025M04;4,16
Carretera;Tasa de variación acumulada;Gasto medio por persona;2025M03;5,86
Carretera;Tasa de variación acumulada;Gasto medio por persona;2025M02;6,53
Carretera;Tasa de variación acumulada;Gasto medio por persona;2025M01;3,44
Carretera;Tasa de variación acumulada;Gasto medio por persona;2024M12;2,19
Carretera;Tasa de variación acumulada;Gasto medio por persona;2024M11;1,70
Carretera;Tasa de variación acumulada;Gasto medio por persona;2024M10;1,77
Carretera;Tasa de variación acumulada;Gasto medio por persona;2024M09;1,85
Carretera;Tasa de variación acumulada;Gasto medio por persona;2024M08;0,73
Carretera;Tasa de variación acumulada;Gasto medio por persona;2024M07;0,52
Carretera;Tasa de variación acumulada;Gasto medio por persona;2024M06;-0,88
Carretera;Tasa de variación acumulada;Gasto medio por persona;2024M05;1,06
Carretera;Tasa de variación acumulada;Gasto medio por persona;2024M04;2,24
Carretera;Tasa de variación acumulada;Gasto medio por persona;2024M03;3,50
Carretera;Tasa de variación acumulada;Gasto medio por persona;2024M02;6,25
Carretera;Tasa de variación acumulada;Gasto medio por persona;2024M01;7,87
Carretera;Tasa de variación acumulada;Gasto medio por persona;2023M12;3,20
Carretera;Tasa de variación acumulada;Gasto medio por persona;2023M11;3,78
Carretera;Tasa de variación acumulada;Gasto medio por persona;2023M10;4,00
Carretera;Tasa de variación acumulada;Gasto medio por persona;2023M09;4,18
Carretera;Tasa de variación acumulada;Gasto medio por persona;2023M08;4,84
Carretera;Tasa de variación acumulada;Gasto medio por persona;2023M07;7,13
Carretera;Tasa de variación acumulada;Gasto medio por persona;2023M06;8,04
Carretera;Tasa de variación acumulada;Gasto medio por persona;2023M05;6,85
Carretera;Tasa de variación acumulada;Gasto medio por persona;2023M04;4,48
Carretera;Tasa de variación acumulada;Gasto medio por persona;2023M03;3,01
Carretera;Tasa de variación acumulada;Gasto medio por persona;2023M02;-1,26
Carretera;Tasa de variación acumulada;Gasto medio por persona;2023M01;1,19
Carretera;Tasa de variación acumulada;Gasto medio por persona;2022M12;19,59
Carretera;Tasa de variación acumulada;Gasto medio por persona;2022M11;18,72
Carretera;Tasa de variación acumulada;Gasto medio por persona;2022M10;18,33
Carretera;Tasa de variación acumulada;Gasto medio por persona;2022M09;18,75
Carretera;Tasa de variación acumulada;Gasto medio por persona;2022M08;19,38
Carretera;Tasa de variación acumulada;Gasto medio por persona;2022M07;23,00
Carretera;Tasa de variación acumulada;Gasto medio por persona;2022M06;35,62
Carretera;Tasa de variación acumulada;Gasto medio por persona;2022M05;40,40
Carretera;Tasa de variación acumulada;Gasto medio por persona;2022M04;34,99
Carretera;Tasa de variación acumulada;Gasto medio por persona;2022M03;43,31
Carretera;Tasa de variación acumulada;Gasto medio por persona;2022M02;51,21
Carretera;Tasa de variación acumulada;Gasto medio por persona;2022M01;44,15
Carretera;Tasa de variación acumulada;Gasto medio por persona;2021M12;15,00
Carretera;Tasa de variación acumulada;Gasto medio por persona;2021M11;14,75
Carretera;Tasa de variación acumulada;Gasto medio por persona;2021M10;14,63
Carretera;Tasa de variación acumulada;Gasto medio por persona;2021M09;12,00
Carretera;Tasa de variación acumulada;Gasto medio por persona;2021M08;8,64
Carretera;Tasa de variación acumulada;Gasto medio por persona;2021M07;2,57
Carretera;Tasa de variación acumulada;Gasto medio por persona;2021M06;-12,31
Carretera;Tasa de variación acumulada;Gasto medio por persona;2021M05;-17,16
Carretera;Tasa de variación acumulada;Gasto medio por persona;2021M04;-13,34
Carretera;Tasa de variación acumulada;Gasto medio por persona;2021M03;-15,75
Carretera;Tasa de variación acumulada;Gasto medio por persona;2021M02;-20,85
Carretera;Tasa de variación acumulada;Gasto medio por persona;2021M01;-23,54
Carretera;Tasa de variación acumulada;Gasto medio por persona;2020M12;-11,07
Carretera;Tasa de variación acumulada;Gasto medio por persona;2020M11;-10,35
Carretera;Tasa de variación acumulada;Gasto medio por persona;2020M10;-10,20
Carretera;Tasa de variación acumulada;Gasto medio por persona;2020M09;-8,75
Carretera;Tasa de variación acumulada;Gasto medio por persona;2020M08;-6,93
Carretera;Tasa de variación acumulada;Gasto medio por persona;2020M07;-7,21
Carretera;Tasa de variación acumulada;Gasto medio por persona;2020M06;-2,87
Carretera;Tasa de variación acumulada;Gasto medio por persona;2020M05;-1,34
Carretera;Tasa de variación acumulada;Gasto medio por persona;2020M04;0,57
Carretera;Tasa de variación acumulada;Gasto medio por persona;2020M03;-4,31
Carretera;Tasa de variación acumulada;Gasto medio por persona;2020M02;0,18
Carretera;Tasa de variación acumulada;Gasto medio por persona;2020M01;3,40
Carretera;Tasa de variación acumulada;Gasto medio por persona;2019M12;3,22
Carretera;Tasa de variación acumulada;Gasto medio por persona;2019M11;3,71
Carretera;Tasa de variación acumulada;Gasto medio por persona;2019M10;4,37
Carretera;Tasa de variación acumulada;Gasto medio por persona;2019M09;5,04
Carretera;Tasa de variación acumulada;Gasto medio por persona;2019M08;5,42
Carretera;Tasa de variación acumulada;Gasto medio por persona;2019M07;3,83
Carretera;Tasa de variación acumulada;Gasto medio por persona;2019M06;-0,34
Carretera;Tasa de variación acumulada;Gasto medio por persona;2019M05;2,80
Carretera;Tasa de variación acumulada;Gasto medio por persona;2019M04;1,79
Carretera;Tasa de variación acumulada;Gasto medio por persona;2019M03;4,99
Carretera;Tasa de variación acumulada;Gasto medio por persona;2019M02;3,94
Carretera;Tasa de variación acumulada;Gasto medio por persona;2019M01;2,06
Carretera;Tasa de variación acumulada;Gasto medio por persona;2018M12;0,86
Carretera;Tasa de variación acumulada;Gasto medio por persona;2018M11;0,69
Carretera;Tasa de variación acumulada;Gasto medio por persona;2018M10;-0,08
Carretera;Tasa de variación acumulada;Gasto medio por persona;2018M09;0,64
Carretera;Tasa de variación acumulada;Gasto medio por persona;2018M08;0,60
Carretera;Tasa de variación acumulada;Gasto medio por persona;2018M07;-0,20
Carretera;Tasa de variación acumulada;Gasto medio por persona;2018M06;0,35
Carretera;Tasa de variación acumulada;Gasto medio por persona;2018M05;-1,82
Carretera;Tasa de variación acumulada;Gasto medio por persona;2018M04;-2,56
Carretera;Tasa de variación acumulada;Gasto medio por persona;2018M03;-5,14
Carretera;Tasa de variación acumulada;Gasto medio por persona;2018M02;-7,06
Carretera;Tasa de variación acumulada;Gasto medio por persona;2018M01;-2,64
Carretera;Tasa de variación acumulada;Gasto medio por persona;2017M12;3,47
Carretera;Tasa de variación acumulada;Gasto medio por persona;2017M11;3,53
Carretera;Tasa de variación acumulada;Gasto medio por persona;2017M10;4,47
Carretera;Tasa de variación acumulada;Gasto medio por persona;2017M09;4,63
Carretera;Tasa de variación acumulada;Gasto medio por persona;2017M08;4,79
Carretera;Tasa de variación acumulada;Gasto medio por persona;2017M07;5,21
Carretera;Tasa de variación acumulada;Gasto medio por persona;2017M06;6,55
Carretera;Tasa de variación acumulada;Gasto medio por persona;2017M05;7,07
Carretera;Tasa de variación acumulada;Gasto medio por persona;2017M04;10,71
Carretera;Tasa de variación acumulada;Gasto medio por persona;2017M03;14,22
Carretera;Tasa de variación acumulada;Gasto medio por persona;2017M02;4,48
Carretera;Tasa de variación acumulada;Gasto medio por persona;2017M01;-6,47
Carretera;Tasa de variación acumulada;Gasto medio por persona;2016M12;-5,83
Carretera;Tasa de variación acumulada;Gasto medio por persona;2016M11;-6,71
Carretera;Tasa de variación acumulada;Gasto medio por persona;2016M10;-7,91
Carretera;Tasa de variación acumulada;Gasto medio por persona;2016M09;-9,09
Carretera;Tasa de variación acumulada;Gasto medio por persona;2016M08;-8,20
Carretera;Tasa de variación acumulada;Gasto medio por persona;2016M07;-7,43
Carretera;Tasa de variación acumulada;Gasto medio por persona;2016M06;-6,16
Carretera;Tasa de variación acumulada;Gasto medio por persona;2016M05;-4,53
Carretera;Tasa de variación acumulada;Gasto medio por persona;2016M04;-5,30
Carretera;Tasa de variación acumulada;Gasto medio por persona;2016M03;-3,53
Carretera;Tasa de variación acumulada;Gasto medio por persona;2016M02;3,52
Carretera;Tasa de variación acumulada;Gasto medio por persona;2016M01;8,67
Carretera;Tasa de variación acumulada;Gasto medio por persona;2015M12;""
Carretera;Tasa de variación acumulada;Gasto medio por persona;2015M11;""
Carretera;Tasa de variación acumulada;Gasto medio por persona;2015M10;""
Carretera;Tasa de variación acumulada;Gasto medio diario por persona;2026M07;1,06
Carretera;Tasa de variación acumulada;Gasto medio diario por persona;2026M06;-0,76
Carretera;Tasa de variación acumulada;Gasto medio diario por persona;2026M05;1,58
Carretera;Tasa de variación acumulada;Gasto medio diario por persona;2026M04;-0,64
Carretera;Tasa de variación acumulada;Gasto medio diario por persona;2026M03;0,35
Carretera;Tasa de variación acumulada;Gasto medio diario por persona;2026M02;-0,60
Carretera;Tasa de variación acumulada;Gasto medio diario por persona;2026M01;5,20
Carretera;Tasa de variación acumulada;Gasto medio diario por persona;2025M12;5,72
Carretera;Tasa de variación acumulada;Gasto medio diario por persona;2025M11;5,19
Carretera;Tasa de variación acumulada;Gasto medio diario por persona;2025M10;4,84
Carretera;Tasa de variación acumulada;Gasto medio diario por persona;2025M09;4,67
Carretera;Tasa de variación acumulada;Gasto medio diario por persona;2025M08;5,93
Carretera;Tasa de variación acumulada;Gasto medio diario por persona;2025M07;5,91
Carretera;Tasa de variación acumulada;Gasto medio diario por persona;2025M06;7,07
Carretera;Tasa de variación acumulada;Gasto medio diario por persona;2025M05;5,04
Carretera;Tasa de variación acumulada;Gasto medio diario por persona;2025M04;7,26
Carretera;Tasa de variación acumulada;Gasto medio diario por persona;2025M03;6,88
Carretera;Tasa de variación acumulada;Gasto medio diario por persona;2025M02;10,62
Carretera;Tasa de variación acumulada;Gasto medio diario por persona;2025M01;12,46
Carretera;Tasa de variación acumulada;Gasto medio diario por persona;2024M12;0,76
Carretera;Tasa de variación acumulada;Gasto medio diario por persona;2024M11;0,75
Carretera;Tasa de variación acumulada;Gasto medio diario por persona;2024M10;0,88
Carretera;Tasa de variación acumulada;Gasto medio diario por persona;2024M09;0,75
Carretera;Tasa de variación acumulada;Gasto medio diario por persona;2024M08;0,44
Carretera;Tasa de variación acumulada;Gasto medio diario por persona;2024M07;-2,35
Carretera;Tasa de variación acumulada;Gasto medio diario por persona;2024M06;-4,10
Carretera;Tasa de variación acumulada;Gasto medio diario por persona;2024M05;-2,66
Carretera;Tasa de variación acumulada;Gasto medio diario por persona;2024M04;-3,70
Carretera;Tasa de variación acumulada;Gasto medio diario por persona;2024M03;-2,43
Carretera;Tasa de variación acumulada;Gasto medio diario por persona;2024M02;0,87
Carretera;Tasa de variación acumulada;Gasto medio diario por persona;2024M01;0,02
Carretera;Tasa de variación acumulada;Gasto medio diario por persona;2023M12;3,55
Carretera;Tasa de variación acumulada;Gasto medio diario por persona;2023M11;4,00
Carretera;Tasa de variación acumulada;Gasto medio diario por persona;2023M10;4,60
Carretera;Tasa de variación acumulada;Gasto medio diario por persona;2023M09;4,89
Carretera;Tasa de variación acumulada;Gasto medio diario por persona;2023M08;4,37
Carretera;Tasa de variación acumulada;Gasto medio diario por persona;2023M07;6,07
Carretera;Tasa de variación acumulada;Gasto medio diario por persona;2023M06;7,79
Carretera;Tasa de variación acumulada;Gasto medio diario por persona;2023M05;7,19
Carretera;Tasa de variación acumulada;Gasto medio diario por persona;2023M04;8,41
Carretera;Tasa de variación acumulada;Gasto medio diario por persona;2023M03;11,26
Carretera;Tasa de variación acumulada;Gasto medio diario por persona;2023M02;6,09
Carretera;Tasa de variación acumulada;Gasto medio diario por persona;2023M01;18,62
Carretera;Tasa de variación acumulada;Gasto medio diario por persona;2022M12;21,66
Carretera;Tasa de variación acumulada;Gasto medio diario por persona;2022M11;20,40
Carretera;Tasa de variación acumulada;Gasto medio diario por persona;2022M10;20,06
Carretera;Tasa de variación acumulada;Gasto medio diario por persona;2022M09;19,77
Carretera;Tasa de variación acumulada;Gasto medio diario por persona;2022M08;18,62
Carretera;Tasa de variación acumulada;Gasto medio diario por persona;2022M07;14,71
Carretera;Tasa de variación acumulada;Gasto medio diario por persona;2022M06;11,56
Carretera;Tasa de variación acumulada;Gasto medio diario por persona;2022M05;17,80
Carretera;Tasa de variación acumulada;Gasto medio diario por persona;2022M04;22,15
Carretera;Tasa de variación acumulada;Gasto medio diario por persona;2022M03;25,14
Carretera;Tasa de variación acumulada;Gasto medio diario por persona;2022M02;40,47
Carretera;Tasa de variación acumulada;Gasto medio diario por persona;2022M01;28,08
Carretera;Tasa de variación acumulada;Gasto medio diario por persona;2021M12;5,82
Carretera;Tasa de variación acumulada;Gasto medio diario por persona;2021M11;7,29
Carretera;Tasa de variación acumulada;Gasto medio diario por persona;2021M10;7,79
Carretera;Tasa de variación acumulada;Gasto medio diario por persona;2021M09;7,41
Carretera;Tasa de variación acumulada;Gasto medio diario por persona;2021M08;7,47
Carretera;Tasa de variación acumulada;Gasto medio diario por persona;2021M07;8,28
Carretera;Tasa de variación acumulada;Gasto medio diario por persona;2021M06;6,59
Carretera;Tasa de variación acumulada;Gasto medio diario por persona;2021M05;-1,08
Carretera;Tasa de variación acumulada;Gasto medio diario por persona;2021M04;-9,39
Carretera;Tasa de variación acumulada;Gasto medio diario por persona;2021M03;-15,94
Carretera;Tasa de variación acumulada;Gasto medio diario por persona;2021M02;-25,02
Carretera;Tasa de variación acumulada;Gasto medio diario por persona;2021M01;-25,78
Carretera;Tasa de variación acumulada;Gasto medio diario por persona;2020M12;-6,75
Carretera;Tasa de variación acumulada;Gasto medio diario por persona;2020M11;-6,68
Carretera;Tasa de variación acumulada;Gasto medio diario por persona;2020M10;-6,71
Carretera;Tasa de variación acumulada;Gasto medio diario por persona;2020M09;-5,90
Carretera;Tasa de variación acumulada;Gasto medio diario por persona;2020M08;-5,47
Carretera;Tasa de variación acumulada;Gasto medio diario por persona;2020M07;-5,25
Carretera;Tasa de variación acumulada;Gasto medio diario por persona;2020M06;-3,08
Carretera;Tasa de variación acumulada;Gasto medio diario por persona;2020M05;-1,17
Carretera;Tasa de variación acumulada;Gasto medio diario por persona;2020M04;1,98
Carretera;Tasa de variación acumulada;Gasto medio diario por persona;2020M03;8,82
Carretera;Tasa de variación acumulada;Gasto medio diario por persona;2020M02;4,19
Carretera;Tasa de variación acumulada;Gasto medio diario por persona;2020M01;1,17
Carretera;Tasa de variación acumulada;Gasto medio diario por persona;2019M12;8,84
Carretera;Tasa de variación acumulada;Gasto medio diario por persona;2019M11;8,50
Carretera;Tasa de variación acumulada;Gasto medio diario por persona;2019M10;8,72
Carretera;Tasa de variación acumulada;Gasto medio diario por persona;2019M09;8,80
Carretera;Tasa de variación acumulada;Gasto medio diario por persona;2019M08;9,28
Carretera;Tasa de variación acumulada;Gasto medio diario por persona;2019M07;8,73
Carretera;Tasa de variación acumulada;Gasto medio diario por persona;2019M06;7,25
Carretera;Tasa de variación acumulada;Gasto medio diario por persona;2019M05;4,63
Carretera;Tasa de variación acumulada;Gasto medio diario por persona;2019M04;5,49
Carretera;Tasa de variación acumulada;Gasto medio diario por persona;2019M03;1,45
Carretera;Tasa de variación acumulada;Gasto medio diario por persona;2019M02;4,92
Carretera;Tasa de variación acumulada;Gasto medio diario por persona;2019M01;11,01
Carretera;Tasa de variación acumulada;Gasto medio diario por persona;2018M12;6,13
Carretera;Tasa de variación acumulada;Gasto medio diario por persona;2018M11;5,19
Carretera;Tasa de variación acumulada;Gasto medio diario por persona;2018M10;4,60
Carretera;Tasa de variación acumulada;Gasto medio diario por persona;2018M09;4,32
Carretera;Tasa de variación acumulada;Gasto medio diario por persona;2018M08;4,24
Carretera;Tasa de variación acumulada;Gasto medio diario por persona;2018M07;2,95
Carretera;Tasa de variación acumulada;Gasto medio diario por persona;2018M06;3,71
Carretera;Tasa de variación acumulada;Gasto medio diario por persona;2018M05;4,78
Carretera;Tasa de variación acumulada;Gasto medio diario por persona;2018M04;5,51
Carretera;Tasa de variación acumulada;Gasto medio diario por persona;2018M03;8,20
Carretera;Tasa de variación acumulada;Gasto medio diario por persona;2018M02;7,31
Carretera;Tasa de variación acumulada;Gasto medio diario por persona;2018M01;1,34
Carretera;Tasa de variación acumulada;Gasto medio diario por persona;2017M12;1,18
Carretera;Tasa de variación acumulada;Gasto medio diario por persona;2017M11;2,59
Carretera;Tasa de variación acumulada;Gasto medio diario por persona;2017M10;3,23
Carretera;Tasa de variación acumulada;Gasto medio diario por persona;2017M09;3,45
Carretera;Tasa de variación acumulada;Gasto medio diario por persona;2017M08;3,74
Carretera;Tasa de variación acumulada;Gasto medio diario por persona;2017M07;3,66
Carretera;Tasa de variación acumulada;Gasto medio diario por persona;2017M06;0,42
Carretera;Tasa de variación acumulada;Gasto medio diario por persona;2017M05;0,32
Carretera;Tasa de variación acumulada;Gasto medio diario por persona;2017M04;-1,58
Carretera;Tasa de variación acumulada;Gasto medio diario por persona;2017M03;-5,09
Carretera;Tasa de variación acumulada;Gasto medio diario por persona;2017M02;-3,77
Carretera;Tasa de variación acumulada;Gasto medio diario por persona;2017M01;-6,16
Carretera;Tasa de variación acumulada;Gasto medio diario por persona;2016M12;-6,53
Carretera;Tasa de variación acumulada;Gasto medio diario por persona;2016M11;-6,47
Carretera;Tasa de variación acumulada;Gasto medio diario por persona;2016M10;-7,07
Carretera;Tasa de variación acumulada;Gasto medio diario por persona;2016M09;-10,25
Carretera;Tasa de variación acumulada;Gasto medio diario por persona;2016M08;-9,26
Carretera;Tasa de variación acumulada;Gasto medio diario por persona;2016M07;-11,83
Carretera;Tasa de variación acumulada;Gasto medio diario por persona;2016M06;-15,80
Carretera;Tasa de variación acumulada;Gasto medio diario por persona;2016M05;-15,64
Carretera;Tasa de variación acumulada;Gasto medio diario por persona;2016M04;-13,69
Carretera;Tasa de variación acumulada;Gasto medio diario por persona;2016M03;-12,14
Carretera;Tasa de variación acumulada;Gasto medio diario por persona;2016M02;-8,84
Carretera;Tasa de variación acumulada;Gasto medio diario por persona;2016M01;0,19
Carretera;Tasa de variación acumulada;Gasto medio diario por persona;2015M12;""
Carretera;Tasa de variación acumulada;Gasto medio diario por persona;2015M11;""
Carretera;Tasa de variación acumulada;Gasto medio diario por persona;2015M10;""
Carretera;Tasa de variación acumulada;Duración media de los viajes;2026M07;2,58
Carretera;Tasa de variación acumulada;Duración media de los viajes;2026M06;1,71
Carretera;Tasa de variación acumulada;Duración media de los viajes;2026M05;1,13
Carretera;Tasa de variación acumulada;Duración media de los viajes;2026M04;6,11
Carretera;Tasa de variación acumulada;Duración media de los viajes;2026M03;1,12
Carretera;Tasa de variación acumulada;Duración media de los viajes;2026M02;5,27
Carretera;Tasa de variación acumulada;Duración media de los viajes;2026M01;5,93
Carretera;Tasa de variación acumulada;Duración media de los viajes;2025M12;-3,30
Carretera;Tasa de variación acumulada;Duración media de los viajes;2025M11;-2,54
Carretera;Tasa de variación acumulada;Duración media de los viajes;2025M10;-2,44
Carretera;Tasa de variación acumulada;Duración media de los viajes;2025M09;-3,58
Carretera;Tasa de variación acumulada;Duración media de los viajes;2025M08;-3,92
Carretera;Tasa de variación acumulada;Duración media de los viajes;2025M07;-2,95
Carretera;Tasa de variación acumulada;Duración media de los viajes;2025M06;-1,15
Carretera;Tasa de variación acumulada;Duración media de los viajes;2025M05;-0,76
Carretera;Tasa de variación acumulada;Duración media de los viajes;2025M04;-2,89
Carretera;Tasa de variación acumulada;Duración media de los viajes;2025M03;-0,96
Carretera;Tasa de variación acumulada;Duración media de los viajes;2025M02;-3,70
Carretera;Tasa de variación acumulada;Duración media de los viajes;2025M01;-8,02
Carretera;Tasa de variación acumulada;Duración media de los viajes;2024M12;1,42
Carretera;Tasa de variación acumulada;Duración media de los viajes;2024M11;0,94
Carretera;Tasa de variación acumulada;Duración media de los viajes;2024M10;0,89
Carretera;Tasa de variación acumulada;Duración media de los viajes;2024M09;1,10
Carretera;Tasa de variación acumulada;Duración media de los viajes;2024M08;0,29
Carretera;Tasa de variación acumulada;Duración media de los viajes;2024M07;2,94
Carretera;Tasa de variación acumulada;Duración media de los viajes;2024M06;3,35
Carretera;Tasa de variación acumulada;Duración media de los viajes;2024M05;3,81
Carretera;Tasa de variación acumulada;Duración media de los viajes;2024M04;6,17
Carretera;Tasa de variación acumulada;Duración media de los viajes;2024M03;6,08
Carretera;Tasa de variación acumulada;Duración media de los viajes;2024M02;5,33
Carretera;Tasa de variación acumulada;Duración media de los viajes;2024M01;7,85
Carretera;Tasa de variación acumulada;Duración media de los viajes;2023M12;-0,34
Carretera;Tasa de variación acumulada;Duración media de los viajes;2023M11;-0,21
Carretera;Tasa de variación acumulada;Duración media de los viajes;2023M10;-0,57
Carretera;Tasa de variación acumulada;Duración media de los viajes;2023M09;-0,68
Carretera;Tasa de variación acumulada;Duración media de los viajes;2023M08;0,45
Carretera;Tasa de variación acumulada;Duración media de los viajes;2023M07;1,00
Carretera;Tasa de variación acumulada;Duración media de los viajes;2023M06;0,23
Carretera;Tasa de variación acumulada;Duración media de los viajes;2023M05;-0,31
Carretera;Tasa de variación acumulada;Duración media de los viajes;2023M04;-3,63
Carretera;Tasa de variación acumulada;Duración media de los viajes;2023M03;-7,42
Carretera;Tasa de variación acumulada;Duración media de los viajes;2023M02;-6,93
Carretera;Tasa de variación acumulada;Duración media de los viajes;2023M01;-14,69
Carretera;Tasa de variación acumulada;Duración media de los viajes;2022M12;-1,70
Carretera;Tasa de variación acumulada;Duración media de los viajes;2022M11;-1,39
Carretera;Tasa de variación acumulada;Duración media de los viajes;2022M10;-1,44
Carretera;Tasa de variación acumulada;Duración media de los viajes;2022M09;-0,85
Carretera;Tasa de variación acumulada;Duración media de los viajes;2022M08;0,64
Carretera;Tasa de variación acumulada;Duración media de los viajes;2022M07;7,24
Carretera;Tasa de variación acumulada;Duración media de los viajes;2022M06;21,57
Carretera;Tasa de variación acumulada;Duración media de los viajes;2022M05;19,19
Carretera;Tasa de variación acumulada;Duración media de los viajes;2022M04;10,51
Carretera;Tasa de variación acumulada;Duración media de los viajes;2022M03;14,51
Carretera;Tasa de variación acumulada;Duración media de los viajes;2022M02;7,65
Carretera;Tasa de variación acumulada;Duración media de los viajes;2022M01;12,55
Carretera;Tasa de variación acumulada;Duración media de los viajes;2021M12;8,68
Carretera;Tasa de variación acumulada;Duración media de los viajes;2021M11;6,95
Carretera;Tasa de variación acumulada;Duración media de los viajes;2021M10;6,35
Carretera;Tasa de variación acumulada;Duración media de los viajes;2021M09;4,28
Carretera;Tasa de variación acumulada;Duración media de los viajes;2021M08;1,09
Carretera;Tasa de variación acumulada;Duración media de los viajes;2021M07;-5,28
Carretera;Tasa de variación acumulada;Duración media de los viajes;2021M06;-17,74
Carretera;Tasa de variación acumulada;Duración media de los viajes;2021M05;-16,26
Carretera;Tasa de variación acumulada;Duración media de los viajes;2021M04;-4,37
Carretera;Tasa de variación acumulada;Duración media de los viajes;2021M03;0,23
Carretera;Tasa de variación acumulada;Duración media de los viajes;2021M02;5,56
Carretera;Tasa de variación acumulada;Duración media de los viajes;2021M01;3,01
Carretera;Tasa de variación acumulada;Duración media de los viajes;2020M12;-4,63
Carretera;Tasa de variación acumulada;Duración media de los viajes;2020M11;-3,93
Carretera;Tasa de variación acumulada;Duración media de los viajes;2020M10;-3,74
Carretera;Tasa de variación acumulada;Duración media de los viajes;2020M09;-3,03
Carretera;Tasa de variación acumulada;Duración media de los viajes;2020M08;-1,55
Carretera;Tasa de variación acumulada;Duración media de los viajes;2020M07;-2,07
Carretera;Tasa de variación acumulada;Duración media de los viajes;2020M06;0,21
Carretera;Tasa de variación acumulada;Duración media de los viajes;2020M05;-0,17
Carretera;Tasa de variación acumulada;Duración media de los viajes;2020M04;-1,38
Carretera;Tasa de variación acumulada;Duración media de los viajes;2020M03;-12,06
Carretera;Tasa de variación acumulada;Duración media de los viajes;2020M02;-3,85
Carretera;Tasa de variación acumulada;Duración media de los viajes;2020M01;2,21
Carretera;Tasa de variación acumulada;Duración media de los viajes;2019M12;-5,17
Carretera;Tasa de variación acumulada;Duración media de los viajes;2019M11;-4,42
Carretera;Tasa de variación acumulada;Duración media de los viajes;2019M10;-3,99
Carretera;Tasa de variación acumulada;Duración media de los viajes;2019M09;-3,46
Carretera;Tasa de variación acumulada;Duración media de los viajes;2019M08;-3,53
Carretera;Tasa de variación acumulada;Duración media de los viajes;2019M07;-4,51
Carretera;Tasa de variación acumulada;Duración media de los viajes;2019M06;-7,08
Carretera;Tasa de variación acumulada;Duración media de los viajes;2019M05;-1,75
Carretera;Tasa de variación acumulada;Duración media de los viajes;2019M04;-3,51
Carretera;Tasa de variación acumulada;Duración media de los viajes;2019M03;3,48
Carretera;Tasa de variación acumulada;Duración media de los viajes;2019M02;-0,93
Carretera;Tasa de variación acumulada;Duración media de los viajes;2019M01;-8,07
Carretera;Tasa de variación acumulada;Duración media de los viajes;2018M12;-4,97
Carretera;Tasa de variación acumulada;Duración media de los viajes;2018M11;-4,27
Carretera;Tasa de variación acumulada;Duración media de los viajes;2018M10;-4,47
Carretera;Tasa de variación acumulada;Duración media de los viajes;2018M09;-3,53
Carretera;Tasa de variación acumulada;Duración media de los viajes;2018M08;-3,50
Carretera;Tasa de variación acumulada;Duración media de los viajes;2018M07;-3,06
Carretera;Tasa de variación acumulada;Duración media de los viajes;2018M06;-3,23
Carretera;Tasa de variación acumulada;Duración media de los viajes;2018M05;-6,30
Carretera;Tasa de variación acumulada;Duración media de los viajes;2018M04;-7,65
Carretera;Tasa de variación acumulada;Duración media de los viajes;2018M03;-12,33
Carretera;Tasa de variación acumulada;Duración media de los viajes;2018M02;-13,39
Carretera;Tasa de variación acumulada;Duración media de los viajes;2018M01;-3,93
Carretera;Tasa de variación acumulada;Duración media de los viajes;2017M12;2,27
Carretera;Tasa de variación acumulada;Duración media de los viajes;2017M11;0,92
Carretera;Tasa de variación acumulada;Duración media de los viajes;2017M10;1,20
Carretera;Tasa de variación acumulada;Duración media de los viajes;2017M09;1,14
Carretera;Tasa de variación acumulada;Duración media de los viajes;2017M08;1,01
Carretera;Tasa de variación acumulada;Duración media de los viajes;2017M07;1,49
Carretera;Tasa de variación acumulada;Duración media de los viajes;2017M06;6,11
Carretera;Tasa de variación acumulada;Duración media de los viajes;2017M05;6,73
Carretera;Tasa de variación acumulada;Duración media de los viajes;2017M04;12,49
Carretera;Tasa de variación acumulada;Duración media de los viajes;2017M03;20,35
Carretera;Tasa de variación acumulada;Duración media de los viajes;2017M02;8,58
Carretera;Tasa de variación acumulada;Duración media de los viajes;2017M01;-0,33
Carretera;Tasa de variación acumulada;Duración media de los viajes;2016M12;0,75
Carretera;Tasa de variación acumulada;Duración media de los viajes;2016M11;-0,25
Carretera;Tasa de variación acumulada;Duración media de los viajes;2016M10;-0,91
Carretera;Tasa de variación acumulada;Duración media de los viajes;2016M09;1,30
Carretera;Tasa de variación acumulada;Duración media de los viajes;2016M08;1,17
Carretera;Tasa de variación acumulada;Duración media de los viajes;2016M07;4,99
Carretera;Tasa de variación acumulada;Duración media de los viajes;2016M06;11,45
Carretera;Tasa de variación acumulada;Duración media de los viajes;2016M05;13,17
Carretera;Tasa de variación acumulada;Duración media de los viajes;2016M04;9,72
Carretera;Tasa de variación acumulada;Duración media de los viajes;2016M03;9,81
Carretera;Tasa de variación acumulada;Duración media de los viajes;2016M02;13,56
Carretera;Tasa de variación acumulada;Duración media de los viajes;2016M01;8,47
Carretera;Tasa de variación acumulada;Duración media de los viajes;2015M12;""
Carretera;Tasa de variación acumulada;Duración media de los viajes;2015M11;""
Carretera;Tasa de variación acumulada;Duración media de los viajes;2015M10;""
Puerto;Dato base;Gasto total;2026M07;320,33
Puerto;Dato base;Gasto total;2026M06;252,64
Puerto;Dato base;Gasto total;2026M05;430,59
Puerto;Dato base;Gasto total;2026M04;115,11
Puerto;Dato base;Gasto total;2026M03;73,71
Puerto;Dato base;Gasto total;2026M02;73,81
Puerto;Dato base;Gasto total;2026M01;78,57
Puerto;Dato base;Gasto total;2025M12;57,22
Puerto;Dato base;Gasto total;2025M11;84,17
Puerto;Dato base;Gasto total;2025M10;249,02
Puerto;Dato base;Gasto total;2025M09;284,40
Puerto;Dato base;Gasto total;2025M08;364,68
Puerto;Dato base;Gasto total;2025M07;140,73
Puerto;Dato base;Gasto total;2025M06;127,56
Puerto;Dato base;Gasto total;2025M05;167,31
Puerto;Dato base;Gasto total;2025M04;116,17
Puerto;Dato base;Gasto total;2025M03;33,65
Puerto;Dato base;Gasto total;2025M02;36,56
Puerto;Dato base;Gasto total;2025M01;62,60
Puerto;Dato base;Gasto total;2024M12;53,93
Puerto;Dato base;Gasto total;2024M11;75,23
Puerto;Dato base;Gasto total;2024M10;199,25
Puerto;Dato base;Gasto total;2024M09;297,98
Puerto;Dato base;Gasto total;2024M08;392,63
Puerto;Dato base;Gasto total;2024M07;256,47
Puerto;Dato base;Gasto total;2024M06;180,76
Puerto;Dato base;Gasto total;2024M05;167,89
Puerto;Dato base;Gasto total;2024M04;95,04
Puerto;Dato base;Gasto total;2024M03;52,56
Puerto;Dato base;Gasto total;2024M02;65,31
Puerto;Dato base;Gasto total;2024M01;66,95
Puerto;Dato base;Gasto total;2023M12;122,74
Puerto;Dato base;Gasto total;2023M11;96,44
Puerto;Dato base;Gasto total;2023M10;202,15
Puerto;Dato base;Gasto total;2023M09;186,15
Puerto;Dato base;Gasto total;2023M08;407,97
Puerto;Dato base;Gasto total;2023M07;182,86
Puerto;Dato base;Gasto total;2023M06;102,37
Puerto;Dato base;Gasto total;2023M05;117,71
Puerto;Dato base;Gasto total;2023M04;74,98
Puerto;Dato base;Gasto total;2023M03;44,09
Puerto;Dato base;Gasto total;2023M02;28,46
Puerto;Dato base;Gasto total;2023M01;57,86
Puerto;Dato base;Gasto total;2022M12;28,35
Puerto;Dato base;Gasto total;2022M11;48,21
Puerto;Dato base;Gasto total;2022M10;96,45
Puerto;Dato base;Gasto total;2022M09;150,54
Puerto;Dato base;Gasto total;2022M08;285,21
Puerto;Dato base;Gasto total;2022M07;147,69
Puerto;Dato base;Gasto total;2022M06;129,09
Puerto;Dato base;Gasto total;2022M05;110,78
Puerto;Dato base;Gasto total;2022M04;66,80
Puerto;Dato base;Gasto total;2022M03;59,25
Puerto;Dato base;Gasto total;2022M02;33,41
Puerto;Dato base;Gasto total;2022M01;26,30
Puerto;Dato base;Gasto total;2021M12;25,97
Puerto;Dato base;Gasto total;2021M11;47,45
Puerto;Dato base;Gasto total;2021M10;53,81
Puerto;Dato base;Gasto total;2021M09;41,63
Puerto;Dato base;Gasto total;2021M08;28,83
Puerto;Dato base;Gasto total;2021M07;22,48
Puerto;Dato base;Gasto total;2021M06;12,68
Puerto;Dato base;Gasto total;2021M05;5,80
Puerto;Dato base;Gasto total;2021M04;4,49
Puerto;Dato base;Gasto total;2021M03;7,49
Puerto;Dato base;Gasto total;2021M02;4,31
Puerto;Dato base;Gasto total;2021M01;4,13
Puerto;Dato base;Gasto total;2020M12;3,00
Puerto;Dato base;Gasto total;2020M11;4,40
Puerto;Dato base;Gasto total;2020M10;9,15
Puerto;Dato base;Gasto total;2020M09;9,04
Puerto;Dato base;Gasto total;2020M08;15,41
Puerto;Dato base;Gasto total;2020M07;9,83
Puerto;Dato base;Gasto total;2020M06;4,06
Puerto;Dato base;Gasto total;2020M05;0,00
Puerto;Dato base;Gasto total;2020M04;0,00
Puerto;Dato base;Gasto total;2020M03;27,87
Puerto;Dato base;Gasto total;2020M02;47,25
Puerto;Dato base;Gasto total;2020M01;80,63
Puerto;Dato base;Gasto total;2019M12;52,67
Puerto;Dato base;Gasto total;2019M11;78,18
Puerto;Dato base;Gasto total;2019M10;125,68
Puerto;Dato base;Gasto total;2019M09;279,54
Puerto;Dato base;Gasto total;2019M08;302,15
Puerto;Dato base;Gasto total;2019M07;126,35
Puerto;Dato base;Gasto total;2019M06;119,09
Puerto;Dato base;Gasto total;2019M05;127,77
Puerto;Dato base;Gasto total;2019M04;130,41
Puerto;Dato base;Gasto total;2019M03;93,36
Puerto;Dato base;Gasto total;2019M02;34,29
Puerto;Dato base;Gasto total;2019M01;89,55
Puerto;Dato base;Gasto total;2018M12;64,44
Puerto;Dato base;Gasto total;2018M11;127,66
Puerto;Dato base;Gasto total;2018M10;255,14
Puerto;Dato base;Gasto total;2018M09;442,89
Puerto;Dato base;Gasto total;2018M08;303,11
Puerto;Dato base;Gasto total;2018M07;266,52
Puerto;Dato base;Gasto total;2018M06;182,38
Puerto;Dato base;Gasto total;2018M05;206,57
Puerto;Dato base;Gasto total;2018M04;130,81
Puerto;Dato base;Gasto total;2018M03;78,29
Puerto;Dato base;Gasto total;2018M02;65,41
Puerto;Dato base;Gasto total;2018M01;82,11
Puerto;Dato base;Gasto total;2017M12;105,81
Puerto;Dato base;Gasto total;2017M11;195,18
Puerto;Dato base;Gasto total;2017M10;181,59
Puerto;Dato base;Gasto total;2017M09;426,34
Puerto;Dato base;Gasto total;2017M08;393,34
Puerto;Dato base;Gasto total;2017M07;147,27
Puerto;Dato base;Gasto total;2017M06;100,92
Puerto;Dato base;Gasto total;2017M05;246,23
Puerto;Dato base;Gasto total;2017M04;135,74
Puerto;Dato base;Gasto total;2017M03;69,85
Puerto;Dato base;Gasto total;2017M02;62,91
Puerto;Dato base;Gasto total;2017M01;98,71
Puerto;Dato base;Gasto total;2016M12;72,42
Puerto;Dato base;Gasto total;2016M11;111,57
Puerto;Dato base;Gasto total;2016M10;209,69
Puerto;Dato base;Gasto total;2016M09;302,65
Puerto;Dato base;Gasto total;2016M08;535,66
Puerto;Dato base;Gasto total;2016M07;106,71
Puerto;Dato base;Gasto total;2016M06;88,29
Puerto;Dato base;Gasto total;2016M05;154,16
Puerto;Dato base;Gasto total;2016M04;112,91
Puerto;Dato base;Gasto total;2016M03;46,71
Puerto;Dato base;Gasto total;2016M02;64,54
Puerto;Dato base;Gasto total;2016M01;89,01
Puerto;Dato base;Gasto total;2015M12;77,81
Puerto;Dato base;Gasto total;2015M11;90,21
Puerto;Dato base;Gasto total;2015M10;137,05
Puerto;Dato base;Gasto medio por persona;2026M07;1.087
Puerto;Dato base;Gasto medio por persona;2026M06;1.306
Puerto;Dato base;Gasto medio por persona;2026M05;1.236
Puerto;Dato base;Gasto medio por persona;2026M04;874
Puerto;Dato base;Gasto medio por persona;2026M03;1.177
Puerto;Dato base;Gasto medio por persona;2026M02;1.002
Puerto;Dato base;Gasto medio por persona;2026M01;1.085
Puerto;Dato base;Gasto medio por persona;2025M12;966
Puerto;Dato base;Gasto medio por persona;2025M11;927
Puerto;Dato base;Gasto medio por persona;2025M10;1.032
Puerto;Dato base;Gasto medio por persona;2025M09;1.092
Puerto;Dato base;Gasto medio por persona;2025M08;907
Puerto;Dato base;Gasto medio por persona;2025M07;747
Puerto;Dato base;Gasto medio por persona;2025M06;1.016
Puerto;Dato base;Gasto medio por persona;2025M05;941
Puerto;Dato base;Gasto medio por persona;2025M04;898
Puerto;Dato base;Gasto medio por persona;2025M03;779
Puerto;Dato base;Gasto medio por persona;2025M02;969
Puerto;Dato base;Gasto medio por persona;2025M01;1.042
Puerto;Dato base;Gasto medio por persona;2024M12;1.053
Puerto;Dato base;Gasto medio por persona;2024M11;775
Puerto;Dato base;Gasto medio por persona;2024M10;853
Puerto;Dato base;Gasto medio por persona;2024M09;827
Puerto;Dato base;Gasto medio por persona;2024M08;1.111
Puerto;Dato base;Gasto medio por persona;2024M07;814
Puerto;Dato base;Gasto medio por persona;2024M06;805
Puerto;Dato base;Gasto medio por persona;2024M05;979
Puerto;Dato base;Gasto medio por persona;2024M04;915
Puerto;Dato base;Gasto medio por persona;2024M03;780
Puerto;Dato base;Gasto medio por persona;2024M02;1.082
Puerto;Dato base;Gasto medio por persona;2024M01;1.019
Puerto;Dato base;Gasto medio por persona;2023M12;1.028
Puerto;Dato base;Gasto medio por persona;2023M11;763
Puerto;Dato base;Gasto medio por persona;2023M10;995
Puerto;Dato base;Gasto medio por persona;2023M09;658
Puerto;Dato base;Gasto medio por persona;2023M08;1.116
Puerto;Dato base;Gasto medio por persona;2023M07;913
Puerto;Dato base;Gasto medio por persona;2023M06;552
Puerto;Dato base;Gasto medio por persona;2023M05;735
Puerto;Dato base;Gasto medio por persona;2023M04;794
Puerto;Dato base;Gasto medio por persona;2023M03;987
Puerto;Dato base;Gasto medio por persona;2023M02;1.173
Puerto;Dato base;Gasto medio por persona;2023M01;1.098
Puerto;Dato base;Gasto medio por persona;2022M12;1.034
Puerto;Dato base;Gasto medio por persona;2022M11;766
Puerto;Dato base;Gasto medio por persona;2022M10;859
Puerto;Dato base;Gasto medio por persona;2022M09;835
Puerto;Dato base;Gasto medio por persona;2022M08;1.273
Puerto;Dato base;Gasto medio por persona;2022M07;883
Puerto;Dato base;Gasto medio por persona;2022M06;993
Puerto;Dato base;Gasto medio por persona;2022M05;944
Puerto;Dato base;Gasto medio por persona;2022M04;1.118
Puerto;Dato base;Gasto medio por persona;2022M03;1.639
Puerto;Dato base;Gasto medio por persona;2022M02;2.284
Puerto;Dato base;Gasto medio por persona;2022M01;1.302
Puerto;Dato base;Gasto medio por persona;2021M12;1.531
Puerto;Dato base;Gasto medio por persona;2021M11;1.271
Puerto;Dato base;Gasto medio por persona;2021M10;844
Puerto;Dato base;Gasto medio por persona;2021M09;864
Puerto;Dato base;Gasto medio por persona;2021M08;1.511
Puerto;Dato base;Gasto medio por persona;2021M07;1.394
Puerto;Dato base;Gasto medio por persona;2021M06;1.339
Puerto;Dato base;Gasto medio por persona;2021M05;1.284
Puerto;Dato base;Gasto medio por persona;2021M04;1.454
Puerto;Dato base;Gasto medio por persona;2021M03;2.544
Puerto;Dato base;Gasto medio por persona;2021M02;1.871
Puerto;Dato base;Gasto medio por persona;2021M01;1.291
Puerto;Dato base;Gasto medio por persona;2020M12;1.326
Puerto;Dato base;Gasto medio por persona;2020M11;1.145
Puerto;Dato base;Gasto medio por persona;2020M10;1.261
Puerto;Dato base;Gasto medio por persona;2020M09;1.186
Puerto;Dato base;Gasto medio por persona;2020M08;2.195
Puerto;Dato base;Gasto medio por persona;2020M07;880
Puerto;Dato base;Gasto medio por persona;2020M06;1.791
Puerto;Dato base;Gasto medio por persona;2020M05;0
Puerto;Dato base;Gasto medio por persona;2020M04;0
Puerto;Dato base;Gasto medio por persona;2020M03;1.058
Puerto;Dato base;Gasto medio por persona;2020M02;828
Puerto;Dato base;Gasto medio por persona;2020M01;819
Puerto;Dato base;Gasto medio por persona;2019M12;869
Puerto;Dato base;Gasto medio por persona;2019M11;689
Puerto;Dato base;Gasto medio por persona;2019M10;759
Puerto;Dato base;Gasto medio por persona;2019M09;971
Puerto;Dato base;Gasto medio por persona;2019M08;938
Puerto;Dato base;Gasto medio por persona;2019M07;807
Puerto;Dato base;Gasto medio por persona;2019M06;882
Puerto;Dato base;Gasto medio por persona;2019M05;1.105
Puerto;Dato base;Gasto medio por persona;2019M04;966
Puerto;Dato base;Gasto medio por persona;2019M03;1.012
Puerto;Dato base;Gasto medio por persona;2019M02;763
Puerto;Dato base;Gasto medio por persona;2019M01;979
Puerto;Dato base;Gasto medio por persona;2018M12;1.060
Puerto;Dato base;Gasto medio por persona;2018M11;1.243
Puerto;Dato base;Gasto medio por persona;2018M10;1.124
Puerto;Dato base;Gasto medio por persona;2018M09;1.163
Puerto;Dato base;Gasto medio por persona;2018M08;901
Puerto;Dato base;Gasto medio por persona;2018M07;1.149
Puerto;Dato base;Gasto medio por persona;2018M06;1.180
Puerto;Dato base;Gasto medio por persona;2018M05;1.173
Puerto;Dato base;Gasto medio por persona;2018M04;945
Puerto;Dato base;Gasto medio por persona;2018M03;1.253
Puerto;Dato base;Gasto medio por persona;2018M02;1.138
Puerto;Dato base;Gasto medio por persona;2018M01;983
Puerto;Dato base;Gasto medio por persona;2017M12;1.475
Puerto;Dato base;Gasto medio por persona;2017M11;1.190
Puerto;Dato base;Gasto medio por persona;2017M10;1.170
Puerto;Dato base;Gasto medio por persona;2017M09;1.143
Puerto;Dato base;Gasto medio por persona;2017M08;1.114
Puerto;Dato base;Gasto medio por persona;2017M07;948
Puerto;Dato base;Gasto medio por persona;2017M06;1.334
Puerto;Dato base;Gasto medio por persona;2017M05;1.203
Puerto;Dato base;Gasto medio por persona;2017M04;870
Puerto;Dato base;Gasto medio por persona;2017M03;1.060
Puerto;Dato base;Gasto medio por persona;2017M02;902
Puerto;Dato base;Gasto medio por persona;2017M01;815
Puerto;Dato base;Gasto medio por persona;2016M12;1.119
Puerto;Dato base;Gasto medio por persona;2016M11;1.078
Puerto;Dato base;Gasto medio por persona;2016M10;1.414
Puerto;Dato base;Gasto medio por persona;2016M09;1.230
Puerto;Dato base;Gasto medio por persona;2016M08;1.190
Puerto;Dato base;Gasto medio por persona;2016M07;801
Puerto;Dato base;Gasto medio por persona;2016M06;1.355
Puerto;Dato base;Gasto medio por persona;2016M05;1.521
Puerto;Dato base;Gasto medio por persona;2016M04;1.049
Puerto;Dato base;Gasto medio por persona;2016M03;875
Puerto;Dato base;Gasto medio por persona;2016M02;1.030
Puerto;Dato base;Gasto medio por persona;2016M01;896
Puerto;Dato base;Gasto medio por persona;2015M12;1.358
Puerto;Dato base;Gasto medio por persona;2015M11;994
Puerto;Dato base;Gasto medio por persona;2015M10;1.105
Puerto;Dato base;Gasto medio diario por persona;2026M07;261
Puerto;Dato base;Gasto medio diario por persona;2026M06;280
Puerto;Dato base;Gasto medio diario por persona;2026M05;288
Puerto;Dato base;Gasto medio diario por persona;2026M04;176
Puerto;Dato base;Gasto medio diario por persona;2026M03;234
Puerto;Dato base;Gasto medio diario por persona;2026M02;168
Puerto;Dato base;Gasto medio diario por persona;2026M01;186
Puerto;Dato base;Gasto medio diario por persona;2025M12;169
Puerto;Dato base;Gasto medio diario por persona;2025M11;212
Puerto;Dato base;Gasto medio diario por persona;2025M10;248
Puerto;Dato base;Gasto medio diario por persona;2025M09;239
Puerto;Dato base;Gasto medio diario por persona;2025M08;190
Puerto;Dato base;Gasto medio diario por persona;2025M07;179
Puerto;Dato base;Gasto medio diario por persona;2025M06;208
Puerto;Dato base;Gasto medio diario por persona;2025M05;208
Puerto;Dato base;Gasto medio diario por persona;2025M04;194
Puerto;Dato base;Gasto medio diario por persona;2025M03;171
Puerto;Dato base;Gasto medio diario por persona;2025M02;165
Puerto;Dato base;Gasto medio diario por persona;2025M01;160
Puerto;Dato base;Gasto medio diario por persona;2024M12;152
Puerto;Dato base;Gasto medio diario por persona;2024M11;151
Puerto;Dato base;Gasto medio diario por persona;2024M10;201
Puerto;Dato base;Gasto medio diario por persona;2024M09;188
Puerto;Dato base;Gasto medio diario por persona;2024M08;194
Puerto;Dato base;Gasto medio diario por persona;2024M07;196
Puerto;Dato base;Gasto medio diario por persona;2024M06;187
Puerto;Dato base;Gasto medio diario por persona;2024M05;208
Puerto;Dato base;Gasto medio diario por persona;2024M04;207
Puerto;Dato base;Gasto medio diario por persona;2024M03;197
Puerto;Dato base;Gasto medio diario por persona;2024M02;179
Puerto;Dato base;Gasto medio diario por persona;2024M01;133
Puerto;Dato base;Gasto medio diario por persona;2023M12;153
Puerto;Dato base;Gasto medio diario por persona;2023M11;156
Puerto;Dato base;Gasto medio diario por persona;2023M10;222
Puerto;Dato base;Gasto medio diario por persona;2023M09;134
Puerto;Dato base;Gasto medio diario por persona;2023M08;189
Puerto;Dato base;Gasto medio diario por persona;2023M07;207
Puerto;Dato base;Gasto medio diario por persona;2023M06;139
Puerto;Dato base;Gasto medio diario por persona;2023M05;161
Puerto;Dato base;Gasto medio diario por persona;2023M04;156
Puerto;Dato base;Gasto medio diario por persona;2023M03;136
Puerto;Dato base;Gasto medio diario por persona;2023M02;144
Puerto;Dato base;Gasto medio diario por persona;2023M01;144
Puerto;Dato base;Gasto medio diario por persona;2022M12;137
Puerto;Dato base;Gasto medio diario por persona;2022M11;136
Puerto;Dato base;Gasto medio diario por persona;2022M10;180
Puerto;Dato base;Gasto medio diario por persona;2022M09;158
Puerto;Dato base;Gasto medio diario por persona;2022M08;154
Puerto;Dato base;Gasto medio diario por persona;2022M07;178
Puerto;Dato base;Gasto medio diario por persona;2022M06;193
Puerto;Dato base;Gasto medio diario por persona;2022M05;173
Puerto;Dato base;Gasto medio diario por persona;2022M04;190
Puerto;Dato base;Gasto medio diario por persona;2022M03;147
Puerto;Dato base;Gasto medio diario por persona;2022M02;145
Puerto;Dato base;Gasto medio diario por persona;2022M01;112
Puerto;Dato base;Gasto medio diario por persona;2021M12;149
Puerto;Dato base;Gasto medio diario por persona;2021M11;141
Puerto;Dato base;Gasto medio diario por persona;2021M10;152
Puerto;Dato base;Gasto medio diario por persona;2021M09;113
Puerto;Dato base;Gasto medio diario por persona;2021M08;108
Puerto;Dato base;Gasto medio diario por persona;2021M07;146
Puerto;Dato base;Gasto medio diario por persona;2021M06;121
Puerto;Dato base;Gasto medio diario por persona;2021M05;172
Puerto;Dato base;Gasto medio diario por persona;2021M04;149
Puerto;Dato base;Gasto medio diario por persona;2021M03;130
Puerto;Dato base;Gasto medio diario por persona;2021M02;138
Puerto;Dato base;Gasto medio diario por persona;2021M01;104
Puerto;Dato base;Gasto medio diario por persona;2020M12;117
Puerto;Dato base;Gasto medio diario por persona;2020M11;114
Puerto;Dato base;Gasto medio diario por persona;2020M10;134
Puerto;Dato base;Gasto medio diario por persona;2020M09;109
Puerto;Dato base;Gasto medio diario por persona;2020M08;104
Puerto;Dato base;Gasto medio diario por persona;2020M07;137
Puerto;Dato base;Gasto medio diario por persona;2020M06;159
Puerto;Dato base;Gasto medio diario por persona;2020M05;0
Puerto;Dato base;Gasto medio diario por persona;2020M04;0
Puerto;Dato base;Gasto medio diario por persona;2020M03;122
Puerto;Dato base;Gasto medio diario por persona;2020M02;141
Puerto;Dato base;Gasto medio diario por persona;2020M01;127
Puerto;Dato base;Gasto medio diario por persona;2019M12;145
Puerto;Dato base;Gasto medio diario por persona;2019M11;156
Puerto;Dato base;Gasto medio diario por persona;2019M10;180
Puerto;Dato base;Gasto medio diario por persona;2019M09;135
Puerto;Dato base;Gasto medio diario por persona;2019M08;160
Puerto;Dato base;Gasto medio diario por persona;2019M07;177
Puerto;Dato base;Gasto medio diario por persona;2019M06;210
Puerto;Dato base;Gasto medio diario por persona;2019M05;211
Puerto;Dato base;Gasto medio diario por persona;2019M04;174
Puerto;Dato base;Gasto medio diario por persona;2019M03;150
Puerto;Dato base;Gasto medio diario por persona;2019M02;139
Puerto;Dato base;Gasto medio diario por persona;2019M01;139
Puerto;Dato base;Gasto medio diario por persona;2018M12;129
Puerto;Dato base;Gasto medio diario por persona;2018M11;158
Puerto;Dato base;Gasto medio diario por persona;2018M10;241
Puerto;Dato base;Gasto medio diario por persona;2018M09;162
Puerto;Dato base;Gasto medio diario por persona;2018M08;153
Puerto;Dato base;Gasto medio diario por persona;2018M07;258
Puerto;Dato base;Gasto medio diario por persona;2018M06;183
Puerto;Dato base;Gasto medio diario por persona;2018M05;139
Puerto;Dato base;Gasto medio diario por persona;2018M04;183
Puerto;Dato base;Gasto medio diario por persona;2018M03;143
Puerto;Dato base;Gasto medio diario por persona;2018M02;181
Puerto;Dato base;Gasto medio diario por persona;2018M01;153
Puerto;Dato base;Gasto medio diario por persona;2017M12;173
Puerto;Dato base;Gasto medio diario por persona;2017M11;159
Puerto;Dato base;Gasto medio diario por persona;2017M10;162
Puerto;Dato base;Gasto medio diario por persona;2017M09;162
Puerto;Dato base;Gasto medio diario por persona;2017M08;140
Puerto;Dato base;Gasto medio diario por persona;2017M07;177
Puerto;Dato base;Gasto medio diario por persona;2017M06;192
Puerto;Dato base;Gasto medio diario por persona;2017M05;135
Puerto;Dato base;Gasto medio diario por persona;2017M04;145
Puerto;Dato base;Gasto medio diario por persona;2017M03;130
Puerto;Dato base;Gasto medio diario por persona;2017M02;113
Puerto;Dato base;Gasto medio diario por persona;2017M01;131
Puerto;Dato base;Gasto medio diario por persona;2016M12;121
Puerto;Dato base;Gasto medio diario por persona;2016M11;127
Puerto;Dato base;Gasto medio diario por persona;2016M10;158
Puerto;Dato base;Gasto medio diario por persona;2016M09;153
Puerto;Dato base;Gasto medio diario por persona;2016M08;144
Puerto;Dato base;Gasto medio diario por persona;2016M07;157
Puerto;Dato base;Gasto medio diario por persona;2016M06;114
Puerto;Dato base;Gasto medio diario por persona;2016M05;162
Puerto;Dato base;Gasto medio diario por persona;2016M04;145
Puerto;Dato base;Gasto medio diario por persona;2016M03;120
Puerto;Dato base;Gasto medio diario por persona;2016M02;116
Puerto;Dato base;Gasto medio diario por persona;2016M01;149
Puerto;Dato base;Gasto medio diario por persona;2015M12;100
Puerto;Dato base;Gasto medio diario por persona;2015M11;118
Puerto;Dato base;Gasto medio diario por persona;2015M10;128
Puerto;Dato base;Duración media de los viajes;2026M07;4,17
Puerto;Dato base;Duración media de los viajes;2026M06;4,66
Puerto;Dato base;Duración media de los viajes;2026M05;4,29
Puerto;Dato base;Duración media de los viajes;2026M04;4,95
Puerto;Dato base;Duración media de los viajes;2026M03;5,02
Puerto;Dato base;Duración media de los viajes;2026M02;5,98
Puerto;Dato base;Duración media de los viajes;2026M01;5,84
Puerto;Dato base;Duración media de los viajes;2025M12;5,70
Puerto;Dato base;Duración media de los viajes;2025M11;4,37
Puerto;Dato base;Duración media de los viajes;2025M10;4,16
Puerto;Dato base;Duración media de los viajes;2025M09;4,56
Puerto;Dato base;Duración media de los viajes;2025M08;4,78
Puerto;Dato base;Duración media de los viajes;2025M07;4,18
Puerto;Dato base;Duración media de los viajes;2025M06;4,88
Puerto;Dato base;Duración media de los viajes;2025M05;4,52
Puerto;Dato base;Duración media de los viajes;2025M04;4,63
Puerto;Dato base;Duración media de los viajes;2025M03;4,57
Puerto;Dato base;Duración media de los viajes;2025M02;5,85
Puerto;Dato base;Duración media de los viajes;2025M01;6,51
Puerto;Dato base;Duración media de los viajes;2024M12;6,95
Puerto;Dato base;Duración media de los viajes;2024M11;5,14
Puerto;Dato base;Duración media de los viajes;2024M10;4,24
Puerto;Dato base;Duración media de los viajes;2024M09;4,39
Puerto;Dato base;Duración media de los viajes;2024M08;5,73
Puerto;Dato base;Duración media de los viajes;2024M07;4,16
Puerto;Dato base;Duración media de los viajes;2024M06;4,31
Puerto;Dato base;Duración media de los viajes;2024M05;4,70
Puerto;Dato base;Duración media de los viajes;2024M04;4,43
Puerto;Dato base;Duración media de los viajes;2024M03;3,97
Puerto;Dato base;Duración media de los viajes;2024M02;6,05
Puerto;Dato base;Duración media de los viajes;2024M01;7,65
Puerto;Dato base;Duración media de los viajes;2023M12;6,71
Puerto;Dato base;Duración media de los viajes;2023M11;4,89
Puerto;Dato base;Duración media de los viajes;2023M10;4,49
Puerto;Dato base;Duración media de los viajes;2023M09;4,91
Puerto;Dato base;Duración media de los viajes;2023M08;5,92
Puerto;Dato base;Duración media de los viajes;2023M07;4,42
Puerto;Dato base;Duración media de los viajes;2023M06;3,97
Puerto;Dato base;Duración media de los viajes;2023M05;4,56
Puerto;Dato base;Duración media de los viajes;2023M04;5,10
Puerto;Dato base;Duración media de los viajes;2023M03;7,27
Puerto;Dato base;Duración media de los viajes;2023M02;8,17
Puerto;Dato base;Duración media de los viajes;2023M01;7,63
Puerto;Dato base;Duración media de los viajes;2022M12;7,54
Puerto;Dato base;Duración media de los viajes;2022M11;5,61
Puerto;Dato base;Duración media de los viajes;2022M10;4,78
Puerto;Dato base;Duración media de los viajes;2022M09;5,28
Puerto;Dato base;Duración media de los viajes;2022M08;8,24
Puerto;Dato base;Duración media de los viajes;2022M07;4,98
Puerto;Dato base;Duración media de los viajes;2022M06;5,15
Puerto;Dato base;Duración media de los viajes;2022M05;5,45
Puerto;Dato base;Duración media de los viajes;2022M04;5,88
Puerto;Dato base;Duración media de los viajes;2022M03;11,18
Puerto;Dato base;Duración media de los viajes;2022M02;15,72
Puerto;Dato base;Duración media de los viajes;2022M01;11,60
Puerto;Dato base;Duración media de los viajes;2021M12;10,24
Puerto;Dato base;Duración media de los viajes;2021M11;8,99
Puerto;Dato base;Duración media de los viajes;2021M10;5,53
Puerto;Dato base;Duración media de los viajes;2021M09;7,67
Puerto;Dato base;Duración media de los viajes;2021M08;13,97
Puerto;Dato base;Duración media de los viajes;2021M07;9,55
Puerto;Dato base;Duración media de los viajes;2021M06;11,08
Puerto;Dato base;Duración media de los viajes;2021M05;7,49
Puerto;Dato base;Duración media de los viajes;2021M04;9,74
Puerto;Dato base;Duración media de los viajes;2021M03;19,60
Puerto;Dato base;Duración media de los viajes;2021M02;13,58
Puerto;Dato base;Duración media de los viajes;2021M01;12,37
Puerto;Dato base;Duración media de los viajes;2020M12;11,29
Puerto;Dato base;Duración media de los viajes;2020M11;10,06
Puerto;Dato base;Duración media de los viajes;2020M10;9,42
Puerto;Dato base;Duración media de los viajes;2020M09;10,90
Puerto;Dato base;Duración media de los viajes;2020M08;21,08
Puerto;Dato base;Duración media de los viajes;2020M07;6,44
Puerto;Dato base;Duración media de los viajes;2020M06;11,24
Puerto;Dato base;Duración media de los viajes;2020M05;0,00
Puerto;Dato base;Duración media de los viajes;2020M04;0,00
Puerto;Dato base;Duración media de los viajes;2020M03;8,64
Puerto;Dato base;Duración media de los viajes;2020M02;5,87
Puerto;Dato base;Duración media de los viajes;2020M01;6,46
Puerto;Dato base;Duración media de los viajes;2019M12;5,99
Puerto;Dato base;Duración media de los viajes;2019M11;4,42
Puerto;Dato base;Duración media de los viajes;2019M10;4,22
Puerto;Dato base;Duración media de los viajes;2019M09;7,21
Puerto;Dato base;Duración media de los viajes;2019M08;5,86
Puerto;Dato base;Duración media de los viajes;2019M07;4,56
Puerto;Dato base;Duración media de los viajes;2019M06;4,19
Puerto;Dato base;Duración media de los viajes;2019M05;5,24
Puerto;Dato base;Duración media de los viajes;2019M04;5,56
Puerto;Dato base;Duración media de los viajes;2019M03;6,77
Puerto;Dato base;Duración media de los viajes;2019M02;5,47
Puerto;Dato base;Duración media de los viajes;2019M01;7,07
Puerto;Dato base;Duración media de los viajes;2018M12;8,24
Puerto;Dato base;Duración media de los viajes;2018M11;7,89
Puerto;Dato base;Duración media de los viajes;2018M10;4,67
Puerto;Dato base;Duración media de los viajes;2018M09;7,16
Puerto;Dato base;Duración media de los viajes;2018M08;5,91
Puerto;Dato base;Duración media de los viajes;2018M07;4,46
Puerto;Dato base;Duración media de los viajes;2018M06;6,45
Puerto;Dato base;Duración media de los viajes;2018M05;8,44
Puerto;Dato base;Duración media de los viajes;2018M04;5,17
Puerto;Dato base;Duración media de los viajes;2018M03;8,79
Puerto;Dato base;Duración media de los viajes;2018M02;6,29
Puerto;Dato base;Duración media de los viajes;2018M01;6,44
Puerto;Dato base;Duración media de los viajes;2017M12;8,52
Puerto;Dato base;Duración media de los viajes;2017M11;7,48
Puerto;Dato base;Duración media de los viajes;2017M10;7,24
Puerto;Dato base;Duración media de los viajes;2017M09;7,05
Puerto;Dato base;Duración media de los viajes;2017M08;7,98
Puerto;Dato base;Duración media de los viajes;2017M07;5,36
Puerto;Dato base;Duración media de los viajes;2017M06;6,96
Puerto;Dato base;Duración media de los viajes;2017M05;8,92
Puerto;Dato base;Duración media de los viajes;2017M04;6,02
Puerto;Dato base;Duración media de los viajes;2017M03;8,16
Puerto;Dato base;Duración media de los viajes;2017M02;7,99
Puerto;Dato base;Duración media de los viajes;2017M01;6,22
Puerto;Dato base;Duración media de los viajes;2016M12;9,28
Puerto;Dato base;Duración media de los viajes;2016M11;8,50
Puerto;Dato base;Duración media de los viajes;2016M10;8,93
Puerto;Dato base;Duración media de los viajes;2016M09;8,06
Puerto;Dato base;Duración media de los viajes;2016M08;8,27
Puerto;Dato base;Duración media de los viajes;2016M07;5,10
Puerto;Dato base;Duración media de los viajes;2016M06;11,86
Puerto;Dato base;Duración media de los viajes;2016M05;9,38
Puerto;Dato base;Duración media de los viajes;2016M04;7,25
Puerto;Dato base;Duración media de los viajes;2016M03;7,27
Puerto;Dato base;Duración media de los viajes;2016M02;8,86
Puerto;Dato base;Duración media de los viajes;2016M01;6,03
Puerto;Dato base;Duración media de los viajes;2015M12;13,58
Puerto;Dato base;Duración media de los viajes;2015M11;8,39
Puerto;Dato base;Duración media de los viajes;2015M10;8,62
Puerto;Tasa de variación anual;Gasto total;2026M07;127,61
Puerto;Tasa de variación anual;Gasto total;2026M06;98,06
Puerto;Tasa de variación anual;Gasto total;2026M05;157,37
Puerto;Tasa de variación anual;Gasto total;2026M04;-0,92
Puerto;Tasa de variación anual;Gasto total;2026M03;119,05
Puerto;Tasa de variación anual;Gasto total;2026M02;101,87
Puerto;Tasa de variación anual;Gasto total;2026M01;25,51
Puerto;Tasa de variación anual;Gasto total;2025M12;6,10
Puerto;Tasa de variación anual;Gasto total;2025M11;11,87
Puerto;Tasa de variación anual;Gasto total;2025M10;24,98
Puerto;Tasa de variación anual;Gasto total;2025M09;-4,56
Puerto;Tasa de variación anual;Gasto total;2025M08;-7,12
Puerto;Tasa de variación anual;Gasto total;2025M07;-45,13
Puerto;Tasa de variación anual;Gasto total;2025M06;-29,44
Puerto;Tasa de variación anual;Gasto total;2025M05;-0,35
Puerto;Tasa de variación anual;Gasto total;2025M04;22,23
Puerto;Tasa de variación anual;Gasto total;2025M03;-35,98
Puerto;Tasa de variación anual;Gasto total;2025M02;-44,02
Puerto;Tasa de variación anual;Gasto total;2025M01;-6,50
Puerto;Tasa de variación anual;Gasto total;2024M12;-56,06
Puerto;Tasa de variación anual;Gasto total;2024M11;-21,99
Puerto;Tasa de variación anual;Gasto total;2024M10;-1,44
Puerto;Tasa de variación anual;Gasto total;2024M09;60,08
Puerto;Tasa de variación anual;Gasto total;2024M08;-3,76
Puerto;Tasa de variación anual;Gasto total;2024M07;40,26
Puerto;Tasa de variación anual;Gasto total;2024M06;76,58
Puerto;Tasa de variación anual;Gasto total;2024M05;42,63
Puerto;Tasa de variación anual;Gasto total;2024M04;26,76
Puerto;Tasa de variación anual;Gasto total;2024M03;19,20
Puerto;Tasa de variación anual;Gasto total;2024M02;129,51
Puerto;Tasa de variación anual;Gasto total;2024M01;15,70
Puerto;Tasa de variación anual;Gasto total;2023M12;332,96
Puerto;Tasa de variación anual;Gasto total;2023M11;100,03
Puerto;Tasa de variación anual;Gasto total;2023M10;109,60
Puerto;Tasa de variación anual;Gasto total;2023M09;23,65
Puerto;Tasa de variación anual;Gasto total;2023M08;43,04
Puerto;Tasa de variación anual;Gasto total;2023M07;23,81
Puerto;Tasa de variación anual;Gasto total;2023M06;-20,70
Puerto;Tasa de variación anual;Gasto total;2023M05;6,26
Puerto;Tasa de variación anual;Gasto total;2023M04;12,24
Puerto;Tasa de variación anual;Gasto total;2023M03;-25,58
Puerto;Tasa de variación anual;Gasto total;2023M02;-14,83
Puerto;Tasa de variación anual;Gasto total;2023M01;119,98
Puerto;Tasa de variación anual;Gasto total;2022M12;9,15
Puerto;Tasa de variación anual;Gasto total;2022M11;1,60
Puerto;Tasa de variación anual;Gasto total;2022M10;79,22
Puerto;Tasa de variación anual;Gasto total;2022M09;261,58
Puerto;Tasa de variación anual;Gasto total;2022M08;889,18
Puerto;Tasa de variación anual;Gasto total;2022M07;556,92
Puerto;Tasa de variación anual;Gasto total;2022M06;918,17
Puerto;Tasa de variación anual;Gasto total;2022M05;1.809,20
Puerto;Tasa de variación anual;Gasto total;2022M04;1.387,39
Puerto;Tasa de variación anual;Gasto total;2022M03;691,61
Puerto;Tasa de variación anual;Gasto total;2022M02;674,49
Puerto;Tasa de variación anual;Gasto total;2022M01;537,64
Puerto;Tasa de variación anual;Gasto total;2021M12;764,89
Puerto;Tasa de variación anual;Gasto total;2021M11;977,69
Puerto;Tasa de variación anual;Gasto total;2021M10;488,40
Puerto;Tasa de variación anual;Gasto total;2021M09;360,64
Puerto;Tasa de variación anual;Gasto total;2021M08;87,11
Puerto;Tasa de variación anual;Gasto total;2021M07;128,64
Puerto;Tasa de variación anual;Gasto total;2021M06;212,07
Puerto;Tasa de variación anual;Gasto total;2021M05;..
Puerto;Tasa de variación anual;Gasto total;2021M04;..
Puerto;Tasa de variación anual;Gasto total;2021M03;-73,15
Puerto;Tasa de variación anual;Gasto total;2021M02;-90,87
Puerto;Tasa de variación anual;Gasto total;2021M01;-94,88
Puerto;Tasa de variación anual;Gasto total;2020M12;-94,30
Puerto;Tasa de variación anual;Gasto total;2020M11;-94,37
Puerto;Tasa de variación anual;Gasto total;2020M10;-92,72
Puerto;Tasa de variación anual;Gasto total;2020M09;-96,77
Puerto;Tasa de variación anual;Gasto total;2020M08;-94,90
Puerto;Tasa de variación anual;Gasto total;2020M07;-92,22
Puerto;Tasa de variación anual;Gasto total;2020M06;-96,59
Puerto;Tasa de variación anual;Gasto total;2020M05;-100,00
Puerto;Tasa de variación anual;Gasto total;2020M04;-100,00
Puerto;Tasa de variación anual;Gasto total;2020M03;-70,14
Puerto;Tasa de variación anual;Gasto total;2020M02;37,79
Puerto;Tasa de variación anual;Gasto total;2020M01;-9,96
Puerto;Tasa de variación anual;Gasto total;2019M12;-18,26
Puerto;Tasa de variación anual;Gasto total;2019M11;-38,76
Puerto;Tasa de variación anual;Gasto total;2019M10;-50,74
Puerto;Tasa de variación anual;Gasto total;2019M09;-36,88
Puerto;Tasa de variación anual;Gasto total;2019M08;-0,32
Puerto;Tasa de variación anual;Gasto total;2019M07;-52,59
Puerto;Tasa de variación anual;Gasto total;2019M06;-34,70
Puerto;Tasa de variación anual;Gasto total;2019M05;-38,15
Puerto;Tasa de variación anual;Gasto total;2019M04;-0,31
Puerto;Tasa de variación anual;Gasto total;2019M03;19,26
Puerto;Tasa de variación anual;Gasto total;2019M02;-47,57
Puerto;Tasa de variación anual;Gasto total;2019M01;9,06
Puerto;Tasa de variación anual;Gasto total;2018M12;-39,10
Puerto;Tasa de variación anual;Gasto total;2018M11;-34,59
Puerto;Tasa de variación anual;Gasto total;2018M10;40,51
Puerto;Tasa de variación anual;Gasto total;2018M09;3,88
Puerto;Tasa de variación anual;Gasto total;2018M08;-22,94
Puerto;Tasa de variación anual;Gasto total;2018M07;80,98
Puerto;Tasa de variación anual;Gasto total;2018M06;80,71
Puerto;Tasa de variación anual;Gasto total;2018M05;-16,10
Puerto;Tasa de variación anual;Gasto total;2018M04;-3,63
Puerto;Tasa de variación anual;Gasto total;2018M03;12,08
Puerto;Tasa de variación anual;Gasto total;2018M02;3,96
Puerto;Tasa de variación anual;Gasto total;2018M01;-16,81
Puerto;Tasa de variación anual;Gasto total;2017M12;46,11
Puerto;Tasa de variación anual;Gasto total;2017M11;74,94
Puerto;Tasa de variación anual;Gasto total;2017M10;-13,40
Puerto;Tasa de variación anual;Gasto total;2017M09;40,87
Puerto;Tasa de variación anual;Gasto total;2017M08;-26,57
Puerto;Tasa de variación anual;Gasto total;2017M07;38,01
Puerto;Tasa de variación anual;Gasto total;2017M06;14,32
Puerto;Tasa de variación anual;Gasto total;2017M05;59,72
Puerto;Tasa de variación anual;Gasto total;2017M04;20,22
Puerto;Tasa de variación anual;Gasto total;2017M03;49,54
Puerto;Tasa de variación anual;Gasto total;2017M02;-2,52
Puerto;Tasa de variación anual;Gasto total;2017M01;10,89
Puerto;Tasa de variación anual;Gasto total;2016M12;-6,94
Puerto;Tasa de variación anual;Gasto total;2016M11;23,67
Puerto;Tasa de variación anual;Gasto total;2016M10;53,00
Puerto;Tasa de variación anual;Gasto total;2016M09;21,81
Puerto;Tasa de variación anual;Gasto total;2016M08;21,79
Puerto;Tasa de variación anual;Gasto total;2016M07;-16,61
Puerto;Tasa de variación anual;Gasto total;2016M06;-1,79
Puerto;Tasa de variación anual;Gasto total;2016M05;79,38
Puerto;Tasa de variación anual;Gasto total;2016M04;10,54
Puerto;Tasa de variación anual;Gasto total;2016M03;-16,09
Puerto;Tasa de variación anual;Gasto total;2016M02;9,67
Puerto;Tasa de variación anual;Gasto total;2016M01;-7,90
Puerto;Tasa de variación anual;Gasto total;2015M12;41,26
Puerto;Tasa de variación anual;Gasto total;2015M11;29,70
Puerto;Tasa de variación anual;Gasto total;2015M10;27,65
Puerto;Tasa de variación anual;Gasto medio por persona;2026M07;45,58
Puerto;Tasa de variación anual;Gasto medio por persona;2026M06;28,51
Puerto;Tasa de variación anual;Gasto medio por persona;2026M05;31,34
Puerto;Tasa de variación anual;Gasto medio por persona;2026M04;-2,67
Puerto;Tasa de variación anual;Gasto medio por persona;2026M03;51,06
Puerto;Tasa de variación anual;Gasto medio por persona;2026M02;3,47
Puerto;Tasa de variación anual;Gasto medio por persona;2026M01;4,11
Puerto;Tasa de variación anual;Gasto medio por persona;2025M12;-8,25
Puerto;Tasa de variación anual;Gasto medio por persona;2025M11;19,54
Puerto;Tasa de variación anual;Gasto medio por persona;2025M10;20,99
Puerto;Tasa de variación anual;Gasto medio por persona;2025M09;32,09
Puerto;Tasa de variación anual;Gasto medio por persona;2025M08;-18,38
Puerto;Tasa de variación anual;Gasto medio por persona;2025M07;-8,24
Puerto;Tasa de variación anual;Gasto medio por persona;2025M06;26,22
Puerto;Tasa de variación anual;Gasto medio por persona;2025M05;-3,86
Puerto;Tasa de variación anual;Gasto medio por persona;2025M04;-1,86
Puerto;Tasa de variación anual;Gasto medio por persona;2025M03;-0,11
Puerto;Tasa de variación anual;Gasto medio por persona;2025M02;-10,45
Puerto;Tasa de variación anual;Gasto medio por persona;2025M01;2,24
Puerto;Tasa de variación anual;Gasto medio por persona;2024M12;2,47
Puerto;Tasa de variación anual;Gasto medio por persona;2024M11;1,58
Puerto;Tasa de variación anual;Gasto medio por persona;2024M10;-14,31
Puerto;Tasa de variación anual;Gasto medio por persona;2024M09;25,73
Puerto;Tasa de variación anual;Gasto medio por persona;2024M08;-0,49
Puerto;Tasa de variación anual;Gasto medio por persona;2024M07;-10,91
Puerto;Tasa de variación anual;Gasto medio por persona;2024M06;45,86
Puerto;Tasa de variación anual;Gasto medio por persona;2024M05;33,24
Puerto;Tasa de variación anual;Gasto medio por persona;2024M04;15,33
Puerto;Tasa de variación anual;Gasto medio por persona;2024M03;-20,94
Puerto;Tasa de variación anual;Gasto medio por persona;2024M02;-7,78
Puerto;Tasa de variación anual;Gasto medio por persona;2024M01;-7,14
Puerto;Tasa de variación anual;Gasto medio por persona;2023M12;-0,60
Puerto;Tasa de variación anual;Gasto medio por persona;2023M11;-0,38
Puerto;Tasa de variación anual;Gasto medio por persona;2023M10;15,90
Puerto;Tasa de variación anual;Gasto medio por persona;2023M09;-21,26
Puerto;Tasa de variación anual;Gasto medio por persona;2023M08;-12,28
Puerto;Tasa de variación anual;Gasto medio por persona;2023M07;3,39
Puerto;Tasa de variación anual;Gasto medio por persona;2023M06;-44,43
Puerto;Tasa de variación anual;Gasto medio por persona;2023M05;-22,14
Puerto;Tasa de variación anual;Gasto medio por persona;2023M04;-29,02
Puerto;Tasa de variación anual;Gasto medio por persona;2023M03;-39,79
Puerto;Tasa de variación anual;Gasto medio por persona;2023M02;-48,65
Puerto;Tasa de variación anual;Gasto medio por persona;2023M01;-15,71
Puerto;Tasa de variación anual;Gasto medio por persona;2022M12;-32,48
Puerto;Tasa de variación anual;Gasto medio por persona;2022M11;-39,73
Puerto;Tasa de variación anual;Gasto medio por persona;2022M10;1,74
Puerto;Tasa de variación anual;Gasto medio por persona;2022M09;-3,37
Puerto;Tasa de variación anual;Gasto medio por persona;2022M08;-15,77
Puerto;Tasa de variación anual;Gasto medio por persona;2022M07;-36,63
Puerto;Tasa de variación anual;Gasto medio por persona;2022M06;-25,82
Puerto;Tasa de variación anual;Gasto medio por persona;2022M05;-26,51
Puerto;Tasa de variación anual;Gasto medio por persona;2022M04;-23,08
Puerto;Tasa de variación anual;Gasto medio por persona;2022M03;-35,56
Puerto;Tasa de variación anual;Gasto medio por persona;2022M02;22,05
Puerto;Tasa de variación anual;Gasto medio por persona;2022M01;0,86
Puerto;Tasa de variación anual;Gasto medio por persona;2021M12;15,49
Puerto;Tasa de variación anual;Gasto medio por persona;2021M11;11,04
Puerto;Tasa de variación anual;Gasto medio por persona;2021M10;-33,10
Puerto;Tasa de variación anual;Gasto medio por persona;2021M09;-27,08
Puerto;Tasa de variación anual;Gasto medio por persona;2021M08;-31,16
Puerto;Tasa de variación anual;Gasto medio por persona;2021M07;58,36
Puerto;Tasa de variación anual;Gasto medio por persona;2021M06;-25,23
Puerto;Tasa de variación anual;Gasto medio por persona;2021M05;..
Puerto;Tasa de variación anual;Gasto medio por persona;2021M04;..
Puerto;Tasa de variación anual;Gasto medio por persona;2021M03;140,47
Puerto;Tasa de variación anual;Gasto medio por persona;2021M02;126,03
Puerto;Tasa de variación anual;Gasto medio por persona;2021M01;57,63
Puerto;Tasa de variación anual;Gasto medio por persona;2020M12;52,58
Puerto;Tasa de variación anual;Gasto medio por persona;2020M11;66,10
Puerto;Tasa de variación anual;Gasto medio por persona;2020M10;66,11
Puerto;Tasa de variación anual;Gasto medio por persona;2020M09;22,13
Puerto;Tasa de variación anual;Gasto medio por persona;2020M08;134,10
Puerto;Tasa de variación anual;Gasto medio por persona;2020M07;9,10
Puerto;Tasa de variación anual;Gasto medio por persona;2020M06;103,02
Puerto;Tasa de variación anual;Gasto medio por persona;2020M05;-100,00
Puerto;Tasa de variación anual;Gasto medio por persona;2020M04;-100,00
Puerto;Tasa de variación anual;Gasto medio por persona;2020M03;4,57
Puerto;Tasa de variación anual;Gasto medio por persona;2020M02;8,51
Puerto;Tasa de variación anual;Gasto medio por persona;2020M01;-16,38
Puerto;Tasa de variación anual;Gasto medio por persona;2019M12;-17,99
Puerto;Tasa de variación anual;Gasto medio por persona;2019M11;-44,57
Puerto;Tasa de variación anual;Gasto medio por persona;2019M10;-32,45
Puerto;Tasa de variación anual;Gasto medio por persona;2019M09;-16,54
Puerto;Tasa de variación anual;Gasto medio por persona;2019M08;4,01
Puerto;Tasa de variación anual;Gasto medio por persona;2019M07;-29,77
Puerto;Tasa de variación anual;Gasto medio por persona;2019M06;-25,28
Puerto;Tasa de variación anual;Gasto medio por persona;2019M05;-5,83
Puerto;Tasa de variación anual;Gasto medio por persona;2019M04;2,22
Puerto;Tasa de variación anual;Gasto medio por persona;2019M03;-19,22
Puerto;Tasa de variación anual;Gasto medio por persona;2019M02;-32,93
Puerto;Tasa de variación anual;Gasto medio por persona;2019M01;-0,37
Puerto;Tasa de variación anual;Gasto medio por persona;2018M12;-28,15
Puerto;Tasa de variación anual;Gasto medio por persona;2018M11;4,48
Puerto;Tasa de variación anual;Gasto medio por persona;2018M10;-3,92
Puerto;Tasa de variación anual;Gasto medio por persona;2018M09;1,77
Puerto;Tasa de variación anual;Gasto medio por persona;2018M08;-19,07
Puerto;Tasa de variación anual;Gasto medio por persona;2018M07;21,23
Puerto;Tasa de variación anual;Gasto medio por persona;2018M06;-11,54
Puerto;Tasa de variación anual;Gasto medio por persona;2018M05;-2,50
Puerto;Tasa de variación anual;Gasto medio por persona;2018M04;8,62
Puerto;Tasa de variación anual;Gasto medio por persona;2018M03;18,17
Puerto;Tasa de variación anual;Gasto medio por persona;2018M02;26,16
Puerto;Tasa de variación anual;Gasto medio por persona;2018M01;20,58
Puerto;Tasa de variación anual;Gasto medio por persona;2017M12;31,75
Puerto;Tasa de variación anual;Gasto medio por persona;2017M11;10,39
Puerto;Tasa de variación anual;Gasto medio por persona;2017M10;-17,25
Puerto;Tasa de variación anual;Gasto medio por persona;2017M09;-7,09
Puerto;Tasa de variación anual;Gasto medio por persona;2017M08;-6,40
Puerto;Tasa de variación anual;Gasto medio por persona;2017M07;18,27
Puerto;Tasa de variación anual;Gasto medio por persona;2017M06;-1,51
Puerto;Tasa de variación anual;Gasto medio por persona;2017M05;-20,91
Puerto;Tasa de variación anual;Gasto medio por persona;2017M04;-17,05
Puerto;Tasa de variación anual;Gasto medio por persona;2017M03;21,10
Puerto;Tasa de variación anual;Gasto medio por persona;2017M02;-12,44
Puerto;Tasa de variación anual;Gasto medio por persona;2017M01;-9,01
Puerto;Tasa de variación anual;Gasto medio por persona;2016M12;-17,57
Puerto;Tasa de variación anual;Gasto medio por persona;2016M11;8,49
Puerto;Tasa de variación anual;Gasto medio por persona;2016M10;27,98
Puerto;Tasa de variación anual;Gasto medio por persona;2016M09;4,99
Puerto;Tasa de variación anual;Gasto medio por persona;2016M08;24,57
Puerto;Tasa de variación anual;Gasto medio por persona;2016M07;-23,98
Puerto;Tasa de variación anual;Gasto medio por persona;2016M06;-12,20
Puerto;Tasa de variación anual;Gasto medio por persona;2016M05;53,77
Puerto;Tasa de variación anual;Gasto medio por persona;2016M04;-4,30
Puerto;Tasa de variación anual;Gasto medio por persona;2016M03;-30,41
Puerto;Tasa de variación anual;Gasto medio por persona;2016M02;-7,64
Puerto;Tasa de variación anual;Gasto medio por persona;2016M01;-14,93
Puerto;Tasa de variación anual;Gasto medio por persona;2015M12;35,46
Puerto;Tasa de variación anual;Gasto medio por persona;2015M11;9,00
Puerto;Tasa de variación anual;Gasto medio por persona;2015M10;8,25
Puerto;Tasa de variación anual;Gasto medio diario por persona;2026M07;46,12
Puerto;Tasa de variación anual;Gasto medio diario por persona;2026M06;34,72
Puerto;Tasa de variación anual;Gasto medio diario por persona;2026M05;38,22
Puerto;Tasa de variación anual;Gasto medio diario por persona;2026M04;-9,11
Puerto;Tasa de variación anual;Gasto medio diario por persona;2026M03;37,34
Puerto;Tasa de variación anual;Gasto medio diario por persona;2026M02;1,28
Puerto;Tasa de variación anual;Gasto medio diario por persona;2026M01;16,11
Puerto;Tasa de variación anual;Gasto medio diario por persona;2025M12;11,77
Puerto;Tasa de variación anual;Gasto medio diario por persona;2025M11;40,75
Puerto;Tasa de variación anual;Gasto medio diario por persona;2025M10;23,46
Puerto;Tasa de variación anual;Gasto medio diario por persona;2025M09;27,03
Puerto;Tasa de variación anual;Gasto medio diario por persona;2025M08;-2,19
Puerto;Tasa de variación anual;Gasto medio diario por persona;2025M07;-8,76
Puerto;Tasa de variación anual;Gasto medio diario por persona;2025M06;11,37
Puerto;Tasa de variación anual;Gasto medio diario por persona;2025M05;0,00
Puerto;Tasa de variación anual;Gasto medio diario por persona;2025M04;-6,07
Puerto;Tasa de variación anual;Gasto medio diario por persona;2025M03;-13,28
Puerto;Tasa de variación anual;Gasto medio diario por persona;2025M02;-7,42
Puerto;Tasa de variación anual;Gasto medio diario por persona;2025M01;20,14
Puerto;Tasa de variación anual;Gasto medio diario por persona;2024M12;-0,98
Puerto;Tasa de variación anual;Gasto medio diario por persona;2024M11;-3,47
Puerto;Tasa de variación anual;Gasto medio diario por persona;2024M10;-9,38
Puerto;Tasa de variación anual;Gasto medio diario por persona;2024M09;40,54
Puerto;Tasa de variación anual;Gasto medio diario por persona;2024M08;2,93
Puerto;Tasa de variación anual;Gasto medio diario por persona;2024M07;-5,21
Puerto;Tasa de variación anual;Gasto medio diario por persona;2024M06;34,45
Puerto;Tasa de variación anual;Gasto medio diario por persona;2024M05;29,36
Puerto;Tasa de variación anual;Gasto medio diario por persona;2024M04;32,79
Puerto;Tasa de variación anual;Gasto medio diario por persona;2024M03;44,95
Puerto;Tasa de variación anual;Gasto medio diario por persona;2024M02;24,50
Puerto;Tasa de variación anual;Gasto medio diario por persona;2024M01;-7,48
Puerto;Tasa de variación anual;Gasto medio diario por persona;2023M12;11,63
Puerto;Tasa de variación anual;Gasto medio diario por persona;2023M11;14,38
Puerto;Tasa de variación anual;Gasto medio diario por persona;2023M10;23,39
Puerto;Tasa de variación anual;Gasto medio diario por persona;2023M09;-15,27
Puerto;Tasa de variación anual;Gasto medio diario por persona;2023M08;22,05
Puerto;Tasa de variación anual;Gasto medio diario por persona;2023M07;16,35
Puerto;Tasa de variación anual;Gasto medio diario por persona;2023M06;-27,89
Puerto;Tasa de variación anual;Gasto medio diario por persona;2023M05;-7,03
Puerto;Tasa de variación anual;Gasto medio diario por persona;2023M04;-18,18
Puerto;Tasa de variación anual;Gasto medio diario por persona;2023M03;-7,41
Puerto;Tasa de variación anual;Gasto medio diario por persona;2023M02;-1,21
Puerto;Tasa de variación anual;Gasto medio diario por persona;2023M01;28,16
Puerto;Tasa de variación anual;Gasto medio diario por persona;2022M12;-8,26
Puerto;Tasa de variación anual;Gasto medio diario por persona;2022M11;-3,52
Puerto;Tasa de variación anual;Gasto medio diario por persona;2022M10;17,84
Puerto;Tasa de variación anual;Gasto medio diario por persona;2022M09;40,31
Puerto;Tasa de variación anual;Gasto medio diario por persona;2022M08;42,76
Puerto;Tasa de variación anual;Gasto medio diario por persona;2022M07;21,59
Puerto;Tasa de variación anual;Gasto medio diario por persona;2022M06;59,56
Puerto;Tasa de variación anual;Gasto medio diario por persona;2022M05;1,02
Puerto;Tasa de variación anual;Gasto medio diario por persona;2022M04;27,46
Puerto;Tasa de variación anual;Gasto medio diario por persona;2022M03;12,98
Puerto;Tasa de variación anual;Gasto medio diario por persona;2022M02;5,45
Puerto;Tasa de variación anual;Gasto medio diario por persona;2022M01;7,59
Puerto;Tasa de variación anual;Gasto medio diario por persona;2021M12;27,26
Puerto;Tasa de variación anual;Gasto medio diario por persona;2021M11;24,26
Puerto;Tasa de variación anual;Gasto medio diario por persona;2021M10;13,87
Puerto;Tasa de variación anual;Gasto medio diario por persona;2021M09;3,69
Puerto;Tasa de variación anual;Gasto medio diario por persona;2021M08;3,89
Puerto;Tasa de variación anual;Gasto medio diario por persona;2021M07;6,79
Puerto;Tasa de variación anual;Gasto medio diario por persona;2021M06;-24,16
Puerto;Tasa de variación anual;Gasto medio diario por persona;2021M05;..
Puerto;Tasa de variación anual;Gasto medio diario por persona;2021M04;..
Puerto;Tasa de variación anual;Gasto medio diario por persona;2021M03;5,98
Puerto;Tasa de variación anual;Gasto medio diario por persona;2021M02;-2,26
Puerto;Tasa de variación anual;Gasto medio diario por persona;2021M01;-17,64
Puerto;Tasa de variación anual;Gasto medio diario por persona;2020M12;-19,07
Puerto;Tasa de variación anual;Gasto medio diario por persona;2020M11;-26,96
Puerto;Tasa de variación anual;Gasto medio diario por persona;2020M10;-25,64
Puerto;Tasa de variación anual;Gasto medio diario por persona;2020M09;-19,21
Puerto;Tasa de variación anual;Gasto medio diario por persona;2020M08;-34,91
Puerto;Tasa de variación anual;Gasto medio diario por persona;2020M07;-22,80
Puerto;Tasa de variación anual;Gasto medio diario por persona;2020M06;-24,25
Puerto;Tasa de variación anual;Gasto medio diario por persona;2020M05;-100,00
Puerto;Tasa de variación anual;Gasto medio diario por persona;2020M04;-100,00
Puerto;Tasa de variación anual;Gasto medio diario por persona;2020M03;-18,11
Puerto;Tasa de variación anual;Gasto medio diario por persona;2020M02;1,07
Puerto;Tasa de variación anual;Gasto medio diario por persona;2020M01;-8,57
Puerto;Tasa de variación anual;Gasto medio diario por persona;2019M12;12,83
Puerto;Tasa de variación anual;Gasto medio diario por persona;2019M11;-1,13
Puerto;Tasa de variación anual;Gasto medio diario por persona;2019M10;-25,15
Puerto;Tasa de variación anual;Gasto medio diario por persona;2019M09;-17,15
Puerto;Tasa de variación anual;Gasto medio diario por persona;2019M08;4,83
Puerto;Tasa de variación anual;Gasto medio diario por persona;2019M07;-31,29
Puerto;Tasa de variación anual;Gasto medio diario por persona;2019M06;14,94
Puerto;Tasa de variación anual;Gasto medio diario por persona;2019M05;51,90
Puerto;Tasa de variación anual;Gasto medio diario por persona;2019M04;-4,93
Puerto;Tasa de variación anual;Gasto medio diario por persona;2019M03;4,88
Puerto;Tasa de variación anual;Gasto medio diario por persona;2019M02;-22,88
Puerto;Tasa de variación anual;Gasto medio diario por persona;2019M01;-9,17
Puerto;Tasa de variación anual;Gasto medio diario por persona;2018M12;-25,66
Puerto;Tasa de variación anual;Gasto medio diario por persona;2018M11;-0,87
Puerto;Tasa de variación anual;Gasto medio diario por persona;2018M10;48,93
Puerto;Tasa de variación anual;Gasto medio diario por persona;2018M09;0,23
Puerto;Tasa de variación anual;Gasto medio diario por persona;2018M08;9,39
Puerto;Tasa de variación anual;Gasto medio diario por persona;2018M07;45,74
Puerto;Tasa de variación anual;Gasto medio diario por persona;2018M06;-4,53
Puerto;Tasa de variación anual;Gasto medio diario por persona;2018M05;3,03
Puerto;Tasa de variación anual;Gasto medio diario por persona;2018M04;26,45
Puerto;Tasa de variación anual;Gasto medio diario por persona;2018M03;9,78
Puerto;Tasa de variación anual;Gasto medio diario por persona;2018M02;60,30
Puerto;Tasa de variación anual;Gasto medio diario por persona;2018M01;16,42
Puerto;Tasa de variación anual;Gasto medio diario por persona;2017M12;43,40
Puerto;Tasa de variación anual;Gasto medio diario por persona;2017M11;25,35
Puerto;Tasa de variación anual;Gasto medio diario por persona;2017M10;2,06
Puerto;Tasa de variación anual;Gasto medio diario por persona;2017M09;6,23
Puerto;Tasa de variación anual;Gasto medio diario por persona;2017M08;-3,04
Puerto;Tasa de variación anual;Gasto medio diario por persona;2017M07;12,46
Puerto;Tasa de variación anual;Gasto medio diario por persona;2017M06;67,77
Puerto;Tasa de variación anual;Gasto medio diario por persona;2017M05;-16,91
Puerto;Tasa de variación anual;Gasto medio diario por persona;2017M04;-0,13
Puerto;Tasa de variación anual;Gasto medio diario por persona;2017M03;7,85
Puerto;Tasa de variación anual;Gasto medio diario por persona;2017M02;-2,92
Puerto;Tasa de variación anual;Gasto medio diario por persona;2017M01;-11,76
Puerto;Tasa de variación anual;Gasto medio diario por persona;2016M12;20,65
Puerto;Tasa de variación anual;Gasto medio diario por persona;2016M11;7,10
Puerto;Tasa de variación anual;Gasto medio diario por persona;2016M10;23,51
Puerto;Tasa de variación anual;Gasto medio diario por persona;2016M09;25,88
Puerto;Tasa de variación anual;Gasto medio diario por persona;2016M08;0,40
Puerto;Tasa de variación anual;Gasto medio diario por persona;2016M07;7,32
Puerto;Tasa de variación anual;Gasto medio diario por persona;2016M06;-46,24
Puerto;Tasa de variación anual;Gasto medio diario por persona;2016M05;-1,15
Puerto;Tasa de variación anual;Gasto medio diario por persona;2016M04;-1,74
Puerto;Tasa de variación anual;Gasto medio diario por persona;2016M03;-10,80
Puerto;Tasa de variación anual;Gasto medio diario por persona;2016M02;-8,60
Puerto;Tasa de variación anual;Gasto medio diario por persona;2016M01;0,57
Puerto;Tasa de variación anual;Gasto medio diario por persona;2015M12;-28,36
Puerto;Tasa de variación anual;Gasto medio diario por persona;2015M11;-18,81
Puerto;Tasa de variación anual;Gasto medio diario por persona;2015M10;-20,73
Puerto;Tasa de variación anual;Duración media de los viajes;2026M07;-0,37
Puerto;Tasa de variación anual;Duración media de los viajes;2026M06;-4,61
Puerto;Tasa de variación anual;Duración media de los viajes;2026M05;-4,98
Puerto;Tasa de variación anual;Duración media de los viajes;2026M04;7,08
Puerto;Tasa de variación anual;Duración media de los viajes;2026M03;9,99
Puerto;Tasa de variación anual;Duración media de los viajes;2026M02;2,16
Puerto;Tasa de variación anual;Duración media de los viajes;2026M01;-10,34
Puerto;Tasa de variación anual;Duración media de los viajes;2025M12;-17,91
Puerto;Tasa de variación anual;Duración media de los viajes;2025M11;-15,07
Puerto;Tasa de variación anual;Duración media de los viajes;2025M10;-2,00
Puerto;Tasa de variación anual;Duración media de los viajes;2025M09;3,98
Puerto;Tasa de variación anual;Duración media de los viajes;2025M08;-16,56
Puerto;Tasa de variación anual;Duración media de los viajes;2025M07;0,57
Puerto;Tasa de variación anual;Duración media de los viajes;2025M06;13,33
Puerto;Tasa de variación anual;Duración media de los viajes;2025M05;-3,86
Puerto;Tasa de variación anual;Duración media de los viajes;2025M04;4,48
Puerto;Tasa de variación anual;Duración media de los viajes;2025M03;15,18
Puerto;Tasa de variación anual;Duración media de los viajes;2025M02;-3,28
Puerto;Tasa de variación anual;Duración media de los viajes;2025M01;-14,90
Puerto;Tasa de variación anual;Duración media de los viajes;2024M12;3,49
Puerto;Tasa de variación anual;Duración media de los viajes;2024M11;5,24
Puerto;Tasa de variación anual;Duración media de los viajes;2024M10;-5,44
Puerto;Tasa de variación anual;Duración media de los viajes;2024M09;-10,53
Puerto;Tasa de variación anual;Duración media de los viajes;2024M08;-3,32
Puerto;Tasa de variación anual;Duración media de los viajes;2024M07;-6,01
Puerto;Tasa de variación anual;Duración media de los viajes;2024M06;8,49
Puerto;Tasa de variación anual;Duración media de los viajes;2024M05;3,00
Puerto;Tasa de variación anual;Duración media de los viajes;2024M04;-13,15
Puerto;Tasa de variación anual;Duración media de los viajes;2024M03;-45,46
Puerto;Tasa de variación anual;Duración media de los viajes;2024M02;-25,92
Puerto;Tasa de variación anual;Duración media de los viajes;2024M01;0,37
Puerto;Tasa de variación anual;Duración media de los viajes;2023M12;-10,96
Puerto;Tasa de variación anual;Duración media de los viajes;2023M11;-12,90
Puerto;Tasa de variación anual;Duración media de los viajes;2023M10;-6,07
Puerto;Tasa de variación anual;Duración media de los viajes;2023M09;-7,07
Puerto;Tasa de variación anual;Duración media de los viajes;2023M08;-28,13
Puerto;Tasa de variación anual;Duración media de los viajes;2023M07;-11,13
Puerto;Tasa de variación anual;Duración media de los viajes;2023M06;-22,93
Puerto;Tasa de variación anual;Duración media de los viajes;2023M05;-16,26
Puerto;Tasa de variación anual;Duración media de los viajes;2023M04;-13,25
Puerto;Tasa de variación anual;Duración media de los viajes;2023M03;-34,97
Puerto;Tasa de variación anual;Duración media de los viajes;2023M02;-48,02
Puerto;Tasa de variación anual;Duración media de los viajes;2023M01;-34,23
Puerto;Tasa de variación anual;Duración media de los viajes;2022M12;-26,40
Puerto;Tasa de variación anual;Duración media de los viajes;2022M11;-37,54
Puerto;Tasa de variación anual;Duración media de los viajes;2022M10;-13,66
Puerto;Tasa de variación anual;Duración media de los viajes;2022M09;-31,13
Puerto;Tasa de variación anual;Duración media de los viajes;2022M08;-41,00
Puerto;Tasa de variación anual;Duración media de los viajes;2022M07;-47,88
Puerto;Tasa de variación anual;Duración media de los viajes;2022M06;-53,51
Puerto;Tasa de variación anual;Duración media de los viajes;2022M05;-27,25
Puerto;Tasa de variación anual;Duración media de los viajes;2022M04;-39,65
Puerto;Tasa de variación anual;Duración media de los viajes;2022M03;-42,97
Puerto;Tasa de variación anual;Duración media de los viajes;2022M02;15,74
Puerto;Tasa de variación anual;Duración media de los viajes;2022M01;-6,26
Puerto;Tasa de variación anual;Duración media de los viajes;2021M12;-9,25
Puerto;Tasa de variación anual;Duración media de los viajes;2021M11;-10,64
Puerto;Tasa de variación anual;Duración media de los viajes;2021M10;-41,25
Puerto;Tasa de variación anual;Duración media de los viajes;2021M09;-29,68
Puerto;Tasa de variación anual;Duración media de los viajes;2021M08;-33,74
Puerto;Tasa de variación anual;Duración media de los viajes;2021M07;48,30
Puerto;Tasa de variación anual;Duración media de los viajes;2021M06;-1,40
Puerto;Tasa de variación anual;Duración media de los viajes;2021M05;..
Puerto;Tasa de variación anual;Duración media de los viajes;2021M04;..
Puerto;Tasa de variación anual;Duración media de los viajes;2021M03;126,90
Puerto;Tasa de variación anual;Duración media de los viajes;2021M02;131,24
Puerto;Tasa de variación anual;Duración media de los viajes;2021M01;91,40
Puerto;Tasa de variación anual;Duración media de los viajes;2020M12;88,53
Puerto;Tasa de variación anual;Duración media de los viajes;2020M11;127,40
Puerto;Tasa de variación anual;Duración media de los viajes;2020M10;123,40
Puerto;Tasa de variación anual;Duración media de los viajes;2020M09;51,18
Puerto;Tasa de variación anual;Duración media de los viajes;2020M08;259,64
Puerto;Tasa de variación anual;Duración media de los viajes;2020M07;41,32
Puerto;Tasa de variación anual;Duración media de los viajes;2020M06;168,00
Puerto;Tasa de variación anual;Duración media de los viajes;2020M05;-100,00
Puerto;Tasa de variación anual;Duración media de los viajes;2020M04;-100,00
Puerto;Tasa de variación anual;Duración media de los viajes;2020M03;27,69
Puerto;Tasa de variación anual;Duración media de los viajes;2020M02;7,36
Puerto;Tasa de variación anual;Duración media de los viajes;2020M01;-8,54
Puerto;Tasa de variación anual;Duración media de los viajes;2019M12;-27,32
Puerto;Tasa de variación anual;Duración media de los viajes;2019M11;-43,94
Puerto;Tasa de variación anual;Duración media de los viajes;2019M10;-9,74
Puerto;Tasa de variación anual;Duración media de los viajes;2019M09;0,74
Puerto;Tasa de variación anual;Duración media de los viajes;2019M08;-0,78
Puerto;Tasa de variación anual;Duración media de los viajes;2019M07;2,21
Puerto;Tasa de variación anual;Duración media de los viajes;2019M06;-34,99
Puerto;Tasa de variación anual;Duración media de los viajes;2019M05;-38,00
Puerto;Tasa de variación anual;Duración media de los viajes;2019M04;7,52
Puerto;Tasa de variación anual;Duración media de los viajes;2019M03;-22,98
Puerto;Tasa de variación anual;Duración media de los viajes;2019M02;-13,04
Puerto;Tasa de variación anual;Duración media de los viajes;2019M01;9,69
Puerto;Tasa de variación anual;Duración media de los viajes;2018M12;-3,34
Puerto;Tasa de variación anual;Duración media de los viajes;2018M11;5,40
Puerto;Tasa de variación anual;Duración media de los viajes;2018M10;-35,48
Puerto;Tasa de variación anual;Duración media de los viajes;2018M09;1,53
Puerto;Tasa de variación anual;Duración media de los viajes;2018M08;-26,02
Puerto;Tasa de variación anual;Duración media de los viajes;2018M07;-16,82
Puerto;Tasa de variación anual;Duración media de los viajes;2018M06;-7,35
Puerto;Tasa de variación anual;Duración media de los viajes;2018M05;-5,37
Puerto;Tasa de variación anual;Duración media de los viajes;2018M04;-14,10
Puerto;Tasa de variación anual;Duración media de los viajes;2018M03;7,64
Puerto;Tasa de variación anual;Duración media de los viajes;2018M02;-21,30
Puerto;Tasa de variación anual;Duración media de los viajes;2018M01;3,58
Puerto;Tasa de variación anual;Duración media de los viajes;2017M12;-8,12
Puerto;Tasa de variación anual;Duración media de los viajes;2017M11;-11,93
Puerto;Tasa de variación anual;Duración media de los viajes;2017M10;-18,91
Puerto;Tasa de variación anual;Duración media de los viajes;2017M09;-12,54
Puerto;Tasa de variación anual;Duración media de los viajes;2017M08;-3,46
Puerto;Tasa de variación anual;Duración media de los viajes;2017M07;5,16
Puerto;Tasa de variación anual;Duración media de los viajes;2017M06;-41,30
Puerto;Tasa de variación anual;Duración media de los viajes;2017M05;-4,82
Puerto;Tasa de variación anual;Duración media de los viajes;2017M04;-16,94
Puerto;Tasa de variación anual;Duración media de los viajes;2017M03;12,29
Puerto;Tasa de variación anual;Duración media de los viajes;2017M02;-9,80
Puerto;Tasa de variación anual;Duración media de los viajes;2017M01;3,11
Puerto;Tasa de variación anual;Duración media de los viajes;2016M12;-31,68
Puerto;Tasa de variación anual;Duración media de los viajes;2016M11;1,29
Puerto;Tasa de variación anual;Duración media de los viajes;2016M10;3,62
Puerto;Tasa de variación anual;Duración media de los viajes;2016M09;-16,60
Puerto;Tasa de variación anual;Duración media de los viajes;2016M08;24,07
Puerto;Tasa de variación anual;Duración media de los viajes;2016M07;-29,17
Puerto;Tasa de variación anual;Duración media de los viajes;2016M06;63,32
Puerto;Tasa de variación anual;Duración media de los viajes;2016M05;55,56
Puerto;Tasa de variación anual;Duración media de los viajes;2016M04;-2,61
Puerto;Tasa de variación anual;Duración media de los viajes;2016M03;-21,99
Puerto;Tasa de variación anual;Duración media de los viajes;2016M02;1,05
Puerto;Tasa de variación anual;Duración media de los viajes;2016M01;-15,41
Puerto;Tasa de variación anual;Duración media de los viajes;2015M12;89,09
Puerto;Tasa de variación anual;Duración media de los viajes;2015M11;34,26
Puerto;Tasa de variación anual;Duración media de los viajes;2015M10;36,57
Puerto;Acumulado en lo que va de año;Gasto total;2026M07;1.344,75
Puerto;Acumulado en lo que va de año;Gasto total;2026M06;1.024,42
Puerto;Acumulado en lo que va de año;Gasto total;2026M05;771,78
Puerto;Acumulado en lo que va de año;Gasto total;2026M04;341,19
Puerto;Acumulado en lo que va de año;Gasto total;2026M03;226,08
Puerto;Acumulado en lo que va de año;Gasto total;2026M02;152,37
Puerto;Acumulado en lo que va de año;Gasto total;2026M01;78,57
Puerto;Acumulado en lo que va de año;Gasto total;2025M12;1.724,07
Puerto;Acumulado en lo que va de año;Gasto total;2025M11;1.666,85
Puerto;Acumulado en lo que va de año;Gasto total;2025M10;1.582,68
Puerto;Acumulado en lo que va de año;Gasto total;2025M09;1.333,66
Puerto;Acumulado en lo que va de año;Gasto total;2025M08;1.049,26
Puerto;Acumulado en lo que va de año;Gasto total;2025M07;684,58
Puerto;Acumulado en lo que va de año;Gasto total;2025M06;543,84
Puerto;Acumulado en lo que va de año;Gasto total;2025M05;416,29
Puerto;Acumulado en lo que va de año;Gasto total;2025M04;248,98
Puerto;Acumulado en lo que va de año;Gasto total;2025M03;132,81
Puerto;Acumulado en lo que va de año;Gasto total;2025M02;99,16
Puerto;Acumulado en lo que va de año;Gasto total;2025M01;62,60
Puerto;Acumulado en lo que va de año;Gasto total;2024M12;1.904,02
Puerto;Acumulado en lo que va de año;Gasto total;2024M11;1.850,09
Puerto;Acumulado en lo que va de año;Gasto total;2024M10;1.774,86
Puerto;Acumulado en lo que va de año;Gasto total;2024M09;1.575,61
Puerto;Acumulado en lo que va de año;Gasto total;2024M08;1.277,63
Puerto;Acumulado en lo que va de año;Gasto total;2024M07;885,00
Puerto;Acumulado en lo que va de año;Gasto total;2024M06;628,52
Puerto;Acumulado en lo que va de año;Gasto total;2024M05;447,76
Puerto;Acumulado en lo que va de año;Gasto total;2024M04;279,87
Puerto;Acumulado en lo que va de año;Gasto total;2024M03;184,83
Puerto;Acumulado en lo que va de año;Gasto total;2024M02;132,26
Puerto;Acumulado en lo que va de año;Gasto total;2024M01;66,95
Puerto;Acumulado en lo que va de año;Gasto total;2023M12;1.623,79
Puerto;Acumulado en lo que va de año;Gasto total;2023M11;1.501,04
Puerto;Acumulado en lo que va de año;Gasto total;2023M10;1.404,61
Puerto;Acumulado en lo que va de año;Gasto total;2023M09;1.202,45
Puerto;Acumulado en lo que va de año;Gasto total;2023M08;1.016,31
Puerto;Acumulado en lo que va de año;Gasto total;2023M07;608,34
Puerto;Acumulado en lo que va de año;Gasto total;2023M06;425,48
Puerto;Acumulado en lo que va de año;Gasto total;2023M05;323,11
Puerto;Acumulado en lo que va de año;Gasto total;2023M04;205,40
Puerto;Acumulado en lo que va de año;Gasto total;2023M03;130,42
Puerto;Acumulado en lo que va de año;Gasto total;2023M02;86,32
Puerto;Acumulado en lo que va de año;Gasto total;2023M01;57,86
Puerto;Acumulado en lo que va de año;Gasto total;2022M12;1.182,08
Puerto;Acumulado en lo que va de año;Gasto total;2022M11;1.153,73
Puerto;Acumulado en lo que va de año;Gasto total;2022M10;1.105,52
Puerto;Acumulado en lo que va de año;Gasto total;2022M09;1.009,07
Puerto;Acumulado en lo que va de año;Gasto total;2022M08;858,53
Puerto;Acumulado en lo que va de año;Gasto total;2022M07;573,33
Puerto;Acumulado en lo que va de año;Gasto total;2022M06;425,64
Puerto;Acumulado en lo que va de año;Gasto total;2022M05;296,55
Puerto;Acumulado en lo que va de año;Gasto total;2022M04;185,77
Puerto;Acumulado en lo que va de año;Gasto total;2022M03;118,97
Puerto;Acumulado en lo que va de año;Gasto total;2022M02;59,72
Puerto;Acumulado en lo que va de año;Gasto total;2022M01;26,30
Puerto;Acumulado en lo que va de año;Gasto total;2021M12;259,08
Puerto;Acumulado en lo que va de año;Gasto total;2021M11;233,11
Puerto;Acumulado en lo que va de año;Gasto total;2021M10;185,66
Puerto;Acumulado en lo que va de año;Gasto total;2021M09;131,84
Puerto;Acumulado en lo que va de año;Gasto total;2021M08;90,21
Puerto;Acumulado en lo que va de año;Gasto total;2021M07;61,38
Puerto;Acumulado en lo que va de año;Gasto total;2021M06;38,90
Puerto;Acumulado en lo que va de año;Gasto total;2021M05;26,22
Puerto;Acumulado en lo que va de año;Gasto total;2021M04;20,42
Puerto;Acumulado en lo que va de año;Gasto total;2021M03;15,92
Puerto;Acumulado en lo que va de año;Gasto total;2021M02;8,44
Puerto;Acumulado en lo que va de año;Gasto total;2021M01;4,13
Puerto;Acumulado en lo que va de año;Gasto total;2020M12;210,65
Puerto;Acumulado en lo que va de año;Gasto total;2020M11;207,65
Puerto;Acumulado en lo que va de año;Gasto total;2020M10;203,24
Puerto;Acumulado en lo que va de año;Gasto total;2020M09;194,10
Puerto;Acumulado en lo que va de año;Gasto total;2020M08;185,06
Puerto;Acumulado en lo que va de año;Gasto total;2020M07;169,65
Puerto;Acumulado en lo que va de año;Gasto total;2020M06;159,82
Puerto;Acumulado en lo que va de año;Gasto total;2020M05;155,76
Puerto;Acumulado en lo que va de año;Gasto total;2020M04;155,76
Puerto;Acumulado en lo que va de año;Gasto total;2020M03;155,76
Puerto;Acumulado en lo que va de año;Gasto total;2020M02;127,88
Puerto;Acumulado en lo que va de año;Gasto total;2020M01;80,63
Puerto;Acumulado en lo que va de año;Gasto total;2019M12;1.559,05
Puerto;Acumulado en lo que va de año;Gasto total;2019M11;1.506,38
Puerto;Acumulado en lo que va de año;Gasto total;2019M10;1.428,20
Puerto;Acumulado en lo que va de año;Gasto total;2019M09;1.302,52
Puerto;Acumulado en lo que va de año;Gasto total;2019M08;1.022,97
Puerto;Acumulado en lo que va de año;Gasto total;2019M07;720,83
Puerto;Acumulado en lo que va de año;Gasto total;2019M06;594,48
Puerto;Acumulado en lo que va de año;Gasto total;2019M05;475,39
Puerto;Acumulado en lo que va de año;Gasto total;2019M04;347,62
Puerto;Acumulado en lo que va de año;Gasto total;2019M03;217,21
Puerto;Acumulado en lo que va de año;Gasto total;2019M02;123,84
Puerto;Acumulado en lo que va de año;Gasto total;2019M01;89,55
Puerto;Acumulado en lo que va de año;Gasto total;2018M12;2.205,33
Puerto;Acumulado en lo que va de año;Gasto total;2018M11;2.140,90
Puerto;Acumulado en lo que va de año;Gasto total;2018M10;2.013,24
Puerto;Acumulado en lo que va de año;Gasto total;2018M09;1.758,10
Puerto;Acumulado en lo que va de año;Gasto total;2018M08;1.315,20
Puerto;Acumulado en lo que va de año;Gasto total;2018M07;1.012,09
Puerto;Acumulado en lo que va de año;Gasto total;2018M06;745,57
Puerto;Acumulado en lo que va de año;Gasto total;2018M05;563,19
Puerto;Acumulado en lo que va de año;Gasto total;2018M04;356,61
Puerto;Acumulado en lo que va de año;Gasto total;2018M03;225,80
Puerto;Acumulado en lo que va de año;Gasto total;2018M02;147,52
Puerto;Acumulado en lo que va de año;Gasto total;2018M01;82,11
Puerto;Acumulado en lo que va de año;Gasto total;2017M12;2.163,88
Puerto;Acumulado en lo que va de año;Gasto total;2017M11;2.058,07
Puerto;Acumulado en lo que va de año;Gasto total;2017M10;1.862,89
Puerto;Acumulado en lo que va de año;Gasto total;2017M09;1.681,30
Puerto;Acumulado en lo que va de año;Gasto total;2017M08;1.254,97
Puerto;Acumulado en lo que va de año;Gasto total;2017M07;861,62
Puerto;Acumulado en lo que va de año;Gasto total;2017M06;714,36
Puerto;Acumulado en lo que va de año;Gasto total;2017M05;613,43
Puerto;Acumulado en lo que va de año;Gasto total;2017M04;367,20
Puerto;Acumulado en lo que va de año;Gasto total;2017M03;231,47
Puerto;Acumulado en lo que va de año;Gasto total;2017M02;161,62
Puerto;Acumulado en lo que va de año;Gasto total;2017M01;98,71
Puerto;Acumulado en lo que va de año;Gasto total;2016M12;1.894,30
Puerto;Acumulado en lo que va de año;Gasto total;2016M11;1.821,89
Puerto;Acumulado en lo que va de año;Gasto total;2016M10;1.710,32
Puerto;Acumulado en lo que va de año;Gasto total;2016M09;1.500,63
Puerto;Acumulado en lo que va de año;Gasto total;2016M08;1.197,98
Puerto;Acumulado en lo que va de año;Gasto total;2016M07;662,32
Puerto;Acumulado en lo que va de año;Gasto total;2016M06;555,62
Puerto;Acumulado en lo que va de año;Gasto total;2016M05;467,33
Puerto;Acumulado en lo que va de año;Gasto total;2016M04;313,17
Puerto;Acumulado en lo que va de año;Gasto total;2016M03;200,26
Puerto;Acumulado en lo que va de año;Gasto total;2016M02;153,55
Puerto;Acumulado en lo que va de año;Gasto total;2016M01;89,01
Puerto;Acumulado en lo que va de año;Gasto total;2015M12;""
Puerto;Acumulado en lo que va de año;Gasto total;2015M11;""
Puerto;Acumulado en lo que va de año;Gasto total;2015M10;""
Puerto;Acumulado en lo que va de año;Gasto medio por persona;2026M07;1.143
Puerto;Acumulado en lo que va de año;Gasto medio por persona;2026M06;1.161
Puerto;Acumulado en lo que va de año;Gasto medio por persona;2026M05;1.121
Puerto;Acumulado en lo que va de año;Gasto medio por persona;2026M04;1.003
Puerto;Acumulado en lo que va de año;Gasto medio por persona;2026M03;1.083
Puerto;Acumulado en lo que va de año;Gasto medio por persona;2026M02;1.043
Puerto;Acumulado en lo que va de año;Gasto medio por persona;2026M01;1.085
Puerto;Acumulado en lo que va de año;Gasto medio por persona;2025M12;949
Puerto;Acumulado en lo que va de año;Gasto medio por persona;2025M11;949
Puerto;Acumulado en lo que va de año;Gasto medio por persona;2025M10;950
Puerto;Acumulado en lo que va de año;Gasto medio por persona;2025M09;936
Puerto;Acumulado en lo que va de año;Gasto medio por persona;2025M08;901
Puerto;Acumulado en lo que va de año;Gasto medio por persona;2025M07;898
Puerto;Acumulado en lo que va de año;Gasto medio por persona;2025M06;948
Puerto;Acumulado en lo que va de año;Gasto medio por persona;2025M05;929
Puerto;Acumulado en lo que va de año;Gasto medio por persona;2025M04;921
Puerto;Acumulado en lo que va de año;Gasto medio por persona;2025M03;942
Puerto;Acumulado en lo que va de año;Gasto medio por persona;2025M02;1.014
Puerto;Acumulado en lo que va de año;Gasto medio por persona;2025M01;1.042
Puerto;Acumulado en lo que va de año;Gasto medio por persona;2024M12;905
Puerto;Acumulado en lo que va de año;Gasto medio por persona;2024M11;901
Puerto;Acumulado en lo que va de año;Gasto medio por persona;2024M10;907
Puerto;Acumulado en lo que va de año;Gasto medio por persona;2024M09;915
Puerto;Acumulado en lo que va de año;Gasto medio por persona;2024M08;938
Puerto;Acumulado en lo que va de año;Gasto medio por persona;2024M07;878
Puerto;Acumulado en lo que va de año;Gasto medio por persona;2024M06;907
Puerto;Acumulado en lo que va de año;Gasto medio por persona;2024M05;955
Puerto;Acumulado en lo que va de año;Gasto medio por persona;2024M04;941
Puerto;Acumulado en lo que va de año;Gasto medio por persona;2024M03;956
Puerto;Acumulado en lo que va de año;Gasto medio por persona;2024M02;1.049
Puerto;Acumulado en lo que va de año;Gasto medio por persona;2024M01;1.019
Puerto;Acumulado en lo que va de año;Gasto medio por persona;2023M12;873
Puerto;Acumulado en lo que va de año;Gasto medio por persona;2023M11;863
Puerto;Acumulado en lo que va de año;Gasto medio por persona;2023M10;871
Puerto;Acumulado en lo que va de año;Gasto medio por persona;2023M09;853
Puerto;Acumulado en lo que va de año;Gasto medio por persona;2023M08;901
Puerto;Acumulado en lo que va de año;Gasto medio por persona;2023M07;798
Puerto;Acumulado en lo que va de año;Gasto medio por persona;2023M06;757
Puerto;Acumulado en lo que va de año;Gasto medio por persona;2023M05;859
Puerto;Acumulado en lo que va de año;Gasto medio por persona;2023M04;950
Puerto;Acumulado en lo que va de año;Gasto medio por persona;2023M03;1.072
Puerto;Acumulado en lo que va de año;Gasto medio por persona;2023M02;1.121
Puerto;Acumulado en lo que va de año;Gasto medio por persona;2023M01;1.098
Puerto;Acumulado en lo que va de año;Gasto medio por persona;2022M12;1.026
Puerto;Acumulado en lo que va de año;Gasto medio por persona;2022M11;1.026
Puerto;Acumulado en lo que va de año;Gasto medio por persona;2022M10;1.041
Puerto;Acumulado en lo que va de año;Gasto medio por persona;2022M09;1.063
Puerto;Acumulado en lo que va de año;Gasto medio por persona;2022M08;1.116
Puerto;Acumulado en lo que va de año;Gasto medio por persona;2022M07;1.052
Puerto;Acumulado en lo que va de año;Gasto medio por persona;2022M06;1.126
Puerto;Acumulado en lo que va de año;Gasto medio por persona;2022M05;1.195
Puerto;Acumulado en lo que va de año;Gasto medio por persona;2022M04;1.421
Puerto;Acumulado en lo que va de año;Gasto medio por persona;2022M03;1.676
Puerto;Acumulado en lo que va de año;Gasto medio por persona;2022M02;1.715
Puerto;Acumulado en lo que va de año;Gasto medio por persona;2022M01;1.302
Puerto;Acumulado en lo que va de año;Gasto medio por persona;2021M12;1.142
Puerto;Acumulado en lo que va de año;Gasto medio por persona;2021M11;1.110
Puerto;Acumulado en lo que va de año;Gasto medio por persona;2021M10;1.075
Puerto;Acumulado en lo que va de año;Gasto medio por persona;2021M09;1.211
Puerto;Acumulado en lo que va de año;Gasto medio por persona;2021M08;1.486
Puerto;Acumulado en lo que va de año;Gasto medio por persona;2021M07;1.474
Puerto;Acumulado en lo que va de año;Gasto medio por persona;2021M06;1.524
Puerto;Acumulado en lo que va de año;Gasto medio por persona;2021M05;1.633
Puerto;Acumulado en lo que va de año;Gasto medio por persona;2021M04;1.770
Puerto;Acumulado en lo que va de año;Gasto medio por persona;2021M03;1.886
Puerto;Acumulado en lo que va de año;Gasto medio por persona;2021M02;1.534
Puerto;Acumulado en lo que va de año;Gasto medio por persona;2021M01;1.291
Puerto;Acumulado en lo que va de año;Gasto medio por persona;2020M12;943
Puerto;Acumulado en lo que va de año;Gasto medio por persona;2020M11;939
Puerto;Acumulado en lo que va de año;Gasto medio por persona;2020M10;936
Puerto;Acumulado en lo que va de año;Gasto medio por persona;2020M09;925
Puerto;Acumulado en lo que va de año;Gasto medio por persona;2020M08;915
Puerto;Acumulado en lo que va de año;Gasto medio por persona;2020M07;869
Puerto;Acumulado en lo que va de año;Gasto medio por persona;2020M06;868
Puerto;Acumulado en lo que va de año;Gasto medio por persona;2020M05;856
Puerto;Acumulado en lo que va de año;Gasto medio por persona;2020M04;856
Puerto;Acumulado en lo que va de año;Gasto medio por persona;2020M03;856
Puerto;Acumulado en lo que va de año;Gasto medio por persona;2020M02;822
Puerto;Acumulado en lo que va de año;Gasto medio por persona;2020M01;819
Puerto;Acumulado en lo que va de año;Gasto medio por persona;2019M12;906
Puerto;Acumulado en lo que va de año;Gasto medio por persona;2019M11;907
Puerto;Acumulado en lo que va de año;Gasto medio por persona;2019M10;923
Puerto;Acumulado en lo que va de año;Gasto medio por persona;2019M09;943
Puerto;Acumulado en lo que va de año;Gasto medio por persona;2019M08;936
Puerto;Acumulado en lo que va de año;Gasto medio por persona;2019M07;935
Puerto;Acumulado en lo que va de año;Gasto medio por persona;2019M06;968
Puerto;Acumulado en lo que va de año;Gasto medio por persona;2019M05;992
Puerto;Acumulado en lo que va de año;Gasto medio por persona;2019M04;956
Puerto;Acumulado en lo que va de año;Gasto medio por persona;2019M03;950
Puerto;Acumulado en lo que va de año;Gasto medio por persona;2019M02;908
Puerto;Acumulado en lo que va de año;Gasto medio por persona;2019M01;979
Puerto;Acumulado en lo que va de año;Gasto medio por persona;2018M12;1.096
Puerto;Acumulado en lo que va de año;Gasto medio por persona;2018M11;1.097
Puerto;Acumulado en lo que va de año;Gasto medio por persona;2018M10;1.089
Puerto;Acumulado en lo que va de año;Gasto medio por persona;2018M09;1.084
Puerto;Acumulado en lo que va de año;Gasto medio por persona;2018M08;1.060
Puerto;Acumulado en lo que va de año;Gasto medio por persona;2018M07;1.119
Puerto;Acumulado en lo que va de año;Gasto medio por persona;2018M06;1.108
Puerto;Acumulado en lo que va de año;Gasto medio por persona;2018M05;1.087
Puerto;Acumulado en lo que va de año;Gasto medio por persona;2018M04;1.043
Puerto;Acumulado en lo que va de año;Gasto medio por persona;2018M03;1.109
Puerto;Acumulado en lo que va de año;Gasto medio por persona;2018M02;1.046
Puerto;Acumulado en lo que va de año;Gasto medio por persona;2018M01;983
Puerto;Acumulado en lo que va de año;Gasto medio por persona;2017M12;1.101
Puerto;Acumulado en lo que va de año;Gasto medio por persona;2017M11;1.087
Puerto;Acumulado en lo que va de año;Gasto medio por persona;2017M10;1.077
Puerto;Acumulado en lo que va de año;Gasto medio por persona;2017M09;1.068
Puerto;Acumulado en lo que va de año;Gasto medio por persona;2017M08;1.044
Puerto;Acumulado en lo que va de año;Gasto medio por persona;2017M07;1.015
Puerto;Acumulado en lo que va de año;Gasto medio por persona;2017M06;1.031
Puerto;Acumulado en lo que va de año;Gasto medio por persona;2017M05;993
Puerto;Acumulado en lo que va de año;Gasto medio por persona;2017M04;890
Puerto;Acumulado en lo que va de año;Gasto medio por persona;2017M03;902
Puerto;Acumulado en lo que va de año;Gasto medio por persona;2017M02;847
Puerto;Acumulado en lo que va de año;Gasto medio por persona;2017M01;815
Puerto;Acumulado en lo que va de año;Gasto medio por persona;2016M12;1.158
Puerto;Acumulado en lo que va de año;Gasto medio por persona;2016M11;1.160
Puerto;Acumulado en lo que va de año;Gasto medio por persona;2016M10;1.166
Puerto;Acumulado en lo que va de año;Gasto medio por persona;2016M09;1.138
Puerto;Acumulado en lo que va de año;Gasto medio por persona;2016M08;1.117
Puerto;Acumulado en lo que va de año;Gasto medio por persona;2016M07;1.064
Puerto;Acumulado en lo que va de año;Gasto medio por persona;2016M06;1.135
Puerto;Acumulado en lo que va de año;Gasto medio por persona;2016M05;1.101
Puerto;Acumulado en lo que va de año;Gasto medio por persona;2016M04;969
Puerto;Acumulado en lo que va de año;Gasto medio por persona;2016M03;930
Puerto;Acumulado en lo que va de año;Gasto medio por persona;2016M02;948
Puerto;Acumulado en lo que va de año;Gasto medio por persona;2016M01;896
Puerto;Acumulado en lo que va de año;Gasto medio por persona;2015M12;""
Puerto;Acumulado en lo que va de año;Gasto medio por persona;2015M11;""
Puerto;Acumulado en lo que va de año;Gasto medio por persona;2015M10;""
Puerto;Acumulado en lo que va de año;Gasto medio diario por persona;2026M07;247
Puerto;Acumulado en lo que va de año;Gasto medio diario por persona;2026M06;242
Puerto;Acumulado en lo que va de año;Gasto medio diario por persona;2026M05;232
Puerto;Acumulado en lo que va de año;Gasto medio diario por persona;2026M04;186
Puerto;Acumulado en lo que va de año;Gasto medio diario por persona;2026M03;192
Puerto;Acumulado en lo que va de año;Gasto medio diario por persona;2026M02;176
Puerto;Acumulado en lo que va de año;Gasto medio diario por persona;2026M01;186
Puerto;Acumulado en lo que va de año;Gasto medio diario por persona;2025M12;204
Puerto;Acumulado en lo que va de año;Gasto medio diario por persona;2025M11;205
Puerto;Acumulado en lo que va de año;Gasto medio diario por persona;2025M10;205
Puerto;Acumulado en lo que va de año;Gasto medio diario por persona;2025M09;198
Puerto;Acumulado en lo que va de año;Gasto medio diario por persona;2025M08;190
Puerto;Acumulado en lo que va de año;Gasto medio diario por persona;2025M07;190
Puerto;Acumulado en lo que va de año;Gasto medio diario por persona;2025M06;193
Puerto;Acumulado en lo que va de año;Gasto medio diario por persona;2025M05;188
Puerto;Acumulado en lo que va de año;Gasto medio diario por persona;2025M04;177
Puerto;Acumulado en lo que va de año;Gasto medio diario por persona;2025M03;164
Puerto;Acumulado en lo que va de año;Gasto medio diario por persona;2025M02;162
Puerto;Acumulado en lo que va de año;Gasto medio diario por persona;2025M01;160
Puerto;Acumulado en lo que va de año;Gasto medio diario por persona;2024M12;188
Puerto;Acumulado en lo que va de año;Gasto medio diario por persona;2024M11;189
Puerto;Acumulado en lo que va de año;Gasto medio diario por persona;2024M10;191
Puerto;Acumulado en lo que va de año;Gasto medio diario por persona;2024M09;190
Puerto;Acumulado en lo que va de año;Gasto medio diario por persona;2024M08;191
Puerto;Acumulado en lo que va de año;Gasto medio diario por persona;2024M07;189
Puerto;Acumulado en lo que va de año;Gasto medio diario por persona;2024M06;187
Puerto;Acumulado en lo que va de año;Gasto medio diario por persona;2024M05;187
Puerto;Acumulado en lo que va de año;Gasto medio diario por persona;2024M04;175
Puerto;Acumulado en lo que va de año;Gasto medio diario por persona;2024M03;163
Puerto;Acumulado en lo que va de año;Gasto medio diario por persona;2024M02;152
Puerto;Acumulado en lo que va de año;Gasto medio diario por persona;2024M01;133
Puerto;Acumulado en lo que va de año;Gasto medio diario por persona;2023M12;168
Puerto;Acumulado en lo que va de año;Gasto medio diario por persona;2023M11;170
Puerto;Acumulado en lo que va de año;Gasto medio diario por persona;2023M10;171
Puerto;Acumulado en lo que va de año;Gasto medio diario por persona;2023M09;164
Puerto;Acumulado en lo que va de año;Gasto medio diario por persona;2023M08;172
Puerto;Acumulado en lo que va de año;Gasto medio diario por persona;2023M07;162
Puerto;Acumulado en lo que va de año;Gasto medio diario por persona;2023M06;148
Puerto;Acumulado en lo que va de año;Gasto medio diario por persona;2023M05;151
Puerto;Acumulado en lo que va de año;Gasto medio diario por persona;2023M04;146
Puerto;Acumulado en lo que va de año;Gasto medio diario por persona;2023M03;141
Puerto;Acumulado en lo que va de año;Gasto medio diario por persona;2023M02;144
Puerto;Acumulado en lo que va de año;Gasto medio diario por persona;2023M01;144
Puerto;Acumulado en lo que va de año;Gasto medio diario por persona;2022M12;163
Puerto;Acumulado en lo que va de año;Gasto medio diario por persona;2022M11;164
Puerto;Acumulado en lo que va de año;Gasto medio diario por persona;2022M10;165
Puerto;Acumulado en lo que va de año;Gasto medio diario por persona;2022M09;164
Puerto;Acumulado en lo que va de año;Gasto medio diario por persona;2022M08;165
Puerto;Acumulado en lo que va de año;Gasto medio diario por persona;2022M07;171
Puerto;Acumulado en lo que va de año;Gasto medio diario por persona;2022M06;168
Puerto;Acumulado en lo que va de año;Gasto medio diario por persona;2022M05;160
Puerto;Acumulado en lo que va de año;Gasto medio diario por persona;2022M04;152
Puerto;Acumulado en lo que va de año;Gasto medio diario por persona;2022M03;137
Puerto;Acumulado en lo que va de año;Gasto medio diario por persona;2022M02;129
Puerto;Acumulado en lo que va de año;Gasto medio diario por persona;2022M01;112
Puerto;Acumulado en lo que va de año;Gasto medio diario por persona;2021M12;133
Puerto;Acumulado en lo que va de año;Gasto medio diario por persona;2021M11;131
Puerto;Acumulado en lo que va de año;Gasto medio diario por persona;2021M10;129
Puerto;Acumulado en lo que va de año;Gasto medio diario por persona;2021M09;121
Puerto;Acumulado en lo que va de año;Gasto medio diario por persona;2021M08;126
Puerto;Acumulado en lo que va de año;Gasto medio diario por persona;2021M07;136
Puerto;Acumulado en lo que va de año;Gasto medio diario por persona;2021M06;131
Puerto;Acumulado en lo que va de año;Gasto medio diario por persona;2021M05;136
Puerto;Acumulado en lo que va de año;Gasto medio diario por persona;2021M04;129
Puerto;Acumulado en lo que va de año;Gasto medio diario por persona;2021M03;124
Puerto;Acumulado en lo que va de año;Gasto medio diario por persona;2021M02;119
Puerto;Acumulado en lo que va de año;Gasto medio diario por persona;2021M01;104
Puerto;Acumulado en lo que va de año;Gasto medio diario por persona;2020M12;127
Puerto;Acumulado en lo que va de año;Gasto medio diario por persona;2020M11;127
Puerto;Acumulado en lo que va de año;Gasto medio diario por persona;2020M10;127
Puerto;Acumulado en lo que va de año;Gasto medio diario por persona;2020M09;127
Puerto;Acumulado en lo que va de año;Gasto medio diario por persona;2020M08;128
Puerto;Acumulado en lo que va de año;Gasto medio diario por persona;2020M07;131
Puerto;Acumulado en lo que va de año;Gasto medio diario por persona;2020M06;131
Puerto;Acumulado en lo que va de año;Gasto medio diario por persona;2020M05;130
Puerto;Acumulado en lo que va de año;Gasto medio diario por persona;2020M04;130
Puerto;Acumulado en lo que va de año;Gasto medio diario por persona;2020M03;130
Puerto;Acumulado en lo que va de año;Gasto medio diario por persona;2020M02;132
Puerto;Acumulado en lo que va de año;Gasto medio diario por persona;2020M01;127
Puerto;Acumulado en lo que va de año;Gasto medio diario por persona;2019M12;161
Puerto;Acumulado en lo que va de año;Gasto medio diario por persona;2019M11;162
Puerto;Acumulado en lo que va de año;Gasto medio diario por persona;2019M10;162
Puerto;Acumulado en lo que va de año;Gasto medio diario por persona;2019M09;160
Puerto;Acumulado en lo que va de año;Gasto medio diario por persona;2019M08;169
Puerto;Acumulado en lo que va de año;Gasto medio diario por persona;2019M07;174
Puerto;Acumulado en lo que va de año;Gasto medio diario por persona;2019M06;173
Puerto;Acumulado en lo que va de año;Gasto medio diario por persona;2019M05;165
Puerto;Acumulado en lo que va de año;Gasto medio diario por persona;2019M04;153
Puerto;Acumulado en lo que va de año;Gasto medio diario por persona;2019M03;143
Puerto;Acumulado en lo que va de año;Gasto medio diario por persona;2019M02;139
Puerto;Acumulado en lo que va de año;Gasto medio diario por persona;2019M01;139
Puerto;Acumulado en lo que va de año;Gasto medio diario por persona;2018M12;173
Puerto;Acumulado en lo que va de año;Gasto medio diario por persona;2018M11;175
Puerto;Acumulado en lo que va de año;Gasto medio diario por persona;2018M10;176
Puerto;Acumulado en lo que va de año;Gasto medio diario por persona;2018M09;169
Puerto;Acumulado en lo que va de año;Gasto medio diario por persona;2018M08;172
Puerto;Acumulado en lo que va de año;Gasto medio diario por persona;2018M07;178
Puerto;Acumulado en lo que va de año;Gasto medio diario por persona;2018M06;160
Puerto;Acumulado en lo que va de año;Gasto medio diario por persona;2018M05;154
Puerto;Acumulado en lo que va de año;Gasto medio diario por persona;2018M04;165
Puerto;Acumulado en lo que va de año;Gasto medio diario por persona;2018M03;156
Puerto;Acumulado en lo que va de año;Gasto medio diario por persona;2018M02;164
Puerto;Acumulado en lo que va de año;Gasto medio diario por persona;2018M01;153
Puerto;Acumulado en lo que va de año;Gasto medio diario por persona;2017M12;150
Puerto;Acumulado en lo que va de año;Gasto medio diario por persona;2017M11;149
Puerto;Acumulado en lo que va de año;Gasto medio diario por persona;2017M10;148
Puerto;Acumulado en lo que va de año;Gasto medio diario por persona;2017M09;147
Puerto;Acumulado en lo que va de año;Gasto medio diario por persona;2017M08;143
Puerto;Acumulado en lo que va de año;Gasto medio diario por persona;2017M07;144
Puerto;Acumulado en lo que va de año;Gasto medio diario por persona;2017M06;139
Puerto;Acumulado en lo que va de año;Gasto medio diario por persona;2017M05;133
Puerto;Acumulado en lo que va de año;Gasto medio diario por persona;2017M04;132
Puerto;Acumulado en lo que va de año;Gasto medio diario por persona;2017M03;125
Puerto;Acumulado en lo que va de año;Gasto medio diario por persona;2017M02;123
Puerto;Acumulado en lo que va de año;Gasto medio diario por persona;2017M01;131
Puerto;Acumulado en lo que va de año;Gasto medio diario por persona;2016M12;143
Puerto;Acumulado en lo que va de año;Gasto medio diario por persona;2016M11;144
Puerto;Acumulado en lo que va de año;Gasto medio diario por persona;2016M10;145
Puerto;Acumulado en lo que va de año;Gasto medio diario por persona;2016M09;144
Puerto;Acumulado en lo que va de año;Gasto medio diario por persona;2016M08;142
Puerto;Acumulado en lo que va de año;Gasto medio diario por persona;2016M07;140
Puerto;Acumulado en lo que va de año;Gasto medio diario por persona;2016M06;137
Puerto;Acumulado en lo que va de año;Gasto medio diario por persona;2016M05;143
Puerto;Acumulado en lo que va de año;Gasto medio diario por persona;2016M04;135
Puerto;Acumulado en lo que va de año;Gasto medio diario por persona;2016M03;130
Puerto;Acumulado en lo que va de año;Gasto medio diario por persona;2016M02;133
Puerto;Acumulado en lo que va de año;Gasto medio diario por persona;2016M01;149
Puerto;Acumulado en lo que va de año;Gasto medio diario por persona;2015M12;""
Puerto;Acumulado en lo que va de año;Gasto medio diario por persona;2015M11;""
Puerto;Acumulado en lo que va de año;Gasto medio diario por persona;2015M10;""
Puerto;Acumulado en lo que va de año;Duración media de los viajes;2026M07;4,63
Puerto;Acumulado en lo que va de año;Duración media de los viajes;2026M06;4,79
Puerto;Acumulado en lo que va de año;Duración media de los viajes;2026M05;4,83
Puerto;Acumulado en lo que va de año;Duración media de los viajes;2026M04;5,38
Puerto;Acumulado en lo que va de año;Duración media de los viajes;2026M03;5,64
Puerto;Acumulado en lo que va de año;Duración media de los viajes;2026M02;5,91
Puerto;Acumulado en lo que va de año;Duración media de los viajes;2026M01;5,84
Puerto;Acumulado en lo que va de año;Duración media de los viajes;2025M12;4,66
Puerto;Acumulado en lo que va de año;Duración media de los viajes;2025M11;4,62
Puerto;Acumulado en lo que va de año;Duración media de los viajes;2025M10;4,64
Puerto;Acumulado en lo que va de año;Duración media de los viajes;2025M09;4,72
Puerto;Acumulado en lo que va de año;Duración media de los viajes;2025M08;4,75
Puerto;Acumulado en lo que va de año;Duración media de los viajes;2025M07;4,74
Puerto;Acumulado en lo que va de año;Duración media de los viajes;2025M06;4,92
Puerto;Acumulado en lo que va de año;Duración media de los viajes;2025M05;4,93
Puerto;Acumulado en lo que va de año;Duración media de los viajes;2025M04;5,21
Puerto;Acumulado en lo que va de año;Duración media de los viajes;2025M03;5,74
Puerto;Acumulado en lo que va de año;Duración media de los viajes;2025M02;6,26
Puerto;Acumulado en lo que va de año;Duración media de los viajes;2025M01;6,51
Puerto;Acumulado en lo que va de año;Duración media de los viajes;2024M12;4,81
Puerto;Acumulado en lo que va de año;Duración media de los viajes;2024M11;4,76
Puerto;Acumulado en lo que va de año;Duración media de los viajes;2024M10;4,74
Puerto;Acumulado en lo que va de año;Duración media de los viajes;2024M09;4,81
Puerto;Acumulado en lo que va de año;Duración media de los viajes;2024M08;4,92
Puerto;Acumulado en lo que va de año;Duración media de los viajes;2024M07;4,64
Puerto;Acumulado en lo que va de año;Duración media de los viajes;2024M06;4,86
Puerto;Acumulado en lo que va de año;Duración media de los viajes;2024M05;5,12
Puerto;Acumulado en lo que va de año;Duración media de los viajes;2024M04;5,37
Puerto;Acumulado en lo que va de año;Duración media de los viajes;2024M03;5,87
Puerto;Acumulado en lo que va de año;Duración media de los viajes;2024M02;6,89
Puerto;Acumulado en lo que va de año;Duración media de los viajes;2024M01;7,65
Puerto;Acumulado en lo que va de año;Duración media de los viajes;2023M12;5,19
Puerto;Acumulado en lo que va de año;Duración media de los viajes;2023M11;5,08
Puerto;Acumulado en lo que va de año;Duración media de los viajes;2023M10;5,10
Puerto;Acumulado en lo que va de año;Duración media de los viajes;2023M09;5,18
Puerto;Acumulado en lo que va de año;Duración media de los viajes;2023M08;5,25
Puerto;Acumulado en lo que va de año;Duración media de los viajes;2023M07;4,93
Puerto;Acumulado en lo que va de año;Duración media de los viajes;2023M06;5,12
Puerto;Acumulado en lo que va de año;Duración media de los viajes;2023M05;5,68
Puerto;Acumulado en lo que va de año;Duración media de los viajes;2023M04;6,51
Puerto;Acumulado en lo que va de año;Duración media de los viajes;2023M03;7,60
Puerto;Acumulado en lo que va de año;Duración media de los viajes;2023M02;7,80
Puerto;Acumulado en lo que va de año;Duración media de los viajes;2023M01;7,63
Puerto;Acumulado en lo que va de año;Duración media de los viajes;2022M12;6,30
Puerto;Acumulado en lo que va de año;Duración media de los viajes;2022M11;6,27
Puerto;Acumulado en lo que va de año;Duración media de los viajes;2022M10;6,31
Puerto;Acumulado en lo que va de año;Duración media de los viajes;2022M09;6,49
Puerto;Acumulado en lo que va de año;Duración media de los viajes;2022M08;6,77
Puerto;Acumulado en lo que va de año;Duración media de los viajes;2022M07;6,16
Puerto;Acumulado en lo que va de año;Duración media de los viajes;2022M06;6,69
Puerto;Acumulado en lo que va de año;Duración media de los viajes;2022M05;7,49
Puerto;Acumulado en lo que va de año;Duración media de los viajes;2022M04;9,33
Puerto;Acumulado en lo que va de año;Duración media de los viajes;2022M03;12,23
Puerto;Acumulado en lo que va de año;Duración media de los viajes;2022M02;13,33
Puerto;Acumulado en lo que va de año;Duración media de los viajes;2022M01;11,60
Puerto;Acumulado en lo que va de año;Duración media de los viajes;2021M12;8,59
Puerto;Acumulado en lo que va de año;Duración media de los viajes;2021M11;8,46
Puerto;Acumulado en lo que va de año;Duración media de los viajes;2021M10;8,34
Puerto;Acumulado en lo que va de año;Duración media de los viajes;2021M09;9,98
Puerto;Acumulado en lo que va de año;Duración media de los viajes;2021M08;11,82
Puerto;Acumulado en lo que va de año;Duración media de los viajes;2021M07;10,84
Puerto;Acumulado en lo que va de año;Duración media de los viajes;2021M06;11,65
Puerto;Acumulado en lo que va de año;Duración media de los viajes;2021M05;11,99
Puerto;Acumulado en lo que va de año;Duración media de los viajes;2021M04;13,75
Puerto;Acumulado en lo que va de año;Duración media de los viajes;2021M03;15,22
Puerto;Acumulado en lo que va de año;Duración media de los viajes;2021M02;12,88
Puerto;Acumulado en lo que va de año;Duración media de los viajes;2021M01;12,37
Puerto;Acumulado en lo que va de año;Duración media de los viajes;2020M12;7,43
Puerto;Acumulado en lo que va de año;Duración media de los viajes;2020M11;7,39
Puerto;Acumulado en lo que va de año;Duración media de los viajes;2020M10;7,35
Puerto;Acumulado en lo que va de año;Duración media de los viajes;2020M09;7,28
Puerto;Acumulado en lo que va de año;Duración media de los viajes;2020M08;7,14
Puerto;Acumulado en lo que va de año;Duración media de los viajes;2020M07;6,64
Puerto;Acumulado en lo que va de año;Duración media de los viajes;2020M06;6,65
Puerto;Acumulado en lo que va de año;Duración media de los viajes;2020M05;6,59
Puerto;Acumulado en lo que va de año;Duración media de los viajes;2020M04;6,59
Puerto;Acumulado en lo que va de año;Duración media de los viajes;2020M03;6,59
Puerto;Acumulado en lo que va de año;Duración media de los viajes;2020M02;6,25
Puerto;Acumulado en lo que va de año;Duración media de los viajes;2020M01;6,46
Puerto;Acumulado en lo que va de año;Duración media de los viajes;2019M12;5,63
Puerto;Acumulado en lo que va de año;Duración media de los viajes;2019M11;5,61
Puerto;Acumulado en lo que va de año;Duración media de los viajes;2019M10;5,70
Puerto;Acumulado en lo que va de año;Duración media de los viajes;2019M09;5,88
Puerto;Acumulado en lo que va de año;Duración media de los viajes;2019M08;5,53
Puerto;Acumulado en lo que va de año;Duración media de los viajes;2019M07;5,39
Puerto;Acumulado en lo que va de año;Duración media de los viajes;2019M06;5,60
Puerto;Acumulado en lo que va de año;Duración media de los viajes;2019M05;5,99
Puerto;Acumulado en lo que va de año;Duración media de los viajes;2019M04;6,23
Puerto;Acumulado en lo que va de año;Duración media de los viajes;2019M03;6,63
Puerto;Acumulado en lo que va de año;Duración media de los viajes;2019M02;6,54
Puerto;Acumulado en lo que va de año;Duración media de los viajes;2019M01;7,07
Puerto;Acumulado en lo que va de año;Duración media de los viajes;2018M12;6,34
Puerto;Acumulado en lo que va de año;Duración media de los viajes;2018M11;6,29
Puerto;Acumulado en lo que va de año;Duración media de los viajes;2018M10;6,20
Puerto;Acumulado en lo que va de año;Duración media de los viajes;2018M09;6,41
Puerto;Acumulado en lo que va de año;Duración media de los viajes;2018M08;6,18
Puerto;Acumulado en lo que va de año;Duración media de los viajes;2018M07;6,28
Puerto;Acumulado en lo que va de año;Duración media de los viajes;2018M06;6,91
Puerto;Acumulado en lo que va de año;Duración media de los viajes;2018M05;7,05
Puerto;Acumulado en lo que va de año;Duración media de los viajes;2018M04;6,33
Puerto;Acumulado en lo que va de año;Duración media de los viajes;2018M03;7,12
Puerto;Acumulado en lo que va de año;Duración media de los viajes;2018M02;6,38
Puerto;Acumulado en lo que va de año;Duración media de los viajes;2018M01;6,44
Puerto;Acumulado en lo que va de año;Duración media de los viajes;2017M12;7,32
Puerto;Acumulado en lo que va de año;Duración media de los viajes;2017M11;7,27
Puerto;Acumulado en lo que va de año;Duración media de los viajes;2017M10;7,25
Puerto;Acumulado en lo que va de año;Duración media de los viajes;2017M09;7,25
Puerto;Acumulado en lo que va de año;Duración media de los viajes;2017M08;7,32
Puerto;Acumulado en lo que va de año;Duración media de los viajes;2017M07;7,04
Puerto;Acumulado en lo que va de año;Duración media de los viajes;2017M06;7,42
Puerto;Acumulado en lo que va de año;Duración media de los viajes;2017M05;7,47
Puerto;Acumulado en lo que va de año;Duración media de los viajes;2017M04;6,75
Puerto;Acumulado en lo que va de año;Duración media de los viajes;2017M03;7,20
Puerto;Acumulado en lo que va de año;Duración media de los viajes;2017M02;6,87
Puerto;Acumulado en lo que va de año;Duración media de los viajes;2017M01;6,22
Puerto;Acumulado en lo que va de año;Duración media de los viajes;2016M12;8,09
Puerto;Acumulado en lo que va de año;Duración media de los viajes;2016M11;8,04
Puerto;Acumulado en lo que va de año;Duración media de los viajes;2016M10;8,01
Puerto;Acumulado en lo que va de año;Duración media de los viajes;2016M09;7,91
Puerto;Acumulado en lo que va de año;Duración media de los viajes;2016M08;7,87
Puerto;Acumulado en lo que va de año;Duración media de los viajes;2016M07;7,59
Puerto;Acumulado en lo que va de año;Duración media de los viajes;2016M06;8,26
Puerto;Acumulado en lo que va de año;Duración media de los viajes;2016M05;7,71
Puerto;Acumulado en lo que va de año;Duración media de los viajes;2016M04;7,19
Puerto;Acumulado en lo que va de año;Duración media de los viajes;2016M03;7,16
Puerto;Acumulado en lo que va de año;Duración media de los viajes;2016M02;7,13
Puerto;Acumulado en lo que va de año;Duración media de los viajes;2016M01;6,03
Puerto;Acumulado en lo que va de año;Duración media de los viajes;2015M12;""
Puerto;Acumulado en lo que va de año;Duración media de los viajes;2015M11;""
Puerto;Acumulado en lo que va de año;Duración media de los viajes;2015M10;""
Puerto;Tasa de variación acumulada;Gasto total;2026M07;96,44
Puerto;Tasa de variación acumulada;Gasto total;2026M06;88,37
Puerto;Tasa de variación acumulada;Gasto total;2026M05;85,40
Puerto;Tasa de variación acumulada;Gasto total;2026M04;37,04
Puerto;Tasa de variación acumulada;Gasto total;2026M03;70,23
Puerto;Tasa de variación acumulada;Gasto total;2026M02;53,67
Puerto;Tasa de variación acumulada;Gasto total;2026M01;25,51
Puerto;Tasa de variación acumulada;Gasto total;2025M12;-9,45
Puerto;Tasa de variación acumulada;Gasto total;2025M11;-9,90
Puerto;Tasa de variación acumulada;Gasto total;2025M10;-10,83
Puerto;Tasa de variación acumulada;Gasto total;2025M09;-15,36
Puerto;Tasa de variación acumulada;Gasto total;2025M08;-17,87
Puerto;Tasa de variación acumulada;Gasto total;2025M07;-22,65
Puerto;Tasa de variación acumulada;Gasto total;2025M06;-13,47
Puerto;Tasa de variación acumulada;Gasto total;2025M05;-7,03
Puerto;Tasa de variación acumulada;Gasto total;2025M04;-11,04
Puerto;Tasa de variación acumulada;Gasto total;2025M03;-28,14
Puerto;Tasa de variación acumulada;Gasto total;2025M02;-25,03
Puerto;Tasa de variación acumulada;Gasto total;2025M01;-6,50
Puerto;Tasa de variación acumulada;Gasto total;2024M12;17,26
Puerto;Tasa de variación acumulada;Gasto total;2024M11;23,25
Puerto;Tasa de variación acumulada;Gasto total;2024M10;26,36
Puerto;Tasa de variación acumulada;Gasto total;2024M09;31,03
Puerto;Tasa de variación acumulada;Gasto total;2024M08;25,71
Puerto;Tasa de variación acumulada;Gasto total;2024M07;45,48
Puerto;Tasa de variación acumulada;Gasto total;2024M06;47,72
Puerto;Tasa de variación acumulada;Gasto total;2024M05;38,58
Puerto;Tasa de variación acumulada;Gasto total;2024M04;36,26
Puerto;Tasa de variación acumulada;Gasto total;2024M03;41,72
Puerto;Tasa de variación acumulada;Gasto total;2024M02;53,22
Puerto;Tasa de variación acumulada;Gasto total;2024M01;15,70
Puerto;Tasa de variación acumulada;Gasto total;2023M12;37,37
Puerto;Tasa de variación acumulada;Gasto total;2023M11;30,10
Puerto;Tasa de variación acumulada;Gasto total;2023M10;27,05
Puerto;Tasa de variación acumulada;Gasto total;2023M09;19,16
Puerto;Tasa de variación acumulada;Gasto total;2023M08;18,38
Puerto;Tasa de variación acumulada;Gasto total;2023M07;6,11
Puerto;Tasa de variación acumulada;Gasto total;2023M06;-0,04
Puerto;Tasa de variación acumulada;Gasto total;2023M05;8,96
Puerto;Tasa de variación acumulada;Gasto total;2023M04;10,56
Puerto;Tasa de variación acumulada;Gasto total;2023M03;9,62
Puerto;Tasa de variación acumulada;Gasto total;2023M02;44,55
Puerto;Tasa de variación acumulada;Gasto total;2023M01;119,98
Puerto;Tasa de variación acumulada;Gasto total;2022M12;356,25
Puerto;Tasa de variación acumulada;Gasto total;2022M11;394,93
Puerto;Tasa de variación acumulada;Gasto total;2022M10;495,46
Puerto;Tasa de variación acumulada;Gasto total;2022M09;665,35
Puerto;Tasa de variación acumulada;Gasto total;2022M08;851,69
Puerto;Tasa de variación acumulada;Gasto total;2022M07;834,08
Puerto;Tasa de variación acumulada;Gasto total;2022M06;994,28
Puerto;Tasa de variación acumulada;Gasto total;2022M05;1.031,09
Puerto;Tasa de variación acumulada;Gasto total;2022M04;809,94
Puerto;Tasa de variación acumulada;Gasto total;2022M03;647,09
Puerto;Tasa de variación acumulada;Gasto total;2022M02;607,60
Puerto;Tasa de variación acumulada;Gasto total;2022M01;537,64
Puerto;Tasa de variación acumulada;Gasto total;2021M12;22,99
Puerto;Tasa de variación acumulada;Gasto total;2021M11;12,26
Puerto;Tasa de variación acumulada;Gasto total;2021M10;-8,65
Puerto;Tasa de variación acumulada;Gasto total;2021M09;-32,07
Puerto;Tasa de variación acumulada;Gasto total;2021M08;-51,25
Puerto;Tasa de variación acumulada;Gasto total;2021M07;-63,82
Puerto;Tasa de variación acumulada;Gasto total;2021M06;-75,66
Puerto;Tasa de variación acumulada;Gasto total;2021M05;-83,17
Puerto;Tasa de variación acumulada;Gasto total;2021M04;-86,89
Puerto;Tasa de variación acumulada;Gasto total;2021M03;-89,78
Puerto;Tasa de variación acumulada;Gasto total;2021M02;-93,40
Puerto;Tasa de variación acumulada;Gasto total;2021M01;-94,88
Puerto;Tasa de variación acumulada;Gasto total;2020M12;-86,49
Puerto;Tasa de variación acumulada;Gasto total;2020M11;-86,22
Puerto;Tasa de variación acumulada;Gasto total;2020M10;-85,77
Puerto;Tasa de variación acumulada;Gasto total;2020M09;-85,10
Puerto;Tasa de variación acumulada;Gasto total;2020M08;-81,91
Puerto;Tasa de variación acumulada;Gasto total;2020M07;-76,46
Puerto;Tasa de variación acumulada;Gasto total;2020M06;-73,12
Puerto;Tasa de variación acumulada;Gasto total;2020M05;-67,24
Puerto;Tasa de variación acumulada;Gasto total;2020M04;-55,19
Puerto;Tasa de variación acumulada;Gasto total;2020M03;-28,29
Puerto;Tasa de variación acumulada;Gasto total;2020M02;3,26
Puerto;Tasa de variación acumulada;Gasto total;2020M01;-9,96
Puerto;Tasa de variación acumulada;Gasto total;2019M12;-29,31
Puerto;Tasa de variación acumulada;Gasto total;2019M11;-29,64
Puerto;Tasa de variación acumulada;Gasto total;2019M10;-29,06
Puerto;Tasa de variación acumulada;Gasto total;2019M09;-25,91
Puerto;Tasa de variación acumulada;Gasto total;2019M08;-22,22
Puerto;Tasa de variación acumulada;Gasto total;2019M07;-28,78
Puerto;Tasa de variación acumulada;Gasto total;2019M06;-20,27
Puerto;Tasa de variación acumulada;Gasto total;2019M05;-15,59
Puerto;Tasa de variación acumulada;Gasto total;2019M04;-2,52
Puerto;Tasa de variación acumulada;Gasto total;2019M03;-3,81
Puerto;Tasa de variación acumulada;Gasto total;2019M02;-16,05
Puerto;Tasa de variación acumulada;Gasto total;2019M01;9,06
Puerto;Tasa de variación acumulada;Gasto total;2018M12;1,92
Puerto;Tasa de variación acumulada;Gasto total;2018M11;4,02
Puerto;Tasa de variación acumulada;Gasto total;2018M10;8,07
Puerto;Tasa de variación acumulada;Gasto total;2018M09;4,57
Puerto;Tasa de variación acumulada;Gasto total;2018M08;4,80
Puerto;Tasa de variación acumulada;Gasto total;2018M07;17,46
Puerto;Tasa de variación acumulada;Gasto total;2018M06;4,37
Puerto;Tasa de variación acumulada;Gasto total;2018M05;-8,19
Puerto;Tasa de variación acumulada;Gasto total;2018M04;-2,88
Puerto;Tasa de variación acumulada;Gasto total;2018M03;-2,45
Puerto;Tasa de variación acumulada;Gasto total;2018M02;-8,73
Puerto;Tasa de variación acumulada;Gasto total;2018M01;-16,81
Puerto;Tasa de variación acumulada;Gasto total;2017M12;14,23
Puerto;Tasa de variación acumulada;Gasto total;2017M11;12,96
Puerto;Tasa de variación acumulada;Gasto total;2017M10;8,92
Puerto;Tasa de variación acumulada;Gasto total;2017M09;12,04
Puerto;Tasa de variación acumulada;Gasto total;2017M08;4,76
Puerto;Tasa de variación acumulada;Gasto total;2017M07;30,09
Puerto;Tasa de variación acumulada;Gasto total;2017M06;28,57
Puerto;Tasa de variación acumulada;Gasto total;2017M05;31,26
Puerto;Tasa de variación acumulada;Gasto total;2017M04;17,25
Puerto;Tasa de variación acumulada;Gasto total;2017M03;15,58
Puerto;Tasa de variación acumulada;Gasto total;2017M02;5,25
Puerto;Tasa de variación acumulada;Gasto total;2017M01;10,89
Puerto;Tasa de variación acumulada;Gasto total;2016M12;17,63
Puerto;Tasa de variación acumulada;Gasto total;2016M11;18,87
Puerto;Tasa de variación acumulada;Gasto total;2016M10;18,57
Puerto;Tasa de variación acumulada;Gasto total;2016M09;14,96
Puerto;Tasa de variación acumulada;Gasto total;2016M08;13,35
Puerto;Tasa de variación acumulada;Gasto total;2016M07;7,33
Puerto;Tasa de variación acumulada;Gasto total;2016M06;13,59
Puerto;Tasa de variación acumulada;Gasto total;2016M05;17,05
Puerto;Tasa de variación acumulada;Gasto total;2016M04;-0,04
Puerto;Tasa de variación acumulada;Gasto total;2016M03;-5,16
Puerto;Tasa de variación acumulada;Gasto total;2016M02;-1,25
Puerto;Tasa de variación acumulada;Gasto total;2016M01;-7,90
Puerto;Tasa de variación acumulada;Gasto total;2015M12;""
Puerto;Tasa de variación acumulada;Gasto total;2015M11;""
Puerto;Tasa de variación acumulada;Gasto total;2015M10;""
Puerto;Tasa de variación acumulada;Gasto medio por persona;2026M07;27,21
Puerto;Tasa de variación acumulada;Gasto medio por persona;2026M06;22,49
Puerto;Tasa de variación acumulada;Gasto medio por persona;2026M05;20,63
Puerto;Tasa de variación acumulada;Gasto medio por persona;2026M04;8,85
Puerto;Tasa de variación acumulada;Gasto medio por persona;2026M03;15,02
Puerto;Tasa de variación acumulada;Gasto medio por persona;2026M02;2,91
Puerto;Tasa de variación acumulada;Gasto medio por persona;2026M01;4,11
Puerto;Tasa de variación acumulada;Gasto medio por persona;2025M12;4,91
Puerto;Tasa de variación acumulada;Gasto medio por persona;2025M11;5,28
Puerto;Tasa de variación acumulada;Gasto medio por persona;2025M10;4,69
Puerto;Tasa de variación acumulada;Gasto medio por persona;2025M09;2,32
Puerto;Tasa de variación acumulada;Gasto medio por persona;2025M08;-3,94
Puerto;Tasa de variación acumulada;Gasto medio por persona;2025M07;2,36
Puerto;Tasa de variación acumulada;Gasto medio por persona;2025M06;4,58
Puerto;Tasa de variación acumulada;Gasto medio por persona;2025M05;-2,74
Puerto;Tasa de variación acumulada;Gasto medio por persona;2025M04;-2,17
Puerto;Tasa de variación acumulada;Gasto medio por persona;2025M03;-1,42
Puerto;Tasa de variación acumulada;Gasto medio por persona;2025M02;-3,38
Puerto;Tasa de variación acumulada;Gasto medio por persona;2025M01;2,24
Puerto;Tasa de variación acumulada;Gasto medio por persona;2024M12;3,62
Puerto;Tasa de variación acumulada;Gasto medio por persona;2024M11;4,46
Puerto;Tasa de variación acumulada;Gasto medio por persona;2024M10;4,25
Puerto;Tasa de variación acumulada;Gasto medio por persona;2024M09;7,31
Puerto;Tasa de variación acumulada;Gasto medio por persona;2024M08;4,07
Puerto;Tasa de variación acumulada;Gasto medio por persona;2024M07;9,92
Puerto;Tasa de variación acumulada;Gasto medio por persona;2024M06;19,70
Puerto;Tasa de variación acumulada;Gasto medio por persona;2024M05;11,25
Puerto;Tasa de variación acumulada;Gasto medio por persona;2024M04;-0,93
Puerto;Tasa de variación acumulada;Gasto medio por persona;2024M03;-10,87
Puerto;Tasa de variación acumulada;Gasto medio por persona;2024M02;-6,44
Puerto;Tasa de variación acumulada;Gasto medio por persona;2024M01;-7,14
Puerto;Tasa de variación acumulada;Gasto medio por persona;2023M12;-14,88
Puerto;Tasa de variación acumulada;Gasto medio por persona;2023M11;-15,89
Puerto;Tasa de variación acumulada;Gasto medio por persona;2023M10;-16,39
Puerto;Tasa de variación acumulada;Gasto medio por persona;2023M09;-19,77
Puerto;Tasa de variación acumulada;Gasto medio por persona;2023M08;-19,22
Puerto;Tasa de variación acumulada;Gasto medio por persona;2023M07;-24,07
Puerto;Tasa de variación acumulada;Gasto medio por persona;2023M06;-32,73
Puerto;Tasa de variación acumulada;Gasto medio por persona;2023M05;-28,17
Puerto;Tasa de variación acumulada;Gasto medio por persona;2023M04;-33,13
Puerto;Tasa de variación acumulada;Gasto medio por persona;2023M03;-36,05
Puerto;Tasa de variación acumulada;Gasto medio por persona;2023M02;-34,60
Puerto;Tasa de variación acumulada;Gasto medio por persona;2023M01;-15,71
Puerto;Tasa de variación acumulada;Gasto medio por persona;2022M12;-10,13
Puerto;Tasa de variación acumulada;Gasto medio por persona;2022M11;-7,60
Puerto;Tasa de variación acumulada;Gasto medio por persona;2022M10;-3,18
Puerto;Tasa de variación acumulada;Gasto medio por persona;2022M09;-12,23
Puerto;Tasa de variación acumulada;Gasto medio por persona;2022M08;-24,88
Puerto;Tasa de variación acumulada;Gasto medio por persona;2022M07;-28,65
Puerto;Tasa de variación acumulada;Gasto medio por persona;2022M06;-26,13
Puerto;Tasa de variación acumulada;Gasto medio por persona;2022M05;-26,82
Puerto;Tasa de variación acumulada;Gasto medio por persona;2022M04;-19,72
Puerto;Tasa de variación acumulada;Gasto medio por persona;2022M03;-11,13
Puerto;Tasa de variación acumulada;Gasto medio por persona;2022M02;11,75
Puerto;Tasa de variación acumulada;Gasto medio por persona;2022M01;0,86
Puerto;Tasa de variación acumulada;Gasto medio por persona;2021M12;21,02
Puerto;Tasa de variación acumulada;Gasto medio por persona;2021M11;18,17
Puerto;Tasa de variación acumulada;Gasto medio por persona;2021M10;14,91
Puerto;Tasa de variación acumulada;Gasto medio por persona;2021M09;30,97
Puerto;Tasa de variación acumulada;Gasto medio por persona;2021M08;62,41
Puerto;Tasa de variación acumulada;Gasto medio por persona;2021M07;69,67
Puerto;Tasa de variación acumulada;Gasto medio por persona;2021M06;75,61
Puerto;Tasa de variación acumulada;Gasto medio por persona;2021M05;90,73
Puerto;Tasa de variación acumulada;Gasto medio por persona;2021M04;106,71
Puerto;Tasa de variación acumulada;Gasto medio por persona;2021M03;120,23
Puerto;Tasa de variación acumulada;Gasto medio por persona;2021M02;86,58
Puerto;Tasa de variación acumulada;Gasto medio por persona;2021M01;57,63
Puerto;Tasa de variación acumulada;Gasto medio por persona;2020M12;4,12
Puerto;Tasa de variación acumulada;Gasto medio por persona;2020M11;3,53
Puerto;Tasa de variación acumulada;Gasto medio por persona;2020M10;1,34
Puerto;Tasa de variación acumulada;Gasto medio por persona;2020M09;-1,96
Puerto;Tasa de variación acumulada;Gasto medio por persona;2020M08;-2,25
Puerto;Tasa de variación acumulada;Gasto medio por persona;2020M07;-7,09
Puerto;Tasa de variación acumulada;Gasto medio por persona;2020M06;-10,30
Puerto;Tasa de variación acumulada;Gasto medio por persona;2020M05;-13,64
Puerto;Tasa de variación acumulada;Gasto medio por persona;2020M04;-10,39
Puerto;Tasa de variación acumulada;Gasto medio por persona;2020M03;-9,84
Puerto;Tasa de variación acumulada;Gasto medio por persona;2020M02;-9,45
Puerto;Tasa de variación acumulada;Gasto medio por persona;2020M01;-16,38
Puerto;Tasa de variación acumulada;Gasto medio por persona;2019M12;-17,34
Puerto;Tasa de variación acumulada;Gasto medio por persona;2019M11;-17,30
Puerto;Tasa de variación acumulada;Gasto medio por persona;2019M10;-15,21
Puerto;Tasa de variación acumulada;Gasto medio por persona;2019M09;-13,02
Puerto;Tasa de variación acumulada;Gasto medio por persona;2019M08;-11,72
Puerto;Tasa de variación acumulada;Gasto medio por persona;2019M07;-16,44
Puerto;Tasa de variación acumulada;Gasto medio por persona;2019M06;-12,71
Puerto;Tasa de variación acumulada;Gasto medio por persona;2019M05;-8,77
Puerto;Tasa de variación acumulada;Gasto medio por persona;2019M04;-8,34
Puerto;Tasa de variación acumulada;Gasto medio por persona;2019M03;-14,38
Puerto;Tasa de variación acumulada;Gasto medio por persona;2019M02;-13,19
Puerto;Tasa de variación acumulada;Gasto medio por persona;2019M01;-0,37
Puerto;Tasa de variación acumulada;Gasto medio por persona;2018M12;-0,44
Puerto;Tasa de variación acumulada;Gasto medio por persona;2018M11;0,97
Puerto;Tasa de variación acumulada;Gasto medio por persona;2018M10;1,13
Puerto;Tasa de variación acumulada;Gasto medio por persona;2018M09;1,54
Puerto;Tasa de variación acumulada;Gasto medio por persona;2018M08;1,49
Puerto;Tasa de variación acumulada;Gasto medio por persona;2018M07;10,18
Puerto;Tasa de variación acumulada;Gasto medio por persona;2018M06;7,55
Puerto;Tasa de variación acumulada;Gasto medio por persona;2018M05;9,42
Puerto;Tasa de variación acumulada;Gasto medio por persona;2018M04;17,23
Puerto;Tasa de variación acumulada;Gasto medio por persona;2018M03;23,06
Puerto;Tasa de variación acumulada;Gasto medio por persona;2018M02;23,52
Puerto;Tasa de variación acumulada;Gasto medio por persona;2018M01;20,58
Puerto;Tasa de variación acumulada;Gasto medio por persona;2017M12;-4,96
Puerto;Tasa de variación acumulada;Gasto medio por persona;2017M11;-6,31
Puerto;Tasa de variación acumulada;Gasto medio por persona;2017M10;-7,62
Puerto;Tasa de variación acumulada;Gasto medio por persona;2017M09;-6,16
Puerto;Tasa de variación acumulada;Gasto medio por persona;2017M08;-6,47
Puerto;Tasa de variación acumulada;Gasto medio por persona;2017M07;-4,52
Puerto;Tasa de variación acumulada;Gasto medio por persona;2017M06;-9,19
Puerto;Tasa de variación acumulada;Gasto medio por persona;2017M05;-9,78
Puerto;Tasa de variación acumulada;Gasto medio por persona;2017M04;-8,24
Puerto;Tasa de variación acumulada;Gasto medio por persona;2017M03;-3,04
Puerto;Tasa de variación acumulada;Gasto medio por persona;2017M02;-10,65
Puerto;Tasa de variación acumulada;Gasto medio por persona;2017M01;-9,01
Puerto;Tasa de variación acumulada;Gasto medio por persona;2016M12;7,39
Puerto;Tasa de variación acumulada;Gasto medio por persona;2016M11;8,67
Puerto;Tasa de variación acumulada;Gasto medio por persona;2016M10;8,70
Puerto;Tasa de variación acumulada;Gasto medio por persona;2016M09;6,42
Puerto;Tasa de variación acumulada;Gasto medio por persona;2016M08;6,59
Puerto;Tasa de variación acumulada;Gasto medio por persona;2016M07;-5,46
Puerto;Tasa de variación acumulada;Gasto medio por persona;2016M06;-0,89
Puerto;Tasa de variación acumulada;Gasto medio por persona;2016M05;1,74
Puerto;Tasa de variación acumulada;Gasto medio por persona;2016M04;-12,74
Puerto;Tasa de variación acumulada;Gasto medio por persona;2016M03;-16,87
Puerto;Tasa de variación acumulada;Gasto medio por persona;2016M02;-11,90
Puerto;Tasa de variación acumulada;Gasto medio por persona;2016M01;-14,93
Puerto;Tasa de variación acumulada;Gasto medio por persona;2015M12;""
Puerto;Tasa de variación acumulada;Gasto medio por persona;2015M11;""
Puerto;Tasa de variación acumulada;Gasto medio por persona;2015M10;""
Puerto;Tasa de variación acumulada;Gasto medio diario por persona;2026M07;30,08
Puerto;Tasa de variación acumulada;Gasto medio diario por persona;2026M06;25,85
Puerto;Tasa de variación acumulada;Gasto medio diario por persona;2026M05;23,26
Puerto;Tasa de variación acumulada;Gasto medio diario por persona;2026M04;5,41
Puerto;Tasa de variación acumulada;Gasto medio diario por persona;2026M03;16,98
Puerto;Tasa de variación acumulada;Gasto medio diario por persona;2026M02;8,97
Puerto;Tasa de variación acumulada;Gasto medio diario por persona;2026M01;16,11
Puerto;Tasa de variación acumulada;Gasto medio diario por persona;2025M12;8,43
Puerto;Tasa de variación acumulada;Gasto medio diario por persona;2025M11;8,43
Puerto;Tasa de variación acumulada;Gasto medio diario por persona;2025M10;7,06
Puerto;Tasa de variación acumulada;Gasto medio diario por persona;2025M09;4,32
Puerto;Tasa de variación acumulada;Gasto medio diario por persona;2025M08;-0,52
Puerto;Tasa de variación acumulada;Gasto medio diario por persona;2025M07;0,20
Puerto;Tasa de variación acumulada;Gasto medio diario por persona;2025M06;3,22
Puerto;Tasa de variación acumulada;Gasto medio diario por persona;2025M05;0,97
Puerto;Tasa de variación acumulada;Gasto medio diario por persona;2025M04;0,81
Puerto;Tasa de variación acumulada;Gasto medio diario por persona;2025M03;0,79
Puerto;Tasa de variación acumulada;Gasto medio diario por persona;2025M02;6,32
Puerto;Tasa de variación acumulada;Gasto medio diario por persona;2025M01;20,14
Puerto;Tasa de variación acumulada;Gasto medio diario por persona;2024M12;11,62
Puerto;Tasa de variación acumulada;Gasto medio diario por persona;2024M11;11,49
Puerto;Tasa de variación acumulada;Gasto medio diario por persona;2024M10;12,04
Puerto;Tasa de variación acumulada;Gasto medio diario por persona;2024M09;15,67
Puerto;Tasa de variación acumulada;Gasto medio diario por persona;2024M08;11,11
Puerto;Tasa de variación acumulada;Gasto medio diario por persona;2024M07;16,90
Puerto;Tasa de variación acumulada;Gasto medio diario por persona;2024M06;26,05
Puerto;Tasa de variación acumulada;Gasto medio diario por persona;2024M05;23,38
Puerto;Tasa de variación acumulada;Gasto medio diario por persona;2024M04;20,17
Puerto;Tasa de variación acumulada;Gasto medio diario por persona;2024M03;15,47
Puerto;Tasa de variación acumulada;Gasto medio diario por persona;2024M02;5,93
Puerto;Tasa de variación acumulada;Gasto medio diario por persona;2024M01;-7,48
Puerto;Tasa de variación acumulada;Gasto medio diario por persona;2023M12;3,35
Puerto;Tasa de variación acumulada;Gasto medio diario por persona;2023M11;3,72
Puerto;Tasa de variación acumulada;Gasto medio diario por persona;2023M10;3,44
Puerto;Tasa de variación acumulada;Gasto medio diario por persona;2023M09;0,36
Puerto;Tasa de variación acumulada;Gasto medio diario por persona;2023M08;4,06
Puerto;Tasa de variación acumulada;Gasto medio diario por persona;2023M07;-5,15
Puerto;Tasa de variación acumulada;Gasto medio diario por persona;2023M06;-12,06
Puerto;Tasa de variación acumulada;Gasto medio diario por persona;2023M05;-5,25
Puerto;Tasa de variación acumulada;Gasto medio diario por persona;2023M04;-4,16
Puerto;Tasa de variación acumulada;Gasto medio diario por persona;2023M03;2,89
Puerto;Tasa de variación acumulada;Gasto medio diario por persona;2023M02;11,78
Puerto;Tasa de variación acumulada;Gasto medio diario por persona;2023M01;28,16
Puerto;Tasa de variación acumulada;Gasto medio diario por persona;2022M12;22,59
Puerto;Tasa de variación acumulada;Gasto medio diario por persona;2022M11;24,67
Puerto;Tasa de variación acumulada;Gasto medio diario por persona;2022M10;28,08
Puerto;Tasa de variación acumulada;Gasto medio diario por persona;2022M09;35,10
Puerto;Tasa de variación acumulada;Gasto medio diario por persona;2022M08;31,21
Puerto;Tasa de variación acumulada;Gasto medio diario por persona;2022M07;25,46
Puerto;Tasa de variación acumulada;Gasto medio diario por persona;2022M06;28,70
Puerto;Tasa de variación acumulada;Gasto medio diario por persona;2022M05;17,10
Puerto;Tasa de variación acumulada;Gasto medio diario por persona;2022M04;18,35
Puerto;Tasa de variación acumulada;Gasto medio diario por persona;2022M03;10,57
Puerto;Tasa de variación acumulada;Gasto medio diario por persona;2022M02;7,98
Puerto;Tasa de variación acumulada;Gasto medio diario por persona;2022M01;7,59
Puerto;Tasa de variación acumulada;Gasto medio diario por persona;2021M12;4,74
Puerto;Tasa de variación acumulada;Gasto medio diario por persona;2021M11;3,35
Puerto;Tasa de variación acumulada;Gasto medio diario por persona;2021M10;1,23
Puerto;Tasa de variación acumulada;Gasto medio diario por persona;2021M09;-4,55
Puerto;Tasa de variación acumulada;Gasto medio diario por persona;2021M08;-1,91
Puerto;Tasa de variación acumulada;Gasto medio diario por persona;2021M07;3,92
Puerto;Tasa de variación acumulada;Gasto medio diario por persona;2021M06;0,22
Puerto;Tasa de variación acumulada;Gasto medio diario por persona;2021M05;4,89
Puerto;Tasa de variación acumulada;Gasto medio diario por persona;2021M04;-0,90
Puerto;Tasa de variación acumulada;Gasto medio diario por persona;2021M03;-4,61
Puerto;Tasa de variación acumulada;Gasto medio diario por persona;2021M02;-9,49
Puerto;Tasa de variación acumulada;Gasto medio diario por persona;2021M01;-17,64
Puerto;Tasa de variación acumulada;Gasto medio diario por persona;2020M12;-21,21
Puerto;Tasa de variación acumulada;Gasto medio diario por persona;2020M11;-21,42
Puerto;Tasa de variación acumulada;Gasto medio diario por persona;2020M10;-21,39
Puerto;Tasa de variación acumulada;Gasto medio diario por persona;2020M09;-20,81
Puerto;Tasa de variación acumulada;Gasto medio diario por persona;2020M08;-24,34
Puerto;Tasa de variación acumulada;Gasto medio diario por persona;2020M07;-24,62
Puerto;Tasa de variación acumulada;Gasto medio diario por persona;2020M06;-24,51
Puerto;Tasa de variación acumulada;Gasto medio diario por persona;2020M05;-21,51
Puerto;Tasa de variación acumulada;Gasto medio diario por persona;2020M04;-15,29
Puerto;Tasa de variación acumulada;Gasto medio diario por persona;2020M03;-9,32
Puerto;Tasa de variación acumulada;Gasto medio diario por persona;2020M02;-5,19
Puerto;Tasa de variación acumulada;Gasto medio diario por persona;2020M01;-8,57
Puerto;Tasa de variación acumulada;Gasto medio diario por persona;2019M12;-6,77
Puerto;Tasa de variación acumulada;Gasto medio diario por persona;2019M11;-7,38
Puerto;Tasa de variación acumulada;Gasto medio diario por persona;2019M10;-7,82
Puerto;Tasa de variación acumulada;Gasto medio diario por persona;2019M09;-5,13
Puerto;Tasa de variación acumulada;Gasto medio diario por persona;2019M08;-1,26
Puerto;Tasa de variación acumulada;Gasto medio diario por persona;2019M07;-2,53
Puerto;Tasa de variación acumulada;Gasto medio diario por persona;2019M06;7,79
Puerto;Tasa de variación acumulada;Gasto medio diario por persona;2019M05;7,31
Puerto;Tasa de variación acumulada;Gasto medio diario por persona;2019M04;-6,92
Puerto;Tasa de variación acumulada;Gasto medio diario por persona;2019M03;-8,09
Puerto;Tasa de variación acumulada;Gasto medio diario por persona;2019M02;-15,31
Puerto;Tasa de variación acumulada;Gasto medio diario por persona;2019M01;-9,17
Puerto;Tasa de variación acumulada;Gasto medio diario por persona;2018M12;14,85
Puerto;Tasa de variación acumulada;Gasto medio diario por persona;2018M11;16,83
Puerto;Tasa de variación acumulada;Gasto medio diario por persona;2018M10;18,37
Puerto;Tasa de variación acumulada;Gasto medio diario por persona;2018M09;14,91
Puerto;Tasa de variación acumulada;Gasto medio diario por persona;2018M08;20,16
Puerto;Tasa de variación acumulada;Gasto medio diario por persona;2018M07;23,47
Puerto;Tasa de variación acumulada;Gasto medio diario por persona;2018M06;15,42
Puerto;Tasa de variación acumulada;Gasto medio diario por persona;2018M05;16,00
Puerto;Tasa de variación acumulada;Gasto medio diario por persona;2018M04;25,07
Puerto;Tasa de variación acumulada;Gasto medio diario por persona;2018M03;24,46
Puerto;Tasa de variación acumulada;Gasto medio diario por persona;2018M02;32,96
Puerto;Tasa de variación acumulada;Gasto medio diario por persona;2018M01;16,42
Puerto;Tasa de variación acumulada;Gasto medio diario por persona;2017M12;5,09
Puerto;Tasa de variación acumulada;Gasto medio diario por persona;2017M11;3,61
Puerto;Tasa de variación acumulada;Gasto medio diario por persona;2017M10;2,04
Puerto;Tasa de variación acumulada;Gasto medio diario por persona;2017M09;2,30
Puerto;Tasa de variación acumulada;Gasto medio diario por persona;2017M08;0,64
Puerto;Tasa de variación acumulada;Gasto medio diario por persona;2017M07;2,89
Puerto;Tasa de variación acumulada;Gasto medio diario por persona;2017M06;1,18
Puerto;Tasa de variación acumulada;Gasto medio diario por persona;2017M05;-6,89
Puerto;Tasa de variación acumulada;Gasto medio diario por persona;2017M04;-2,31
Puerto;Tasa de variación acumulada;Gasto medio diario por persona;2017M03;-3,55
Puerto;Tasa de variación acumulada;Gasto medio diario por persona;2017M02;-7,28
Puerto;Tasa de variación acumulada;Gasto medio diario por persona;2017M01;-11,76
Puerto;Tasa de variación acumulada;Gasto medio diario por persona;2016M12;4,62
Puerto;Tasa de variación acumulada;Gasto medio diario por persona;2016M11;3,43
Puerto;Tasa de variación acumulada;Gasto medio diario por persona;2016M10;3,20
Puerto;Tasa de variación acumulada;Gasto medio diario por persona;2016M09;0,98
Puerto;Tasa de variación acumulada;Gasto medio diario por persona;2016M08;-4,57
Puerto;Tasa de variación acumulada;Gasto medio diario por persona;2016M07;-8,15
Puerto;Tasa de variación acumulada;Gasto medio diario por persona;2016M06;-11,00
Puerto;Tasa de variación acumulada;Gasto medio diario por persona;2016M05;-1,77
Puerto;Tasa de variación acumulada;Gasto medio diario por persona;2016M04;-4,33
Puerto;Tasa de variación acumulada;Gasto medio diario por persona;2016M03;-5,96
Puerto;Tasa de variación acumulada;Gasto medio diario por persona;2016M02;-4,45
Puerto;Tasa de variación acumulada;Gasto medio diario por persona;2016M01;0,57
Puerto;Tasa de variación acumulada;Gasto medio diario por persona;2015M12;""
Puerto;Tasa de variación acumulada;Gasto medio diario por persona;2015M11;""
Puerto;Tasa de variación acumulada;Gasto medio diario por persona;2015M10;""
Puerto;Tasa de variación acumulada;Duración media de los viajes;2026M07;-2,21
Puerto;Tasa de variación acumulada;Duración media de los viajes;2026M06;-2,67
Puerto;Tasa de variación acumulada;Duración media de los viajes;2026M05;-2,13
Puerto;Tasa de variación acumulada;Duración media de los viajes;2026M04;3,26
Puerto;Tasa de variación acumulada;Duración media de los viajes;2026M03;-1,68
Puerto;Tasa de variación acumulada;Duración media de los viajes;2026M02;-5,56
Puerto;Tasa de variación acumulada;Duración media de los viajes;2026M01;-10,34
Puerto;Tasa de variación acumulada;Duración media de los viajes;2025M12;-3,24
Puerto;Tasa de variación acumulada;Duración media de los viajes;2025M11;-2,90
Puerto;Tasa de variación acumulada;Duración media de los viajes;2025M10;-2,22
Puerto;Tasa de variación acumulada;Duración media de los viajes;2025M09;-1,91
Puerto;Tasa de variación acumulada;Duración media de los viajes;2025M08;-3,43
Puerto;Tasa de variación acumulada;Duración media de los viajes;2025M07;2,15
Puerto;Tasa de variación acumulada;Duración media de los viajes;2025M06;1,32
Puerto;Tasa de variación acumulada;Duración media de los viajes;2025M05;-3,67
Puerto;Tasa de variación acumulada;Duración media de los viajes;2025M04;-2,95
Puerto;Tasa de variación acumulada;Duración media de los viajes;2025M03;-2,19
Puerto;Tasa de variación acumulada;Duración media de los viajes;2025M02;-9,12
Puerto;Tasa de variación acumulada;Duración media de los viajes;2025M01;-14,90
Puerto;Tasa de variación acumulada;Duración media de los viajes;2024M12;-7,17
Puerto;Tasa de variación acumulada;Duración media de los viajes;2024M11;-6,30
Puerto;Tasa de variación acumulada;Duración media de los viajes;2024M10;-6,95
Puerto;Tasa de variación acumulada;Duración media de los viajes;2024M09;-7,22
Puerto;Tasa de variación acumulada;Duración media de los viajes;2024M08;-6,34
Puerto;Tasa de variación acumulada;Duración media de los viajes;2024M07;-5,97
Puerto;Tasa de variación acumulada;Duración media de los viajes;2024M06;-5,03
Puerto;Tasa de variación acumulada;Duración media de los viajes;2024M05;-9,83
Puerto;Tasa de variación acumulada;Duración media de los viajes;2024M04;-17,56
Puerto;Tasa de variación acumulada;Duración media de los viajes;2024M03;-22,81
Puerto;Tasa de variación acumulada;Duración media de los viajes;2024M02;-11,68
Puerto;Tasa de variación acumulada;Duración media de los viajes;2024M01;0,37
Puerto;Tasa de variación acumulada;Duración media de los viajes;2023M12;-17,63
Puerto;Tasa de variación acumulada;Duración media de los viajes;2023M11;-18,91
Puerto;Tasa de variación acumulada;Duración media de los viajes;2023M10;-19,16
Puerto;Tasa de variación acumulada;Duración media de los viajes;2023M09;-20,06
Puerto;Tasa de variación acumulada;Duración media de los viajes;2023M08;-22,37
Puerto;Tasa de variación acumulada;Duración media de los viajes;2023M07;-19,95
Puerto;Tasa de variación acumulada;Duración media de los viajes;2023M06;-23,51
Puerto;Tasa de variación acumulada;Duración media de los viajes;2023M05;-24,19
Puerto;Tasa de variación acumulada;Duración media de los viajes;2023M04;-30,23
Puerto;Tasa de variación acumulada;Duración media de los viajes;2023M03;-37,84
Puerto;Tasa de variación acumulada;Duración media de los viajes;2023M02;-41,49
Puerto;Tasa de variación acumulada;Duración media de los viajes;2023M01;-34,23
Puerto;Tasa de variación acumulada;Duración media de los viajes;2022M12;-26,69
Puerto;Tasa de variación acumulada;Duración media de los viajes;2022M11;-25,89
Puerto;Tasa de variación acumulada;Duración media de los viajes;2022M10;-24,40
Puerto;Tasa de variación acumulada;Duración media de los viajes;2022M09;-35,04
Puerto;Tasa de variación acumulada;Duración media de los viajes;2022M08;-42,74
Puerto;Tasa de variación acumulada;Duración media de los viajes;2022M07;-43,13
Puerto;Tasa de variación acumulada;Duración media de los viajes;2022M06;-42,60
Puerto;Tasa de variación acumulada;Duración media de los viajes;2022M05;-37,51
Puerto;Tasa de variación acumulada;Duración media de los viajes;2022M04;-32,17
Puerto;Tasa de variación acumulada;Duración media de los viajes;2022M03;-19,62
Puerto;Tasa de variación acumulada;Duración media de los viajes;2022M02;3,49
Puerto;Tasa de variación acumulada;Duración media de los viajes;2022M01;-6,26
Puerto;Tasa de variación acumulada;Duración media de los viajes;2021M12;15,54
Puerto;Tasa de variación acumulada;Duración media de los viajes;2021M11;14,34
Puerto;Tasa de variación acumulada;Duración media de los viajes;2021M10;13,52
Puerto;Tasa de variación acumulada;Duración media de los viajes;2021M09;37,22
Puerto;Tasa de variación acumulada;Duración media de los viajes;2021M08;65,58
Puerto;Tasa de variación acumulada;Duración media de los viajes;2021M07;63,27
Puerto;Tasa de variación acumulada;Duración media de los viajes;2021M06;75,22
Puerto;Tasa de variación acumulada;Duración media de los viajes;2021M05;81,84
Puerto;Tasa de variación acumulada;Duración media de los viajes;2021M04;108,59
Puerto;Tasa de variación acumulada;Duración media de los viajes;2021M03;130,87
Puerto;Tasa de variación acumulada;Duración media de los viajes;2021M02;106,15
Puerto;Tasa de variación acumulada;Duración media de los viajes;2021M01;91,40
Puerto;Tasa de variación acumulada;Duración media de los viajes;2020M12;32,15
Puerto;Tasa de variación acumulada;Duración media de los viajes;2020M11;31,76
Puerto;Tasa de variación acumulada;Duración media de los viajes;2020M10;28,91
Puerto;Tasa de variación acumulada;Duración media de los viajes;2020M09;23,80
Puerto;Tasa de variación acumulada;Duración media de los viajes;2020M08;29,20
Puerto;Tasa de variación acumulada;Duración media de los viajes;2020M07;23,26
Puerto;Tasa de variación acumulada;Duración media de los viajes;2020M06;18,82
Puerto;Tasa de variación acumulada;Duración media de los viajes;2020M05;10,03
Puerto;Tasa de variación acumulada;Duración media de los viajes;2020M04;5,78
Puerto;Tasa de variación acumulada;Duración media de los viajes;2020M03;-0,58
Puerto;Tasa de variación acumulada;Duración media de los viajes;2020M02;-4,49
Puerto;Tasa de variación acumulada;Duración media de los viajes;2020M01;-8,54
Puerto;Tasa de variación acumulada;Duración media de los viajes;2019M12;-11,34
Puerto;Tasa de variación acumulada;Duración media de los viajes;2019M11;-10,72
Puerto;Tasa de variación acumulada;Duración media de los viajes;2019M10;-8,02
Puerto;Tasa de variación acumulada;Duración media de los viajes;2019M09;-8,31
Puerto;Tasa de variación acumulada;Duración media de los viajes;2019M08;-10,59
Puerto;Tasa de variación acumulada;Duración media de los viajes;2019M07;-14,27
Puerto;Tasa de variación acumulada;Duración media de los viajes;2019M06;-19,02
Puerto;Tasa de variación acumulada;Duración media de los viajes;2019M05;-14,99
Puerto;Tasa de variación acumulada;Duración media de los viajes;2019M04;-1,53
Puerto;Tasa de variación acumulada;Duración media de los viajes;2019M03;-6,85
Puerto;Tasa de variación acumulada;Duración media de los viajes;2019M02;2,51
Puerto;Tasa de variación acumulada;Duración media de los viajes;2019M01;9,69
Puerto;Tasa de variación acumulada;Duración media de los viajes;2018M12;-13,31
Puerto;Tasa de variación acumulada;Duración media de los viajes;2018M11;-13,57
Puerto;Tasa de variación acumulada;Duración media de los viajes;2018M10;-14,56
Puerto;Tasa de variación acumulada;Duración media de los viajes;2018M09;-11,63
Puerto;Tasa de variación acumulada;Duración media de los viajes;2018M08;-15,54
Puerto;Tasa de variación acumulada;Duración media de los viajes;2018M07;-10,77
Puerto;Tasa de variación acumulada;Duración media de los viajes;2018M06;-6,82
Puerto;Tasa de variación acumulada;Duración media de los viajes;2018M05;-5,67
Puerto;Tasa de variación acumulada;Duración media de los viajes;2018M04;-6,27
Puerto;Tasa de variación acumulada;Duración media de los viajes;2018M03;-1,12
Puerto;Tasa de variación acumulada;Duración media de los viajes;2018M02;-7,10
Puerto;Tasa de variación acumulada;Duración media de los viajes;2018M01;3,58
Puerto;Tasa de variación acumulada;Duración media de los viajes;2017M12;-9,56
Puerto;Tasa de variación acumulada;Duración media de los viajes;2017M11;-9,58
Puerto;Tasa de variación acumulada;Duración media de los viajes;2017M10;-9,47
Puerto;Tasa de variación acumulada;Duración media de los viajes;2017M09;-8,27
Puerto;Tasa de variación acumulada;Duración media de los viajes;2017M08;-7,06
Puerto;Tasa de variación acumulada;Duración media de los viajes;2017M07;-7,20
Puerto;Tasa de variación acumulada;Duración media de los viajes;2017M06;-10,25
Puerto;Tasa de variación acumulada;Duración media de los viajes;2017M05;-3,10
Puerto;Tasa de variación acumulada;Duración media de los viajes;2017M04;-6,07
Puerto;Tasa de variación acumulada;Duración media de los viajes;2017M03;0,53
Puerto;Tasa de variación acumulada;Duración media de los viajes;2017M02;-3,63
Puerto;Tasa de variación acumulada;Duración media de los viajes;2017M01;3,11
Puerto;Tasa de variación acumulada;Duración media de los viajes;2016M12;2,66
Puerto;Tasa de variación acumulada;Duración media de los viajes;2016M11;5,07
Puerto;Tasa de variación acumulada;Duración media de los viajes;2016M10;5,33
Puerto;Tasa de variación acumulada;Duración media de los viajes;2016M09;5,40
Puerto;Tasa de variación acumulada;Duración media de los viajes;2016M08;11,69
Puerto;Tasa de variación acumulada;Duración media de los viajes;2016M07;2,93
Puerto;Tasa de variación acumulada;Duración media de los viajes;2016M06;11,36
Puerto;Tasa de variación acumulada;Duración media de los viajes;2016M05;3,57
Puerto;Tasa de variación acumulada;Duración media de los viajes;2016M04;-8,79
Puerto;Tasa de variación acumulada;Duración media de los viajes;2016M03;-11,60
Puerto;Tasa de variación acumulada;Duración media de los viajes;2016M02;-7,80
Puerto;Tasa de variación acumulada;Duración media de los viajes;2016M01;-15,41
Puerto;Tasa de variación acumulada;Duración media de los viajes;2015M12;""
Puerto;Tasa de variación acumulada;Duración media de los viajes;2015M11;""
Puerto;Tasa de variación acumulada;Duración media de los viajes;2015M10;""
Tren;Dato base;Gasto total;2026M07;81,02
Tren;Dato base;Gasto total;2026M06;66,51
Tren;Dato base;Gasto total;2026M05;50,62
Tren;Dato base;Gasto total;2026M04;57,89
Tren;Dato base;Gasto total;2026M03;61,87
Tren;Dato base;Gasto total;2026M02;70,78
Tren;Dato base;Gasto total;2026M01;26,08
Tren;Dato base;Gasto total;2025M12;36,33
Tren;Dato base;Gasto total;2025M11;52,30
Tren;Dato base;Gasto total;2025M10;81,51
Tren;Dato base;Gasto total;2025M09;63,47
Tren;Dato base;Gasto total;2025M08;66,02
Tren;Dato base;Gasto total;2025M07;90,58
Tren;Dato base;Gasto total;2025M06;80,64
Tren;Dato base;Gasto total;2025M05;59,21
Tren;Dato base;Gasto total;2025M04;68,48
Tren;Dato base;Gasto total;2025M03;55,19
Tren;Dato base;Gasto total;2025M02;45,85
Tren;Dato base;Gasto total;2025M01;38,20
Tren;Dato base;Gasto total;2024M12;26,76
Tren;Dato base;Gasto total;2024M11;30,26
Tren;Dato base;Gasto total;2024M10;68,25
Tren;Dato base;Gasto total;2024M09;45,02
Tren;Dato base;Gasto total;2024M08;46,72
Tren;Dato base;Gasto total;2024M07;54,79
Tren;Dato base;Gasto total;2024M06;45,98
Tren;Dato base;Gasto total;2024M05;33,25
Tren;Dato base;Gasto total;2024M04;37,73
Tren;Dato base;Gasto total;2024M03;27,11
Tren;Dato base;Gasto total;2024M02;24,68
Tren;Dato base;Gasto total;2024M01;24,93
Tren;Dato base;Gasto total;2023M12;41,86
Tren;Dato base;Gasto total;2023M11;51,14
Tren;Dato base;Gasto total;2023M10;50,52
Tren;Dato base;Gasto total;2023M09;55,45
Tren;Dato base;Gasto total;2023M08;63,21
Tren;Dato base;Gasto total;2023M07;95,00
Tren;Dato base;Gasto total;2023M06;70,33
Tren;Dato base;Gasto total;2023M05;57,22
Tren;Dato base;Gasto total;2023M04;32,21
Tren;Dato base;Gasto total;2023M03;9,18
Tren;Dato base;Gasto total;2023M02;9,97
Tren;Dato base;Gasto total;2023M01;14,01
Tren;Dato base;Gasto total;2022M12;16,73
Tren;Dato base;Gasto total;2022M11;22,63
Tren;Dato base;Gasto total;2022M10;28,46
Tren;Dato base;Gasto total;2022M09;35,04
Tren;Dato base;Gasto total;2022M08;43,44
Tren;Dato base;Gasto total;2022M07;55,23
Tren;Dato base;Gasto total;2022M06;42,56
Tren;Dato base;Gasto total;2022M05;20,31
Tren;Dato base;Gasto total;2022M04;22,06
Tren;Dato base;Gasto total;2022M03;11,86
Tren;Dato base;Gasto total;2022M02;10,50
Tren;Dato base;Gasto total;2022M01;9,28
Tren;Dato base;Gasto total;2021M12;15,52
Tren;Dato base;Gasto total;2021M11;11,45
Tren;Dato base;Gasto total;2021M10;16,17
Tren;Dato base;Gasto total;2021M09;12,88
Tren;Dato base;Gasto total;2021M08;22,22
Tren;Dato base;Gasto total;2021M07;28,52
Tren;Dato base;Gasto total;2021M06;14,55
Tren;Dato base;Gasto total;2021M05;15,19
Tren;Dato base;Gasto total;2021M04;11,95
Tren;Dato base;Gasto total;2021M03;13,32
Tren;Dato base;Gasto total;2021M02;9,75
Tren;Dato base;Gasto total;2021M01;13,04
Tren;Dato base;Gasto total;2020M12;15,77
Tren;Dato base;Gasto total;2020M11;5,76
Tren;Dato base;Gasto total;2020M10;11,70
Tren;Dato base;Gasto total;2020M09;13,44
Tren;Dato base;Gasto total;2020M08;19,94
Tren;Dato base;Gasto total;2020M07;21,18
Tren;Dato base;Gasto total;2020M06;""
Tren;Dato base;Gasto total;2020M05;0,00
Tren;Dato base;Gasto total;2020M04;0,00
Tren;Dato base;Gasto total;2020M03;9,42
Tren;Dato base;Gasto total;2020M02;23,63
Tren;Dato base;Gasto total;2020M01;19,26
Tren;Dato base;Gasto total;2019M12;16,61
Tren;Dato base;Gasto total;2019M11;11,07
Tren;Dato base;Gasto total;2019M10;28,75
Tren;Dato base;Gasto total;2019M09;40,03
Tren;Dato base;Gasto total;2019M08;65,65
Tren;Dato base;Gasto total;2019M07;75,21
Tren;Dato base;Gasto total;2019M06;52,16
Tren;Dato base;Gasto total;2019M05;29,91
Tren;Dato base;Gasto total;2019M04;31,23
Tren;Dato base;Gasto total;2019M03;20,00
Tren;Dato base;Gasto total;2019M02;15,18
Tren;Dato base;Gasto total;2019M01;15,54
Tren;Dato base;Gasto total;2018M12;20,24
Tren;Dato base;Gasto total;2018M11;24,53
Tren;Dato base;Gasto total;2018M10;35,06
Tren;Dato base;Gasto total;2018M09;33,32
Tren;Dato base;Gasto total;2018M08;57,60
Tren;Dato base;Gasto total;2018M07;87,10
Tren;Dato base;Gasto total;2018M06;45,51
Tren;Dato base;Gasto total;2018M05;28,31
Tren;Dato base;Gasto total;2018M04;23,56
Tren;Dato base;Gasto total;2018M03;27,70
Tren;Dato base;Gasto total;2018M02;23,60
Tren;Dato base;Gasto total;2018M01;15,25
Tren;Dato base;Gasto total;2017M12;20,64
Tren;Dato base;Gasto total;2017M11;20,34
Tren;Dato base;Gasto total;2017M10;35,32
Tren;Dato base;Gasto total;2017M09;34,77
Tren;Dato base;Gasto total;2017M08;61,46
Tren;Dato base;Gasto total;2017M07;80,06
Tren;Dato base;Gasto total;2017M06;54,25
Tren;Dato base;Gasto total;2017M05;34,99
Tren;Dato base;Gasto total;2017M04;44,66
Tren;Dato base;Gasto total;2017M03;20,33
Tren;Dato base;Gasto total;2017M02;18,00
Tren;Dato base;Gasto total;2017M01;19,19
Tren;Dato base;Gasto total;2016M12;25,94
Tren;Dato base;Gasto total;2016M11;20,67
Tren;Dato base;Gasto total;2016M10;30,75
Tren;Dato base;Gasto total;2016M09;39,35
Tren;Dato base;Gasto total;2016M08;57,55
Tren;Dato base;Gasto total;2016M07;85,51
Tren;Dato base;Gasto total;2016M06;46,44
Tren;Dato base;Gasto total;2016M05;39,27
Tren;Dato base;Gasto total;2016M04;26,51
Tren;Dato base;Gasto total;2016M03;21,39
Tren;Dato base;Gasto total;2016M02;23,48
Tren;Dato base;Gasto total;2016M01;22,69
Tren;Dato base;Gasto total;2015M12;23,75
Tren;Dato base;Gasto total;2015M11;16,20
Tren;Dato base;Gasto total;2015M10;24,88
Tren;Dato base;Gasto medio por persona;2026M07;2.192
Tren;Dato base;Gasto medio por persona;2026M06;2.032
Tren;Dato base;Gasto medio por persona;2026M05;1.575
Tren;Dato base;Gasto medio por persona;2026M04;1.570
Tren;Dato base;Gasto medio por persona;2026M03;1.652
Tren;Dato base;Gasto medio por persona;2026M02;1.508
Tren;Dato base;Gasto medio por persona;2026M01;1.479
Tren;Dato base;Gasto medio por persona;2025M12;1.516
Tren;Dato base;Gasto medio por persona;2025M11;1.604
Tren;Dato base;Gasto medio por persona;2025M10;1.776
Tren;Dato base;Gasto medio por persona;2025M09;1.631
Tren;Dato base;Gasto medio por persona;2025M08;1.596
Tren;Dato base;Gasto medio por persona;2025M07;1.815
Tren;Dato base;Gasto medio por persona;2025M06;1.856
Tren;Dato base;Gasto medio por persona;2025M05;1.476
Tren;Dato base;Gasto medio por persona;2025M04;1.499
Tren;Dato base;Gasto medio por persona;2025M03;1.602
Tren;Dato base;Gasto medio por persona;2025M02;1.447
Tren;Dato base;Gasto medio por persona;2025M01;1.558
Tren;Dato base;Gasto medio por persona;2024M12;1.556
Tren;Dato base;Gasto medio por persona;2024M11;1.663
Tren;Dato base;Gasto medio por persona;2024M10;2.407
Tren;Dato base;Gasto medio por persona;2024M09;1.735
Tren;Dato base;Gasto medio por persona;2024M08;1.692
Tren;Dato base;Gasto medio por persona;2024M07;1.751
Tren;Dato base;Gasto medio por persona;2024M06;1.735
Tren;Dato base;Gasto medio por persona;2024M05;1.528
Tren;Dato base;Gasto medio por persona;2024M04;1.486
Tren;Dato base;Gasto medio por persona;2024M03;1.329
Tren;Dato base;Gasto medio por persona;2024M02;1.205
Tren;Dato base;Gasto medio por persona;2024M01;1.558
Tren;Dato base;Gasto medio por persona;2023M12;1.475
Tren;Dato base;Gasto medio por persona;2023M11;1.868
Tren;Dato base;Gasto medio por persona;2023M10;1.811
Tren;Dato base;Gasto medio por persona;2023M09;1.590
Tren;Dato base;Gasto medio por persona;2023M08;1.446
Tren;Dato base;Gasto medio por persona;2023M07;1.955
Tren;Dato base;Gasto medio por persona;2023M06;1.987
Tren;Dato base;Gasto medio por persona;2023M05;1.861
Tren;Dato base;Gasto medio por persona;2023M04;1.288
Tren;Dato base;Gasto medio por persona;2023M03;630
Tren;Dato base;Gasto medio por persona;2023M02;692
Tren;Dato base;Gasto medio por persona;2023M01;1.359
Tren;Dato base;Gasto medio por persona;2022M12;1.330
Tren;Dato base;Gasto medio por persona;2022M11;1.364
Tren;Dato base;Gasto medio por persona;2022M10;1.368
Tren;Dato base;Gasto medio por persona;2022M09;1.255
Tren;Dato base;Gasto medio por persona;2022M08;1.306
Tren;Dato base;Gasto medio por persona;2022M07;1.522
Tren;Dato base;Gasto medio por persona;2022M06;1.515
Tren;Dato base;Gasto medio por persona;2022M05;1.278
Tren;Dato base;Gasto medio por persona;2022M04;1.276
Tren;Dato base;Gasto medio por persona;2022M03;1.138
Tren;Dato base;Gasto medio por persona;2022M02;1.126
Tren;Dato base;Gasto medio por persona;2022M01;1.392
Tren;Dato base;Gasto medio por persona;2021M12;1.486
Tren;Dato base;Gasto medio por persona;2021M11;1.104
Tren;Dato base;Gasto medio por persona;2021M10;1.039
Tren;Dato base;Gasto medio por persona;2021M09;1.098
Tren;Dato base;Gasto medio por persona;2021M08;965
Tren;Dato base;Gasto medio por persona;2021M07;1.298
Tren;Dato base;Gasto medio por persona;2021M06;1.434
Tren;Dato base;Gasto medio por persona;2021M05;1.636
Tren;Dato base;Gasto medio por persona;2021M04;1.724
Tren;Dato base;Gasto medio por persona;2021M03;2.002
Tren;Dato base;Gasto medio por persona;2021M02;1.918
Tren;Dato base;Gasto medio por persona;2021M01;1.772
Tren;Dato base;Gasto medio por persona;2020M12;1.653
Tren;Dato base;Gasto medio por persona;2020M11;1.558
Tren;Dato base;Gasto medio por persona;2020M10;1.714
Tren;Dato base;Gasto medio por persona;2020M09;1.865
Tren;Dato base;Gasto medio por persona;2020M08;1.808
Tren;Dato base;Gasto medio por persona;2020M07;1.653
Tren;Dato base;Gasto medio por persona;2020M06;""
Tren;Dato base;Gasto medio por persona;2020M05;0
Tren;Dato base;Gasto medio por persona;2020M04;0
Tren;Dato base;Gasto medio por persona;2020M03;1.230
Tren;Dato base;Gasto medio por persona;2020M02;1.311
Tren;Dato base;Gasto medio por persona;2020M01;1.416
Tren;Dato base;Gasto medio por persona;2019M12;1.161
Tren;Dato base;Gasto medio por persona;2019M11;1.099
Tren;Dato base;Gasto medio por persona;2019M10;1.100
Tren;Dato base;Gasto medio por persona;2019M09;1.170
Tren;Dato base;Gasto medio por persona;2019M08;1.137
Tren;Dato base;Gasto medio por persona;2019M07;1.274
Tren;Dato base;Gasto medio por persona;2019M06;1.354
Tren;Dato base;Gasto medio por persona;2019M05;1.089
Tren;Dato base;Gasto medio por persona;2019M04;1.056
Tren;Dato base;Gasto medio por persona;2019M03;1.010
Tren;Dato base;Gasto medio por persona;2019M02;944
Tren;Dato base;Gasto medio por persona;2019M01;1.124
Tren;Dato base;Gasto medio por persona;2018M12;1.107
Tren;Dato base;Gasto medio por persona;2018M11;1.297
Tren;Dato base;Gasto medio por persona;2018M10;1.316
Tren;Dato base;Gasto medio por persona;2018M09;1.044
Tren;Dato base;Gasto medio por persona;2018M08;1.035
Tren;Dato base;Gasto medio por persona;2018M07;1.437
Tren;Dato base;Gasto medio por persona;2018M06;1.504
Tren;Dato base;Gasto medio por persona;2018M05;1.076
Tren;Dato base;Gasto medio por persona;2018M04;1.068
Tren;Dato base;Gasto medio por persona;2018M03;1.422
Tren;Dato base;Gasto medio por persona;2018M02;1.423
Tren;Dato base;Gasto medio por persona;2018M01;1.319
Tren;Dato base;Gasto medio por persona;2017M12;1.306
Tren;Dato base;Gasto medio por persona;2017M11;1.109
Tren;Dato base;Gasto medio por persona;2017M10;1.224
Tren;Dato base;Gasto medio por persona;2017M09;1.003
Tren;Dato base;Gasto medio por persona;2017M08;1.039
Tren;Dato base;Gasto medio por persona;2017M07;1.269
Tren;Dato base;Gasto medio por persona;2017M06;1.407
Tren;Dato base;Gasto medio por persona;2017M05;1.275
Tren;Dato base;Gasto medio por persona;2017M04;1.369
Tren;Dato base;Gasto medio por persona;2017M03;1.077
Tren;Dato base;Gasto medio por persona;2017M02;1.062
Tren;Dato base;Gasto medio por persona;2017M01;995
Tren;Dato base;Gasto medio por persona;2016M12;1.122
Tren;Dato base;Gasto medio por persona;2016M11;1.105
Tren;Dato base;Gasto medio por persona;2016M10;1.080
Tren;Dato base;Gasto medio por persona;2016M09;1.297
Tren;Dato base;Gasto medio por persona;2016M08;1.053
Tren;Dato base;Gasto medio por persona;2016M07;1.421
Tren;Dato base;Gasto medio por persona;2016M06;1.264
Tren;Dato base;Gasto medio por persona;2016M05;1.335
Tren;Dato base;Gasto medio por persona;2016M04;1.128
Tren;Dato base;Gasto medio por persona;2016M03;1.034
Tren;Dato base;Gasto medio por persona;2016M02;1.248
Tren;Dato base;Gasto medio por persona;2016M01;1.244
Tren;Dato base;Gasto medio por persona;2015M12;1.456
Tren;Dato base;Gasto medio por persona;2015M11;953
Tren;Dato base;Gasto medio por persona;2015M10;862
Tren;Dato base;Gasto medio diario por persona;2026M07;471
Tren;Dato base;Gasto medio diario por persona;2026M06;503
Tren;Dato base;Gasto medio diario por persona;2026M05;356
Tren;Dato base;Gasto medio diario por persona;2026M04;322
Tren;Dato base;Gasto medio diario por persona;2026M03;314
Tren;Dato base;Gasto medio diario por persona;2026M02;256
Tren;Dato base;Gasto medio diario por persona;2026M01;203
Tren;Dato base;Gasto medio diario por persona;2025M12;235
Tren;Dato base;Gasto medio diario por persona;2025M11;291
Tren;Dato base;Gasto medio diario por persona;2025M10;330
Tren;Dato base;Gasto medio diario por persona;2025M09;234
Tren;Dato base;Gasto medio diario por persona;2025M08;231
Tren;Dato base;Gasto medio diario por persona;2025M07;364
Tren;Dato base;Gasto medio diario por persona;2025M06;377
Tren;Dato base;Gasto medio diario por persona;2025M05;370
Tren;Dato base;Gasto medio diario por persona;2025M04;370
Tren;Dato base;Gasto medio diario por persona;2025M03;324
Tren;Dato base;Gasto medio diario por persona;2025M02;335
Tren;Dato base;Gasto medio diario por persona;2025M01;231
Tren;Dato base;Gasto medio diario por persona;2024M12;269
Tren;Dato base;Gasto medio diario por persona;2024M11;328
Tren;Dato base;Gasto medio diario por persona;2024M10;455
Tren;Dato base;Gasto medio diario por persona;2024M09;291
Tren;Dato base;Gasto medio diario por persona;2024M08;259
Tren;Dato base;Gasto medio diario por persona;2024M07;320
Tren;Dato base;Gasto medio diario por persona;2024M06;330
Tren;Dato base;Gasto medio diario por persona;2024M05;354
Tren;Dato base;Gasto medio diario por persona;2024M04;338
Tren;Dato base;Gasto medio diario por persona;2024M03;262
Tren;Dato base;Gasto medio diario por persona;2024M02;236
Tren;Dato base;Gasto medio diario por persona;2024M01;245
Tren;Dato base;Gasto medio diario por persona;2023M12;251
Tren;Dato base;Gasto medio diario por persona;2023M11;338
Tren;Dato base;Gasto medio diario por persona;2023M10;328
Tren;Dato base;Gasto medio diario por persona;2023M09;261
Tren;Dato base;Gasto medio diario por persona;2023M08;222
Tren;Dato base;Gasto medio diario por persona;2023M07;361
Tren;Dato base;Gasto medio diario por persona;2023M06;389
Tren;Dato base;Gasto medio diario por persona;2023M05;468
Tren;Dato base;Gasto medio diario por persona;2023M04;286
Tren;Dato base;Gasto medio diario por persona;2023M03;128
Tren;Dato base;Gasto medio diario por persona;2023M02;138
Tren;Dato base;Gasto medio diario por persona;2023M01;226
Tren;Dato base;Gasto medio diario por persona;2022M12;233
Tren;Dato base;Gasto medio diario por persona;2022M11;251
Tren;Dato base;Gasto medio diario por persona;2022M10;258
Tren;Dato base;Gasto medio diario por persona;2022M09;191
Tren;Dato base;Gasto medio diario por persona;2022M08;188
Tren;Dato base;Gasto medio diario por persona;2022M07;309
Tren;Dato base;Gasto medio diario por persona;2022M06;346
Tren;Dato base;Gasto medio diario por persona;2022M05;234
Tren;Dato base;Gasto medio diario por persona;2022M04;260
Tren;Dato base;Gasto medio diario por persona;2022M03;204
Tren;Dato base;Gasto medio diario por persona;2022M02;195
Tren;Dato base;Gasto medio diario por persona;2022M01;204
Tren;Dato base;Gasto medio diario por persona;2021M12;232
Tren;Dato base;Gasto medio diario por persona;2021M11;162
Tren;Dato base;Gasto medio diario por persona;2021M10;172
Tren;Dato base;Gasto medio diario por persona;2021M09;192
Tren;Dato base;Gasto medio diario por persona;2021M08;153
Tren;Dato base;Gasto medio diario por persona;2021M07;283
Tren;Dato base;Gasto medio diario por persona;2021M06;314
Tren;Dato base;Gasto medio diario por persona;2021M05;341
Tren;Dato base;Gasto medio diario por persona;2021M04;421
Tren;Dato base;Gasto medio diario por persona;2021M03;383
Tren;Dato base;Gasto medio diario por persona;2021M02;343
Tren;Dato base;Gasto medio diario por persona;2021M01;279
Tren;Dato base;Gasto medio diario por persona;2020M12;289
Tren;Dato base;Gasto medio diario por persona;2020M11;276
Tren;Dato base;Gasto medio diario por persona;2020M10;313
Tren;Dato base;Gasto medio diario por persona;2020M09;252
Tren;Dato base;Gasto medio diario por persona;2020M08;258
Tren;Dato base;Gasto medio diario por persona;2020M07;331
Tren;Dato base;Gasto medio diario por persona;2020M06;""
Tren;Dato base;Gasto medio diario por persona;2020M05;0
Tren;Dato base;Gasto medio diario por persona;2020M04;0
Tren;Dato base;Gasto medio diario por persona;2020M03;201
Tren;Dato base;Gasto medio diario por persona;2020M02;243
Tren;Dato base;Gasto medio diario por persona;2020M01;232
Tren;Dato base;Gasto medio diario por persona;2019M12;237
Tren;Dato base;Gasto medio diario por persona;2019M11;232
Tren;Dato base;Gasto medio diario por persona;2019M10;236
Tren;Dato base;Gasto medio diario por persona;2019M09;166
Tren;Dato base;Gasto medio diario por persona;2019M08;169
Tren;Dato base;Gasto medio diario por persona;2019M07;248
Tren;Dato base;Gasto medio diario por persona;2019M06;240
Tren;Dato base;Gasto medio diario por persona;2019M05;246
Tren;Dato base;Gasto medio diario por persona;2019M04;233
Tren;Dato base;Gasto medio diario por persona;2019M03;204
Tren;Dato base;Gasto medio diario por persona;2019M02;201
Tren;Dato base;Gasto medio diario por persona;2019M01;208
Tren;Dato base;Gasto medio diario por persona;2018M12;192
Tren;Dato base;Gasto medio diario por persona;2018M11;214
Tren;Dato base;Gasto medio diario por persona;2018M10;271
Tren;Dato base;Gasto medio diario por persona;2018M09;165
Tren;Dato base;Gasto medio diario por persona;2018M08;167
Tren;Dato base;Gasto medio diario por persona;2018M07;248
Tren;Dato base;Gasto medio diario por persona;2018M06;263
Tren;Dato base;Gasto medio diario por persona;2018M05;199
Tren;Dato base;Gasto medio diario por persona;2018M04;193
Tren;Dato base;Gasto medio diario por persona;2018M03;285
Tren;Dato base;Gasto medio diario por persona;2018M02;291
Tren;Dato base;Gasto medio diario por persona;2018M01;130
Tren;Dato base;Gasto medio diario por persona;2017M12;183
Tren;Dato base;Gasto medio diario por persona;2017M11;208
Tren;Dato base;Gasto medio diario por persona;2017M10;241
Tren;Dato base;Gasto medio diario por persona;2017M09;163
Tren;Dato base;Gasto medio diario por persona;2017M08;169
Tren;Dato base;Gasto medio diario por persona;2017M07;264
Tren;Dato base;Gasto medio diario por persona;2017M06;286
Tren;Dato base;Gasto medio diario por persona;2017M05;245
Tren;Dato base;Gasto medio diario por persona;2017M04;271
Tren;Dato base;Gasto medio diario por persona;2017M03;172
Tren;Dato base;Gasto medio diario por persona;2017M02;152
Tren;Dato base;Gasto medio diario por persona;2017M01;141
Tren;Dato base;Gasto medio diario por persona;2016M12;146
Tren;Dato base;Gasto medio diario por persona;2016M11;164
Tren;Dato base;Gasto medio diario por persona;2016M10;149
Tren;Dato base;Gasto medio diario por persona;2016M09;206
Tren;Dato base;Gasto medio diario por persona;2016M08;187
Tren;Dato base;Gasto medio diario por persona;2016M07;223
Tren;Dato base;Gasto medio diario por persona;2016M06;253
Tren;Dato base;Gasto medio diario por persona;2016M05;272
Tren;Dato base;Gasto medio diario por persona;2016M04;157
Tren;Dato base;Gasto medio diario por persona;2016M03;186
Tren;Dato base;Gasto medio diario por persona;2016M02;178
Tren;Dato base;Gasto medio diario por persona;2016M01;178
Tren;Dato base;Gasto medio diario por persona;2015M12;191
Tren;Dato base;Gasto medio diario por persona;2015M11;211
Tren;Dato base;Gasto medio diario por persona;2015M10;182
Tren;Dato base;Duración media de los viajes;2026M07;4,66
Tren;Dato base;Duración media de los viajes;2026M06;4,04
Tren;Dato base;Duración media de los viajes;2026M05;4,42
Tren;Dato base;Duración media de los viajes;2026M04;4,87
Tren;Dato base;Duración media de los viajes;2026M03;5,27
Tren;Dato base;Duración media de los viajes;2026M02;5,90
Tren;Dato base;Duración media de los viajes;2026M01;7,29
Tren;Dato base;Duración media de los viajes;2025M12;6,45
Tren;Dato base;Duración media de los viajes;2025M11;5,50
Tren;Dato base;Duración media de los viajes;2025M10;5,39
Tren;Dato base;Duración media de los viajes;2025M09;6,96
Tren;Dato base;Duración media de los viajes;2025M08;6,92
Tren;Dato base;Duración media de los viajes;2025M07;4,99
Tren;Dato base;Duración media de los viajes;2025M06;4,92
Tren;Dato base;Duración media de los viajes;2025M05;3,99
Tren;Dato base;Duración media de los viajes;2025M04;4,05
Tren;Dato base;Duración media de los viajes;2025M03;4,95
Tren;Dato base;Duración media de los viajes;2025M02;4,31
Tren;Dato base;Duración media de los viajes;2025M01;6,75
Tren;Dato base;Duración media de los viajes;2024M12;5,79
Tren;Dato base;Duración media de los viajes;2024M11;5,08
Tren;Dato base;Duración media de los viajes;2024M10;5,29
Tren;Dato base;Duración media de los viajes;2024M09;5,95
Tren;Dato base;Duración media de los viajes;2024M08;6,53
Tren;Dato base;Duración media de los viajes;2024M07;5,48
Tren;Dato base;Duración media de los viajes;2024M06;5,26
Tren;Dato base;Duración media de los viajes;2024M05;4,31
Tren;Dato base;Duración media de los viajes;2024M04;4,39
Tren;Dato base;Duración media de los viajes;2024M03;5,08
Tren;Dato base;Duración media de los viajes;2024M02;5,10
Tren;Dato base;Duración media de los viajes;2024M01;6,35
Tren;Dato base;Duración media de los viajes;2023M12;5,87
Tren;Dato base;Duración media de los viajes;2023M11;5,52
Tren;Dato base;Duración media de los viajes;2023M10;5,53
Tren;Dato base;Duración media de los viajes;2023M09;6,09
Tren;Dato base;Duración media de los viajes;2023M08;6,52
Tren;Dato base;Duración media de los viajes;2023M07;5,41
Tren;Dato base;Duración media de los viajes;2023M06;5,11
Tren;Dato base;Duración media de los viajes;2023M05;3,98
Tren;Dato base;Duración media de los viajes;2023M04;4,51
Tren;Dato base;Duración media de los viajes;2023M03;4,92
Tren;Dato base;Duración media de los viajes;2023M02;5,00
Tren;Dato base;Duración media de los viajes;2023M01;6,01
Tren;Dato base;Duración media de los viajes;2022M12;5,71
Tren;Dato base;Duración media de los viajes;2022M11;5,43
Tren;Dato base;Duración media de los viajes;2022M10;5,30
Tren;Dato base;Duración media de los viajes;2022M09;6,56
Tren;Dato base;Duración media de los viajes;2022M08;6,95
Tren;Dato base;Duración media de los viajes;2022M07;4,92
Tren;Dato base;Duración media de los viajes;2022M06;4,38
Tren;Dato base;Duración media de los viajes;2022M05;5,46
Tren;Dato base;Duración media de los viajes;2022M04;4,91
Tren;Dato base;Duración media de los viajes;2022M03;5,58
Tren;Dato base;Duración media de los viajes;2022M02;5,78
Tren;Dato base;Duración media de los viajes;2022M01;6,83
Tren;Dato base;Duración media de los viajes;2021M12;6,40
Tren;Dato base;Duración media de los viajes;2021M11;6,80
Tren;Dato base;Duración media de los viajes;2021M10;6,05
Tren;Dato base;Duración media de los viajes;2021M09;5,73
Tren;Dato base;Duración media de los viajes;2021M08;6,31
Tren;Dato base;Duración media de los viajes;2021M07;4,59
Tren;Dato base;Duración media de los viajes;2021M06;4,57
Tren;Dato base;Duración media de los viajes;2021M05;4,80
Tren;Dato base;Duración media de los viajes;2021M04;4,10
Tren;Dato base;Duración media de los viajes;2021M03;5,22
Tren;Dato base;Duración media de los viajes;2021M02;5,60
Tren;Dato base;Duración media de los viajes;2021M01;6,36
Tren;Dato base;Duración media de los viajes;2020M12;5,73
Tren;Dato base;Duración media de los viajes;2020M11;5,65
Tren;Dato base;Duración media de los viajes;2020M10;5,48
Tren;Dato base;Duración media de los viajes;2020M09;7,39
Tren;Dato base;Duración media de los viajes;2020M08;7,00
Tren;Dato base;Duración media de los viajes;2020M07;4,99
Tren;Dato base;Duración media de los viajes;2020M06;""
Tren;Dato base;Duración media de los viajes;2020M05;0,00
Tren;Dato base;Duración media de los viajes;2020M04;0,00
Tren;Dato base;Duración media de los viajes;2020M03;6,12
Tren;Dato base;Duración media de los viajes;2020M02;5,39
Tren;Dato base;Duración media de los viajes;2020M01;6,11
Tren;Dato base;Duración media de los viajes;2019M12;4,90
Tren;Dato base;Duración media de los viajes;2019M11;4,73
Tren;Dato base;Duración media de los viajes;2019M10;4,66
Tren;Dato base;Duración media de los viajes;2019M09;7,04
Tren;Dato base;Duración media de los viajes;2019M08;6,72
Tren;Dato base;Duración media de los viajes;2019M07;5,13
Tren;Dato base;Duración media de los viajes;2019M06;5,63
Tren;Dato base;Duración media de los viajes;2019M05;4,42
Tren;Dato base;Duración media de los viajes;2019M04;4,52
Tren;Dato base;Duración media de los viajes;2019M03;4,96
Tren;Dato base;Duración media de los viajes;2019M02;4,70
Tren;Dato base;Duración media de los viajes;2019M01;5,41
Tren;Dato base;Duración media de los viajes;2018M12;5,76
Tren;Dato base;Duración media de los viajes;2018M11;6,05
Tren;Dato base;Duración media de los viajes;2018M10;4,86
Tren;Dato base;Duración media de los viajes;2018M09;6,34
Tren;Dato base;Duración media de los viajes;2018M08;6,19
Tren;Dato base;Duración media de los viajes;2018M07;5,80
Tren;Dato base;Duración media de los viajes;2018M06;5,71
Tren;Dato base;Duración media de los viajes;2018M05;5,41
Tren;Dato base;Duración media de los viajes;2018M04;5,52
Tren;Dato base;Duración media de los viajes;2018M03;4,98
Tren;Dato base;Duración media de los viajes;2018M02;4,89
Tren;Dato base;Duración media de los viajes;2018M01;10,12
Tren;Dato base;Duración media de los viajes;2017M12;7,13
Tren;Dato base;Duración media de los viajes;2017M11;5,32
Tren;Dato base;Duración media de los viajes;2017M10;5,09
Tren;Dato base;Duración media de los viajes;2017M09;6,14
Tren;Dato base;Duración media de los viajes;2017M08;6,15
Tren;Dato base;Duración media de los viajes;2017M07;4,80
Tren;Dato base;Duración media de los viajes;2017M06;4,93
Tren;Dato base;Duración media de los viajes;2017M05;5,21
Tren;Dato base;Duración media de los viajes;2017M04;5,05
Tren;Dato base;Duración media de los viajes;2017M03;6,27
Tren;Dato base;Duración media de los viajes;2017M02;7,00
Tren;Dato base;Duración media de los viajes;2017M01;7,04
Tren;Dato base;Duración media de los viajes;2016M12;7,71
Tren;Dato base;Duración media de los viajes;2016M11;6,74
Tren;Dato base;Duración media de los viajes;2016M10;7,25
Tren;Dato base;Duración media de los viajes;2016M09;6,29
Tren;Dato base;Duración media de los viajes;2016M08;5,64
Tren;Dato base;Duración media de los viajes;2016M07;6,38
Tren;Dato base;Duración media de los viajes;2016M06;4,99
Tren;Dato base;Duración media de los viajes;2016M05;4,90
Tren;Dato base;Duración media de los viajes;2016M04;7,18
Tren;Dato base;Duración media de los viajes;2016M03;5,57
Tren;Dato base;Duración media de los viajes;2016M02;7,00
Tren;Dato base;Duración media de los viajes;2016M01;7,01
Tren;Dato base;Duración media de los viajes;2015M12;7,62
Tren;Dato base;Duración media de los viajes;2015M11;4,52
Tren;Dato base;Duración media de los viajes;2015M10;4,74
Tren;Tasa de variación anual;Gasto total;2026M07;-10,55
Tren;Tasa de variación anual;Gasto total;2026M06;-17,53
Tren;Tasa de variación anual;Gasto total;2026M05;-14,50
Tren;Tasa de variación anual;Gasto total;2026M04;-15,47
Tren;Tasa de variación anual;Gasto total;2026M03;12,10
Tren;Tasa de variación anual;Gasto total;2026M02;54,37
Tren;Tasa de variación anual;Gasto total;2026M01;-31,74
Tren;Tasa de variación anual;Gasto total;2025M12;35,75
Tren;Tasa de variación anual;Gasto total;2025M11;72,84
Tren;Tasa de variación anual;Gasto total;2025M10;19,44
Tren;Tasa de variación anual;Gasto total;2025M09;40,99
Tren;Tasa de variación anual;Gasto total;2025M08;41,30
Tren;Tasa de variación anual;Gasto total;2025M07;65,31
Tren;Tasa de variación anual;Gasto total;2025M06;75,38
Tren;Tasa de variación anual;Gasto total;2025M05;78,05
Tren;Tasa de variación anual;Gasto total;2025M04;81,48
Tren;Tasa de variación anual;Gasto total;2025M03;103,58
Tren;Tasa de variación anual;Gasto total;2025M02;85,75
Tren;Tasa de variación anual;Gasto total;2025M01;53,22
Tren;Tasa de variación anual;Gasto total;2024M12;-36,06
Tren;Tasa de variación anual;Gasto total;2024M11;-40,84
Tren;Tasa de variación anual;Gasto total;2024M10;35,08
Tren;Tasa de variación anual;Gasto total;2024M09;-18,80
Tren;Tasa de variación anual;Gasto total;2024M08;-26,09
Tren;Tasa de variación anual;Gasto total;2024M07;-42,32
Tren;Tasa de variación anual;Gasto total;2024M06;-34,62
Tren;Tasa de variación anual;Gasto total;2024M05;-41,89
Tren;Tasa de variación anual;Gasto total;2024M04;17,15
Tren;Tasa de variación anual;Gasto total;2024M03;195,28
Tren;Tasa de variación anual;Gasto total;2024M02;147,65
Tren;Tasa de variación anual;Gasto total;2024M01;77,92
Tren;Tasa de variación anual;Gasto total;2023M12;150,19
Tren;Tasa de variación anual;Gasto total;2023M11;126,00
Tren;Tasa de variación anual;Gasto total;2023M10;77,51
Tren;Tasa de variación anual;Gasto total;2023M09;58,21
Tren;Tasa de variación anual;Gasto total;2023M08;45,53
Tren;Tasa de variación anual;Gasto total;2023M07;72,00
Tren;Tasa de variación anual;Gasto total;2023M06;65,23
Tren;Tasa de variación anual;Gasto total;2023M05;181,71
Tren;Tasa de variación anual;Gasto total;2023M04;46,01
Tren;Tasa de variación anual;Gasto total;2023M03;-22,58
Tren;Tasa de variación anual;Gasto total;2023M02;-5,11
Tren;Tasa de variación anual;Gasto total;2023M01;50,98
Tren;Tasa de variación anual;Gasto total;2022M12;7,82
Tren;Tasa de variación anual;Gasto total;2022M11;97,67
Tren;Tasa de variación anual;Gasto total;2022M10;76,03
Tren;Tasa de variación anual;Gasto total;2022M09;172,02
Tren;Tasa de variación anual;Gasto total;2022M08;95,50
Tren;Tasa de variación anual;Gasto total;2022M07;93,64
Tren;Tasa de variación anual;Gasto total;2022M06;192,58
Tren;Tasa de variación anual;Gasto total;2022M05;33,75
Tren;Tasa de variación anual;Gasto total;2022M04;84,56
Tren;Tasa de variación anual;Gasto total;2022M03;-10,98
Tren;Tasa de variación anual;Gasto total;2022M02;7,75
Tren;Tasa de variación anual;Gasto total;2022M01;-28,81
Tren;Tasa de variación anual;Gasto total;2021M12;-1,63
Tren;Tasa de variación anual;Gasto total;2021M11;98,76
Tren;Tasa de variación anual;Gasto total;2021M10;38,19
Tren;Tasa de variación anual;Gasto total;2021M09;-4,13
Tren;Tasa de variación anual;Gasto total;2021M08;11,43
Tren;Tasa de variación anual;Gasto total;2021M07;34,64
Tren;Tasa de variación anual;Gasto total;2021M06;..
Tren;Tasa de variación anual;Gasto total;2021M05;..
Tren;Tasa de variación anual;Gasto total;2021M04;..
Tren;Tasa de variación anual;Gasto total;2021M03;41,42
Tren;Tasa de variación anual;Gasto total;2021M02;-58,76
Tren;Tasa de variación anual;Gasto total;2021M01;-32,31
Tren;Tasa de variación anual;Gasto total;2020M12;-5,01
Tren;Tasa de variación anual;Gasto total;2020M11;-47,95
Tren;Tasa de variación anual;Gasto total;2020M10;-59,30
Tren;Tasa de variación anual;Gasto total;2020M09;-66,43
Tren;Tasa de variación anual;Gasto total;2020M08;-69,63
Tren;Tasa de variación anual;Gasto total;2020M07;-71,83
Tren;Tasa de variación anual;Gasto total;2020M06;""
Tren;Tasa de variación anual;Gasto total;2020M05;-100,00
Tren;Tasa de variación anual;Gasto total;2020M04;-100,00
Tren;Tasa de variación anual;Gasto total;2020M03;-52,91
Tren;Tasa de variación anual;Gasto total;2020M02;55,72
Tren;Tasa de variación anual;Gasto total;2020M01;23,90
Tren;Tasa de variación anual;Gasto total;2019M12;-17,94
Tren;Tasa de variación anual;Gasto total;2019M11;-54,89
Tren;Tasa de variación anual;Gasto total;2019M10;-18,00
Tren;Tasa de variación anual;Gasto total;2019M09;20,15
Tren;Tasa de variación anual;Gasto total;2019M08;13,98
Tren;Tasa de variación anual;Gasto total;2019M07;-13,64
Tren;Tasa de variación anual;Gasto total;2019M06;14,61
Tren;Tasa de variación anual;Gasto total;2019M05;5,66
Tren;Tasa de variación anual;Gasto total;2019M04;32,57
Tren;Tasa de variación anual;Gasto total;2019M03;-27,78
Tren;Tasa de variación anual;Gasto total;2019M02;-35,68
Tren;Tasa de variación anual;Gasto total;2019M01;1,94
Tren;Tasa de variación anual;Gasto total;2018M12;-1,96
Tren;Tasa de variación anual;Gasto total;2018M11;20,60
Tren;Tasa de variación anual;Gasto total;2018M10;-0,75
Tren;Tasa de variación anual;Gasto total;2018M09;-4,18
Tren;Tasa de variación anual;Gasto total;2018M08;-6,29
Tren;Tasa de variación anual;Gasto total;2018M07;8,79
Tren;Tasa de variación anual;Gasto total;2018M06;-16,12
Tren;Tasa de variación anual;Gasto total;2018M05;-19,11
Tren;Tasa de variación anual;Gasto total;2018M04;-47,25
Tren;Tasa de variación anual;Gasto total;2018M03;36,25
Tren;Tasa de variación anual;Gasto total;2018M02;31,10
Tren;Tasa de variación anual;Gasto total;2018M01;-20,53
Tren;Tasa de variación anual;Gasto total;2017M12;-20,42
Tren;Tasa de variación anual;Gasto total;2017M11;-1,60
Tren;Tasa de variación anual;Gasto total;2017M10;14,87
Tren;Tasa de variación anual;Gasto total;2017M09;-11,64
Tren;Tasa de variación anual;Gasto total;2017M08;6,79
Tren;Tasa de variación anual;Gasto total;2017M07;-6,37
Tren;Tasa de variación anual;Gasto total;2017M06;16,83
Tren;Tasa de variación anual;Gasto total;2017M05;-10,89
Tren;Tasa de variación anual;Gasto total;2017M04;68,45
Tren;Tasa de variación anual;Gasto total;2017M03;-4,94
Tren;Tasa de variación anual;Gasto total;2017M02;-23,34
Tren;Tasa de variación anual;Gasto total;2017M01;-15,45
Tren;Tasa de variación anual;Gasto total;2016M12;9,24
Tren;Tasa de variación anual;Gasto total;2016M11;27,57
Tren;Tasa de variación anual;Gasto total;2016M10;23,60
Tren;Tasa de variación anual;Gasto total;2016M09;19,19
Tren;Tasa de variación anual;Gasto total;2016M08;-24,36
Tren;Tasa de variación anual;Gasto total;2016M07;-1,10
Tren;Tasa de variación anual;Gasto total;2016M06;21,02
Tren;Tasa de variación anual;Gasto total;2016M05;22,24
Tren;Tasa de variación anual;Gasto total;2016M04;-18,23
Tren;Tasa de variación anual;Gasto total;2016M03;7,26
Tren;Tasa de variación anual;Gasto total;2016M02;30,21
Tren;Tasa de variación anual;Gasto total;2016M01;12,47
Tren;Tasa de variación anual;Gasto total;2015M12;-14,30
Tren;Tasa de variación anual;Gasto total;2015M11;-26,91
Tren;Tasa de variación anual;Gasto total;2015M10;-21,78
Tren;Tasa de variación anual;Gasto medio por persona;2026M07;20,78
Tren;Tasa de variación anual;Gasto medio por persona;2026M06;9,47
Tren;Tasa de variación anual;Gasto medio por persona;2026M05;6,70
Tren;Tasa de variación anual;Gasto medio por persona;2026M04;4,73
Tren;Tasa de variación anual;Gasto medio por persona;2026M03;3,12
Tren;Tasa de variación anual;Gasto medio por persona;2026M02;4,20
Tren;Tasa de variación anual;Gasto medio por persona;2026M01;-5,07
Tren;Tasa de variación anual;Gasto medio por persona;2025M12;-2,58
Tren;Tasa de variación anual;Gasto medio por persona;2025M11;-3,58
Tren;Tasa de variación anual;Gasto medio por persona;2025M10;-26,23
Tren;Tasa de variación anual;Gasto medio por persona;2025M09;-5,98
Tren;Tasa de variación anual;Gasto medio por persona;2025M08;-5,68
Tren;Tasa de variación anual;Gasto medio por persona;2025M07;3,64
Tren;Tasa de variación anual;Gasto medio por persona;2025M06;6,96
Tren;Tasa de variación anual;Gasto medio por persona;2025M05;-3,36
Tren;Tasa de variación anual;Gasto medio por persona;2025M04;0,88
Tren;Tasa de variación anual;Gasto medio por persona;2025M03;20,53
Tren;Tasa de variación anual;Gasto medio por persona;2025M02;20,14
Tren;Tasa de variación anual;Gasto medio por persona;2025M01;-0,06
Tren;Tasa de variación anual;Gasto medio por persona;2024M12;5,53
Tren;Tasa de variación anual;Gasto medio por persona;2024M11;-10,94
Tren;Tasa de variación anual;Gasto medio por persona;2024M10;32,89
Tren;Tasa de variación anual;Gasto medio por persona;2024M09;9,09
Tren;Tasa de variación anual;Gasto medio por persona;2024M08;17,03
Tren;Tasa de variación anual;Gasto medio por persona;2024M07;-10,42
Tren;Tasa de variación anual;Gasto medio por persona;2024M06;-12,66
Tren;Tasa de variación anual;Gasto medio por persona;2024M05;-17,91
Tren;Tasa de variación anual;Gasto medio por persona;2024M04;15,34
Tren;Tasa de variación anual;Gasto medio por persona;2024M03;110,84
Tren;Tasa de variación anual;Gasto medio por persona;2024M02;74,17
Tren;Tasa de variación anual;Gasto medio por persona;2024M01;14,71
Tren;Tasa de variación anual;Gasto medio por persona;2023M12;10,90
Tren;Tasa de variación anual;Gasto medio por persona;2023M11;36,97
Tren;Tasa de variación anual;Gasto medio por persona;2023M10;32,37
Tren;Tasa de variación anual;Gasto medio por persona;2023M09;26,67
Tren;Tasa de variación anual;Gasto medio por persona;2023M08;10,72
Tren;Tasa de variación anual;Gasto medio por persona;2023M07;28,47
Tren;Tasa de variación anual;Gasto medio por persona;2023M06;31,11
Tren;Tasa de variación anual;Gasto medio por persona;2023M05;45,62
Tren;Tasa de variación anual;Gasto medio por persona;2023M04;0,93
Tren;Tasa de variación anual;Gasto medio por persona;2023M03;-44,61
Tren;Tasa de variación anual;Gasto medio por persona;2023M02;-38,60
Tren;Tasa de variación anual;Gasto medio por persona;2023M01;-2,41
Tren;Tasa de variación anual;Gasto medio por persona;2022M12;-10,49
Tren;Tasa de variación anual;Gasto medio por persona;2022M11;23,55
Tren;Tasa de variación anual;Gasto medio por persona;2022M10;31,72
Tren;Tasa de variación anual;Gasto medio por persona;2022M09;14,33
Tren;Tasa de variación anual;Gasto medio por persona;2022M08;35,27
Tren;Tasa de variación anual;Gasto medio por persona;2022M07;17,27
Tren;Tasa de variación anual;Gasto medio por persona;2022M06;5,68
Tren;Tasa de variación anual;Gasto medio por persona;2022M05;-21,91
Tren;Tasa de variación anual;Gasto medio por persona;2022M04;-25,99
Tren;Tasa de variación anual;Gasto medio por persona;2022M03;-43,18
Tren;Tasa de variación anual;Gasto medio por persona;2022M02;-41,27
Tren;Tasa de variación anual;Gasto medio por persona;2022M01;-21,45
Tren;Tasa de variación anual;Gasto medio por persona;2021M12;-10,15
Tren;Tasa de variación anual;Gasto medio por persona;2021M11;-29,14
Tren;Tasa de variación anual;Gasto medio por persona;2021M10;-39,38
Tren;Tasa de variación anual;Gasto medio por persona;2021M09;-41,12
Tren;Tasa de variación anual;Gasto medio por persona;2021M08;-46,63
Tren;Tasa de variación anual;Gasto medio por persona;2021M07;-21,50
Tren;Tasa de variación anual;Gasto medio por persona;2021M06;..
Tren;Tasa de variación anual;Gasto medio por persona;2021M05;..
Tren;Tasa de variación anual;Gasto medio por persona;2021M04;..
Tren;Tasa de variación anual;Gasto medio por persona;2021M03;62,72
Tren;Tasa de variación anual;Gasto medio por persona;2021M02;46,32
Tren;Tasa de variación anual;Gasto medio por persona;2021M01;25,15
Tren;Tasa de variación anual;Gasto medio por persona;2020M12;42,39
Tren;Tasa de variación anual;Gasto medio por persona;2020M11;41,78
Tren;Tasa de variación anual;Gasto medio por persona;2020M10;55,75
Tren;Tasa de variación anual;Gasto medio por persona;2020M09;59,39
Tren;Tasa de variación anual;Gasto medio por persona;2020M08;58,99
Tren;Tasa de variación anual;Gasto medio por persona;2020M07;29,79
Tren;Tasa de variación anual;Gasto medio por persona;2020M06;""
Tren;Tasa de variación anual;Gasto medio por persona;2020M05;-100,00
Tren;Tasa de variación anual;Gasto medio por persona;2020M04;-100,00
Tren;Tasa de variación anual;Gasto medio por persona;2020M03;21,87
Tren;Tasa de variación anual;Gasto medio por persona;2020M02;38,86
Tren;Tasa de variación anual;Gasto medio por persona;2020M01;26,03
Tren;Tasa de variación anual;Gasto medio por persona;2019M12;4,91
Tren;Tasa de variación anual;Gasto medio por persona;2019M11;-15,29
Tren;Tasa de variación anual;Gasto medio por persona;2019M10;-16,37
Tren;Tasa de variación anual;Gasto medio por persona;2019M09;12,01
Tren;Tasa de variación anual;Gasto medio por persona;2019M08;9,90
Tren;Tasa de variación anual;Gasto medio por persona;2019M07;-11,37
Tren;Tasa de variación anual;Gasto medio por persona;2019M06;-9,99
Tren;Tasa de variación anual;Gasto medio por persona;2019M05;1,21
Tren;Tasa de variación anual;Gasto medio por persona;2019M04;-1,09
Tren;Tasa de variación anual;Gasto medio por persona;2019M03;-29,00
Tren;Tasa de variación anual;Gasto medio por persona;2019M02;-33,66
Tren;Tasa de variación anual;Gasto medio por persona;2019M01;-14,82
Tren;Tasa de variación anual;Gasto medio por persona;2018M12;-15,26
Tren;Tasa de variación anual;Gasto medio por persona;2018M11;16,94
Tren;Tasa de variación anual;Gasto medio por persona;2018M10;7,46
Tren;Tasa de variación anual;Gasto medio por persona;2018M09;4,12
Tren;Tasa de variación anual;Gasto medio por persona;2018M08;-0,39
Tren;Tasa de variación anual;Gasto medio por persona;2018M07;13,28
Tren;Tasa de variación anual;Gasto medio por persona;2018M06;6,95
Tren;Tasa de variación anual;Gasto medio por persona;2018M05;-15,57
Tren;Tasa de variación anual;Gasto medio por persona;2018M04;-22,02
Tren;Tasa de variación anual;Gasto medio por persona;2018M03;31,99
Tren;Tasa de variación anual;Gasto medio por persona;2018M02;34,01
Tren;Tasa de variación anual;Gasto medio por persona;2018M01;32,56
Tren;Tasa de variación anual;Gasto medio por persona;2017M12;16,41
Tren;Tasa de variación anual;Gasto medio por persona;2017M11;0,36
Tren;Tasa de variación anual;Gasto medio por persona;2017M10;13,35
Tren;Tasa de variación anual;Gasto medio por persona;2017M09;-22,65
Tren;Tasa de variación anual;Gasto medio por persona;2017M08;-1,35
Tren;Tasa de variación anual;Gasto medio por persona;2017M07;-10,72
Tren;Tasa de variación anual;Gasto medio por persona;2017M06;11,29
Tren;Tasa de variación anual;Gasto medio por persona;2017M05;-4,51
Tren;Tasa de variación anual;Gasto medio por persona;2017M04;21,37
Tren;Tasa de variación anual;Gasto medio por persona;2017M03;4,17
Tren;Tasa de variación anual;Gasto medio por persona;2017M02;-14,92
Tren;Tasa de variación anual;Gasto medio por persona;2017M01;-20,01
Tren;Tasa de variación anual;Gasto medio por persona;2016M12;-22,95
Tren;Tasa de variación anual;Gasto medio por persona;2016M11;15,93
Tren;Tasa de variación anual;Gasto medio por persona;2016M10;25,31
Tren;Tasa de variación anual;Gasto medio por persona;2016M09;2,00
Tren;Tasa de variación anual;Gasto medio por persona;2016M08;-16,64
Tren;Tasa de variación anual;Gasto medio por persona;2016M07;-3,70
Tren;Tasa de variación anual;Gasto medio por persona;2016M06;1,76
Tren;Tasa de variación anual;Gasto medio por persona;2016M05;12,25
Tren;Tasa de variación anual;Gasto medio por persona;2016M04;-5,23
Tren;Tasa de variación anual;Gasto medio por persona;2016M03;-15,35
Tren;Tasa de variación anual;Gasto medio por persona;2016M02;4,63
Tren;Tasa de variación anual;Gasto medio por persona;2016M01;4,27
Tren;Tasa de variación anual;Gasto medio por persona;2015M12;7,31
Tren;Tasa de variación anual;Gasto medio por persona;2015M11;-33,89
Tren;Tasa de variación anual;Gasto medio por persona;2015M10;-34,98
Tren;Tasa de variación anual;Gasto medio diario por persona;2026M07;29,32
Tren;Tasa de variación anual;Gasto medio diario por persona;2026M06;33,34
Tren;Tasa de variación anual;Gasto medio diario por persona;2026M05;-3,77
Tren;Tasa de variación anual;Gasto medio diario por persona;2026M04;-12,88
Tren;Tasa de variación anual;Gasto medio diario por persona;2026M03;-3,13
Tren;Tasa de variación anual;Gasto medio diario por persona;2026M02;-23,79
Tren;Tasa de variación anual;Gasto medio diario por persona;2026M01;-12,00
Tren;Tasa de variación anual;Gasto medio diario por persona;2025M12;-12,50
Tren;Tasa de variación anual;Gasto medio diario por persona;2025M11;-11,06
Tren;Tasa de variación anual;Gasto medio diario por persona;2025M10;-27,54
Tren;Tasa de variación anual;Gasto medio diario por persona;2025M09;-19,62
Tren;Tasa de variación anual;Gasto medio diario por persona;2025M08;-10,99
Tren;Tasa de variación anual;Gasto medio diario por persona;2025M07;13,79
Tren;Tasa de variación anual;Gasto medio diario por persona;2025M06;14,41
Tren;Tasa de variación anual;Gasto medio diario por persona;2025M05;4,53
Tren;Tasa de variación anual;Gasto medio diario por persona;2025M04;9,25
Tren;Tasa de variación anual;Gasto medio diario por persona;2025M03;23,75
Tren;Tasa de variación anual;Gasto medio diario por persona;2025M02;41,99
Tren;Tasa de variación anual;Gasto medio diario por persona;2025M01;-6,01
Tren;Tasa de variación anual;Gasto medio diario por persona;2024M12;6,86
Tren;Tasa de variación anual;Gasto medio diario por persona;2024M11;-3,17
Tren;Tasa de variación anual;Gasto medio diario por persona;2024M10;38,92
Tren;Tasa de variación anual;Gasto medio diario por persona;2024M09;11,57
Tren;Tasa de variación anual;Gasto medio diario por persona;2024M08;16,84
Tren;Tasa de variación anual;Gasto medio diario por persona;2024M07;-11,51
Tren;Tasa de variación anual;Gasto medio diario por persona;2024M06;-15,24
Tren;Tasa de variación anual;Gasto medio diario por persona;2024M05;-24,32
Tren;Tasa de variación anual;Gasto medio diario por persona;2024M04;18,45
Tren;Tasa de variación anual;Gasto medio diario por persona;2024M03;104,10
Tren;Tasa de variación anual;Gasto medio diario por persona;2024M02;70,79
Tren;Tasa de variación anual;Gasto medio diario por persona;2024M01;8,48
Tren;Tasa de variación anual;Gasto medio diario por persona;2023M12;7,86
Tren;Tasa de variación anual;Gasto medio diario por persona;2023M11;34,83
Tren;Tasa de variación anual;Gasto medio diario por persona;2023M10;26,91
Tren;Tasa de variación anual;Gasto medio diario por persona;2023M09;36,42
Tren;Tasa de variación anual;Gasto medio diario por persona;2023M08;18,08
Tren;Tasa de variación anual;Gasto medio diario por persona;2023M07;16,88
Tren;Tasa de variación anual;Gasto medio diario por persona;2023M06;12,38
Tren;Tasa de variación anual;Gasto medio diario por persona;2023M05;99,92
Tren;Tasa de variación anual;Gasto medio diario por persona;2023M04;9,83
Tren;Tasa de variación anual;Gasto medio diario por persona;2023M03;-37,13
Tren;Tasa de variación anual;Gasto medio diario por persona;2023M02;-29,01
Tren;Tasa de variación anual;Gasto medio diario por persona;2023M01;10,98
Tren;Tasa de variación anual;Gasto medio diario por persona;2022M12;0,41
Tren;Tasa de variación anual;Gasto medio diario por persona;2022M11;54,53
Tren;Tasa de variación anual;Gasto medio diario por persona;2022M10;50,18
Tren;Tasa de variación anual;Gasto medio diario por persona;2022M09;-0,09
Tren;Tasa de variación anual;Gasto medio diario por persona;2022M08;22,68
Tren;Tasa de variación anual;Gasto medio diario por persona;2022M07;9,37
Tren;Tasa de variación anual;Gasto medio diario por persona;2022M06;10,26
Tren;Tasa de variación anual;Gasto medio diario por persona;2022M05;-31,29
Tren;Tasa de variación anual;Gasto medio diario por persona;2022M04;-38,19
Tren;Tasa de variación anual;Gasto medio diario por persona;2022M03;-46,82
Tren;Tasa de variación anual;Gasto medio diario por persona;2022M02;-43,14
Tren;Tasa de variación anual;Gasto medio diario por persona;2022M01;-26,86
Tren;Tasa de variación anual;Gasto medio diario por persona;2021M12;-19,62
Tren;Tasa de variación anual;Gasto medio diario por persona;2021M11;-41,11
Tren;Tasa de variación anual;Gasto medio diario por persona;2021M10;-45,07
Tren;Tasa de variación anual;Gasto medio diario por persona;2021M09;-24,06
Tren;Tasa de variación anual;Gasto medio diario por persona;2021M08;-40,72
Tren;Tasa de variación anual;Gasto medio diario por persona;2021M07;-14,63
Tren;Tasa de variación anual;Gasto medio diario por persona;2021M06;..
Tren;Tasa de variación anual;Gasto medio diario por persona;2021M05;..
Tren;Tasa de variación anual;Gasto medio diario por persona;2021M04;..
Tren;Tasa de variación anual;Gasto medio diario por persona;2021M03;90,65
Tren;Tasa de variación anual;Gasto medio diario por persona;2021M02;40,98
Tren;Tasa de variación anual;Gasto medio diario por persona;2021M01;20,25
Tren;Tasa de variación anual;Gasto medio diario por persona;2020M12;21,75
Tren;Tasa de variación anual;Gasto medio diario por persona;2020M11;18,82
Tren;Tasa de variación anual;Gasto medio diario por persona;2020M10;32,58
Tren;Tasa de variación anual;Gasto medio diario por persona;2020M09;51,80
Tren;Tasa de variación anual;Gasto medio diario por persona;2020M08;52,43
Tren;Tasa de variación anual;Gasto medio diario por persona;2020M07;33,48
Tren;Tasa de variación anual;Gasto medio diario por persona;2020M06;""
Tren;Tasa de variación anual;Gasto medio diario por persona;2020M05;-100,00
Tren;Tasa de variación anual;Gasto medio diario por persona;2020M04;-100,00
Tren;Tasa de variación anual;Gasto medio diario por persona;2020M03;-1,17
Tren;Tasa de variación anual;Gasto medio diario por persona;2020M02;21,14
Tren;Tasa de variación anual;Gasto medio diario por persona;2020M01;11,51
Tren;Tasa de variación anual;Gasto medio diario por persona;2019M12;23,48
Tren;Tasa de variación anual;Gasto medio diario por persona;2019M11;8,23
Tren;Tasa de variación anual;Gasto medio diario por persona;2019M10;-12,77
Tren;Tasa de variación anual;Gasto medio diario por persona;2019M09;0,91
Tren;Tasa de variación anual;Gasto medio diario por persona;2019M08;1,35
Tren;Tasa de variación anual;Gasto medio diario por persona;2019M07;0,15
Tren;Tasa de variación anual;Gasto medio diario por persona;2019M06;-8,69
Tren;Tasa de variación anual;Gasto medio diario por persona;2019M05;23,73
Tren;Tasa de variación anual;Gasto medio diario por persona;2019M04;20,63
Tren;Tasa de variación anual;Gasto medio diario por persona;2019M03;-28,69
Tren;Tasa de variación anual;Gasto medio diario por persona;2019M02;-31,00
Tren;Tasa de variación anual;Gasto medio diario por persona;2019M01;59,38
Tren;Tasa de variación anual;Gasto medio diario por persona;2018M12;4,80
Tren;Tasa de variación anual;Gasto medio diario por persona;2018M11;2,94
Tren;Tasa de variación anual;Gasto medio diario por persona;2018M10;12,41
Tren;Tasa de variación anual;Gasto medio diario por persona;2018M09;0,82
Tren;Tasa de variación anual;Gasto medio diario por persona;2018M08;-1,02
Tren;Tasa de variación anual;Gasto medio diario por persona;2018M07;-6,33
Tren;Tasa de variación anual;Gasto medio diario por persona;2018M06;-7,81
Tren;Tasa de variación anual;Gasto medio diario por persona;2018M05;-18,67
Tren;Tasa de variación anual;Gasto medio diario por persona;2018M04;-28,66
Tren;Tasa de variación anual;Gasto medio diario por persona;2018M03;66,05
Tren;Tasa de variación anual;Gasto medio diario por persona;2018M02;91,70
Tren;Tasa de variación anual;Gasto medio diario por persona;2018M01;-7,81
Tren;Tasa de variación anual;Gasto medio diario por persona;2017M12;25,97
Tren;Tasa de variación anual;Gasto medio diario por persona;2017M11;27,10
Tren;Tasa de variación anual;Gasto medio diario por persona;2017M10;61,43
Tren;Tasa de variación anual;Gasto medio diario por persona;2017M09;-20,72
Tren;Tasa de variación anual;Gasto medio diario por persona;2017M08;-9,56
Tren;Tasa de variación anual;Gasto medio diario por persona;2017M07;18,73
Tren;Tasa de variación anual;Gasto medio diario por persona;2017M06;12,82
Tren;Tasa de variación anual;Gasto medio diario por persona;2017M05;-10,09
Tren;Tasa de variación anual;Gasto medio diario por persona;2017M04;72,72
Tren;Tasa de variación anual;Gasto medio diario por persona;2017M03;-7,51
Tren;Tasa de variación anual;Gasto medio diario por persona;2017M02;-14,89
Tren;Tasa de variación anual;Gasto medio diario por persona;2017M01;-20,32
Tren;Tasa de variación anual;Gasto medio diario por persona;2016M12;-23,83
Tren;Tasa de variación anual;Gasto medio diario por persona;2016M11;-22,33
Tren;Tasa de variación anual;Gasto medio diario por persona;2016M10;-18,03
Tren;Tasa de variación anual;Gasto medio diario por persona;2016M09;10,74
Tren;Tasa de variación anual;Gasto medio diario por persona;2016M08;11,69
Tren;Tasa de variación anual;Gasto medio diario por persona;2016M07;-7,21
Tren;Tasa de variación anual;Gasto medio diario por persona;2016M06;19,06
Tren;Tasa de variación anual;Gasto medio diario por persona;2016M05;27,11
Tren;Tasa de variación anual;Gasto medio diario por persona;2016M04;-11,38
Tren;Tasa de variación anual;Gasto medio diario por persona;2016M03;15,05
Tren;Tasa de variación anual;Gasto medio diario por persona;2016M02;-0,54
Tren;Tasa de variación anual;Gasto medio diario por persona;2016M01;4,10
Tren;Tasa de variación anual;Gasto medio diario por persona;2015M12;-2,86
Tren;Tasa de variación anual;Gasto medio diario por persona;2015M11;12,97
Tren;Tasa de variación anual;Gasto medio diario por persona;2015M10;-4,16
Tren;Tasa de variación anual;Duración media de los viajes;2026M07;-6,60
Tren;Tasa de variación anual;Duración media de los viajes;2026M06;-17,90
Tren;Tasa de variación anual;Duración media de los viajes;2026M05;10,88
Tren;Tasa de variación anual;Duración media de los viajes;2026M04;20,20
Tren;Tasa de variación anual;Duración media de los viajes;2026M03;6,45
Tren;Tasa de variación anual;Duración media de los viajes;2026M02;36,72
Tren;Tasa de variación anual;Duración media de los viajes;2026M01;7,89
Tren;Tasa de variación anual;Duración media de los viajes;2025M12;11,33
Tren;Tasa de variación anual;Duración media de los viajes;2025M11;8,41
Tren;Tasa de variación anual;Duración media de los viajes;2025M10;1,81
Tren;Tasa de variación anual;Duración media de los viajes;2025M09;16,97
Tren;Tasa de variación anual;Duración media de los viajes;2025M08;5,97
Tren;Tasa de variación anual;Duración media de los viajes;2025M07;-8,93
Tren;Tasa de variación anual;Duración media de los viajes;2025M06;-6,52
Tren;Tasa de variación anual;Duración media de los viajes;2025M05;-7,54
Tren;Tasa de variación anual;Duración media de los viajes;2025M04;-7,66
Tren;Tasa de variación anual;Duración media de los viajes;2025M03;-2,60
Tren;Tasa de variación anual;Duración media de los viajes;2025M02;-15,39
Tren;Tasa de variación anual;Duración media de los viajes;2025M01;6,34
Tren;Tasa de variación anual;Duración media de los viajes;2024M12;-1,25
Tren;Tasa de variación anual;Duración media de los viajes;2024M11;-8,02
Tren;Tasa de variación anual;Duración media de los viajes;2024M10;-4,34
Tren;Tasa de variación anual;Duración media de los viajes;2024M09;-2,22
Tren;Tasa de variación anual;Duración media de los viajes;2024M08;0,16
Tren;Tasa de variación anual;Duración media de los viajes;2024M07;1,24
Tren;Tasa de variación anual;Duración media de los viajes;2024M06;3,05
Tren;Tasa de variación anual;Duración media de los viajes;2024M05;8,48
Tren;Tasa de variación anual;Duración media de los viajes;2024M04;-2,63
Tren;Tasa de variación anual;Duración media de los viajes;2024M03;3,30
Tren;Tasa de variación anual;Duración media de los viajes;2024M02;1,98
Tren;Tasa de variación anual;Duración media de los viajes;2024M01;5,74
Tren;Tasa de variación anual;Duración media de los viajes;2023M12;2,82
Tren;Tasa de variación anual;Duración media de los viajes;2023M11;1,59
Tren;Tasa de variación anual;Duración media de los viajes;2023M10;4,30
Tren;Tasa de variación anual;Duración media de los viajes;2023M09;-7,15
Tren;Tasa de variación anual;Duración media de los viajes;2023M08;-6,24
Tren;Tasa de variación anual;Duración media de los viajes;2023M07;9,91
Tren;Tasa de variación anual;Duración media de los viajes;2023M06;16,67
Tren;Tasa de variación anual;Duración media de los viajes;2023M05;-27,16
Tren;Tasa de variación anual;Duración media de los viajes;2023M04;-8,10
Tren;Tasa de variación anual;Duración media de los viajes;2023M03;-11,89
Tren;Tasa de variación anual;Duración media de los viajes;2023M02;-13,50
Tren;Tasa de variación anual;Duración media de los viajes;2023M01;-12,07
Tren;Tasa de variación anual;Duración media de los viajes;2022M12;-10,86
Tren;Tasa de variación anual;Duración media de los viajes;2022M11;-20,05
Tren;Tasa de variación anual;Duración media de los viajes;2022M10;-12,29
Tren;Tasa de variación anual;Duración media de los viajes;2022M09;14,43
Tren;Tasa de variación anual;Duración media de los viajes;2022M08;10,26
Tren;Tasa de variación anual;Duración media de los viajes;2022M07;7,22
Tren;Tasa de variación anual;Duración media de los viajes;2022M06;-4,15
Tren;Tasa de variación anual;Duración media de los viajes;2022M05;13,65
Tren;Tasa de variación anual;Duración media de los viajes;2022M04;19,75
Tren;Tasa de variación anual;Duración media de los viajes;2022M03;6,86
Tren;Tasa de variación anual;Duración media de los viajes;2022M02;3,30
Tren;Tasa de variación anual;Duración media de los viajes;2022M01;7,39
Tren;Tasa de variación anual;Duración media de los viajes;2021M12;11,79
Tren;Tasa de variación anual;Duración media de los viajes;2021M11;20,33
Tren;Tasa de variación anual;Duración media de los viajes;2021M10;10,38
Tren;Tasa de variación anual;Duración media de los viajes;2021M09;-22,47
Tren;Tasa de variación anual;Duración media de los viajes;2021M08;-9,97
Tren;Tasa de variación anual;Duración media de los viajes;2021M07;-8,04
Tren;Tasa de variación anual;Duración media de los viajes;2021M06;..
Tren;Tasa de variación anual;Duración media de los viajes;2021M05;..
Tren;Tasa de variación anual;Duración media de los viajes;2021M04;..
Tren;Tasa de variación anual;Duración media de los viajes;2021M03;-14,65
Tren;Tasa de variación anual;Duración media de los viajes;2021M02;3,79
Tren;Tasa de variación anual;Duración media de los viajes;2021M01;4,08
Tren;Tasa de variación anual;Duración media de los viajes;2020M12;16,96
Tren;Tasa de variación anual;Duración media de los viajes;2020M11;19,33
Tren;Tasa de variación anual;Duración media de los viajes;2020M10;17,48
Tren;Tasa de variación anual;Duración media de los viajes;2020M09;5,00
Tren;Tasa de variación anual;Duración media de los viajes;2020M08;4,30
Tren;Tasa de variación anual;Duración media de los viajes;2020M07;-2,77
Tren;Tasa de variación anual;Duración media de los viajes;2020M06;""
Tren;Tasa de variación anual;Duración media de los viajes;2020M05;-100,00
Tren;Tasa de variación anual;Duración media de los viajes;2020M04;-100,00
Tren;Tasa de variación anual;Duración media de los viajes;2020M03;23,31
Tren;Tasa de variación anual;Duración media de los viajes;2020M02;14,63
Tren;Tasa de variación anual;Duración media de los viajes;2020M01;13,02
Tren;Tasa de variación anual;Duración media de los viajes;2019M12;-15,04
Tren;Tasa de variación anual;Duración media de los viajes;2019M11;-21,73
Tren;Tasa de variación anual;Duración media de los viajes;2019M10;-4,12
Tren;Tasa de variación anual;Duración media de los viajes;2019M09;10,99
Tren;Tasa de variación anual;Duración media de los viajes;2019M08;8,44
Tren;Tasa de variación anual;Duración media de los viajes;2019M07;-11,50
Tren;Tasa de variación anual;Duración media de los viajes;2019M06;-1,43
Tren;Tasa de variación anual;Duración media de los viajes;2019M05;-18,20
Tren;Tasa de variación anual;Duración media de los viajes;2019M04;-18,01
Tren;Tasa de variación anual;Duración media de los viajes;2019M03;-0,43
Tren;Tasa de variación anual;Duración media de los viajes;2019M02;-3,86
Tren;Tasa de variación anual;Duración media de los viajes;2019M01;-46,56
Tren;Tasa de variación anual;Duración media de los viajes;2018M12;-19,14
Tren;Tasa de variación anual;Duración media de los viajes;2018M11;13,60
Tren;Tasa de variación anual;Duración media de los viajes;2018M10;-4,41
Tren;Tasa de variación anual;Duración media de los viajes;2018M09;3,27
Tren;Tasa de variación anual;Duración media de los viajes;2018M08;0,64
Tren;Tasa de variación anual;Duración media de los viajes;2018M07;20,93
Tren;Tasa de variación anual;Duración media de los viajes;2018M06;16,00
Tren;Tasa de variación anual;Duración media de los viajes;2018M05;3,81
Tren;Tasa de variación anual;Duración media de los viajes;2018M04;9,31
Tren;Tasa de variación anual;Duración media de los viajes;2018M03;-20,51
Tren;Tasa de variación anual;Duración media de los viajes;2018M02;-30,09
Tren;Tasa de variación anual;Duración media de los viajes;2018M01;43,79
Tren;Tasa de variación anual;Duración media de los viajes;2017M12;-7,59
Tren;Tasa de variación anual;Duración media de los viajes;2017M11;-21,04
Tren;Tasa de variación anual;Duración media de los viajes;2017M10;-29,79
Tren;Tasa de variación anual;Duración media de los viajes;2017M09;-2,43
Tren;Tasa de variación anual;Duración media de los viajes;2017M08;9,08
Tren;Tasa de variación anual;Duración media de los viajes;2017M07;-24,81
Tren;Tasa de variación anual;Duración media de los viajes;2017M06;-1,36
Tren;Tasa de variación anual;Duración media de los viajes;2017M05;6,21
Tren;Tasa de variación anual;Duración media de los viajes;2017M04;-29,73
Tren;Tasa de variación anual;Duración media de los viajes;2017M03;12,63
Tren;Tasa de variación anual;Duración media de los viajes;2017M02;-0,03
Tren;Tasa de variación anual;Duración media de los viajes;2017M01;0,39
Tren;Tasa de variación anual;Duración media de los viajes;2016M12;1,15
Tren;Tasa de variación anual;Duración media de los viajes;2016M11;49,26
Tren;Tasa de variación anual;Duración media de los viajes;2016M10;52,88
Tren;Tasa de variación anual;Duración media de los viajes;2016M09;-7,89
Tren;Tasa de variación anual;Duración media de los viajes;2016M08;-25,37
Tren;Tasa de variación anual;Duración media de los viajes;2016M07;3,78
Tren;Tasa de variación anual;Duración media de los viajes;2016M06;-14,54
Tren;Tasa de variación anual;Duración media de los viajes;2016M05;-11,69
Tren;Tasa de variación anual;Duración media de los viajes;2016M04;6,94
Tren;Tasa de variación anual;Duración media de los viajes;2016M03;-26,42
Tren;Tasa de variación anual;Duración media de los viajes;2016M02;5,19
Tren;Tasa de variación anual;Duración media de los viajes;2016M01;0,16
Tren;Tasa de variación anual;Duración media de los viajes;2015M12;10,47
Tren;Tasa de variación anual;Duración media de los viajes;2015M11;-41,48
Tren;Tasa de variación anual;Duración media de los viajes;2015M10;-32,16
Tren;Acumulado en lo que va de año;Gasto total;2026M07;414,76
Tren;Acumulado en lo que va de año;Gasto total;2026M06;333,74
Tren;Acumulado en lo que va de año;Gasto total;2026M05;267,23
Tren;Acumulado en lo que va de año;Gasto total;2026M04;216,60
Tren;Acumulado en lo que va de año;Gasto total;2026M03;158,72
Tren;Acumulado en lo que va de año;Gasto total;2026M02;96,85
Tren;Acumulado en lo que va de año;Gasto total;2026M01;26,08
Tren;Acumulado en lo que va de año;Gasto total;2025M12;737,77
Tren;Acumulado en lo que va de año;Gasto total;2025M11;701,44
Tren;Acumulado en lo que va de año;Gasto total;2025M10;649,14
Tren;Acumulado en lo que va de año;Gasto total;2025M09;567,63
Tren;Acumulado en lo que va de año;Gasto total;2025M08;504,16
Tren;Acumulado en lo que va de año;Gasto total;2025M07;438,14
Tren;Acumulado en lo que va de año;Gasto total;2025M06;347,56
Tren;Acumulado en lo que va de año;Gasto total;2025M05;266,91
Tren;Acumulado en lo que va de año;Gasto total;2025M04;207,71
Tren;Acumulado en lo que va de año;Gasto total;2025M03;139,23
Tren;Acumulado en lo que va de año;Gasto total;2025M02;84,04
Tren;Acumulado en lo que va de año;Gasto total;2025M01;38,20
Tren;Acumulado en lo que va de año;Gasto total;2024M12;465,49
Tren;Acumulado en lo que va de año;Gasto total;2024M11;438,73
Tren;Acumulado en lo que va de año;Gasto total;2024M10;408,47
Tren;Acumulado en lo que va de año;Gasto total;2024M09;340,22
Tren;Acumulado en lo que va de año;Gasto total;2024M08;295,20
Tren;Acumulado en lo que va de año;Gasto total;2024M07;248,48
Tren;Acumulado en lo que va de año;Gasto total;2024M06;193,68
Tren;Acumulado en lo que va de año;Gasto total;2024M05;147,70
Tren;Acumulado en lo que va de año;Gasto total;2024M04;114,45
Tren;Acumulado en lo que va de año;Gasto total;2024M03;76,72
Tren;Acumulado en lo que va de año;Gasto total;2024M02;49,61
Tren;Acumulado en lo que va de año;Gasto total;2024M01;24,93
Tren;Acumulado en lo que va de año;Gasto total;2023M12;550,10
Tren;Acumulado en lo que va de año;Gasto total;2023M11;508,24
Tren;Acumulado en lo que va de año;Gasto total;2023M10;457,10
Tren;Acumulado en lo que va de año;Gasto total;2023M09;406,57
Tren;Acumulado en lo que va de año;Gasto total;2023M08;351,13
Tren;Acumulado en lo que va de año;Gasto total;2023M07;287,91
Tren;Acumulado en lo que va de año;Gasto total;2023M06;192,91
Tren;Acumulado en lo que va de año;Gasto total;2023M05;122,59
Tren;Acumulado en lo que va de año;Gasto total;2023M04;65,37
Tren;Acumulado en lo que va de año;Gasto total;2023M03;33,16
Tren;Acumulado en lo que va de año;Gasto total;2023M02;23,98
Tren;Acumulado en lo que va de año;Gasto total;2023M01;14,01
Tren;Acumulado en lo que va de año;Gasto total;2022M12;318,11
Tren;Acumulado en lo que va de año;Gasto total;2022M11;301,38
Tren;Acumulado en lo que va de año;Gasto total;2022M10;278,75
Tren;Acumulado en lo que va de año;Gasto total;2022M09;250,29
Tren;Acumulado en lo que va de año;Gasto total;2022M08;215,24
Tren;Acumulado en lo que va de año;Gasto total;2022M07;171,81
Tren;Acumulado en lo que va de año;Gasto total;2022M06;116,57
Tren;Acumulado en lo que va de año;Gasto total;2022M05;74,01
Tren;Acumulado en lo que va de año;Gasto total;2022M04;53,70
Tren;Acumulado en lo que va de año;Gasto total;2022M03;31,64
Tren;Acumulado en lo que va de año;Gasto total;2022M02;19,78
Tren;Acumulado en lo que va de año;Gasto total;2022M01;9,28
Tren;Acumulado en lo que va de año;Gasto total;2021M12;184,55
Tren;Acumulado en lo que va de año;Gasto total;2021M11;169,03
Tren;Acumulado en lo que va de año;Gasto total;2021M10;157,58
Tren;Acumulado en lo que va de año;Gasto total;2021M09;141,42
Tren;Acumulado en lo que va de año;Gasto total;2021M08;128,53
Tren;Acumulado en lo que va de año;Gasto total;2021M07;106,31
Tren;Acumulado en lo que va de año;Gasto total;2021M06;77,79
Tren;Acumulado en lo que va de año;Gasto total;2021M05;63,24
Tren;Acumulado en lo que va de año;Gasto total;2021M04;48,06
Tren;Acumulado en lo que va de año;Gasto total;2021M03;36,11
Tren;Acumulado en lo que va de año;Gasto total;2021M02;22,78
Tren;Acumulado en lo que va de año;Gasto total;2021M01;13,04
Tren;Acumulado en lo que va de año;Gasto total;2020M12;140,11
Tren;Acumulado en lo que va de año;Gasto total;2020M11;124,33
Tren;Acumulado en lo que va de año;Gasto total;2020M10;118,57
Tren;Acumulado en lo que va de año;Gasto total;2020M09;106,87
Tren;Acumulado en lo que va de año;Gasto total;2020M08;93,43
Tren;Acumulado en lo que va de año;Gasto total;2020M07;73,50
Tren;Acumulado en lo que va de año;Gasto total;2020M06;52,31
Tren;Acumulado en lo que va de año;Gasto total;2020M05;52,31
Tren;Acumulado en lo que va de año;Gasto total;2020M04;52,31
Tren;Acumulado en lo que va de año;Gasto total;2020M03;52,31
Tren;Acumulado en lo que va de año;Gasto total;2020M02;42,89
Tren;Acumulado en lo que va de año;Gasto total;2020M01;19,26
Tren;Acumulado en lo que va de año;Gasto total;2019M12;401,33
Tren;Acumulado en lo que va de año;Gasto total;2019M11;384,72
Tren;Acumulado en lo que va de año;Gasto total;2019M10;373,66
Tren;Acumulado en lo que va de año;Gasto total;2019M09;344,91
Tren;Acumulado en lo que va de año;Gasto total;2019M08;304,88
Tren;Acumulado en lo que va de año;Gasto total;2019M07;239,23
Tren;Acumulado en lo que va de año;Gasto total;2019M06;164,02
Tren;Acumulado en lo que va de año;Gasto total;2019M05;111,86
Tren;Acumulado en lo que va de año;Gasto total;2019M04;81,95
Tren;Acumulado en lo que va de año;Gasto total;2019M03;50,72
Tren;Acumulado en lo que va de año;Gasto total;2019M02;30,72
Tren;Acumulado en lo que va de año;Gasto total;2019M01;15,54
Tren;Acumulado en lo que va de año;Gasto total;2018M12;421,75
Tren;Acumulado en lo que va de año;Gasto total;2018M11;401,51
Tren;Acumulado en lo que va de año;Gasto total;2018M10;376,98
Tren;Acumulado en lo que va de año;Gasto total;2018M09;341,93
Tren;Acumulado en lo que va de año;Gasto total;2018M08;308,61
Tren;Acumulado en lo que va de año;Gasto total;2018M07;251,01
Tren;Acumulado en lo que va de año;Gasto total;2018M06;163,91
Tren;Acumulado en lo que va de año;Gasto total;2018M05;118,41
Tren;Acumulado en lo que va de año;Gasto total;2018M04;90,10
Tren;Acumulado en lo que va de año;Gasto total;2018M03;66,54
Tren;Acumulado en lo que va de año;Gasto total;2018M02;38,84
Tren;Acumulado en lo que va de año;Gasto total;2018M01;15,25
Tren;Acumulado en lo que va de año;Gasto total;2017M12;444,02
Tren;Acumulado en lo que va de año;Gasto total;2017M11;423,37
Tren;Acumulado en lo que va de año;Gasto total;2017M10;403,03
Tren;Acumulado en lo que va de año;Gasto total;2017M09;367,71
Tren;Acumulado en lo que va de año;Gasto total;2017M08;332,94
Tren;Acumulado en lo que va de año;Gasto total;2017M07;271,48
Tren;Acumulado en lo que va de año;Gasto total;2017M06;191,42
Tren;Acumulado en lo que va de año;Gasto total;2017M05;137,17
Tren;Acumulado en lo que va de año;Gasto total;2017M04;102,17
Tren;Acumulado en lo que va de año;Gasto total;2017M03;57,52
Tren;Acumulado en lo que va de año;Gasto total;2017M02;37,19
Tren;Acumulado en lo que va de año;Gasto total;2017M01;19,19
Tren;Acumulado en lo que va de año;Gasto total;2016M12;439,55
Tren;Acumulado en lo que va de año;Gasto total;2016M11;413,61
Tren;Acumulado en lo que va de año;Gasto total;2016M10;392,94
Tren;Acumulado en lo que va de año;Gasto total;2016M09;362,19
Tren;Acumulado en lo que va de año;Gasto total;2016M08;322,84
Tren;Acumulado en lo que va de año;Gasto total;2016M07;265,28
Tren;Acumulado en lo que va de año;Gasto total;2016M06;179,78
Tren;Acumulado en lo que va de año;Gasto total;2016M05;133,34
Tren;Acumulado en lo que va de año;Gasto total;2016M04;94,07
Tren;Acumulado en lo que va de año;Gasto total;2016M03;67,56
Tren;Acumulado en lo que va de año;Gasto total;2016M02;46,17
Tren;Acumulado en lo que va de año;Gasto total;2016M01;22,69
Tren;Acumulado en lo que va de año;Gasto total;2015M12;""
Tren;Acumulado en lo que va de año;Gasto total;2015M11;""
Tren;Acumulado en lo que va de año;Gasto total;2015M10;""
Tren;Acumulado en lo que va de año;Gasto medio por persona;2026M07;1.723
Tren;Acumulado en lo que va de año;Gasto medio por persona;2026M06;1.638
Tren;Acumulado en lo que va de año;Gasto medio por persona;2026M05;1.562
Tren;Acumulado en lo que va de año;Gasto medio por persona;2026M04;1.559
Tren;Acumulado en lo que va de año;Gasto medio por persona;2026M03;1.556
Tren;Acumulado en lo que va de año;Gasto medio por persona;2026M02;1.500
Tren;Acumulado en lo que va de año;Gasto medio por persona;2026M01;1.479
Tren;Acumulado en lo que va de año;Gasto medio por persona;2025M12;1.630
Tren;Acumulado en lo que va de año;Gasto medio por persona;2025M11;1.637
Tren;Acumulado en lo que va de año;Gasto medio por persona;2025M10;1.639
Tren;Acumulado en lo que va de año;Gasto medio por persona;2025M09;1.621
Tren;Acumulado en lo que va de año;Gasto medio por persona;2025M08;1.620
Tren;Acumulado en lo que va de año;Gasto medio por persona;2025M07;1.624
Tren;Acumulado en lo que va de año;Gasto medio por persona;2025M06;1.581
Tren;Acumulado en lo que va de año;Gasto medio por persona;2025M05;1.513
Tren;Acumulado en lo que va de año;Gasto medio por persona;2025M04;1.523
Tren;Acumulado en lo que va de año;Gasto medio por persona;2025M03;1.536
Tren;Acumulado en lo que va de año;Gasto medio por persona;2025M02;1.495
Tren;Acumulado en lo que va de año;Gasto medio por persona;2025M01;1.558
Tren;Acumulado en lo que va de año;Gasto medio por persona;2024M12;1.668
Tren;Acumulado en lo que va de año;Gasto medio por persona;2024M11;1.675
Tren;Acumulado en lo que va de año;Gasto medio por persona;2024M10;1.676
Tren;Acumulado en lo que va de año;Gasto medio por persona;2024M09;1.579
Tren;Acumulado en lo que va de año;Gasto medio por persona;2024M08;1.558
Tren;Acumulado en lo que va de año;Gasto medio por persona;2024M07;1.535
Tren;Acumulado en lo que va de año;Gasto medio por persona;2024M06;1.484
Tren;Acumulado en lo que va de año;Gasto medio por persona;2024M05;1.420
Tren;Acumulado en lo que va de año;Gasto medio por persona;2024M04;1.391
Tren;Acumulado en lo que va de año;Gasto medio por persona;2024M03;1.349
Tren;Acumulado en lo que va de año;Gasto medio por persona;2024M02;1.360
Tren;Acumulado en lo que va de año;Gasto medio por persona;2024M01;1.558
Tren;Acumulado en lo que va de año;Gasto medio por persona;2023M12;1.612
Tren;Acumulado en lo que va de año;Gasto medio por persona;2023M11;1.624
Tren;Acumulado en lo que va de año;Gasto medio por persona;2023M10;1.601
Tren;Acumulado en lo que va de año;Gasto medio por persona;2023M09;1.578
Tren;Acumulado en lo que va de año;Gasto medio por persona;2023M08;1.576
Tren;Acumulado en lo que va de año;Gasto medio por persona;2023M07;1.608
Tren;Acumulado en lo que va de año;Gasto medio por persona;2023M06;1.479
Tren;Acumulado en lo que va de año;Gasto medio por persona;2023M05;1.290
Tren;Acumulado en lo que va de año;Gasto medio por persona;2023M04;1.017
Tren;Acumulado en lo que va de año;Gasto medio por persona;2023M03;844
Tren;Acumulado en lo que va de año;Gasto medio por persona;2023M02;970
Tren;Acumulado en lo que va de año;Gasto medio por persona;2023M01;1.359
Tren;Acumulado en lo que va de año;Gasto medio por persona;2022M12;1.353
Tren;Acumulado en lo que va de año;Gasto medio por persona;2022M11;1.354
Tren;Acumulado en lo que va de año;Gasto medio por persona;2022M10;1.353
Tren;Acumulado en lo que va de año;Gasto medio por persona;2022M09;1.352
Tren;Acumulado en lo que va de año;Gasto medio por persona;2022M08;1.369
Tren;Acumulado en lo que va de año;Gasto medio por persona;2022M07;1.386
Tren;Acumulado en lo que va de año;Gasto medio por persona;2022M06;1.330
Tren;Acumulado en lo que va de año;Gasto medio por persona;2022M05;1.242
Tren;Acumulado en lo que va de año;Gasto medio por persona;2022M04;1.229
Tren;Acumulado en lo que va de año;Gasto medio por persona;2022M03;1.198
Tren;Acumulado en lo que va de año;Gasto medio por persona;2022M02;1.237
Tren;Acumulado en lo que va de año;Gasto medio por persona;2022M01;1.392
Tren;Acumulado en lo que va de año;Gasto medio por persona;2021M12;1.332
Tren;Acumulado en lo que va de año;Gasto medio por persona;2021M11;1.319
Tren;Acumulado en lo que va de año;Gasto medio por persona;2021M10;1.338
Tren;Acumulado en lo que va de año;Gasto medio por persona;2021M09;1.384
Tren;Acumulado en lo que va de año;Gasto medio por persona;2021M08;1.421
Tren;Acumulado en lo que va de año;Gasto medio por persona;2021M07;1.577
Tren;Acumulado en lo que va de año;Gasto medio por persona;2021M06;1.712
Tren;Acumulado en lo que va de año;Gasto medio por persona;2021M05;1.791
Tren;Acumulado en lo que va de año;Gasto medio por persona;2021M04;1.847
Tren;Acumulado en lo que va de año;Gasto medio por persona;2021M03;1.891
Tren;Acumulado en lo que va de año;Gasto medio por persona;2021M02;1.832
Tren;Acumulado en lo que va de año;Gasto medio por persona;2021M01;1.772
Tren;Acumulado en lo que va de año;Gasto medio por persona;2020M12;1.550
Tren;Acumulado en lo que va de año;Gasto medio por persona;2020M11;1.538
Tren;Acumulado en lo que va de año;Gasto medio por persona;2020M10;1.537
Tren;Acumulado en lo que va de año;Gasto medio por persona;2020M09;1.520
Tren;Acumulado en lo que va de año;Gasto medio por persona;2020M08;1.480
Tren;Acumulado en lo que va de año;Gasto medio por persona;2020M07;1.411
Tren;Acumulado en lo que va de año;Gasto medio por persona;2020M06;1.332
Tren;Acumulado en lo que va de año;Gasto medio por persona;2020M05;1.332
Tren;Acumulado en lo que va de año;Gasto medio por persona;2020M04;1.332
Tren;Acumulado en lo que va de año;Gasto medio por persona;2020M03;1.332
Tren;Acumulado en lo que va de año;Gasto medio por persona;2020M02;1.356
Tren;Acumulado en lo que va de año;Gasto medio por persona;2020M01;1.416
Tren;Acumulado en lo que va de año;Gasto medio por persona;2019M12;1.157
Tren;Acumulado en lo que va de año;Gasto medio por persona;2019M11;1.157
Tren;Acumulado en lo que va de año;Gasto medio por persona;2019M10;1.159
Tren;Acumulado en lo que va de año;Gasto medio por persona;2019M09;1.164
Tren;Acumulado en lo que va de año;Gasto medio por persona;2019M08;1.164
Tren;Acumulado en lo que va de año;Gasto medio por persona;2019M07;1.171
Tren;Acumulado en lo que va de año;Gasto medio por persona;2019M06;1.129
Tren;Acumulado en lo que va de año;Gasto medio por persona;2019M05;1.048
Tren;Acumulado en lo que va de año;Gasto medio por persona;2019M04;1.034
Tren;Acumulado en lo que va de año;Gasto medio por persona;2019M03;1.020
Tren;Acumulado en lo que va de año;Gasto medio por persona;2019M02;1.027
Tren;Acumulado en lo que va de año;Gasto medio por persona;2019M01;1.124
Tren;Acumulado en lo que va de año;Gasto medio por persona;2018M12;1.247
Tren;Acumulado en lo que va de año;Gasto medio por persona;2018M11;1.255
Tren;Acumulado en lo que va de año;Gasto medio por persona;2018M10;1.252
Tren;Acumulado en lo que va de año;Gasto medio por persona;2018M09;1.246
Tren;Acumulado en lo que va de año;Gasto medio por persona;2018M08;1.273
Tren;Acumulado en lo que va de año;Gasto medio por persona;2018M07;1.343
Tren;Acumulado en lo que va de año;Gasto medio por persona;2018M06;1.298
Tren;Acumulado en lo que va de año;Gasto medio por persona;2018M05;1.234
Tren;Acumulado en lo que va de año;Gasto medio por persona;2018M04;1.293
Tren;Acumulado en lo que va de año;Gasto medio por persona;2018M03;1.397
Tren;Acumulado en lo que va de año;Gasto medio por persona;2018M02;1.380
Tren;Acumulado en lo que va de año;Gasto medio por persona;2018M01;1.319
Tren;Acumulado en lo que va de año;Gasto medio por persona;2017M12;1.188
Tren;Acumulado en lo que va de año;Gasto medio por persona;2017M11;1.183
Tren;Acumulado en lo que va de año;Gasto medio por persona;2017M10;1.187
Tren;Acumulado en lo que va de año;Gasto medio por persona;2017M09;1.184
Tren;Acumulado en lo que va de año;Gasto medio por persona;2017M08;1.206
Tren;Acumulado en lo que va de año;Gasto medio por persona;2017M07;1.252
Tren;Acumulado en lo que va de año;Gasto medio por persona;2017M06;1.245
Tren;Acumulado en lo que va de año;Gasto medio por persona;2017M05;1.191
Tren;Acumulado en lo que va de año;Gasto medio por persona;2017M04;1.165
Tren;Acumulado en lo que va de año;Gasto medio por persona;2017M03;1.044
Tren;Acumulado en lo que va de año;Gasto medio por persona;2017M02;1.026
Tren;Acumulado en lo que va de año;Gasto medio por persona;2017M01;995
Tren;Acumulado en lo que va de año;Gasto medio por persona;2016M12;1.211
Tren;Acumulado en lo que va de año;Gasto medio por persona;2016M11;1.217
Tren;Acumulado en lo que va de año;Gasto medio por persona;2016M10;1.224
Tren;Acumulado en lo que va de año;Gasto medio por persona;2016M09;1.238
Tren;Acumulado en lo que va de año;Gasto medio por persona;2016M08;1.231
Tren;Acumulado en lo que va de año;Gasto medio por persona;2016M07;1.278
Tren;Acumulado en lo que va de año;Gasto medio por persona;2016M06;1.220
Tren;Acumulado en lo que va de año;Gasto medio por persona;2016M05;1.205
Tren;Acumulado en lo que va de año;Gasto medio por persona;2016M04;1.158
Tren;Acumulado en lo que va de año;Gasto medio por persona;2016M03;1.170
Tren;Acumulado en lo que va de año;Gasto medio por persona;2016M02;1.246
Tren;Acumulado en lo que va de año;Gasto medio por persona;2016M01;1.244
Tren;Acumulado en lo que va de año;Gasto medio por persona;2015M12;""
Tren;Acumulado en lo que va de año;Gasto medio por persona;2015M11;""
Tren;Acumulado en lo que va de año;Gasto medio por persona;2015M10;""
Tren;Acumulado en lo que va de año;Gasto medio diario por persona;2026M07;338
Tren;Acumulado en lo que va de año;Gasto medio diario por persona;2026M06;316
Tren;Acumulado en lo que va de año;Gasto medio diario por persona;2026M05;289
Tren;Acumulado en lo que va de año;Gasto medio diario por persona;2026M04;277
Tren;Acumulado en lo que va de año;Gasto medio diario por persona;2026M03;263
Tren;Acumulado en lo que va de año;Gasto medio diario por persona;2026M02;239
Tren;Acumulado en lo que va de año;Gasto medio diario por persona;2026M01;203
Tren;Acumulado en lo que va de año;Gasto medio diario por persona;2025M12;305
Tren;Acumulado en lo que va de año;Gasto medio diario por persona;2025M11;310
Tren;Acumulado en lo que va de año;Gasto medio diario por persona;2025M10;311
Tren;Acumulado en lo que va de año;Gasto medio diario por persona;2025M09;309
Tren;Acumulado en lo que va de año;Gasto medio diario por persona;2025M08;322
Tren;Acumulado en lo que va de año;Gasto medio diario por persona;2025M07;342
Tren;Acumulado en lo que va de año;Gasto medio diario por persona;2025M06;337
Tren;Acumulado en lo que va de año;Gasto medio diario por persona;2025M05;326
Tren;Acumulado en lo que va de año;Gasto medio diario por persona;2025M04;316
Tren;Acumulado en lo que va de año;Gasto medio diario por persona;2025M03;295
Tren;Acumulado en lo que va de año;Gasto medio diario por persona;2025M02;278
Tren;Acumulado en lo que va de año;Gasto medio diario por persona;2025M01;231
Tren;Acumulado en lo que va de año;Gasto medio diario por persona;2024M12;310
Tren;Acumulado en lo que va de año;Gasto medio diario por persona;2024M11;313
Tren;Acumulado en lo que va de año;Gasto medio diario por persona;2024M10;312
Tren;Acumulado en lo que va de año;Gasto medio diario por persona;2024M09;293
Tren;Acumulado en lo que va de año;Gasto medio diario por persona;2024M08;293
Tren;Acumulado en lo que va de año;Gasto medio diario por persona;2024M07;301
Tren;Acumulado en lo que va de año;Gasto medio diario por persona;2024M06;296
Tren;Acumulado en lo que va de año;Gasto medio diario por persona;2024M05;287
Tren;Acumulado en lo que va de año;Gasto medio diario por persona;2024M04;272
Tren;Acumulado en lo que va de año;Gasto medio diario por persona;2024M03;248
Tren;Acumulado en lo que va de año;Gasto medio diario por persona;2024M02;241
Tren;Acumulado en lo que va de año;Gasto medio diario por persona;2024M01;245
Tren;Acumulado en lo que va de año;Gasto medio diario por persona;2023M12;297
Tren;Acumulado en lo que va de año;Gasto medio diario por persona;2023M11;301
Tren;Acumulado en lo que va de año;Gasto medio diario por persona;2023M10;298
Tren;Acumulado en lo que va de año;Gasto medio diario por persona;2023M09;294
Tren;Acumulado en lo que va de año;Gasto medio diario por persona;2023M08;300
Tren;Acumulado en lo que va de año;Gasto medio diario por persona;2023M07;326
Tren;Acumulado en lo que va de año;Gasto medio diario por persona;2023M06;310
Tren;Acumulado en lo que va de año;Gasto medio diario por persona;2023M05;278
Tren;Acumulado en lo que va de año;Gasto medio diario por persona;2023M04;205
Tren;Acumulado en lo que va de año;Gasto medio diario por persona;2023M03;161
Tren;Acumulado en lo que va de año;Gasto medio diario por persona;2023M02;179
Tren;Acumulado en lo que va de año;Gasto medio diario por persona;2023M01;226
Tren;Acumulado en lo que va de año;Gasto medio diario por persona;2022M12;241
Tren;Acumulado en lo que va de año;Gasto medio diario por persona;2022M11;242
Tren;Acumulado en lo que va de año;Gasto medio diario por persona;2022M10;241
Tren;Acumulado en lo que va de año;Gasto medio diario por persona;2022M09;239
Tren;Acumulado en lo que va de año;Gasto medio diario por persona;2022M08;250
Tren;Acumulado en lo que va de año;Gasto medio diario por persona;2022M07;272
Tren;Acumulado en lo que va de año;Gasto medio diario por persona;2022M06;258
Tren;Acumulado en lo que va de año;Gasto medio diario por persona;2022M05;225
Tren;Acumulado en lo que va de año;Gasto medio diario por persona;2022M04;222
Tren;Acumulado en lo que va de año;Gasto medio diario por persona;2022M03;201
Tren;Acumulado en lo que va de año;Gasto medio diario por persona;2022M02;199
Tren;Acumulado en lo que va de año;Gasto medio diario por persona;2022M01;204
Tren;Acumulado en lo que va de año;Gasto medio diario por persona;2021M12;238
Tren;Acumulado en lo que va de año;Gasto medio diario por persona;2021M11;239
Tren;Acumulado en lo que va de año;Gasto medio diario por persona;2021M10;248
Tren;Acumulado en lo que va de año;Gasto medio diario por persona;2021M09;261
Tren;Acumulado en lo que va de año;Gasto medio diario por persona;2021M08;270
Tren;Acumulado en lo que va de año;Gasto medio diario por persona;2021M07;322
Tren;Acumulado en lo que va de año;Gasto medio diario por persona;2021M06;339
Tren;Acumulado en lo que va de año;Gasto medio diario por persona;2021M05;346
Tren;Acumulado en lo que va de año;Gasto medio diario por persona;2021M04;347
Tren;Acumulado en lo que va de año;Gasto medio diario por persona;2021M03;328
Tren;Acumulado en lo que va de año;Gasto medio diario por persona;2021M02;303
Tren;Acumulado en lo que va de año;Gasto medio diario por persona;2021M01;279
Tren;Acumulado en lo que va de año;Gasto medio diario por persona;2020M12;262
Tren;Acumulado en lo que va de año;Gasto medio diario por persona;2020M11;259
Tren;Acumulado en lo que va de año;Gasto medio diario por persona;2020M10;258
Tren;Acumulado en lo que va de año;Gasto medio diario por persona;2020M09;253
Tren;Acumulado en lo que va de año;Gasto medio diario por persona;2020M08;254
Tren;Acumulado en lo que va de año;Gasto medio diario por persona;2020M07;252
Tren;Acumulado en lo que va de año;Gasto medio diario por persona;2020M06;230
Tren;Acumulado en lo que va de año;Gasto medio diario por persona;2020M05;230
Tren;Acumulado en lo que va de año;Gasto medio diario por persona;2020M04;230
Tren;Acumulado en lo que va de año;Gasto medio diario por persona;2020M03;230
Tren;Acumulado en lo que va de año;Gasto medio diario por persona;2020M02;238
Tren;Acumulado en lo que va de año;Gasto medio diario por persona;2020M01;232
Tren;Acumulado en lo que va de año;Gasto medio diario por persona;2019M12;212
Tren;Acumulado en lo que va de año;Gasto medio diario por persona;2019M11;211
Tren;Acumulado en lo que va de año;Gasto medio diario por persona;2019M10;211
Tren;Acumulado en lo que va de año;Gasto medio diario por persona;2019M09;209
Tren;Acumulado en lo que va de año;Gasto medio diario por persona;2019M08;216
Tren;Acumulado en lo que va de año;Gasto medio diario por persona;2019M07;234
Tren;Acumulado en lo que va de año;Gasto medio diario por persona;2019M06;228
Tren;Acumulado en lo que va de año;Gasto medio diario por persona;2019M05;222
Tren;Acumulado en lo que va de año;Gasto medio diario por persona;2019M04;214
Tren;Acumulado en lo que va de año;Gasto medio diario por persona;2019M03;204
Tren;Acumulado en lo que va de año;Gasto medio diario por persona;2019M02;204
Tren;Acumulado en lo que va de año;Gasto medio diario por persona;2019M01;208
Tren;Acumulado en lo que va de año;Gasto medio diario por persona;2018M12;213
Tren;Acumulado en lo que va de año;Gasto medio diario por persona;2018M11;214
Tren;Acumulado en lo que va de año;Gasto medio diario por persona;2018M10;214
Tren;Acumulado en lo que va de año;Gasto medio diario por persona;2018M09;210
Tren;Acumulado en lo que va de año;Gasto medio diario por persona;2018M08;216
Tren;Acumulado en lo que va de año;Gasto medio diario por persona;2018M07;232
Tren;Acumulado en lo que va de año;Gasto medio diario por persona;2018M06;224
Tren;Acumulado en lo que va de año;Gasto medio diario por persona;2018M05;212
Tren;Acumulado en lo que va de año;Gasto medio diario por persona;2018M04;216
Tren;Acumulado en lo que va de año;Gasto medio diario por persona;2018M03;225
Tren;Acumulado en lo que va de año;Gasto medio diario por persona;2018M02;196
Tren;Acumulado en lo que va de año;Gasto medio diario por persona;2018M01;130
Tren;Acumulado en lo que va de año;Gasto medio diario por persona;2017M12;211
Tren;Acumulado en lo que va de año;Gasto medio diario por persona;2017M11;212
Tren;Acumulado en lo que va de año;Gasto medio diario por persona;2017M10;213
Tren;Acumulado en lo que va de año;Gasto medio diario por persona;2017M09;210
Tren;Acumulado en lo que va de año;Gasto medio diario por persona;2017M08;217
Tren;Acumulado en lo que va de año;Gasto medio diario por persona;2017M07;231
Tren;Acumulado en lo que va de año;Gasto medio diario por persona;2017M06;220
Tren;Acumulado en lo que va de año;Gasto medio diario por persona;2017M05;202
Tren;Acumulado en lo que va de año;Gasto medio diario por persona;2017M04;190
Tren;Acumulado en lo que va de año;Gasto medio diario por persona;2017M03;154
Tren;Acumulado en lo que va de año;Gasto medio diario por persona;2017M02;146
Tren;Acumulado en lo que va de año;Gasto medio diario por persona;2017M01;141
Tren;Acumulado en lo que va de año;Gasto medio diario por persona;2016M12;194
Tren;Acumulado en lo que va de año;Gasto medio diario por persona;2016M11;198
Tren;Acumulado en lo que va de año;Gasto medio diario por persona;2016M10;200
Tren;Acumulado en lo que va de año;Gasto medio diario por persona;2016M09;206
Tren;Acumulado en lo que va de año;Gasto medio diario por persona;2016M08;206
Tren;Acumulado en lo que va de año;Gasto medio diario por persona;2016M07;211
Tren;Acumulado en lo que va de año;Gasto medio diario por persona;2016M06;206
Tren;Acumulado en lo que va de año;Gasto medio diario por persona;2016M05;194
Tren;Acumulado en lo que va de año;Gasto medio diario por persona;2016M04;173
Tren;Acumulado en lo que va de año;Gasto medio diario por persona;2016M03;180
Tren;Acumulado en lo que va de año;Gasto medio diario por persona;2016M02;178
Tren;Acumulado en lo que va de año;Gasto medio diario por persona;2016M01;178
Tren;Acumulado en lo que va de año;Gasto medio diario por persona;2015M12;""
Tren;Acumulado en lo que va de año;Gasto medio diario por persona;2015M11;""
Tren;Acumulado en lo que va de año;Gasto medio diario por persona;2015M10;""
Tren;Acumulado en lo que va de año;Duración media de los viajes;2026M07;5,10
Tren;Acumulado en lo que va de año;Duración media de los viajes;2026M06;5,19
Tren;Acumulado en lo que va de año;Duración media de los viajes;2026M05;5,40
Tren;Acumulado en lo que va de año;Duración media de los viajes;2026M04;5,63
Tren;Acumulado en lo que va de año;Duración media de los viajes;2026M03;5,91
Tren;Acumulado en lo que va de año;Duración media de los viajes;2026M02;6,28
Tren;Acumulado en lo que va de año;Duración media de los viajes;2026M01;7,29
Tren;Acumulado en lo que va de año;Duración media de los viajes;2025M12;5,35
Tren;Acumulado en lo que va de año;Duración media de los viajes;2025M11;5,28
Tren;Acumulado en lo que va de año;Duración media de los viajes;2025M10;5,27
Tren;Acumulado en lo que va de año;Duración media de los viajes;2025M09;5,25
Tren;Acumulado en lo que va de año;Duración media de los viajes;2025M08;5,04
Tren;Acumulado en lo que va de año;Duración media de los viajes;2025M07;4,75
Tren;Acumulado en lo que va de año;Duración media de los viajes;2025M06;4,69
Tren;Acumulado en lo que va de año;Duración media de los viajes;2025M05;4,64
Tren;Acumulado en lo que va de año;Duración media de los viajes;2025M04;4,83
Tren;Acumulado en lo que va de año;Duración media de los viajes;2025M03;5,21
Tren;Acumulado en lo que va de año;Duración media de los viajes;2025M02;5,38
Tren;Acumulado en lo que va de año;Duración media de los viajes;2025M01;6,75
Tren;Acumulado en lo que va de año;Duración media de los viajes;2024M12;5,38
Tren;Acumulado en lo que va de año;Duración media de los viajes;2024M11;5,36
Tren;Acumulado en lo que va de año;Duración media de los viajes;2024M10;5,38
Tren;Acumulado en lo que va de año;Duración media de los viajes;2024M09;5,39
Tren;Acumulado en lo que va de año;Duración media de los viajes;2024M08;5,31
Tren;Acumulado en lo que va de año;Duración media de los viajes;2024M07;5,10
Tren;Acumulado en lo que va de año;Duración media de los viajes;2024M06;5,01
Tren;Acumulado en lo que va de año;Duración media de los viajes;2024M05;4,95
Tren;Acumulado en lo que va de año;Duración media de los viajes;2024M04;5,12
Tren;Acumulado en lo que va de año;Duración media de los viajes;2024M03;5,44
Tren;Acumulado en lo que va de año;Duración media de los viajes;2024M02;5,65
Tren;Acumulado en lo que va de año;Duración media de los viajes;2024M01;6,35
Tren;Acumulado en lo que va de año;Duración media de los viajes;2023M12;5,43
Tren;Acumulado en lo que va de año;Duración media de los viajes;2023M11;5,39
Tren;Acumulado en lo que va de año;Duración media de los viajes;2023M10;5,38
Tren;Acumulado en lo que va de año;Duración media de los viajes;2023M09;5,36
Tren;Acumulado en lo que va de año;Duración media de los viajes;2023M08;5,25
Tren;Acumulado en lo que va de año;Duración media de los viajes;2023M07;4,94
Tren;Acumulado en lo que va de año;Duración media de los viajes;2023M06;4,76
Tren;Acumulado en lo que va de año;Duración media de los viajes;2023M05;4,64
Tren;Acumulado en lo que va de año;Duración media de los viajes;2023M04;4,95
Tren;Acumulado en lo que va de año;Duración media de los viajes;2023M03;5,23
Tren;Acumulado en lo que va de año;Duración media de los viajes;2023M02;5,42
Tren;Acumulado en lo que va de año;Duración media de los viajes;2023M01;6,01
Tren;Acumulado en lo que va de año;Duración media de los viajes;2022M12;5,60
Tren;Acumulado en lo que va de año;Duración media de los viajes;2022M11;5,60
Tren;Acumulado en lo que va de año;Duración media de los viajes;2022M10;5,61
Tren;Acumulado en lo que va de año;Duración media de los viajes;2022M09;5,64
Tren;Acumulado en lo que va de año;Duración media de los viajes;2022M08;5,48
Tren;Acumulado en lo que va de año;Duración media de los viajes;2022M07;5,09
Tren;Acumulado en lo que va de año;Duración media de los viajes;2022M06;5,16
Tren;Acumulado en lo que va de año;Duración media de los viajes;2022M05;5,52
Tren;Acumulado en lo que va de año;Duración media de los viajes;2022M04;5,55
Tren;Acumulado en lo que va de año;Duración media de los viajes;2022M03;5,97
Tren;Acumulado en lo que va de año;Duración media de los viajes;2022M02;6,22
Tren;Acumulado en lo que va de año;Duración media de los viajes;2022M01;6,83
Tren;Acumulado en lo que va de año;Duración media de los viajes;2021M12;5,59
Tren;Acumulado en lo que va de año;Duración media de los viajes;2021M11;5,52
Tren;Acumulado en lo que va de año;Duración media de los viajes;2021M10;5,41
Tren;Acumulado en lo que va de año;Duración media de los viajes;2021M09;5,31
Tren;Acumulado en lo que va de año;Duración media de los viajes;2021M08;5,26
Tren;Acumulado en lo que va de año;Duración media de los viajes;2021M07;4,90
Tren;Acumulado en lo que va de año;Duración media de los viajes;2021M06;5,04
Tren;Acumulado en lo que va de año;Duración media de los viajes;2021M05;5,18
Tren;Acumulado en lo que va de año;Duración media de los viajes;2021M04;5,32
Tren;Acumulado en lo que va de año;Duración media de los viajes;2021M03;5,76
Tren;Acumulado en lo que va de año;Duración media de los viajes;2021M02;6,05
Tren;Acumulado en lo que va de año;Duración media de los viajes;2021M01;6,36
Tren;Acumulado en lo que va de año;Duración media de los viajes;2020M12;5,91
Tren;Acumulado en lo que va de año;Duración media de los viajes;2020M11;5,94
Tren;Acumulado en lo que va de año;Duración media de los viajes;2020M10;5,95
Tren;Acumulado en lo que va de año;Duración media de los viajes;2020M09;5,99
Tren;Acumulado en lo que va de año;Duración media de los viajes;2020M08;5,84
Tren;Acumulado en lo que va de año;Duración media de los viajes;2020M07;5,59
Tren;Acumulado en lo que va de año;Duración media de los viajes;2020M06;5,78
Tren;Acumulado en lo que va de año;Duración media de los viajes;2020M05;5,78
Tren;Acumulado en lo que va de año;Duración media de los viajes;2020M04;5,78
Tren;Acumulado en lo que va de año;Duración media de los viajes;2020M03;5,78
Tren;Acumulado en lo que va de año;Duración media de los viajes;2020M02;5,70
Tren;Acumulado en lo que va de año;Duración media de los viajes;2020M01;6,11
Tren;Acumulado en lo que va de año;Duración media de los viajes;2019M12;5,46
Tren;Acumulado en lo que va de año;Duración media de los viajes;2019M11;5,48
Tren;Acumulado en lo que va de año;Duración media de los viajes;2019M10;5,50
Tren;Acumulado en lo que va de año;Duración media de los viajes;2019M09;5,58
Tren;Acumulado en lo que va de año;Duración media de los viajes;2019M08;5,39
Tren;Acumulado en lo que va de año;Duración media de los viajes;2019M07;5,01
Tren;Acumulado en lo que va de año;Duración media de los viajes;2019M06;4,96
Tren;Acumulado en lo que va de año;Duración media de los viajes;2019M05;4,72
Tren;Acumulado en lo que va de año;Duración media de los viajes;2019M04;4,82
Tren;Acumulado en lo que va de año;Duración media de los viajes;2019M03;5,00
Tren;Acumulado en lo que va de año;Duración media de los viajes;2019M02;5,03
Tren;Acumulado en lo que va de año;Duración media de los viajes;2019M01;5,41
Tren;Acumulado en lo que va de año;Duración media de los viajes;2018M12;5,85
Tren;Acumulado en lo que va de año;Duración media de los viajes;2018M11;5,86
Tren;Acumulado en lo que va de año;Duración media de los viajes;2018M10;5,85
Tren;Acumulado en lo que va de año;Duración media de los viajes;2018M09;5,94
Tren;Acumulado en lo que va de año;Duración media de los viajes;2018M08;5,89
Tren;Acumulado en lo que va de año;Duración media de los viajes;2018M07;5,80
Tren;Acumulado en lo que va de año;Duración media de los viajes;2018M06;5,80
Tren;Acumulado en lo que va de año;Duración media de los viajes;2018M05;5,82
Tren;Acumulado en lo que va de año;Duración media de los viajes;2018M04;5,98
Tren;Acumulado en lo que va de año;Duración media de los viajes;2018M03;6,20
Tren;Acumulado en lo que va de año;Duración media de los viajes;2018M02;7,04
Tren;Acumulado en lo que va de año;Duración media de los viajes;2018M01;10,12
Tren;Acumulado en lo que va de año;Duración media de los viajes;2017M12;5,64
Tren;Acumulado en lo que va de año;Duración media de los viajes;2017M11;5,57
Tren;Acumulado en lo que va de año;Duración media de los viajes;2017M10;5,59
Tren;Acumulado en lo que va de año;Duración media de los viajes;2017M09;5,63
Tren;Acumulado en lo que va de año;Duración media de los viajes;2017M08;5,57
Tren;Acumulado en lo que va de año;Duración media de los viajes;2017M07;5,41
Tren;Acumulado en lo que va de año;Duración media de los viajes;2017M06;5,66
Tren;Acumulado en lo que va de año;Duración media de los viajes;2017M05;5,91
Tren;Acumulado en lo que va de año;Duración media de los viajes;2017M04;6,12
Tren;Acumulado en lo que va de año;Duración media de los viajes;2017M03;6,76
Tren;Acumulado en lo que va de año;Duración media de los viajes;2017M02;7,02
Tren;Acumulado en lo que va de año;Duración media de los viajes;2017M01;7,04
Tren;Acumulado en lo que va de año;Duración media de los viajes;2016M12;6,24
Tren;Acumulado en lo que va de año;Duración media de los viajes;2016M11;6,14
Tren;Acumulado en lo que va de año;Duración media de los viajes;2016M10;6,11
Tren;Acumulado en lo que va de año;Duración media de los viajes;2016M09;6,00
Tren;Acumulado en lo que va de año;Duración media de los viajes;2016M08;5,96
Tren;Acumulado en lo que va de año;Duración media de los viajes;2016M07;6,05
Tren;Acumulado en lo que va de año;Duración media de los viajes;2016M06;5,91
Tren;Acumulado en lo que va de año;Duración media de los viajes;2016M05;6,22
Tren;Acumulado en lo que va de año;Duración media de los viajes;2016M04;6,69
Tren;Acumulado en lo que va de año;Duración media de los viajes;2016M03;6,49
Tren;Acumulado en lo que va de año;Duración media de los viajes;2016M02;7,00
Tren;Acumulado en lo que va de año;Duración media de los viajes;2016M01;7,01
Tren;Acumulado en lo que va de año;Duración media de los viajes;2015M12;""
Tren;Acumulado en lo que va de año;Duración media de los viajes;2015M11;""
Tren;Acumulado en lo que va de año;Duración media de los viajes;2015M10;""
Tren;Tasa de variación acumulada;Gasto total;2026M07;-5,34
Tren;Tasa de variación acumulada;Gasto total;2026M06;-3,98
Tren;Tasa de variación acumulada;Gasto total;2026M05;0,12
Tren;Tasa de variación acumulada;Gasto total;2026M04;4,28
Tren;Tasa de variación acumulada;Gasto total;2026M03;13,99
Tren;Tasa de variación acumulada;Gasto total;2026M02;15,24
Tren;Tasa de variación acumulada;Gasto total;2026M01;-31,74
Tren;Tasa de variación acumulada;Gasto total;2025M12;58,49
Tren;Tasa de variación acumulada;Gasto total;2025M11;59,88
Tren;Tasa de variación acumulada;Gasto total;2025M10;58,92
Tren;Tasa de variación acumulada;Gasto total;2025M09;66,84
Tren;Tasa de variación acumulada;Gasto total;2025M08;70,78
Tren;Tasa de variación acumulada;Gasto total;2025M07;76,33
Tren;Tasa de variación acumulada;Gasto total;2025M06;79,44
Tren;Tasa de variación acumulada;Gasto total;2025M05;80,71
Tren;Tasa de variación acumulada;Gasto total;2025M04;81,48
Tren;Tasa de variación acumulada;Gasto total;2025M03;81,48
Tren;Tasa de variación acumulada;Gasto total;2025M02;69,40
Tren;Tasa de variación acumulada;Gasto total;2025M01;53,22
Tren;Tasa de variación acumulada;Gasto total;2024M12;-15,38
Tren;Tasa de variación acumulada;Gasto total;2024M11;-13,68
Tren;Tasa de variación acumulada;Gasto total;2024M10;-10,64
Tren;Tasa de variación acumulada;Gasto total;2024M09;-16,32
Tren;Tasa de variación acumulada;Gasto total;2024M08;-15,93
Tren;Tasa de variación acumulada;Gasto total;2024M07;-13,70
Tren;Tasa de variación acumulada;Gasto total;2024M06;0,40
Tren;Tasa de variación acumulada;Gasto total;2024M05;20,49
Tren;Tasa de variación acumulada;Gasto total;2024M04;75,09
Tren;Tasa de variación acumulada;Gasto total;2024M03;131,37
Tren;Tasa de variación acumulada;Gasto total;2024M02;106,90
Tren;Tasa de variación acumulada;Gasto total;2024M01;77,92
Tren;Tasa de variación acumulada;Gasto total;2023M12;72,93
Tren;Tasa de variación acumulada;Gasto total;2023M11;68,64
Tren;Tasa de variación acumulada;Gasto total;2023M10;63,98
Tren;Tasa de variación acumulada;Gasto total;2023M09;62,44
Tren;Tasa de variación acumulada;Gasto total;2023M08;63,13
Tren;Tasa de variación acumulada;Gasto total;2023M07;67,58
Tren;Tasa de variación acumulada;Gasto total;2023M06;65,49
Tren;Tasa de variación acumulada;Gasto total;2023M05;65,63
Tren;Tasa de variación acumulada;Gasto total;2023M04;21,73
Tren;Tasa de variación acumulada;Gasto total;2023M03;4,80
Tren;Tasa de variación acumulada;Gasto total;2023M02;21,20
Tren;Tasa de variación acumulada;Gasto total;2023M01;50,98
Tren;Tasa de variación acumulada;Gasto total;2022M12;72,37
Tren;Tasa de variación acumulada;Gasto total;2022M11;78,30
Tren;Tasa de variación acumulada;Gasto total;2022M10;76,89
Tren;Tasa de variación acumulada;Gasto total;2022M09;76,99
Tren;Tasa de variación acumulada;Gasto total;2022M08;67,46
Tren;Tasa de variación acumulada;Gasto total;2022M07;61,60
Tren;Tasa de variación acumulada;Gasto total;2022M06;49,86
Tren;Tasa de variación acumulada;Gasto total;2022M05;17,03
Tren;Tasa de variación acumulada;Gasto total;2022M04;11,74
Tren;Tasa de variación acumulada;Gasto total;2022M03;-12,36
Tren;Tasa de variación acumulada;Gasto total;2022M02;-13,17
Tren;Tasa de variación acumulada;Gasto total;2022M01;-28,81
Tren;Tasa de variación acumulada;Gasto total;2021M12;31,72
Tren;Tasa de variación acumulada;Gasto total;2021M11;35,95
Tren;Tasa de variación acumulada;Gasto total;2021M10;32,90
Tren;Tasa de variación acumulada;Gasto total;2021M09;32,32
Tren;Tasa de variación acumulada;Gasto total;2021M08;37,56
Tren;Tasa de variación acumulada;Gasto total;2021M07;44,65
Tren;Tasa de variación acumulada;Gasto total;2021M06;48,71
Tren;Tasa de variación acumulada;Gasto total;2021M05;20,90
Tren;Tasa de variación acumulada;Gasto total;2021M04;-8,13
Tren;Tasa de variación acumulada;Gasto total;2021M03;-30,98
Tren;Tasa de variación acumulada;Gasto total;2021M02;-46,88
Tren;Tasa de variación acumulada;Gasto total;2021M01;-32,31
Tren;Tasa de variación acumulada;Gasto total;2020M12;-65,09
Tren;Tasa de variación acumulada;Gasto total;2020M11;-67,68
Tren;Tasa de variación acumulada;Gasto total;2020M10;-68,27
Tren;Tasa de variación acumulada;Gasto total;2020M09;-69,01
Tren;Tasa de variación acumulada;Gasto total;2020M08;-69,35
Tren;Tasa de variación acumulada;Gasto total;2020M07;-69,28
Tren;Tasa de variación acumulada;Gasto total;2020M06;-68,11
Tren;Tasa de variación acumulada;Gasto total;2020M05;-53,23
Tren;Tasa de variación acumulada;Gasto total;2020M04;-36,17
Tren;Tasa de variación acumulada;Gasto total;2020M03;3,13
Tren;Tasa de variación acumulada;Gasto total;2020M02;39,62
Tren;Tasa de variación acumulada;Gasto total;2020M01;23,90
Tren;Tasa de variación acumulada;Gasto total;2019M12;-4,84
Tren;Tasa de variación acumulada;Gasto total;2019M11;-4,18
Tren;Tasa de variación acumulada;Gasto total;2019M10;-0,88
Tren;Tasa de variación acumulada;Gasto total;2019M09;0,87
Tren;Tasa de variación acumulada;Gasto total;2019M08;-1,21
Tren;Tasa de variación acumulada;Gasto total;2019M07;-4,69
Tren;Tasa de variación acumulada;Gasto total;2019M06;0,06
Tren;Tasa de variación acumulada;Gasto total;2019M05;-5,53
Tren;Tasa de variación acumulada;Gasto total;2019M04;-9,04
Tren;Tasa de variación acumulada;Gasto total;2019M03;-23,77
Tren;Tasa de variación acumulada;Gasto total;2019M02;-20,91
Tren;Tasa de variación acumulada;Gasto total;2019M01;1,94
Tren;Tasa de variación acumulada;Gasto total;2018M12;-5,01
Tren;Tasa de variación acumulada;Gasto total;2018M11;-5,16
Tren;Tasa de variación acumulada;Gasto total;2018M10;-6,46
Tren;Tasa de variación acumulada;Gasto total;2018M09;-7,01
Tren;Tasa de variación acumulada;Gasto total;2018M08;-7,31
Tren;Tasa de variación acumulada;Gasto total;2018M07;-7,54
Tren;Tasa de variación acumulada;Gasto total;2018M06;-14,37
Tren;Tasa de variación acumulada;Gasto total;2018M05;-13,68
Tren;Tasa de variación acumulada;Gasto total;2018M04;-11,82
Tren;Tasa de variación acumulada;Gasto total;2018M03;15,70
Tren;Tasa de variación acumulada;Gasto total;2018M02;4,46
Tren;Tasa de variación acumulada;Gasto total;2018M01;-20,53
Tren;Tasa de variación acumulada;Gasto total;2017M12;1,02
Tren;Tasa de variación acumulada;Gasto total;2017M11;2,36
Tren;Tasa de variación acumulada;Gasto total;2017M10;2,57
Tren;Tasa de variación acumulada;Gasto total;2017M09;1,52
Tren;Tasa de variación acumulada;Gasto total;2017M08;3,13
Tren;Tasa de variación acumulada;Gasto total;2017M07;2,33
Tren;Tasa de variación acumulada;Gasto total;2017M06;6,47
Tren;Tasa de variación acumulada;Gasto total;2017M05;2,87
Tren;Tasa de variación acumulada;Gasto total;2017M04;8,61
Tren;Tasa de variación acumulada;Gasto total;2017M03;-14,87
Tren;Tasa de variación acumulada;Gasto total;2017M02;-19,46
Tren;Tasa de variación acumulada;Gasto total;2017M01;-15,45
Tren;Tasa de variación acumulada;Gasto total;2016M12;4,29
Tren;Tasa de variación acumulada;Gasto total;2016M11;4,00
Tren;Tasa de variación acumulada;Gasto total;2016M10;3,00
Tren;Tasa de variación acumulada;Gasto total;2016M09;1,56
Tren;Tasa de variación acumulada;Gasto total;2016M08;-0,24
Tren;Tasa de variación acumulada;Gasto total;2016M07;7,17
Tren;Tasa de variación acumulada;Gasto total;2016M06;11,62
Tren;Tasa de variación acumulada;Gasto total;2016M05;8,68
Tren;Tasa de variación acumulada;Gasto total;2016M04;3,86
Tren;Tasa de variación acumulada;Gasto total;2016M03;16,18
Tren;Tasa de variación acumulada;Gasto total;2016M02;20,84
Tren;Tasa de variación acumulada;Gasto total;2016M01;12,47
Tren;Tasa de variación acumulada;Gasto total;2015M12;""
Tren;Tasa de variación acumulada;Gasto total;2015M11;""
Tren;Tasa de variación acumulada;Gasto total;2015M10;""
Tren;Tasa de variación acumulada;Gasto medio por persona;2026M07;6,09
Tren;Tasa de variación acumulada;Gasto medio por persona;2026M06;3,62
Tren;Tasa de variación acumulada;Gasto medio por persona;2026M05;3,28
Tren;Tasa de variación acumulada;Gasto medio por persona;2026M04;2,36
Tren;Tasa de variación acumulada;Gasto medio por persona;2026M03;1,29
Tren;Tasa de variación acumulada;Gasto medio por persona;2026M02;0,30
Tren;Tasa de variación acumulada;Gasto medio por persona;2026M01;-5,07
Tren;Tasa de variación acumulada;Gasto medio por persona;2025M12;-2,24
Tren;Tasa de variación acumulada;Gasto medio por persona;2025M11;-2,29
Tren;Tasa de variación acumulada;Gasto medio por persona;2025M10;-2,18
Tren;Tasa de variación acumulada;Gasto medio por persona;2025M09;2,65
Tren;Tasa de variación acumulada;Gasto medio por persona;2025M08;3,98
Tren;Tasa de variación acumulada;Gasto medio por persona;2025M07;5,76
Tren;Tasa de variación acumulada;Gasto medio por persona;2025M06;6,53
Tren;Tasa de variación acumulada;Gasto medio por persona;2025M05;6,56
Tren;Tasa de variación acumulada;Gasto medio por persona;2025M04;9,52
Tren;Tasa de variación acumulada;Gasto medio por persona;2025M03;13,87
Tren;Tasa de variación acumulada;Gasto medio por persona;2025M02;9,97
Tren;Tasa de variación acumulada;Gasto medio por persona;2025M01;-0,06
Tren;Tasa de variación acumulada;Gasto medio por persona;2024M12;3,46
Tren;Tasa de variación acumulada;Gasto medio por persona;2024M11;3,12
Tren;Tasa de variación acumulada;Gasto medio por persona;2024M10;4,67
Tren;Tasa de variación acumulada;Gasto medio por persona;2024M09;0,08
Tren;Tasa de variación acumulada;Gasto medio por persona;2024M08;-1,15
Tren;Tasa de variación acumulada;Gasto medio por persona;2024M07;-4,52
Tren;Tasa de variación acumulada;Gasto medio por persona;2024M06;0,32
Tren;Tasa de variación acumulada;Gasto medio por persona;2024M05;10,06
Tren;Tasa de variación acumulada;Gasto medio por persona;2024M04;36,81
Tren;Tasa de variación acumulada;Gasto medio por persona;2024M03;59,80
Tren;Tasa de variación acumulada;Gasto medio por persona;2024M02;40,20
Tren;Tasa de variación acumulada;Gasto medio por persona;2024M01;14,71
Tren;Tasa de variación acumulada;Gasto medio por persona;2023M12;19,14
Tren;Tasa de variación acumulada;Gasto medio por persona;2023M11;19,94
Tren;Tasa de variación acumulada;Gasto medio por persona;2023M10;18,29
Tren;Tasa de variación acumulada;Gasto medio por persona;2023M09;16,75
Tren;Tasa de variación acumulada;Gasto medio por persona;2023M08;15,15
Tren;Tasa de variación acumulada;Gasto medio por persona;2023M07;16,04
Tren;Tasa de variación acumulada;Gasto medio por persona;2023M06;11,23
Tren;Tasa de variación acumulada;Gasto medio por persona;2023M05;3,85
Tren;Tasa de variación acumulada;Gasto medio por persona;2023M04;-17,27
Tren;Tasa de variación acumulada;Gasto medio por persona;2023M03;-29,55
Tren;Tasa de variación acumulada;Gasto medio por persona;2023M02;-21,61
Tren;Tasa de variación acumulada;Gasto medio por persona;2023M01;-2,41
Tren;Tasa de variación acumulada;Gasto medio por persona;2022M12;1,57
Tren;Tasa de variación acumulada;Gasto medio por persona;2022M11;2,64
Tren;Tasa de variación acumulada;Gasto medio por persona;2022M10;1,12
Tren;Tasa de variación acumulada;Gasto medio por persona;2022M09;-2,33
Tren;Tasa de variación acumulada;Gasto medio por persona;2022M08;-3,68
Tren;Tasa de variación acumulada;Gasto medio por persona;2022M07;-12,11
Tren;Tasa de variación acumulada;Gasto medio por persona;2022M06;-22,32
Tren;Tasa de variación acumulada;Gasto medio por persona;2022M05;-30,67
Tren;Tasa de variación acumulada;Gasto medio por persona;2022M04;-33,46
Tren;Tasa de variación acumulada;Gasto medio por persona;2022M03;-36,66
Tren;Tasa de variación acumulada;Gasto medio por persona;2022M02;-32,46
Tren;Tasa de variación acumulada;Gasto medio por persona;2022M01;-21,45
Tren;Tasa de variación acumulada;Gasto medio por persona;2021M12;-14,06
Tren;Tasa de variación acumulada;Gasto medio por persona;2021M11;-14,20
Tren;Tasa de variación acumulada;Gasto medio por persona;2021M10;-12,91
Tren;Tasa de variación acumulada;Gasto medio por persona;2021M09;-8,92
Tren;Tasa de variación acumulada;Gasto medio por persona;2021M08;-3,99
Tren;Tasa de variación acumulada;Gasto medio por persona;2021M07;11,77
Tren;Tasa de variación acumulada;Gasto medio por persona;2021M06;28,55
Tren;Tasa de variación acumulada;Gasto medio por persona;2021M05;34,54
Tren;Tasa de variación acumulada;Gasto medio por persona;2021M04;38,69
Tren;Tasa de variación acumulada;Gasto medio por persona;2021M03;42,03
Tren;Tasa de variación acumulada;Gasto medio por persona;2021M02;35,09
Tren;Tasa de variación acumulada;Gasto medio por persona;2021M01;25,15
Tren;Tasa de variación acumulada;Gasto medio por persona;2020M12;33,91
Tren;Tasa de variación acumulada;Gasto medio por persona;2020M11;32,88
Tren;Tasa de variación acumulada;Gasto medio por persona;2020M10;32,58
Tren;Tasa de variación acumulada;Gasto medio por persona;2020M09;30,52
Tren;Tasa de variación acumulada;Gasto medio por persona;2020M08;27,21
Tren;Tasa de variación acumulada;Gasto medio por persona;2020M07;20,48
Tren;Tasa de variación acumulada;Gasto medio por persona;2020M06;17,94
Tren;Tasa de variación acumulada;Gasto medio por persona;2020M05;27,08
Tren;Tasa de variación acumulada;Gasto medio por persona;2020M04;28,84
Tren;Tasa de variación acumulada;Gasto medio por persona;2020M03;30,53
Tren;Tasa de variación acumulada;Gasto medio por persona;2020M02;32,03
Tren;Tasa de variación acumulada;Gasto medio por persona;2020M01;26,03
Tren;Tasa de variación acumulada;Gasto medio por persona;2019M12;-7,18
Tren;Tasa de variación acumulada;Gasto medio por persona;2019M11;-7,78
Tren;Tasa de variación acumulada;Gasto medio por persona;2019M10;-7,44
Tren;Tasa de variación acumulada;Gasto medio por persona;2019M09;-6,57
Tren;Tasa de variación acumulada;Gasto medio por persona;2019M08;-8,58
Tren;Tasa de variación acumulada;Gasto medio por persona;2019M07;-12,85
Tren;Tasa de variación acumulada;Gasto medio por persona;2019M06;-13,05
Tren;Tasa de variación acumulada;Gasto medio por persona;2019M05;-15,06
Tren;Tasa de variación acumulada;Gasto medio por persona;2019M04;-20,07
Tren;Tasa de variación acumulada;Gasto medio por persona;2019M03;-27,00
Tren;Tasa de variación acumulada;Gasto medio por persona;2019M02;-25,59
Tren;Tasa de variación acumulada;Gasto medio por persona;2019M01;-14,82
Tren;Tasa de variación acumulada;Gasto medio por persona;2018M12;4,93
Tren;Tasa de variación acumulada;Gasto medio por persona;2018M11;6,07
Tren;Tasa de variación acumulada;Gasto medio por persona;2018M10;5,49
Tren;Tasa de variación acumulada;Gasto medio por persona;2018M09;5,28
Tren;Tasa de variación acumulada;Gasto medio por persona;2018M08;5,50
Tren;Tasa de variación acumulada;Gasto medio por persona;2018M07;7,31
Tren;Tasa de variación acumulada;Gasto medio por persona;2018M06;4,29
Tren;Tasa de variación acumulada;Gasto medio por persona;2018M05;3,58
Tren;Tasa de variación acumulada;Gasto medio por persona;2018M04;11,01
Tren;Tasa de variación acumulada;Gasto medio por persona;2018M03;33,87
Tren;Tasa de variación acumulada;Gasto medio por persona;2018M02;34,49
Tren;Tasa de variación acumulada;Gasto medio por persona;2018M01;32,56
Tren;Tasa de variación acumulada;Gasto medio por persona;2017M12;-1,91
Tren;Tasa de variación acumulada;Gasto medio por persona;2017M11;-2,82
Tren;Tasa de variación acumulada;Gasto medio por persona;2017M10;-3,02
Tren;Tasa de variación acumulada;Gasto medio por persona;2017M09;-4,39
Tren;Tasa de variación acumulada;Gasto medio por persona;2017M08;-2,02
Tren;Tasa de variación acumulada;Gasto medio por persona;2017M07;-2,05
Tren;Tasa de variación acumulada;Gasto medio por persona;2017M06;2,08
Tren;Tasa de variación acumulada;Gasto medio por persona;2017M05;-1,17
Tren;Tasa de variación acumulada;Gasto medio por persona;2017M04;0,58
Tren;Tasa de variación acumulada;Gasto medio por persona;2017M03;-10,80
Tren;Tasa de variación acumulada;Gasto medio por persona;2017M02;-17,64
Tren;Tasa de variación acumulada;Gasto medio por persona;2017M01;-20,01
Tren;Tasa de variación acumulada;Gasto medio por persona;2016M12;-2,15
Tren;Tasa de variación acumulada;Gasto medio por persona;2016M11;-0,78
Tren;Tasa de variación acumulada;Gasto medio por persona;2016M10;-1,46
Tren;Tasa de variación acumulada;Gasto medio por persona;2016M09;-3,40
Tren;Tasa de variación acumulada;Gasto medio por persona;2016M08;-4,01
Tren;Tasa de variación acumulada;Gasto medio por persona;2016M07;-0,82
Tren;Tasa de variación acumulada;Gasto medio por persona;2016M06;1,09
Tren;Tasa de variación acumulada;Gasto medio por persona;2016M05;0,77
Tren;Tasa de variación acumulada;Gasto medio por persona;2016M04;-3,36
Tren;Tasa de variación acumulada;Gasto medio por persona;2016M03;-2,70
Tren;Tasa de variación acumulada;Gasto medio por persona;2016M02;4,45
Tren;Tasa de variación acumulada;Gasto medio por persona;2016M01;4,27
Tren;Tasa de variación acumulada;Gasto medio por persona;2015M12;""
Tren;Tasa de variación acumulada;Gasto medio por persona;2015M11;""
Tren;Tasa de variación acumulada;Gasto medio por persona;2015M10;""
Tren;Tasa de variación acumulada;Gasto medio diario por persona;2026M07;-1,35
Tren;Tasa de variación acumulada;Gasto medio diario por persona;2026M06;-6,25
Tren;Tasa de variación acumulada;Gasto medio diario por persona;2026M05;-11,42
Tren;Tasa de variación acumulada;Gasto medio diario por persona;2026M04;-12,29
Tren;Tasa de variación acumulada;Gasto medio diario por persona;2026M03;-10,57
Tren;Tasa de variación acumulada;Gasto medio diario por persona;2026M02;-14,06
Tren;Tasa de variación acumulada;Gasto medio diario por persona;2026M01;-12,00
Tren;Tasa de variación acumulada;Gasto medio diario por persona;2025M12;-1,55
Tren;Tasa de variación acumulada;Gasto medio diario por persona;2025M11;-0,94
Tren;Tasa de variación acumulada;Gasto medio diario por persona;2025M10;-0,10
Tren;Tasa de variación acumulada;Gasto medio diario por persona;2025M09;5,37
Tren;Tasa de variación acumulada;Gasto medio diario por persona;2025M08;9,67
Tren;Tasa de variación acumulada;Gasto medio diario por persona;2025M07;13,72
Tren;Tasa de variación acumulada;Gasto medio diario por persona;2025M06;13,85
Tren;Tasa de variación acumulada;Gasto medio diario por persona;2025M05;13,80
Tren;Tasa de variación acumulada;Gasto medio diario por persona;2025M04;16,17
Tren;Tasa de variación acumulada;Gasto medio diario por persona;2025M03;18,88
Tren;Tasa de variación acumulada;Gasto medio diario por persona;2025M02;15,48
Tren;Tasa de variación acumulada;Gasto medio diario por persona;2025M01;-6,01
Tren;Tasa de variación acumulada;Gasto medio diario por persona;2024M12;4,38
Tren;Tasa de variación acumulada;Gasto medio diario por persona;2024M11;3,80
Tren;Tasa de variación acumulada;Gasto medio diario por persona;2024M10;4,72
Tren;Tasa de variación acumulada;Gasto medio diario por persona;2024M09;-0,39
Tren;Tasa de variación acumulada;Gasto medio diario por persona;2024M08;-2,30
Tren;Tasa de variación acumulada;Gasto medio diario por persona;2024M07;-7,59
Tren;Tasa de variación acumulada;Gasto medio diario por persona;2024M06;-4,68
Tren;Tasa de variación acumulada;Gasto medio diario por persona;2024M05;3,08
Tren;Tasa de variación acumulada;Gasto medio diario por persona;2024M04;32,35
Tren;Tasa de variación acumulada;Gasto medio diario por persona;2024M03;53,62
Tren;Tasa de variación acumulada;Gasto medio diario por persona;2024M02;34,54
Tren;Tasa de variación acumulada;Gasto medio diario por persona;2024M01;8,48
Tren;Tasa de variación acumulada;Gasto medio diario por persona;2023M12;22,90
Tren;Tasa de variación acumulada;Gasto medio diario por persona;2023M11;24,51
Tren;Tasa de variación acumulada;Gasto medio diario por persona;2023M10;23,36
Tren;Tasa de variación acumulada;Gasto medio diario por persona;2023M09;22,88
Tren;Tasa de variación acumulada;Gasto medio diario por persona;2023M08;20,26
Tren;Tasa de variación acumulada;Gasto medio diario por persona;2023M07;19,53
Tren;Tasa de variación acumulada;Gasto medio diario por persona;2023M06;20,40
Tren;Tasa de variación acumulada;Gasto medio diario por persona;2023M05;23,73
Tren;Tasa de variación acumulada;Gasto medio diario por persona;2023M04;-7,32
Tren;Tasa de variación acumulada;Gasto medio diario por persona;2023M03;-19,68
Tren;Tasa de variación acumulada;Gasto medio diario por persona;2023M02;-10,06
Tren;Tasa de variación acumulada;Gasto medio diario por persona;2023M01;10,98
Tren;Tasa de variación acumulada;Gasto medio diario por persona;2022M12;1,27
Tren;Tasa de variación acumulada;Gasto medio diario por persona;2022M11;1,22
Tren;Tasa de variación acumulada;Gasto medio diario por persona;2022M10;-2,53
Tren;Tasa de variación acumulada;Gasto medio diario por persona;2022M09;-8,12
Tren;Tasa de variación acumulada;Gasto medio diario por persona;2022M08;-7,66
Tren;Tasa de variación acumulada;Gasto medio diario por persona;2022M07;-15,41
Tren;Tasa de variación acumulada;Gasto medio diario por persona;2022M06;-24,00
Tren;Tasa de variación acumulada;Gasto medio diario por persona;2022M05;-34,96
Tren;Tasa de variación acumulada;Gasto medio diario por persona;2022M04;-36,21
Tren;Tasa de variación acumulada;Gasto medio diario por persona;2022M03;-38,85
Tren;Tasa de variación acumulada;Gasto medio diario por persona;2022M02;-34,31
Tren;Tasa de variación acumulada;Gasto medio diario por persona;2022M01;-26,86
Tren;Tasa de variación acumulada;Gasto medio diario por persona;2021M12;-9,03
Tren;Tasa de variación acumulada;Gasto medio diario por persona;2021M11;-7,74
Tren;Tasa de variación acumulada;Gasto medio diario por persona;2021M10;-4,18
Tren;Tasa de variación acumulada;Gasto medio diario por persona;2021M09;2,82
Tren;Tasa de variación acumulada;Gasto medio diario por persona;2021M08;6,60
Tren;Tasa de variación acumulada;Gasto medio diario por persona;2021M07;27,55
Tren;Tasa de variación acumulada;Gasto medio diario por persona;2021M06;47,34
Tren;Tasa de variación acumulada;Gasto medio diario por persona;2021M05;50,11
Tren;Tasa de variación acumulada;Gasto medio diario por persona;2021M04;50,82
Tren;Tasa de variación acumulada;Gasto medio diario por persona;2021M03;42,57
Tren;Tasa de variación acumulada;Gasto medio diario por persona;2021M02;27,33
Tren;Tasa de variación acumulada;Gasto medio diario por persona;2021M01;20,25
Tren;Tasa de variación acumulada;Gasto medio diario por persona;2020M12;23,57
Tren;Tasa de variación acumulada;Gasto medio diario por persona;2020M11;22,70
Tren;Tasa de variación acumulada;Gasto medio diario por persona;2020M10;22,66
Tren;Tasa de variación acumulada;Gasto medio diario por persona;2020M09;21,44
Tren;Tasa de variación acumulada;Gasto medio diario por persona;2020M08;17,45
Tren;Tasa de variación acumulada;Gasto medio diario por persona;2020M07;8,06
Tren;Tasa de variación acumulada;Gasto medio diario por persona;2020M06;1,21
Tren;Tasa de variación acumulada;Gasto medio diario por persona;2020M05;3,75
Tren;Tasa de variación acumulada;Gasto medio diario por persona;2020M04;7,49
Tren;Tasa de variación acumulada;Gasto medio diario por persona;2020M03;12,92
Tren;Tasa de variación acumulada;Gasto medio diario por persona;2020M02;16,47
Tren;Tasa de variación acumulada;Gasto medio diario por persona;2020M01;11,51
Tren;Tasa de variación acumulada;Gasto medio diario por persona;2019M12;-0,43
Tren;Tasa de variación acumulada;Gasto medio diario por persona;2019M11;-1,42
Tren;Tasa de variación acumulada;Gasto medio diario por persona;2019M10;-1,68
Tren;Tasa de variación acumulada;Gasto medio diario por persona;2019M09;-0,47
Tren;Tasa de variación acumulada;Gasto medio diario por persona;2019M08;-0,05
Tren;Tasa de variación acumulada;Gasto medio diario por persona;2019M07;0,84
Tren;Tasa de variación acumulada;Gasto medio diario por persona;2019M06;1,60
Tren;Tasa de variación acumulada;Gasto medio diario por persona;2019M05;4,81
Tren;Tasa de variación acumulada;Gasto medio diario por persona;2019M04;-0,87
Tren;Tasa de variación acumulada;Gasto medio diario por persona;2019M03;-9,55
Tren;Tasa de variación acumulada;Gasto medio diario por persona;2019M02;4,14
Tren;Tasa de variación acumulada;Gasto medio diario por persona;2019M01;59,38
Tren;Tasa de variación acumulada;Gasto medio diario por persona;2018M12;1,08
Tren;Tasa de variación acumulada;Gasto medio diario por persona;2018M11;0,90
Tren;Tasa de variación acumulada;Gasto medio diario por persona;2018M10;0,79
Tren;Tasa de variación acumulada;Gasto medio diario por persona;2018M09;-0,21
Tren;Tasa de variación acumulada;Gasto medio diario por persona;2018M08;-0,25
Tren;Tasa de variación acumulada;Gasto medio diario por persona;2018M07;0,09
Tren;Tasa de variación acumulada;Gasto medio diario por persona;2018M06;1,81
Tren;Tasa de variación acumulada;Gasto medio diario por persona;2018M05;5,03
Tren;Tasa de variación acumulada;Gasto medio diario por persona;2018M04;13,64
Tren;Tasa de variación acumulada;Gasto medio diario por persona;2018M03;46,06
Tren;Tasa de variación acumulada;Gasto medio diario por persona;2018M02;34,11
Tren;Tasa de variación acumulada;Gasto medio diario por persona;2018M01;-7,81
Tren;Tasa de variación acumulada;Gasto medio diario por persona;2017M12;8,60
Tren;Tasa de variación acumulada;Gasto medio diario por persona;2017M11;7,11
Tren;Tasa de variación acumulada;Gasto medio diario por persona;2017M10;6,03
Tren;Tasa de variación acumulada;Gasto medio diario por persona;2017M09;1,79
Tren;Tasa de variación acumulada;Gasto medio diario por persona;2017M08;4,90
Tren;Tasa de variación acumulada;Gasto medio diario por persona;2017M07;9,50
Tren;Tasa de variación acumulada;Gasto medio diario por persona;2017M06;6,60
Tren;Tasa de variación acumulada;Gasto medio diario por persona;2017M05;4,01
Tren;Tasa de variación acumulada;Gasto medio diario por persona;2017M04;9,87
Tren;Tasa de variación acumulada;Gasto medio diario por persona;2017M03;-14,40
Tren;Tasa de variación acumulada;Gasto medio diario por persona;2017M02;-17,80
Tren;Tasa de variación acumulada;Gasto medio diario por persona;2017M01;-20,32
Tren;Tasa de variación acumulada;Gasto medio diario por persona;2016M12;0,68
Tren;Tasa de variación acumulada;Gasto medio diario por persona;2016M11;2,78
Tren;Tasa de variación acumulada;Gasto medio diario por persona;2016M10;4,30
Tren;Tasa de variación acumulada;Gasto medio diario por persona;2016M09;7,02
Tren;Tasa de variación acumulada;Gasto medio diario por persona;2016M08;6,64
Tren;Tasa de variación acumulada;Gasto medio diario por persona;2016M07;3,84
Tren;Tasa de variación acumulada;Gasto medio diario por persona;2016M06;9,65
Tren;Tasa de variación acumulada;Gasto medio diario por persona;2016M05;6,72
Tren;Tasa de variación acumulada;Gasto medio diario por persona;2016M04;0,40
Tren;Tasa de variación acumulada;Gasto medio diario por persona;2016M03;6,18
Tren;Tasa de variación acumulada;Gasto medio diario por persona;2016M02;1,93
Tren;Tasa de variación acumulada;Gasto medio diario por persona;2016M01;4,10
Tren;Tasa de variación acumulada;Gasto medio diario por persona;2015M12;""
Tren;Tasa de variación acumulada;Gasto medio diario por persona;2015M11;""
Tren;Tasa de variación acumulada;Gasto medio diario por persona;2015M10;""
Tren;Tasa de variación acumulada;Duración media de los viajes;2026M07;7,54
Tren;Tasa de variación acumulada;Duración media de los viajes;2026M06;10,52
Tren;Tasa de variación acumulada;Duración media de los viajes;2026M05;16,59
Tren;Tasa de variación acumulada;Duración media de los viajes;2026M04;16,70
Tren;Tasa de variación acumulada;Duración media de los viajes;2026M03;13,26
Tren;Tasa de variación acumulada;Duración media de los viajes;2026M02;16,71
Tren;Tasa de variación acumulada;Duración media de los viajes;2026M01;7,89
Tren;Tasa de variación acumulada;Duración media de los viajes;2025M12;-0,70
Tren;Tasa de variación acumulada;Duración media de los viajes;2025M11;-1,36
Tren;Tasa de variación acumulada;Duración media de los viajes;2025M10;-2,08
Tren;Tasa de variación acumulada;Duración media de los viajes;2025M09;-2,58
Tren;Tasa de variación acumulada;Duración media de los viajes;2025M08;-5,19
Tren;Tasa de variación acumulada;Duración media de los viajes;2025M07;-6,99
Tren;Tasa de variación acumulada;Duración media de los viajes;2025M06;-6,43
Tren;Tasa de variación acumulada;Duración media de los viajes;2025M05;-6,36
Tren;Tasa de variación acumulada;Duración media de los viajes;2025M04;-5,73
Tren;Tasa de variación acumulada;Duración media de los viajes;2025M03;-4,21
Tren;Tasa de variación acumulada;Duración media de los viajes;2025M02;-4,77
Tren;Tasa de variación acumulada;Duración media de los viajes;2025M01;6,34
Tren;Tasa de variación acumulada;Duración media de los viajes;2024M12;-0,88
Tren;Tasa de variación acumulada;Duración media de los viajes;2024M11;-0,66
Tren;Tasa de variación acumulada;Duración media de los viajes;2024M10;-0,04
Tren;Tasa de variación acumulada;Duración media de los viajes;2024M09;0,48
Tren;Tasa de variación acumulada;Duración media de los viajes;2024M08;1,18
Tren;Tasa de variación acumulada;Duración media de los viajes;2024M07;3,32
Tren;Tasa de variación acumulada;Duración media de los viajes;2024M06;5,25
Tren;Tasa de variación acumulada;Duración media de los viajes;2024M05;6,78
Tren;Tasa de variación acumulada;Duración media de los viajes;2024M04;3,37
Tren;Tasa de variación acumulada;Duración media de los viajes;2024M03;4,02
Tren;Tasa de variación acumulada;Duración media de los viajes;2024M02;4,21
Tren;Tasa de variación acumulada;Duración media de los viajes;2024M01;5,74
Tren;Tasa de variación acumulada;Duración media de los viajes;2023M12;-3,06
Tren;Tasa de variación acumulada;Duración media de los viajes;2023M11;-3,67
Tren;Tasa de variación acumulada;Duración media de los viajes;2023M10;-4,11
Tren;Tasa de variación acumulada;Duración media de los viajes;2023M09;-4,99
Tren;Tasa de variación acumulada;Duración media de los viajes;2023M08;-4,25
Tren;Tasa de variación acumulada;Duración media de los viajes;2023M07;-2,92
Tren;Tasa de variación acumulada;Duración media de los viajes;2023M06;-7,61
Tren;Tasa de variación acumulada;Duración media de los viajes;2023M05;-16,07
Tren;Tasa de variación acumulada;Duración media de los viajes;2023M04;-10,74
Tren;Tasa de variación acumulada;Duración media de los viajes;2023M03;-12,29
Tren;Tasa de variación acumulada;Duración media de los viajes;2023M02;-12,84
Tren;Tasa de variación acumulada;Duración media de los viajes;2023M01;-12,07
Tren;Tasa de variación acumulada;Duración media de los viajes;2022M12;0,30
Tren;Tasa de variación acumulada;Duración media de los viajes;2022M11;1,40
Tren;Tasa de variación acumulada;Duración media de los viajes;2022M10;3,75
Tren;Tasa de variación acumulada;Duración media de los viajes;2022M09;6,30
Tren;Tasa de variación acumulada;Duración media de los viajes;2022M08;4,32
Tren;Tasa de variación acumulada;Duración media de los viajes;2022M07;3,90
Tren;Tasa de variación acumulada;Duración media de los viajes;2022M06;2,21
Tren;Tasa de variación acumulada;Duración media de los viajes;2022M05;6,59
Tren;Tasa de variación acumulada;Duración media de los viajes;2022M04;4,32
Tren;Tasa de variación acumulada;Duración media de los viajes;2022M03;3,58
Tren;Tasa de variación acumulada;Duración media de los viajes;2022M02;2,81
Tren;Tasa de variación acumulada;Duración media de los viajes;2022M01;7,39
Tren;Tasa de variación acumulada;Duración media de los viajes;2021M12;-5,53
Tren;Tasa de variación acumulada;Duración media de los viajes;2021M11;-7,00
Tren;Tasa de variación acumulada;Duración media de los viajes;2021M10;-9,11
Tren;Tasa de variación acumulada;Duración media de los viajes;2021M09;-11,42
Tren;Tasa de variación acumulada;Duración media de los viajes;2021M08;-9,94
Tren;Tasa de variación acumulada;Duración media de los viajes;2021M07;-12,37
Tren;Tasa de variación acumulada;Duración media de los viajes;2021M06;-12,75
Tren;Tasa de variación acumulada;Duración media de los viajes;2021M05;-10,37
Tren;Tasa de variación acumulada;Duración media de los viajes;2021M04;-8,04
Tren;Tasa de variación acumulada;Duración media de los viajes;2021M03;-0,38
Tren;Tasa de variación acumulada;Duración media de los viajes;2021M02;6,09
Tren;Tasa de variación acumulada;Duración media de los viajes;2021M01;4,08
Tren;Tasa de variación acumulada;Duración media de los viajes;2020M12;8,37
Tren;Tasa de variación acumulada;Duración media de los viajes;2020M11;8,30
Tren;Tasa de variación acumulada;Duración media de los viajes;2020M10;8,09
Tren;Tasa de variación acumulada;Duración media de los viajes;2020M09;7,47
Tren;Tasa de variación acumulada;Duración media de los viajes;2020M08;8,32
Tren;Tasa de variación acumulada;Duración media de los viajes;2020M07;11,49
Tren;Tasa de variación acumulada;Duración media de los viajes;2020M06;16,52
Tren;Tasa de variación acumulada;Duración media de los viajes;2020M05;22,49
Tren;Tasa de variación acumulada;Duración media de los viajes;2020M04;19,86
Tren;Tasa de variación acumulada;Duración media de los viajes;2020M03;15,60
Tren;Tasa de variación acumulada;Duración media de los viajes;2020M02;13,36
Tren;Tasa de variación acumulada;Duración media de los viajes;2020M01;13,02
Tren;Tasa de variación acumulada;Duración media de los viajes;2019M12;-6,78
Tren;Tasa de variación acumulada;Duración media de los viajes;2019M11;-6,45
Tren;Tasa de variación acumulada;Duración media de los viajes;2019M10;-5,86
Tren;Tasa de variación acumulada;Duración media de los viajes;2019M09;-6,13
Tren;Tasa de variación acumulada;Duración media de los viajes;2019M08;-8,53
Tren;Tasa de variación acumulada;Duración media de los viajes;2019M07;-13,57
Tren;Tasa de variación acumulada;Duración media de los viajes;2019M06;-14,41
Tren;Tasa de variación acumulada;Duración media de los viajes;2019M05;-18,95
Tren;Tasa de variación acumulada;Duración media de los viajes;2019M04;-19,36
Tren;Tasa de variación acumulada;Duración media de los viajes;2019M03;-19,29
Tren;Tasa de variación acumulada;Duración media de los viajes;2019M02;-28,55
Tren;Tasa de variación acumulada;Duración media de los viajes;2019M01;-46,56
Tren;Tasa de variación acumulada;Duración media de los viajes;2018M12;3,81
Tren;Tasa de variación acumulada;Duración media de los viajes;2018M11;5,13
Tren;Tasa de variación acumulada;Duración media de los viajes;2018M10;4,66
Tren;Tasa de variación acumulada;Duración media de los viajes;2018M09;5,50
Tren;Tasa de variación acumulada;Duración media de los viajes;2018M08;5,76
Tren;Tasa de variación acumulada;Duración media de los viajes;2018M07;7,21
Tren;Tasa de variación acumulada;Duración media de los viajes;2018M06;2,44
Tren;Tasa de variación acumulada;Duración media de los viajes;2018M05;-1,38
Tren;Tasa de variación acumulada;Duración media de los viajes;2018M04;-2,32
Tren;Tasa de variación acumulada;Duración media de los viajes;2018M03;-8,34
Tren;Tasa de variación acumulada;Duración media de los viajes;2018M02;0,28
Tren;Tasa de variación acumulada;Duración media de los viajes;2018M01;43,79
Tren;Tasa de variación acumulada;Duración media de los viajes;2017M12;-9,68
Tren;Tasa de variación acumulada;Duración media de los viajes;2017M11;-9,28
Tren;Tasa de variación acumulada;Duración media de los viajes;2017M10;-8,54
Tren;Tasa de variación acumulada;Duración media de los viajes;2017M09;-6,08
Tren;Tasa de variación acumulada;Duración media de los viajes;2017M08;-6,60
Tren;Tasa de variación acumulada;Duración media de los viajes;2017M07;-10,55
Tren;Tasa de variación acumulada;Duración media de los viajes;2017M06;-4,24
Tren;Tasa de variación acumulada;Duración media de los viajes;2017M05;-4,98
Tren;Tasa de variación acumulada;Duración media de los viajes;2017M04;-8,46
Tren;Tasa de variación acumulada;Duración media de los viajes;2017M03;4,20
Tren;Tasa de variación acumulada;Duración media de los viajes;2017M02;0,20
Tren;Tasa de variación acumulada;Duración media de los viajes;2017M01;0,39
Tren;Tasa de variación acumulada;Duración media de los viajes;2016M12;-2,81
Tren;Tasa de variación acumulada;Duración media de los viajes;2016M11;-3,46
Tren;Tasa de variación acumulada;Duración media de los viajes;2016M10;-5,52
Tren;Tasa de variación acumulada;Duración media de los viajes;2016M09;-9,74
Tren;Tasa de variación acumulada;Duración media de los viajes;2016M08;-9,99
Tren;Tasa de variación acumulada;Duración media de los viajes;2016M07;-4,49
Tren;Tasa de variación acumulada;Duración media de los viajes;2016M06;-7,81
Tren;Tasa de variación acumulada;Duración media de los viajes;2016M05;-5,58
Tren;Tasa de variación acumulada;Duración media de los viajes;2016M04;-3,74
Tren;Tasa de variación acumulada;Duración media de los viajes;2016M03;-8,37
Tren;Tasa de variación acumulada;Duración media de los viajes;2016M02;2,47
Tren;Tasa de variación acumulada;Duración media de los viajes;2016M01;0,16
Tren;Tasa de variación acumulada;Duración media de los viajes;2015M12;""
Tren;Tasa de variación acumulada;Duración media de los viajes;2015M11;""
Tren;Tasa de variación acumulada;Duración media de los viajes;2015M10;""
