Tipo de dato;Partidas de gasto: Nivel 1;Partidas de gasto: Nivel 2;Partidas de gasto: Nivel 3;Periodo;Total
Dato base;Gasto total;;;2026M07;18.217,95
Dato base;Gasto total;;;2026M06;13.579,04
Dato base;Gasto total;;;2026M05;13.553,47
Dato base;Gasto total;;;2026M04;11.685,64
Dato base;Gasto total;;;2026M03;9.606,40
Dato base;Gasto total;;;2026M02;7.606,44
Dato base;Gasto total;;;2026M01;7.804,61
Dato base;Gasto total;;;2025M12;7.993,41
Dato base;Gasto total;;;2025M11;8.087,84
Dato base;Gasto total;;;2025M10;12.803,00
Dato base;Gasto total;;;2025M09;13.404,59
Dato base;Gasto total;;;2025M08;16.341,58
Dato base;Gasto total;;;2025M07;16.432,61
Dato base;Gasto total;;;2025M06;13.050,58
Dato base;Gasto total;;;2025M05;12.226,41
Dato base;Gasto total;;;2025M04;10.875,75
Dato base;Gasto total;;;2025M03;9.112,01
Dato base;Gasto total;;;2025M02;7.272,63
Dato base;Gasto total;;;2025M01;7.142,91
Dato base;Gasto total;;;2024M12;7.590,34
Dato base;Gasto total;;;2024M11;7.707,67
Dato base;Gasto total;;;2024M10;11.898,70
Dato base;Gasto total;;;2024M09;12.613,05
Dato base;Gasto total;;;2024M08;15.364,42
Dato base;Gasto total;;;2024M07;15.513,29
Dato base;Gasto total;;;2024M06;12.356,78
Dato base;Gasto total;;;2024M05;11.686,91
Dato base;Gasto total;;;2024M04;9.488,10
Dato base;Gasto total;;;2024M03;8.631,35
Dato base;Gasto total;;;2024M02;6.746,32
Dato base;Gasto total;;;2024M01;6.546,30
Dato base;Gasto total;;;2023M12;7.090,50
Dato base;Gasto total;;;2023M11;6.644,47
Dato base;Gasto total;;;2023M10;10.302,07
Dato base;Gasto total;;;2023M09;11.193,59
Dato base;Gasto total;;;2023M08;13.599,39
Dato base;Gasto total;;;2023M07;13.880,83
Dato base;Gasto total;;;2023M06;10.607,99
Dato base;Gasto total;;;2023M05;9.766,97
Dato base;Gasto total;;;2023M04;8.454,47
Dato base;Gasto total;;;2023M03;6.668,07
Dato base;Gasto total;;;2023M02;5.364,13
Dato base;Gasto total;;;2023M01;5.216,94
Dato base;Gasto total;;;2022M12;5.238,80
Dato base;Gasto total;;;2022M11;5.381,97
Dato base;Gasto total;;;2022M10;8.311,20
Dato base;Gasto total;;;2022M09;9.147,69
Dato base;Gasto total;;;2022M08;11.281,82
Dato base;Gasto total;;;2022M07;11.902,10
Dato base;Gasto total;;;2022M06;9.025,67
Dato base;Gasto total;;;2022M05;8.046,91
Dato base;Gasto total;;;2022M04;6.910,11
Dato base;Gasto total;;;2022M03;5.077,45
Dato base;Gasto total;;;2022M02;3.774,69
Dato base;Gasto total;;;2022M01;3.039,78
Dato base;Gasto total;;;2021M12;3.536,59
Dato base;Gasto total;;;2021M11;3.761,50
Dato base;Gasto total;;;2021M10;5.606,29
Dato base;Gasto total;;;2021M09;5.051,20
Dato base;Gasto total;;;2021M08;5.907,30
Dato base;Gasto total;;;2021M07;5.229,47
Dato base;Gasto total;;;2021M06;2.421,69
Dato base;Gasto total;;;2021M05;1.395,78
Dato base;Gasto total;;;2021M04;668,42
Dato base;Gasto total;;;2021M03;543,89
Dato base;Gasto total;;;2021M02;323,82
Dato base;Gasto total;;;2021M01;457,43
Dato base;Gasto total;;;2020M12;696,81
Dato base;Gasto total;;;2020M11;481,98
Dato base;Gasto total;;;2020M10;864,49
Dato base;Gasto total;;;2020M09;964,49
Dato base;Gasto total;;;2020M08;2.456,85
Dato base;Gasto total;;;2020M07;2.457,94
Dato base;Gasto total;;;2020M06;133,89
Dato base;Gasto total;;;2020M05;0,00
Dato base;Gasto total;;;2020M04;0,00
Dato base;Gasto total;;;2020M03;2.173,73
Dato base;Gasto total;;;2020M02;4.789,29
Dato base;Gasto total;;;2020M01;4.767,31
Dato base;Gasto total;;;2019M12;5.010,84
Dato base;Gasto total;;;2019M11;5.062,63
Dato base;Gasto total;;;2019M10;8.322,55
Dato base;Gasto total;;;2019M09;9.617,21
Dato base;Gasto total;;;2019M08;11.704,76
Dato base;Gasto total;;;2019M07;11.941,51
Dato base;Gasto total;;;2019M06;9.686,12
Dato base;Gasto total;;;2019M05;8.137,84
Dato base;Gasto total;;;2019M04;7.056,36
Dato base;Gasto total;;;2019M03;6.034,87
Dato base;Gasto total;;;2019M02;4.658,61
Dato base;Gasto total;;;2019M01;4.678,67
Dato base;Gasto total;;;2018M12;5.009,52
Dato base;Gasto total;;;2018M11;4.888,55
Dato base;Gasto total;;;2018M10;8.164,58
Dato base;Gasto total;;;2018M09;9.545,81
Dato base;Gasto total;;;2018M08;11.459,69
Dato base;Gasto total;;;2018M07;11.748,10
Dato base;Gasto total;;;2018M06;9.370,81
Dato base;Gasto total;;;2018M05;8.155,06
Dato base;Gasto total;;;2018M04;6.621,53
Dato base;Gasto total;;;2018M03;5.726,73
Dato base;Gasto total;;;2018M02;4.535,94
Dato base;Gasto total;;;2018M01;4.524,43
Dato base;Gasto total;;;2017M12;4.530,66
Dato base;Gasto total;;;2017M11;4.642,35
Dato base;Gasto total;;;2017M10;7.789,23
Dato base;Gasto total;;;2017M09;9.476,29
Dato base;Gasto total;;;2017M08;11.340,29
Dato base;Gasto total;;;2017M07;11.850,99
Dato base;Gasto total;;;2017M06;8.987,77
Dato base;Gasto total;;;2017M05;7.927,07
Dato base;Gasto total;;;2017M04;6.782,08
Dato base;Gasto total;;;2017M03;5.109,49
Dato base;Gasto total;;;2017M02;4.304,73
Dato base;Gasto total;;;2017M01;4.262,99
Dato base;Gasto total;;;2016M12;4.525,45
Dato base;Gasto total;;;2016M11;4.205,06
Dato base;Gasto total;;;2016M10;7.333,85
Dato base;Gasto total;;;2016M09;8.399,31
Dato base;Gasto total;;;2016M08;10.281,98
Dato base;Gasto total;;;2016M07;10.238,54
Dato base;Gasto total;;;2016M06;7.817,41
Dato base;Gasto total;;;2016M05;6.917,93
Dato base;Gasto total;;;2016M04;5.627,99
Dato base;Gasto total;;;2016M03;4.624,47
Dato base;Gasto total;;;2016M02;3.706,27
Dato base;Gasto total;;;2016M01;3.737,26
Dato base;Gasto total;;;2015M12;3.773,27
Dato base;Gasto total;;;2015M11;3.872,84
Dato base;Gasto total;;;2015M10;6.280,63
Dato base;Gasto total;Gasto en paquete turístico;;2026M07;3.515,93
Dato base;Gasto total;Gasto en paquete turístico;;2026M06;2.487,30
Dato base;Gasto total;Gasto en paquete turístico;;2026M05;2.335,38
Dato base;Gasto total;Gasto en paquete turístico;;2026M04;1.705,08
Dato base;Gasto total;Gasto en paquete turístico;;2026M03;1.336,38
Dato base;Gasto total;Gasto en paquete turístico;;2026M02;1.099,17
Dato base;Gasto total;Gasto en paquete turístico;;2026M01;1.042,07
Dato base;Gasto total;Gasto en paquete turístico;;2025M12;1.007,13
Dato base;Gasto total;Gasto en paquete turístico;;2025M11;1.197,07
Dato base;Gasto total;Gasto en paquete turístico;;2025M10;2.302,63
Dato base;Gasto total;Gasto en paquete turístico;;2025M09;2.423,10
Dato base;Gasto total;Gasto en paquete turístico;;2025M08;2.996,16
Dato base;Gasto total;Gasto en paquete turístico;;2025M07;2.953,91
Dato base;Gasto total;Gasto en paquete turístico;;2025M06;2.262,15
Dato base;Gasto total;Gasto en paquete turístico;;2025M05;2.029,20
Dato base;Gasto total;Gasto en paquete turístico;;2025M04;1.593,37
Dato base;Gasto total;Gasto en paquete turístico;;2025M03;1.340,17
Dato base;Gasto total;Gasto en paquete turístico;;2025M02;1.087,53
Dato base;Gasto total;Gasto en paquete turístico;;2025M01;994,33
Dato base;Gasto total;Gasto en paquete turístico;;2024M12;973,95
Dato base;Gasto total;Gasto en paquete turístico;;2024M11;1.061,83
Dato base;Gasto total;Gasto en paquete turístico;;2024M10;2.188,05
Dato base;Gasto total;Gasto en paquete turístico;;2024M09;2.419,41
Dato base;Gasto total;Gasto en paquete turístico;;2024M08;2.851,99
Dato base;Gasto total;Gasto en paquete turístico;;2024M07;2.811,29
Dato base;Gasto total;Gasto en paquete turístico;;2024M06;2.127,76
Dato base;Gasto total;Gasto en paquete turístico;;2024M05;1.931,34
Dato base;Gasto total;Gasto en paquete turístico;;2024M04;1.374,06
Dato base;Gasto total;Gasto en paquete turístico;;2024M03;1.405,41
Dato base;Gasto total;Gasto en paquete turístico;;2024M02;1.017,67
Dato base;Gasto total;Gasto en paquete turístico;;2024M01;918,55
Dato base;Gasto total;Gasto en paquete turístico;;2023M12;1.031,72
Dato base;Gasto total;Gasto en paquete turístico;;2023M11;1.008,42
Dato base;Gasto total;Gasto en paquete turístico;;2023M10;1.860,85
Dato base;Gasto total;Gasto en paquete turístico;;2023M09;2.229,46
Dato base;Gasto total;Gasto en paquete turístico;;2023M08;2.461,66
Dato base;Gasto total;Gasto en paquete turístico;;2023M07;2.372,84
Dato base;Gasto total;Gasto en paquete turístico;;2023M06;1.896,79
Dato base;Gasto total;Gasto en paquete turístico;;2023M05;1.672,07
Dato base;Gasto total;Gasto en paquete turístico;;2023M04;1.273,52
Dato base;Gasto total;Gasto en paquete turístico;;2023M03;1.040,33
Dato base;Gasto total;Gasto en paquete turístico;;2023M02;791,05
Dato base;Gasto total;Gasto en paquete turístico;;2023M01;747,22
Dato base;Gasto total;Gasto en paquete turístico;;2022M12;768,45
Dato base;Gasto total;Gasto en paquete turístico;;2022M11;816,63
Dato base;Gasto total;Gasto en paquete turístico;;2022M10;1.464,51
Dato base;Gasto total;Gasto en paquete turístico;;2022M09;1.847,74
Dato base;Gasto total;Gasto en paquete turístico;;2022M08;2.298,38
Dato base;Gasto total;Gasto en paquete turístico;;2022M07;2.069,44
Dato base;Gasto total;Gasto en paquete turístico;;2022M06;1.504,36
Dato base;Gasto total;Gasto en paquete turístico;;2022M05;1.425,02
Dato base;Gasto total;Gasto en paquete turístico;;2022M04;972,49
Dato base;Gasto total;Gasto en paquete turístico;;2022M03;780,41
Dato base;Gasto total;Gasto en paquete turístico;;2022M02;547,83
Dato base;Gasto total;Gasto en paquete turístico;;2022M01;422,79
Dato base;Gasto total;Gasto en paquete turístico;;2021M12;579,18
Dato base;Gasto total;Gasto en paquete turístico;;2021M11;605,45
Dato base;Gasto total;Gasto en paquete turístico;;2021M10;953,59
Dato base;Gasto total;Gasto en paquete turístico;;2021M09;822,85
Dato base;Gasto total;Gasto en paquete turístico;;2021M08;878,71
Dato base;Gasto total;Gasto en paquete turístico;;2021M07;724,28
Dato base;Gasto total;Gasto en paquete turístico;;2021M06;292,21
Dato base;Gasto total;Gasto en paquete turístico;;2021M05;123,44
Dato base;Gasto total;Gasto en paquete turístico;;2021M04;60,18
Dato base;Gasto total;Gasto en paquete turístico;;2021M03;42,03
Dato base;Gasto total;Gasto en paquete turístico;;2021M02;30,43
Dato base;Gasto total;Gasto en paquete turístico;;2021M01;49,55
Dato base;Gasto total;Gasto en paquete turístico;;2020M12;95,51
Dato base;Gasto total;Gasto en paquete turístico;;2020M11;74,24
Dato base;Gasto total;Gasto en paquete turístico;;2020M10;74,83
Dato base;Gasto total;Gasto en paquete turístico;;2020M09;84,72
Dato base;Gasto total;Gasto en paquete turístico;;2020M08;377,45
Dato base;Gasto total;Gasto en paquete turístico;;2020M07;331,91
Dato base;Gasto total;Gasto en paquete turístico;;2020M06;10,73
Dato base;Gasto total;Gasto en paquete turístico;;2020M05;0,00
Dato base;Gasto total;Gasto en paquete turístico;;2020M04;0,00
Dato base;Gasto total;Gasto en paquete turístico;;2020M03;375,10
Dato base;Gasto total;Gasto en paquete turístico;;2020M02;889,14
Dato base;Gasto total;Gasto en paquete turístico;;2020M01;882,59
Dato base;Gasto total;Gasto en paquete turístico;;2019M12;879,41
Dato base;Gasto total;Gasto en paquete turístico;;2019M11;1.010,75
Dato base;Gasto total;Gasto en paquete turístico;;2019M10;1.820,94
Dato base;Gasto total;Gasto en paquete turístico;;2019M09;1.967,48
Dato base;Gasto total;Gasto en paquete turístico;;2019M08;2.368,63
Dato base;Gasto total;Gasto en paquete turístico;;2019M07;2.636,39
Dato base;Gasto total;Gasto en paquete turístico;;2019M06;2.151,50
Dato base;Gasto total;Gasto en paquete turístico;;2019M05;1.767,51
Dato base;Gasto total;Gasto en paquete turístico;;2019M04;1.279,76
Dato base;Gasto total;Gasto en paquete turístico;;2019M03;1.024,33
Dato base;Gasto total;Gasto en paquete turístico;;2019M02;818,30
Dato base;Gasto total;Gasto en paquete turístico;;2019M01;784,11
Dato base;Gasto total;Gasto en paquete turístico;;2018M12;780,94
Dato base;Gasto total;Gasto en paquete turístico;;2018M11;923,30
Dato base;Gasto total;Gasto en paquete turístico;;2018M10;1.898,22
Dato base;Gasto total;Gasto en paquete turístico;;2018M09;2.125,39
Dato base;Gasto total;Gasto en paquete turístico;;2018M08;2.521,94
Dato base;Gasto total;Gasto en paquete turístico;;2018M07;2.497,86
Dato base;Gasto total;Gasto en paquete turístico;;2018M06;2.150,22
Dato base;Gasto total;Gasto en paquete turístico;;2018M05;1.831,93
Dato base;Gasto total;Gasto en paquete turístico;;2018M04;1.297,28
Dato base;Gasto total;Gasto en paquete turístico;;2018M03;1.130,81
Dato base;Gasto total;Gasto en paquete turístico;;2018M02;878,58
Dato base;Gasto total;Gasto en paquete turístico;;2018M01;852,97
Dato base;Gasto total;Gasto en paquete turístico;;2017M12;844,30
Dato base;Gasto total;Gasto en paquete turístico;;2017M11;930,51
Dato base;Gasto total;Gasto en paquete turístico;;2017M10;1.711,24
Dato base;Gasto total;Gasto en paquete turístico;;2017M09;2.058,65
Dato base;Gasto total;Gasto en paquete turístico;;2017M08;2.431,23
Dato base;Gasto total;Gasto en paquete turístico;;2017M07;2.451,02
Dato base;Gasto total;Gasto en paquete turístico;;2017M06;2.073,25
Dato base;Gasto total;Gasto en paquete turístico;;2017M05;1.648,65
Dato base;Gasto total;Gasto en paquete turístico;;2017M04;1.354,59
Dato base;Gasto total;Gasto en paquete turístico;;2017M03;1.034,50
Dato base;Gasto total;Gasto en paquete turístico;;2017M02;807,93
Dato base;Gasto total;Gasto en paquete turístico;;2017M01;789,77
Dato base;Gasto total;Gasto en paquete turístico;;2016M12;785,72
Dato base;Gasto total;Gasto en paquete turístico;;2016M11;784,73
Dato base;Gasto total;Gasto en paquete turístico;;2016M10;1.641,14
Dato base;Gasto total;Gasto en paquete turístico;;2016M09;1.829,42
Dato base;Gasto total;Gasto en paquete turístico;;2016M08;2.340,66
Dato base;Gasto total;Gasto en paquete turístico;;2016M07;2.540,61
Dato base;Gasto total;Gasto en paquete turístico;;2016M06;1.814,99
Dato base;Gasto total;Gasto en paquete turístico;;2016M05;1.620,45
Dato base;Gasto total;Gasto en paquete turístico;;2016M04;1.134,48
Dato base;Gasto total;Gasto en paquete turístico;;2016M03;993,11
Dato base;Gasto total;Gasto en paquete turístico;;2016M02;740,68
Dato base;Gasto total;Gasto en paquete turístico;;2016M01;745,47
Dato base;Gasto total;Gasto en paquete turístico;;2015M12;729,82
Dato base;Gasto total;Gasto en paquete turístico;;2015M11;773,11
Dato base;Gasto total;Gasto en paquete turístico;;2015M10;1.376,29
Dato base;Gasto total;Gasto no incluido en paquete turístico;;2026M07;14.702,03
Dato base;Gasto total;Gasto no incluido en paquete turístico;;2026M06;11.091,74
Dato base;Gasto total;Gasto no incluido en paquete turístico;;2026M05;11.218,09
Dato base;Gasto total;Gasto no incluido en paquete turístico;;2026M04;9.980,56
Dato base;Gasto total;Gasto no incluido en paquete turístico;;2026M03;8.270,02
Dato base;Gasto total;Gasto no incluido en paquete turístico;;2026M02;6.507,27
Dato base;Gasto total;Gasto no incluido en paquete turístico;;2026M01;6.762,54
Dato base;Gasto total;Gasto no incluido en paquete turístico;;2025M12;6.986,28
Dato base;Gasto total;Gasto no incluido en paquete turístico;;2025M11;6.890,76
Dato base;Gasto total;Gasto no incluido en paquete turístico;;2025M10;10.500,37
Dato base;Gasto total;Gasto no incluido en paquete turístico;;2025M09;10.981,49
Dato base;Gasto total;Gasto no incluido en paquete turístico;;2025M08;13.345,42
Dato base;Gasto total;Gasto no incluido en paquete turístico;;2025M07;13.478,71
Dato base;Gasto total;Gasto no incluido en paquete turístico;;2025M06;10.788,43
Dato base;Gasto total;Gasto no incluido en paquete turístico;;2025M05;10.197,22
Dato base;Gasto total;Gasto no incluido en paquete turístico;;2025M04;9.282,38
Dato base;Gasto total;Gasto no incluido en paquete turístico;;2025M03;7.771,84
Dato base;Gasto total;Gasto no incluido en paquete turístico;;2025M02;6.185,11
Dato base;Gasto total;Gasto no incluido en paquete turístico;;2025M01;6.148,58
Dato base;Gasto total;Gasto no incluido en paquete turístico;;2024M12;6.616,39
Dato base;Gasto total;Gasto no incluido en paquete turístico;;2024M11;6.645,84
Dato base;Gasto total;Gasto no incluido en paquete turístico;;2024M10;9.710,65
Dato base;Gasto total;Gasto no incluido en paquete turístico;;2024M09;10.193,64
Dato base;Gasto total;Gasto no incluido en paquete turístico;;2024M08;12.512,43
Dato base;Gasto total;Gasto no incluido en paquete turístico;;2024M07;12.701,99
Dato base;Gasto total;Gasto no incluido en paquete turístico;;2024M06;10.229,02
Dato base;Gasto total;Gasto no incluido en paquete turístico;;2024M05;9.755,58
Dato base;Gasto total;Gasto no incluido en paquete turístico;;2024M04;8.114,04
Dato base;Gasto total;Gasto no incluido en paquete turístico;;2024M03;7.225,95
Dato base;Gasto total;Gasto no incluido en paquete turístico;;2024M02;5.728,64
Dato base;Gasto total;Gasto no incluido en paquete turístico;;2024M01;5.627,75
Dato base;Gasto total;Gasto no incluido en paquete turístico;;2023M12;6.058,79
Dato base;Gasto total;Gasto no incluido en paquete turístico;;2023M11;5.636,05
Dato base;Gasto total;Gasto no incluido en paquete turístico;;2023M10;8.441,21
Dato base;Gasto total;Gasto no incluido en paquete turístico;;2023M09;8.964,13
Dato base;Gasto total;Gasto no incluido en paquete turístico;;2023M08;11.137,73
Dato base;Gasto total;Gasto no incluido en paquete turístico;;2023M07;11.507,99
Dato base;Gasto total;Gasto no incluido en paquete turístico;;2023M06;8.711,20
Dato base;Gasto total;Gasto no incluido en paquete turístico;;2023M05;8.094,89
Dato base;Gasto total;Gasto no incluido en paquete turístico;;2023M04;7.180,95
Dato base;Gasto total;Gasto no incluido en paquete turístico;;2023M03;5.627,74
Dato base;Gasto total;Gasto no incluido en paquete turístico;;2023M02;4.573,08
Dato base;Gasto total;Gasto no incluido en paquete turístico;;2023M01;4.469,73
Dato base;Gasto total;Gasto no incluido en paquete turístico;;2022M12;4.470,35
Dato base;Gasto total;Gasto no incluido en paquete turístico;;2022M11;4.565,34
Dato base;Gasto total;Gasto no incluido en paquete turístico;;2022M10;6.846,69
Dato base;Gasto total;Gasto no incluido en paquete turístico;;2022M09;7.299,95
Dato base;Gasto total;Gasto no incluido en paquete turístico;;2022M08;8.983,44
Dato base;Gasto total;Gasto no incluido en paquete turístico;;2022M07;9.832,66
Dato base;Gasto total;Gasto no incluido en paquete turístico;;2022M06;7.521,32
Dato base;Gasto total;Gasto no incluido en paquete turístico;;2022M05;6.621,89
Dato base;Gasto total;Gasto no incluido en paquete turístico;;2022M04;5.937,62
Dato base;Gasto total;Gasto no incluido en paquete turístico;;2022M03;4.297,04
Dato base;Gasto total;Gasto no incluido en paquete turístico;;2022M02;3.226,86
Dato base;Gasto total;Gasto no incluido en paquete turístico;;2022M01;2.616,99
Dato base;Gasto total;Gasto no incluido en paquete turístico;;2021M12;2.957,41
Dato base;Gasto total;Gasto no incluido en paquete turístico;;2021M11;3.156,05
Dato base;Gasto total;Gasto no incluido en paquete turístico;;2021M10;4.652,70
Dato base;Gasto total;Gasto no incluido en paquete turístico;;2021M09;4.228,34
Dato base;Gasto total;Gasto no incluido en paquete turístico;;2021M08;5.028,59
Dato base;Gasto total;Gasto no incluido en paquete turístico;;2021M07;4.505,19
Dato base;Gasto total;Gasto no incluido en paquete turístico;;2021M06;2.129,48
Dato base;Gasto total;Gasto no incluido en paquete turístico;;2021M05;1.272,33
Dato base;Gasto total;Gasto no incluido en paquete turístico;;2021M04;608,24
Dato base;Gasto total;Gasto no incluido en paquete turístico;;2021M03;501,86
Dato base;Gasto total;Gasto no incluido en paquete turístico;;2021M02;293,39
Dato base;Gasto total;Gasto no incluido en paquete turístico;;2021M01;407,88
Dato base;Gasto total;Gasto no incluido en paquete turístico;;2020M12;601,30
Dato base;Gasto total;Gasto no incluido en paquete turístico;;2020M11;407,74
Dato base;Gasto total;Gasto no incluido en paquete turístico;;2020M10;789,66
Dato base;Gasto total;Gasto no incluido en paquete turístico;;2020M09;879,77
Dato base;Gasto total;Gasto no incluido en paquete turístico;;2020M08;2.079,40
Dato base;Gasto total;Gasto no incluido en paquete turístico;;2020M07;2.126,03
Dato base;Gasto total;Gasto no incluido en paquete turístico;;2020M06;123,17
Dato base;Gasto total;Gasto no incluido en paquete turístico;;2020M05;0,00
Dato base;Gasto total;Gasto no incluido en paquete turístico;;2020M04;0,00
Dato base;Gasto total;Gasto no incluido en paquete turístico;;2020M03;1.798,62
Dato base;Gasto total;Gasto no incluido en paquete turístico;;2020M02;3.900,15
Dato base;Gasto total;Gasto no incluido en paquete turístico;;2020M01;3.884,72
Dato base;Gasto total;Gasto no incluido en paquete turístico;;2019M12;4.131,43
Dato base;Gasto total;Gasto no incluido en paquete turístico;;2019M11;4.051,88
Dato base;Gasto total;Gasto no incluido en paquete turístico;;2019M10;6.501,61
Dato base;Gasto total;Gasto no incluido en paquete turístico;;2019M09;7.649,73
Dato base;Gasto total;Gasto no incluido en paquete turístico;;2019M08;9.336,13
Dato base;Gasto total;Gasto no incluido en paquete turístico;;2019M07;9.305,11
Dato base;Gasto total;Gasto no incluido en paquete turístico;;2019M06;7.534,63
Dato base;Gasto total;Gasto no incluido en paquete turístico;;2019M05;6.370,32
Dato base;Gasto total;Gasto no incluido en paquete turístico;;2019M04;5.776,60
Dato base;Gasto total;Gasto no incluido en paquete turístico;;2019M03;5.010,55
Dato base;Gasto total;Gasto no incluido en paquete turístico;;2019M02;3.840,31
Dato base;Gasto total;Gasto no incluido en paquete turístico;;2019M01;3.894,55
Dato base;Gasto total;Gasto no incluido en paquete turístico;;2018M12;4.228,58
Dato base;Gasto total;Gasto no incluido en paquete turístico;;2018M11;3.965,25
Dato base;Gasto total;Gasto no incluido en paquete turístico;;2018M10;6.266,36
Dato base;Gasto total;Gasto no incluido en paquete turístico;;2018M09;7.420,41
Dato base;Gasto total;Gasto no incluido en paquete turístico;;2018M08;8.937,75
Dato base;Gasto total;Gasto no incluido en paquete turístico;;2018M07;9.250,23
Dato base;Gasto total;Gasto no incluido en paquete turístico;;2018M06;7.220,59
Dato base;Gasto total;Gasto no incluido en paquete turístico;;2018M05;6.323,13
Dato base;Gasto total;Gasto no incluido en paquete turístico;;2018M04;5.324,25
Dato base;Gasto total;Gasto no incluido en paquete turístico;;2018M03;4.595,91
Dato base;Gasto total;Gasto no incluido en paquete turístico;;2018M02;3.657,36
Dato base;Gasto total;Gasto no incluido en paquete turístico;;2018M01;3.671,46
Dato base;Gasto total;Gasto no incluido en paquete turístico;;2017M12;3.686,36
Dato base;Gasto total;Gasto no incluido en paquete turístico;;2017M11;3.711,83
Dato base;Gasto total;Gasto no incluido en paquete turístico;;2017M10;6.077,99
Dato base;Gasto total;Gasto no incluido en paquete turístico;;2017M09;7.417,64
Dato base;Gasto total;Gasto no incluido en paquete turístico;;2017M08;8.909,06
Dato base;Gasto total;Gasto no incluido en paquete turístico;;2017M07;9.399,97
Dato base;Gasto total;Gasto no incluido en paquete turístico;;2017M06;6.914,52
Dato base;Gasto total;Gasto no incluido en paquete turístico;;2017M05;6.278,42
Dato base;Gasto total;Gasto no incluido en paquete turístico;;2017M04;5.427,49
Dato base;Gasto total;Gasto no incluido en paquete turístico;;2017M03;4.075,00
Dato base;Gasto total;Gasto no incluido en paquete turístico;;2017M02;3.496,80
Dato base;Gasto total;Gasto no incluido en paquete turístico;;2017M01;3.473,22
Dato base;Gasto total;Gasto no incluido en paquete turístico;;2016M12;3.739,74
Dato base;Gasto total;Gasto no incluido en paquete turístico;;2016M11;3.420,33
Dato base;Gasto total;Gasto no incluido en paquete turístico;;2016M10;5.692,71
Dato base;Gasto total;Gasto no incluido en paquete turístico;;2016M09;6.569,89
Dato base;Gasto total;Gasto no incluido en paquete turístico;;2016M08;7.941,32
Dato base;Gasto total;Gasto no incluido en paquete turístico;;2016M07;7.697,93
Dato base;Gasto total;Gasto no incluido en paquete turístico;;2016M06;6.002,42
Dato base;Gasto total;Gasto no incluido en paquete turístico;;2016M05;5.297,48
Dato base;Gasto total;Gasto no incluido en paquete turístico;;2016M04;4.493,52
Dato base;Gasto total;Gasto no incluido en paquete turístico;;2016M03;3.631,36
Dato base;Gasto total;Gasto no incluido en paquete turístico;;2016M02;2.965,60
Dato base;Gasto total;Gasto no incluido en paquete turístico;;2016M01;2.991,79
Dato base;Gasto total;Gasto no incluido en paquete turístico;;2015M12;3.043,45
Dato base;Gasto total;Gasto no incluido en paquete turístico;;2015M11;3.099,73
Dato base;Gasto total;Gasto no incluido en paquete turístico;;2015M10;4.904,34
Dato base;Gasto total;Gasto no incluido en paquete turístico;Gasto en transporte internacional;2026M07;3.489,82
Dato base;Gasto total;Gasto no incluido en paquete turístico;Gasto en transporte internacional;2026M06;2.779,42
Dato base;Gasto total;Gasto no incluido en paquete turístico;Gasto en transporte internacional;2026M05;2.818,35
Dato base;Gasto total;Gasto no incluido en paquete turístico;Gasto en transporte internacional;2026M04;2.437,87
Dato base;Gasto total;Gasto no incluido en paquete turístico;Gasto en transporte internacional;2026M03;2.176,65
Dato base;Gasto total;Gasto no incluido en paquete turístico;Gasto en transporte internacional;2026M02;1.782,98
Dato base;Gasto total;Gasto no incluido en paquete turístico;Gasto en transporte internacional;2026M01;1.769,10
Dato base;Gasto total;Gasto no incluido en paquete turístico;Gasto en transporte internacional;2025M12;1.598,20
Dato base;Gasto total;Gasto no incluido en paquete turístico;Gasto en transporte internacional;2025M11;1.812,66
Dato base;Gasto total;Gasto no incluido en paquete turístico;Gasto en transporte internacional;2025M10;2.633,94
Dato base;Gasto total;Gasto no incluido en paquete turístico;Gasto en transporte internacional;2025M09;2.683,68
Dato base;Gasto total;Gasto no incluido en paquete turístico;Gasto en transporte internacional;2025M08;2.957,40
Dato base;Gasto total;Gasto no incluido en paquete turístico;Gasto en transporte internacional;2025M07;3.092,82
Dato base;Gasto total;Gasto no incluido en paquete turístico;Gasto en transporte internacional;2025M06;2.593,82
Dato base;Gasto total;Gasto no incluido en paquete turístico;Gasto en transporte internacional;2025M05;2.572,57
Dato base;Gasto total;Gasto no incluido en paquete turístico;Gasto en transporte internacional;2025M04;2.309,70
Dato base;Gasto total;Gasto no incluido en paquete turístico;Gasto en transporte internacional;2025M03;2.006,24
Dato base;Gasto total;Gasto no incluido en paquete turístico;Gasto en transporte internacional;2025M02;1.605,96
Dato base;Gasto total;Gasto no incluido en paquete turístico;Gasto en transporte internacional;2025M01;1.605,04
Dato base;Gasto total;Gasto no incluido en paquete turístico;Gasto en transporte internacional;2024M12;1.537,99
Dato base;Gasto total;Gasto no incluido en paquete turístico;Gasto en transporte internacional;2024M11;1.742,71
Dato base;Gasto total;Gasto no incluido en paquete turístico;Gasto en transporte internacional;2024M10;2.476,24
Dato base;Gasto total;Gasto no incluido en paquete turístico;Gasto en transporte internacional;2024M09;2.467,57
Dato base;Gasto total;Gasto no incluido en paquete turístico;Gasto en transporte internacional;2024M08;2.659,71
Dato base;Gasto total;Gasto no incluido en paquete turístico;Gasto en transporte internacional;2024M07;2.880,32
Dato base;Gasto total;Gasto no incluido en paquete turístico;Gasto en transporte internacional;2024M06;2.647,05
Dato base;Gasto total;Gasto no incluido en paquete turístico;Gasto en transporte internacional;2024M05;2.494,58
Dato base;Gasto total;Gasto no incluido en paquete turístico;Gasto en transporte internacional;2024M04;2.043,13
Dato base;Gasto total;Gasto no incluido en paquete turístico;Gasto en transporte internacional;2024M03;1.769,04
Dato base;Gasto total;Gasto no incluido en paquete turístico;Gasto en transporte internacional;2024M02;1.456,06
Dato base;Gasto total;Gasto no incluido en paquete turístico;Gasto en transporte internacional;2024M01;1.450,70
Dato base;Gasto total;Gasto no incluido en paquete turístico;Gasto en transporte internacional;2023M12;1.404,53
Dato base;Gasto total;Gasto no incluido en paquete turístico;Gasto en transporte internacional;2023M11;1.462,83
Dato base;Gasto total;Gasto no incluido en paquete turístico;Gasto en transporte internacional;2023M10;2.124,02
Dato base;Gasto total;Gasto no incluido en paquete turístico;Gasto en transporte internacional;2023M09;2.126,63
Dato base;Gasto total;Gasto no incluido en paquete turístico;Gasto en transporte internacional;2023M08;2.365,84
Dato base;Gasto total;Gasto no incluido en paquete turístico;Gasto en transporte internacional;2023M07;2.754,24
Dato base;Gasto total;Gasto no incluido en paquete turístico;Gasto en transporte internacional;2023M06;2.238,11
Dato base;Gasto total;Gasto no incluido en paquete turístico;Gasto en transporte internacional;2023M05;2.049,73
Dato base;Gasto total;Gasto no incluido en paquete turístico;Gasto en transporte internacional;2023M04;1.729,14
Dato base;Gasto total;Gasto no incluido en paquete turístico;Gasto en transporte internacional;2023M03;1.363,44
Dato base;Gasto total;Gasto no incluido en paquete turístico;Gasto en transporte internacional;2023M02;1.165,58
Dato base;Gasto total;Gasto no incluido en paquete turístico;Gasto en transporte internacional;2023M01;1.150,82
Dato base;Gasto total;Gasto no incluido en paquete turístico;Gasto en transporte internacional;2022M12;991,23
Dato base;Gasto total;Gasto no incluido en paquete turístico;Gasto en transporte internacional;2022M11;1.148,47
Dato base;Gasto total;Gasto no incluido en paquete turístico;Gasto en transporte internacional;2022M10;1.588,97
Dato base;Gasto total;Gasto no incluido en paquete turístico;Gasto en transporte internacional;2022M09;1.642,32
Dato base;Gasto total;Gasto no incluido en paquete turístico;Gasto en transporte internacional;2022M08;1.798,78
Dato base;Gasto total;Gasto no incluido en paquete turístico;Gasto en transporte internacional;2022M07;2.146,54
Dato base;Gasto total;Gasto no incluido en paquete turístico;Gasto en transporte internacional;2022M06;1.811,61
Dato base;Gasto total;Gasto no incluido en paquete turístico;Gasto en transporte internacional;2022M05;1.534,26
Dato base;Gasto total;Gasto no incluido en paquete turístico;Gasto en transporte internacional;2022M04;1.374,79
Dato base;Gasto total;Gasto no incluido en paquete turístico;Gasto en transporte internacional;2022M03;977,04
Dato base;Gasto total;Gasto no incluido en paquete turístico;Gasto en transporte internacional;2022M02;680,98
Dato base;Gasto total;Gasto no incluido en paquete turístico;Gasto en transporte internacional;2022M01;571,60
Dato base;Gasto total;Gasto no incluido en paquete turístico;Gasto en transporte internacional;2021M12;602,11
Dato base;Gasto total;Gasto no incluido en paquete turístico;Gasto en transporte internacional;2021M11;686,17
Dato base;Gasto total;Gasto no incluido en paquete turístico;Gasto en transporte internacional;2021M10;925,98
Dato base;Gasto total;Gasto no incluido en paquete turístico;Gasto en transporte internacional;2021M09;804,92
Dato base;Gasto total;Gasto no incluido en paquete turístico;Gasto en transporte internacional;2021M08;923,45
Dato base;Gasto total;Gasto no incluido en paquete turístico;Gasto en transporte internacional;2021M07;878,83
Dato base;Gasto total;Gasto no incluido en paquete turístico;Gasto en transporte internacional;2021M06;445,47
Dato base;Gasto total;Gasto no incluido en paquete turístico;Gasto en transporte internacional;2021M05;279,03
Dato base;Gasto total;Gasto no incluido en paquete turístico;Gasto en transporte internacional;2021M04;141,43
Dato base;Gasto total;Gasto no incluido en paquete turístico;Gasto en transporte internacional;2021M03;118,70
Dato base;Gasto total;Gasto no incluido en paquete turístico;Gasto en transporte internacional;2021M02;62,70
Dato base;Gasto total;Gasto no incluido en paquete turístico;Gasto en transporte internacional;2021M01;86,02
Dato base;Gasto total;Gasto no incluido en paquete turístico;Gasto en transporte internacional;2020M12;118,04
Dato base;Gasto total;Gasto no incluido en paquete turístico;Gasto en transporte internacional;2020M11;87,80
Dato base;Gasto total;Gasto no incluido en paquete turístico;Gasto en transporte internacional;2020M10;159,40
Dato base;Gasto total;Gasto no incluido en paquete turístico;Gasto en transporte internacional;2020M09;154,03
Dato base;Gasto total;Gasto no incluido en paquete turístico;Gasto en transporte internacional;2020M08;361,64
Dato base;Gasto total;Gasto no incluido en paquete turístico;Gasto en transporte internacional;2020M07;444,53
Dato base;Gasto total;Gasto no incluido en paquete turístico;Gasto en transporte internacional;2020M06;15,06
Dato base;Gasto total;Gasto no incluido en paquete turístico;Gasto en transporte internacional;2020M05;0,00
Dato base;Gasto total;Gasto no incluido en paquete turístico;Gasto en transporte internacional;2020M04;0,00
Dato base;Gasto total;Gasto no incluido en paquete turístico;Gasto en transporte internacional;2020M03;502,07
Dato base;Gasto total;Gasto no incluido en paquete turístico;Gasto en transporte internacional;2020M02;987,84
Dato base;Gasto total;Gasto no incluido en paquete turístico;Gasto en transporte internacional;2020M01;1.031,40
Dato base;Gasto total;Gasto no incluido en paquete turístico;Gasto en transporte internacional;2019M12;1.061,11
Dato base;Gasto total;Gasto no incluido en paquete turístico;Gasto en transporte internacional;2019M11;1.061,53
Dato base;Gasto total;Gasto no incluido en paquete turístico;Gasto en transporte internacional;2019M10;1.757,85
Dato base;Gasto total;Gasto no incluido en paquete turístico;Gasto en transporte internacional;2019M09;1.857,82
Dato base;Gasto total;Gasto no incluido en paquete turístico;Gasto en transporte internacional;2019M08;1.996,95
Dato base;Gasto total;Gasto no incluido en paquete turístico;Gasto en transporte internacional;2019M07;2.229,66
Dato base;Gasto total;Gasto no incluido en paquete turístico;Gasto en transporte internacional;2019M06;1.907,40
Dato base;Gasto total;Gasto no incluido en paquete turístico;Gasto en transporte internacional;2019M05;1.674,57
Dato base;Gasto total;Gasto no incluido en paquete turístico;Gasto en transporte internacional;2019M04;1.510,98
Dato base;Gasto total;Gasto no incluido en paquete turístico;Gasto en transporte internacional;2019M03;1.349,10
Dato base;Gasto total;Gasto no incluido en paquete turístico;Gasto en transporte internacional;2019M02;1.053,54
Dato base;Gasto total;Gasto no incluido en paquete turístico;Gasto en transporte internacional;2019M01;1.095,35
Dato base;Gasto total;Gasto no incluido en paquete turístico;Gasto en transporte internacional;2018M12;1.141,43
Dato base;Gasto total;Gasto no incluido en paquete turístico;Gasto en transporte internacional;2018M11;1.108,99
Dato base;Gasto total;Gasto no incluido en paquete turístico;Gasto en transporte internacional;2018M10;1.662,48
Dato base;Gasto total;Gasto no incluido en paquete turístico;Gasto en transporte internacional;2018M09;1.857,96
Dato base;Gasto total;Gasto no incluido en paquete turístico;Gasto en transporte internacional;2018M08;1.959,10
Dato base;Gasto total;Gasto no incluido en paquete turístico;Gasto en transporte internacional;2018M07;2.351,91
Dato base;Gasto total;Gasto no incluido en paquete turístico;Gasto en transporte internacional;2018M06;1.876,68
Dato base;Gasto total;Gasto no incluido en paquete turístico;Gasto en transporte internacional;2018M05;1.611,63
Dato base;Gasto total;Gasto no incluido en paquete turístico;Gasto en transporte internacional;2018M04;1.415,98
Dato base;Gasto total;Gasto no incluido en paquete turístico;Gasto en transporte internacional;2018M03;1.195,06
Dato base;Gasto total;Gasto no incluido en paquete turístico;Gasto en transporte internacional;2018M02;1.006,45
Dato base;Gasto total;Gasto no incluido en paquete turístico;Gasto en transporte internacional;2018M01;992,80
Dato base;Gasto total;Gasto no incluido en paquete turístico;Gasto en transporte internacional;2017M12;974,30
Dato base;Gasto total;Gasto no incluido en paquete turístico;Gasto en transporte internacional;2017M11;1.011,24
Dato base;Gasto total;Gasto no incluido en paquete turístico;Gasto en transporte internacional;2017M10;1.673,30
Dato base;Gasto total;Gasto no incluido en paquete turístico;Gasto en transporte internacional;2017M09;1.912,12
Dato base;Gasto total;Gasto no incluido en paquete turístico;Gasto en transporte internacional;2017M08;1.985,62
Dato base;Gasto total;Gasto no incluido en paquete turístico;Gasto en transporte internacional;2017M07;2.355,46
Dato base;Gasto total;Gasto no incluido en paquete turístico;Gasto en transporte internacional;2017M06;1.784,01
Dato base;Gasto total;Gasto no incluido en paquete turístico;Gasto en transporte internacional;2017M05;1.645,97
Dato base;Gasto total;Gasto no incluido en paquete turístico;Gasto en transporte internacional;2017M04;1.409,45
Dato base;Gasto total;Gasto no incluido en paquete turístico;Gasto en transporte internacional;2017M03;1.093,93
Dato base;Gasto total;Gasto no incluido en paquete turístico;Gasto en transporte internacional;2017M02;934,34
Dato base;Gasto total;Gasto no incluido en paquete turístico;Gasto en transporte internacional;2017M01;968,93
Dato base;Gasto total;Gasto no incluido en paquete turístico;Gasto en transporte internacional;2016M12;957,82
Dato base;Gasto total;Gasto no incluido en paquete turístico;Gasto en transporte internacional;2016M11;951,35
Dato base;Gasto total;Gasto no incluido en paquete turístico;Gasto en transporte internacional;2016M10;1.532,60
Dato base;Gasto total;Gasto no incluido en paquete turístico;Gasto en transporte internacional;2016M09;1.670,63
Dato base;Gasto total;Gasto no incluido en paquete turístico;Gasto en transporte internacional;2016M08;1.743,43
Dato base;Gasto total;Gasto no incluido en paquete turístico;Gasto en transporte internacional;2016M07;1.853,88
Dato base;Gasto total;Gasto no incluido en paquete turístico;Gasto en transporte internacional;2016M06;1.479,97
Dato base;Gasto total;Gasto no incluido en paquete turístico;Gasto en transporte internacional;2016M05;1.343,70
Dato base;Gasto total;Gasto no incluido en paquete turístico;Gasto en transporte internacional;2016M04;1.177,97
Dato base;Gasto total;Gasto no incluido en paquete turístico;Gasto en transporte internacional;2016M03;900,87
Dato base;Gasto total;Gasto no incluido en paquete turístico;Gasto en transporte internacional;2016M02;781,99
Dato base;Gasto total;Gasto no incluido en paquete turístico;Gasto en transporte internacional;2016M01;818,38
Dato base;Gasto total;Gasto no incluido en paquete turístico;Gasto en transporte internacional;2015M12;790,07
Dato base;Gasto total;Gasto no incluido en paquete turístico;Gasto en transporte internacional;2015M11;828,62
Dato base;Gasto total;Gasto no incluido en paquete turístico;Gasto en transporte internacional;2015M10;1.253,72
Dato base;Gasto total;Gasto no incluido en paquete turístico;Gasto en alojamiento;2026M07;3.610,38
Dato base;Gasto total;Gasto no incluido en paquete turístico;Gasto en alojamiento;2026M06;2.379,13
Dato base;Gasto total;Gasto no incluido en paquete turístico;Gasto en alojamiento;2026M05;2.433,32
Dato base;Gasto total;Gasto no incluido en paquete turístico;Gasto en alojamiento;2026M04;2.061,69
Dato base;Gasto total;Gasto no incluido en paquete turístico;Gasto en alojamiento;2026M03;1.754,93
Dato base;Gasto total;Gasto no incluido en paquete turístico;Gasto en alojamiento;2026M02;1.306,68
Dato base;Gasto total;Gasto no incluido en paquete turístico;Gasto en alojamiento;2026M01;1.262,45
Dato base;Gasto total;Gasto no incluido en paquete turístico;Gasto en alojamiento;2025M12;1.412,01
Dato base;Gasto total;Gasto no incluido en paquete turístico;Gasto en alojamiento;2025M11;1.401,63
Dato base;Gasto total;Gasto no incluido en paquete turístico;Gasto en alojamiento;2025M10;2.149,14
Dato base;Gasto total;Gasto no incluido en paquete turístico;Gasto en alojamiento;2025M09;2.314,33
Dato base;Gasto total;Gasto no incluido en paquete turístico;Gasto en alojamiento;2025M08;3.378,69
Dato base;Gasto total;Gasto no incluido en paquete turístico;Gasto en alojamiento;2025M07;3.384,20
Dato base;Gasto total;Gasto no incluido en paquete turístico;Gasto en alojamiento;2025M06;2.310,16
Dato base;Gasto total;Gasto no incluido en paquete turístico;Gasto en alojamiento;2025M05;2.221,78
Dato base;Gasto total;Gasto no incluido en paquete turístico;Gasto en alojamiento;2025M04;1.851,48
Dato base;Gasto total;Gasto no incluido en paquete turístico;Gasto en alojamiento;2025M03;1.550,14
Dato base;Gasto total;Gasto no incluido en paquete turístico;Gasto en alojamiento;2025M02;1.244,71
Dato base;Gasto total;Gasto no incluido en paquete turístico;Gasto en alojamiento;2025M01;1.091,41
Dato base;Gasto total;Gasto no incluido en paquete turístico;Gasto en alojamiento;2024M12;1.288,01
Dato base;Gasto total;Gasto no incluido en paquete turístico;Gasto en alojamiento;2024M11;1.311,30
Dato base;Gasto total;Gasto no incluido en paquete turístico;Gasto en alojamiento;2024M10;2.046,25
Dato base;Gasto total;Gasto no incluido en paquete turístico;Gasto en alojamiento;2024M09;2.159,93
Dato base;Gasto total;Gasto no incluido en paquete turístico;Gasto en alojamiento;2024M08;3.187,16
Dato base;Gasto total;Gasto no incluido en paquete turístico;Gasto en alojamiento;2024M07;3.110,22
Dato base;Gasto total;Gasto no incluido en paquete turístico;Gasto en alojamiento;2024M06;2.150,60
Dato base;Gasto total;Gasto no incluido en paquete turístico;Gasto en alojamiento;2024M05;2.060,75
Dato base;Gasto total;Gasto no incluido en paquete turístico;Gasto en alojamiento;2024M04;1.678,91
Dato base;Gasto total;Gasto no incluido en paquete turístico;Gasto en alojamiento;2024M03;1.463,79
Dato base;Gasto total;Gasto no incluido en paquete turístico;Gasto en alojamiento;2024M02;1.170,27
Dato base;Gasto total;Gasto no incluido en paquete turístico;Gasto en alojamiento;2024M01;988,43
Dato base;Gasto total;Gasto no incluido en paquete turístico;Gasto en alojamiento;2023M12;1.126,38
Dato base;Gasto total;Gasto no incluido en paquete turístico;Gasto en alojamiento;2023M11;1.143,54
Dato base;Gasto total;Gasto no incluido en paquete turístico;Gasto en alojamiento;2023M10;1.721,37
Dato base;Gasto total;Gasto no incluido en paquete turístico;Gasto en alojamiento;2023M09;1.829,43
Dato base;Gasto total;Gasto no incluido en paquete turístico;Gasto en alojamiento;2023M08;2.749,99
Dato base;Gasto total;Gasto no incluido en paquete turístico;Gasto en alojamiento;2023M07;2.805,48
Dato base;Gasto total;Gasto no incluido en paquete turístico;Gasto en alojamiento;2023M06;1.765,50
Dato base;Gasto total;Gasto no incluido en paquete turístico;Gasto en alojamiento;2023M05;1.679,62
Dato base;Gasto total;Gasto no incluido en paquete turístico;Gasto en alojamiento;2023M04;1.438,06
Dato base;Gasto total;Gasto no incluido en paquete turístico;Gasto en alojamiento;2023M03;1.161,62
Dato base;Gasto total;Gasto no incluido en paquete turístico;Gasto en alojamiento;2023M02;882,22
Dato base;Gasto total;Gasto no incluido en paquete turístico;Gasto en alojamiento;2023M01;777,99
Dato base;Gasto total;Gasto no incluido en paquete turístico;Gasto en alojamiento;2022M12;851,03
Dato base;Gasto total;Gasto no incluido en paquete turístico;Gasto en alojamiento;2022M11;902,48
Dato base;Gasto total;Gasto no incluido en paquete turístico;Gasto en alojamiento;2022M10;1.449,04
Dato base;Gasto total;Gasto no incluido en paquete turístico;Gasto en alojamiento;2022M09;1.573,11
Dato base;Gasto total;Gasto no incluido en paquete turístico;Gasto en alojamiento;2022M08;2.349,63
Dato base;Gasto total;Gasto no incluido en paquete turístico;Gasto en alojamiento;2022M07;2.532,37
Dato base;Gasto total;Gasto no incluido en paquete turístico;Gasto en alojamiento;2022M06;1.631,24
Dato base;Gasto total;Gasto no incluido en paquete turístico;Gasto en alojamiento;2022M05;1.423,88
Dato base;Gasto total;Gasto no incluido en paquete turístico;Gasto en alojamiento;2022M04;1.208,78
Dato base;Gasto total;Gasto no incluido en paquete turístico;Gasto en alojamiento;2022M03;912,91
Dato base;Gasto total;Gasto no incluido en paquete turístico;Gasto en alojamiento;2022M02;613,28
Dato base;Gasto total;Gasto no incluido en paquete turístico;Gasto en alojamiento;2022M01;481,15
Dato base;Gasto total;Gasto no incluido en paquete turístico;Gasto en alojamiento;2021M12;561,81
Dato base;Gasto total;Gasto no incluido en paquete turístico;Gasto en alojamiento;2021M11;658,95
Dato base;Gasto total;Gasto no incluido en paquete turístico;Gasto en alojamiento;2021M10;978,06
Dato base;Gasto total;Gasto no incluido en paquete turístico;Gasto en alojamiento;2021M09;929,59
Dato base;Gasto total;Gasto no incluido en paquete turístico;Gasto en alojamiento;2021M08;1.336,16
Dato base;Gasto total;Gasto no incluido en paquete turístico;Gasto en alojamiento;2021M07;1.089,13
Dato base;Gasto total;Gasto no incluido en paquete turístico;Gasto en alojamiento;2021M06;437,75
Dato base;Gasto total;Gasto no incluido en paquete turístico;Gasto en alojamiento;2021M05;253,07
Dato base;Gasto total;Gasto no incluido en paquete turístico;Gasto en alojamiento;2021M04;113,00
Dato base;Gasto total;Gasto no incluido en paquete turístico;Gasto en alojamiento;2021M03;106,86
Dato base;Gasto total;Gasto no incluido en paquete turístico;Gasto en alojamiento;2021M02;62,28
Dato base;Gasto total;Gasto no incluido en paquete turístico;Gasto en alojamiento;2021M01;73,24
Dato base;Gasto total;Gasto no incluido en paquete turístico;Gasto en alojamiento;2020M12;121,75
Dato base;Gasto total;Gasto no incluido en paquete turístico;Gasto en alojamiento;2020M11;84,43
Dato base;Gasto total;Gasto no incluido en paquete turístico;Gasto en alojamiento;2020M10;139,14
Dato base;Gasto total;Gasto no incluido en paquete turístico;Gasto en alojamiento;2020M09;180,85
Dato base;Gasto total;Gasto no incluido en paquete turístico;Gasto en alojamiento;2020M08;495,09
Dato base;Gasto total;Gasto no incluido en paquete turístico;Gasto en alojamiento;2020M07;476,85
Dato base;Gasto total;Gasto no incluido en paquete turístico;Gasto en alojamiento;2020M06;26,89
Dato base;Gasto total;Gasto no incluido en paquete turístico;Gasto en alojamiento;2020M05;0,00
Dato base;Gasto total;Gasto no incluido en paquete turístico;Gasto en alojamiento;2020M04;0,00
Dato base;Gasto total;Gasto no incluido en paquete turístico;Gasto en alojamiento;2020M03;314,74
Dato base;Gasto total;Gasto no incluido en paquete turístico;Gasto en alojamiento;2020M02;677,50
Dato base;Gasto total;Gasto no incluido en paquete turístico;Gasto en alojamiento;2020M01;603,71
Dato base;Gasto total;Gasto no incluido en paquete turístico;Gasto en alojamiento;2019M12;708,77
Dato base;Gasto total;Gasto no incluido en paquete turístico;Gasto en alojamiento;2019M11;695,65
Dato base;Gasto total;Gasto no incluido en paquete turístico;Gasto en alojamiento;2019M10;1.140,28
Dato base;Gasto total;Gasto no incluido en paquete turístico;Gasto en alojamiento;2019M09;1.490,45
Dato base;Gasto total;Gasto no incluido en paquete turístico;Gasto en alojamiento;2019M08;2.169,99
Dato base;Gasto total;Gasto no incluido en paquete turístico;Gasto en alojamiento;2019M07;2.047,56
Dato base;Gasto total;Gasto no incluido en paquete turístico;Gasto en alojamiento;2019M06;1.429,32
Dato base;Gasto total;Gasto no incluido en paquete turístico;Gasto en alojamiento;2019M05;1.174,56
Dato base;Gasto total;Gasto no incluido en paquete turístico;Gasto en alojamiento;2019M04;1.037,03
Dato base;Gasto total;Gasto no incluido en paquete turístico;Gasto en alojamiento;2019M03;891,88
Dato base;Gasto total;Gasto no incluido en paquete turístico;Gasto en alojamiento;2019M02;657,78
Dato base;Gasto total;Gasto no incluido en paquete turístico;Gasto en alojamiento;2019M01;588,91
Dato base;Gasto total;Gasto no incluido en paquete turístico;Gasto en alojamiento;2018M12;709,75
Dato base;Gasto total;Gasto no incluido en paquete turístico;Gasto en alojamiento;2018M11;667,35
Dato base;Gasto total;Gasto no incluido en paquete turístico;Gasto en alojamiento;2018M10;1.108,47
Dato base;Gasto total;Gasto no incluido en paquete turístico;Gasto en alojamiento;2018M09;1.386,84
Dato base;Gasto total;Gasto no incluido en paquete turístico;Gasto en alojamiento;2018M08;2.009,12
Dato base;Gasto total;Gasto no incluido en paquete turístico;Gasto en alojamiento;2018M07;1.955,78
Dato base;Gasto total;Gasto no incluido en paquete turístico;Gasto en alojamiento;2018M06;1.313,64
Dato base;Gasto total;Gasto no incluido en paquete turístico;Gasto en alojamiento;2018M05;1.120,71
Dato base;Gasto total;Gasto no incluido en paquete turístico;Gasto en alojamiento;2018M04;885,23
Dato base;Gasto total;Gasto no incluido en paquete turístico;Gasto en alojamiento;2018M03;808,05
Dato base;Gasto total;Gasto no incluido en paquete turístico;Gasto en alojamiento;2018M02;625,58
Dato base;Gasto total;Gasto no incluido en paquete turístico;Gasto en alojamiento;2018M01;543,80
Dato base;Gasto total;Gasto no incluido en paquete turístico;Gasto en alojamiento;2017M12;587,82
Dato base;Gasto total;Gasto no incluido en paquete turístico;Gasto en alojamiento;2017M11;606,34
Dato base;Gasto total;Gasto no incluido en paquete turístico;Gasto en alojamiento;2017M10;1.056,07
Dato base;Gasto total;Gasto no incluido en paquete turístico;Gasto en alojamiento;2017M09;1.340,33
Dato base;Gasto total;Gasto no incluido en paquete turístico;Gasto en alojamiento;2017M08;1.886,60
Dato base;Gasto total;Gasto no incluido en paquete turístico;Gasto en alojamiento;2017M07;1.895,66
Dato base;Gasto total;Gasto no incluido en paquete turístico;Gasto en alojamiento;2017M06;1.222,16
Dato base;Gasto total;Gasto no incluido en paquete turístico;Gasto en alojamiento;2017M05;1.095,47
Dato base;Gasto total;Gasto no incluido en paquete turístico;Gasto en alojamiento;2017M04;913,10
Dato base;Gasto total;Gasto no incluido en paquete turístico;Gasto en alojamiento;2017M03;693,88
Dato base;Gasto total;Gasto no incluido en paquete turístico;Gasto en alojamiento;2017M02;599,45
Dato base;Gasto total;Gasto no incluido en paquete turístico;Gasto en alojamiento;2017M01;547,06
Dato base;Gasto total;Gasto no incluido en paquete turístico;Gasto en alojamiento;2016M12;604,75
Dato base;Gasto total;Gasto no incluido en paquete turístico;Gasto en alojamiento;2016M11;582,45
Dato base;Gasto total;Gasto no incluido en paquete turístico;Gasto en alojamiento;2016M10;981,77
Dato base;Gasto total;Gasto no incluido en paquete turístico;Gasto en alojamiento;2016M09;1.166,58
Dato base;Gasto total;Gasto no incluido en paquete turístico;Gasto en alojamiento;2016M08;1.661,06
Dato base;Gasto total;Gasto no incluido en paquete turístico;Gasto en alojamiento;2016M07;1.495,45
Dato base;Gasto total;Gasto no incluido en paquete turístico;Gasto en alojamiento;2016M06;1.059,67
Dato base;Gasto total;Gasto no incluido en paquete turístico;Gasto en alojamiento;2016M05;909,88
Dato base;Gasto total;Gasto no incluido en paquete turístico;Gasto en alojamiento;2016M04;763,38
Dato base;Gasto total;Gasto no incluido en paquete turístico;Gasto en alojamiento;2016M03;635,75
Dato base;Gasto total;Gasto no incluido en paquete turístico;Gasto en alojamiento;2016M02;537,39
Dato base;Gasto total;Gasto no incluido en paquete turístico;Gasto en alojamiento;2016M01;438,59
Dato base;Gasto total;Gasto no incluido en paquete turístico;Gasto en alojamiento;2015M12;468,09
Dato base;Gasto total;Gasto no incluido en paquete turístico;Gasto en alojamiento;2015M11;523,23
Dato base;Gasto total;Gasto no incluido en paquete turístico;Gasto en alojamiento;2015M10;864,54
Dato base;Gasto total;Gasto no incluido en paquete turístico;Gasto en manutención;2026M07;2.723,32
Dato base;Gasto total;Gasto no incluido en paquete turístico;Gasto en manutención;2026M06;2.114,51
Dato base;Gasto total;Gasto no incluido en paquete turístico;Gasto en manutención;2026M05;2.101,42
Dato base;Gasto total;Gasto no incluido en paquete turístico;Gasto en manutención;2026M04;1.988,64
Dato base;Gasto total;Gasto no incluido en paquete turístico;Gasto en manutención;2026M03;1.600,44
Dato base;Gasto total;Gasto no incluido en paquete turístico;Gasto en manutención;2026M02;1.228,13
Dato base;Gasto total;Gasto no incluido en paquete turístico;Gasto en manutención;2026M01;1.256,86
Dato base;Gasto total;Gasto no incluido en paquete turístico;Gasto en manutención;2025M12;1.322,27
Dato base;Gasto total;Gasto no incluido en paquete turístico;Gasto en manutención;2025M11;1.349,09
Dato base;Gasto total;Gasto no incluido en paquete turístico;Gasto en manutención;2025M10;2.024,03
Dato base;Gasto total;Gasto no incluido en paquete turístico;Gasto en manutención;2025M09;2.115,97
Dato base;Gasto total;Gasto no incluido en paquete turístico;Gasto en manutención;2025M08;2.495,49
Dato base;Gasto total;Gasto no incluido en paquete turístico;Gasto en manutención;2025M07;2.536,49
Dato base;Gasto total;Gasto no incluido en paquete turístico;Gasto en manutención;2025M06;2.093,49
Dato base;Gasto total;Gasto no incluido en paquete turístico;Gasto en manutención;2025M05;1.919,66
Dato base;Gasto total;Gasto no incluido en paquete turístico;Gasto en manutención;2025M04;1.861,82
Dato base;Gasto total;Gasto no incluido en paquete turístico;Gasto en manutención;2025M03;1.538,17
Dato base;Gasto total;Gasto no incluido en paquete turístico;Gasto en manutención;2025M02;1.207,52
Dato base;Gasto total;Gasto no incluido en paquete turístico;Gasto en manutención;2025M01;1.168,17
Dato base;Gasto total;Gasto no incluido en paquete turístico;Gasto en manutención;2024M12;1.283,29
Dato base;Gasto total;Gasto no incluido en paquete turístico;Gasto en manutención;2024M11;1.317,36
Dato base;Gasto total;Gasto no incluido en paquete turístico;Gasto en manutención;2024M10;1.880,41
Dato base;Gasto total;Gasto no incluido en paquete turístico;Gasto en manutención;2024M09;1.996,70
Dato base;Gasto total;Gasto no incluido en paquete turístico;Gasto en manutención;2024M08;2.375,10
Dato base;Gasto total;Gasto no incluido en paquete turístico;Gasto en manutención;2024M07;2.458,88
Dato base;Gasto total;Gasto no incluido en paquete turístico;Gasto en manutención;2024M06;1.901,26
Dato base;Gasto total;Gasto no incluido en paquete turístico;Gasto en manutención;2024M05;1.843,35
Dato base;Gasto total;Gasto no incluido en paquete turístico;Gasto en manutención;2024M04;1.612,56
Dato base;Gasto total;Gasto no incluido en paquete turístico;Gasto en manutención;2024M03;1.404,51
Dato base;Gasto total;Gasto no incluido en paquete turístico;Gasto en manutención;2024M02;1.087,58
Dato base;Gasto total;Gasto no incluido en paquete turístico;Gasto en manutención;2024M01;1.081,21
Dato base;Gasto total;Gasto no incluido en paquete turístico;Gasto en manutención;2023M12;1.171,22
Dato base;Gasto total;Gasto no incluido en paquete turístico;Gasto en manutención;2023M11;1.060,13
Dato base;Gasto total;Gasto no incluido en paquete turístico;Gasto en manutención;2023M10;1.603,30
Dato base;Gasto total;Gasto no incluido en paquete turístico;Gasto en manutención;2023M09;1.741,01
Dato base;Gasto total;Gasto no incluido en paquete turístico;Gasto en manutención;2023M08;2.123,96
Dato base;Gasto total;Gasto no incluido en paquete turístico;Gasto en manutención;2023M07;2.137,11
Dato base;Gasto total;Gasto no incluido en paquete turístico;Gasto en manutención;2023M06;1.610,43
Dato base;Gasto total;Gasto no incluido en paquete turístico;Gasto en manutención;2023M05;1.528,91
Dato base;Gasto total;Gasto no incluido en paquete turístico;Gasto en manutención;2023M04;1.441,30
Dato base;Gasto total;Gasto no incluido en paquete turístico;Gasto en manutención;2023M03;1.086,20
Dato base;Gasto total;Gasto no incluido en paquete turístico;Gasto en manutención;2023M02;865,58
Dato base;Gasto total;Gasto no incluido en paquete turístico;Gasto en manutención;2023M01;862,52
Dato base;Gasto total;Gasto no incluido en paquete turístico;Gasto en manutención;2022M12;863,63
Dato base;Gasto total;Gasto no incluido en paquete turístico;Gasto en manutención;2022M11;877,52
Dato base;Gasto total;Gasto no incluido en paquete turístico;Gasto en manutención;2022M10;1.335,62
Dato base;Gasto total;Gasto no incluido en paquete turístico;Gasto en manutención;2022M09;1.430,32
Dato base;Gasto total;Gasto no incluido en paquete turístico;Gasto en manutención;2022M08;1.698,52
Dato base;Gasto total;Gasto no incluido en paquete turístico;Gasto en manutención;2022M07;1.805,28
Dato base;Gasto total;Gasto no incluido en paquete turístico;Gasto en manutención;2022M06;1.382,74
Dato base;Gasto total;Gasto no incluido en paquete turístico;Gasto en manutención;2022M05;1.303,69
Dato base;Gasto total;Gasto no incluido en paquete turístico;Gasto en manutención;2022M04;1.209,86
Dato base;Gasto total;Gasto no incluido en paquete turístico;Gasto en manutención;2022M03;842,31
Dato base;Gasto total;Gasto no incluido en paquete turístico;Gasto en manutención;2022M02;672,11
Dato base;Gasto total;Gasto no incluido en paquete turístico;Gasto en manutención;2022M01;539,57
Dato base;Gasto total;Gasto no incluido en paquete turístico;Gasto en manutención;2021M12;593,01
Dato base;Gasto total;Gasto no incluido en paquete turístico;Gasto en manutención;2021M11;634,31
Dato base;Gasto total;Gasto no incluido en paquete turístico;Gasto en manutención;2021M10;980,95
Dato base;Gasto total;Gasto no incluido en paquete turístico;Gasto en manutención;2021M09;886,60
Dato base;Gasto total;Gasto no incluido en paquete turístico;Gasto en manutención;2021M08;994,42
Dato base;Gasto total;Gasto no incluido en paquete turístico;Gasto en manutención;2021M07;910,82
Dato base;Gasto total;Gasto no incluido en paquete turístico;Gasto en manutención;2021M06;408,52
Dato base;Gasto total;Gasto no incluido en paquete turístico;Gasto en manutención;2021M05;252,43
Dato base;Gasto total;Gasto no incluido en paquete turístico;Gasto en manutención;2021M04;116,37
Dato base;Gasto total;Gasto no incluido en paquete turístico;Gasto en manutención;2021M03;94,17
Dato base;Gasto total;Gasto no incluido en paquete turístico;Gasto en manutención;2021M02;53,69
Dato base;Gasto total;Gasto no incluido en paquete turístico;Gasto en manutención;2021M01;82,06
Dato base;Gasto total;Gasto no incluido en paquete turístico;Gasto en manutención;2020M12;116,87
Dato base;Gasto total;Gasto no incluido en paquete turístico;Gasto en manutención;2020M11;80,10
Dato base;Gasto total;Gasto no incluido en paquete turístico;Gasto en manutención;2020M10;172,54
Dato base;Gasto total;Gasto no incluido en paquete turístico;Gasto en manutención;2020M09;183,18
Dato base;Gasto total;Gasto no incluido en paquete turístico;Gasto en manutención;2020M08;430,65
Dato base;Gasto total;Gasto no incluido en paquete turístico;Gasto en manutención;2020M07;447,52
Dato base;Gasto total;Gasto no incluido en paquete turístico;Gasto en manutención;2020M06;27,32
Dato base;Gasto total;Gasto no incluido en paquete turístico;Gasto en manutención;2020M05;0,00
Dato base;Gasto total;Gasto no incluido en paquete turístico;Gasto en manutención;2020M04;0,00
Dato base;Gasto total;Gasto no incluido en paquete turístico;Gasto en manutención;2020M03;337,92
Dato base;Gasto total;Gasto no incluido en paquete turístico;Gasto en manutención;2020M02;744,98
Dato base;Gasto total;Gasto no incluido en paquete turístico;Gasto en manutención;2020M01;722,71
Dato base;Gasto total;Gasto no incluido en paquete turístico;Gasto en manutención;2019M12;756,19
Dato base;Gasto total;Gasto no incluido en paquete turístico;Gasto en manutención;2019M11;775,50
Dato base;Gasto total;Gasto no incluido en paquete turístico;Gasto en manutención;2019M10;1.202,11
Dato base;Gasto total;Gasto no incluido en paquete turístico;Gasto en manutención;2019M09;1.485,22
Dato base;Gasto total;Gasto no incluido en paquete turístico;Gasto en manutención;2019M08;1.780,75
Dato base;Gasto total;Gasto no incluido en paquete turístico;Gasto en manutención;2019M07;1.743,35
Dato base;Gasto total;Gasto no incluido en paquete turístico;Gasto en manutención;2019M06;1.407,25
Dato base;Gasto total;Gasto no incluido en paquete turístico;Gasto en manutención;2019M05;1.193,24
Dato base;Gasto total;Gasto no incluido en paquete turístico;Gasto en manutención;2019M04;1.106,70
Dato base;Gasto total;Gasto no incluido en paquete turístico;Gasto en manutención;2019M03;976,94
Dato base;Gasto total;Gasto no incluido en paquete turístico;Gasto en manutención;2019M02;708,94
Dato base;Gasto total;Gasto no incluido en paquete turístico;Gasto en manutención;2019M01;741,36
Dato base;Gasto total;Gasto no incluido en paquete turístico;Gasto en manutención;2018M12;804,62
Dato base;Gasto total;Gasto no incluido en paquete turístico;Gasto en manutención;2018M11;739,91
Dato base;Gasto total;Gasto no incluido en paquete turístico;Gasto en manutención;2018M10;1.158,47
Dato base;Gasto total;Gasto no incluido en paquete turístico;Gasto en manutención;2018M09;1.444,55
Dato base;Gasto total;Gasto no incluido en paquete turístico;Gasto en manutención;2018M08;1.733,64
Dato base;Gasto total;Gasto no incluido en paquete turístico;Gasto en manutención;2018M07;1.759,29
Dato base;Gasto total;Gasto no incluido en paquete turístico;Gasto en manutención;2018M06;1.378,38
Dato base;Gasto total;Gasto no incluido en paquete turístico;Gasto en manutención;2018M05;1.248,10
Dato base;Gasto total;Gasto no incluido en paquete turístico;Gasto en manutención;2018M04;1.055,89
Dato base;Gasto total;Gasto no incluido en paquete turístico;Gasto en manutención;2018M03;927,47
Dato base;Gasto total;Gasto no incluido en paquete turístico;Gasto en manutención;2018M02;706,87
Dato base;Gasto total;Gasto no incluido en paquete turístico;Gasto en manutención;2018M01;721,39
Dato base;Gasto total;Gasto no incluido en paquete turístico;Gasto en manutención;2017M12;729,25
Dato base;Gasto total;Gasto no incluido en paquete turístico;Gasto en manutención;2017M11;739,17
Dato base;Gasto total;Gasto no incluido en paquete turístico;Gasto en manutención;2017M10;1.149,57
Dato base;Gasto total;Gasto no incluido en paquete turístico;Gasto en manutención;2017M09;1.466,43
Dato base;Gasto total;Gasto no incluido en paquete turístico;Gasto en manutención;2017M08;1.811,81
Dato base;Gasto total;Gasto no incluido en paquete turístico;Gasto en manutención;2017M07;1.841,87
Dato base;Gasto total;Gasto no incluido en paquete turístico;Gasto en manutención;2017M06;1.357,98
Dato base;Gasto total;Gasto no incluido en paquete turístico;Gasto en manutención;2017M05;1.254,44
Dato base;Gasto total;Gasto no incluido en paquete turístico;Gasto en manutención;2017M04;1.070,59
Dato base;Gasto total;Gasto no incluido en paquete turístico;Gasto en manutención;2017M03;818,38
Dato base;Gasto total;Gasto no incluido en paquete turístico;Gasto en manutención;2017M02;704,53
Dato base;Gasto total;Gasto no incluido en paquete turístico;Gasto en manutención;2017M01;682,33
Dato base;Gasto total;Gasto no incluido en paquete turístico;Gasto en manutención;2016M12;722,72
Dato base;Gasto total;Gasto no incluido en paquete turístico;Gasto en manutención;2016M11;648,70
Dato base;Gasto total;Gasto no incluido en paquete turístico;Gasto en manutención;2016M10;1.099,06
Dato base;Gasto total;Gasto no incluido en paquete turístico;Gasto en manutención;2016M09;1.275,08
Dato base;Gasto total;Gasto no incluido en paquete turístico;Gasto en manutención;2016M08;1.610,98
Dato base;Gasto total;Gasto no incluido en paquete turístico;Gasto en manutención;2016M07;1.574,11
Dato base;Gasto total;Gasto no incluido en paquete turístico;Gasto en manutención;2016M06;1.161,82
Dato base;Gasto total;Gasto no incluido en paquete turístico;Gasto en manutención;2016M05;1.044,88
Dato base;Gasto total;Gasto no incluido en paquete turístico;Gasto en manutención;2016M04;893,96
Dato base;Gasto total;Gasto no incluido en paquete turístico;Gasto en manutención;2016M03;754,64
Dato base;Gasto total;Gasto no incluido en paquete turístico;Gasto en manutención;2016M02;608,85
Dato base;Gasto total;Gasto no incluido en paquete turístico;Gasto en manutención;2016M01;613,77
Dato base;Gasto total;Gasto no incluido en paquete turístico;Gasto en manutención;2015M12;608,77
Dato base;Gasto total;Gasto no incluido en paquete turístico;Gasto en manutención;2015M11;625,06
Dato base;Gasto total;Gasto no incluido en paquete turístico;Gasto en manutención;2015M10;1.037,66
Dato base;Gasto total;Gasto no incluido en paquete turístico;Gasto en actividades;2026M07;3.293,86
Dato base;Gasto total;Gasto no incluido en paquete turístico;Gasto en actividades;2026M06;2.734,67
Dato base;Gasto total;Gasto no incluido en paquete turístico;Gasto en actividades;2026M05;2.745,97
Dato base;Gasto total;Gasto no incluido en paquete turístico;Gasto en actividades;2026M04;2.461,60
Dato base;Gasto total;Gasto no incluido en paquete turístico;Gasto en actividades;2026M03;1.933,86
Dato base;Gasto total;Gasto no incluido en paquete turístico;Gasto en actividades;2026M02;1.553,54
Dato base;Gasto total;Gasto no incluido en paquete turístico;Gasto en actividades;2026M01;1.829,06
Dato base;Gasto total;Gasto no incluido en paquete turístico;Gasto en actividades;2025M12;1.935,90
Dato base;Gasto total;Gasto no incluido en paquete turístico;Gasto en actividades;2025M11;1.659,11
Dato base;Gasto total;Gasto no incluido en paquete turístico;Gasto en actividades;2025M10;2.549,34
Dato base;Gasto total;Gasto no incluido en paquete turístico;Gasto en actividades;2025M09;2.715,28
Dato base;Gasto total;Gasto no incluido en paquete turístico;Gasto en actividades;2025M08;3.038,99
Dato base;Gasto total;Gasto no incluido en paquete turístico;Gasto en actividades;2025M07;3.016,66
Dato base;Gasto total;Gasto no incluido en paquete turístico;Gasto en actividades;2025M06;2.677,71
Dato base;Gasto total;Gasto no incluido en paquete turístico;Gasto en actividades;2025M05;2.458,62
Dato base;Gasto total;Gasto no incluido en paquete turístico;Gasto en actividades;2025M04;2.252,91
Dato base;Gasto total;Gasto no incluido en paquete turístico;Gasto en actividades;2025M03;1.848,97
Dato base;Gasto total;Gasto no incluido en paquete turístico;Gasto en actividades;2025M02;1.514,06
Dato base;Gasto total;Gasto no incluido en paquete turístico;Gasto en actividades;2025M01;1.695,20
Dato base;Gasto total;Gasto no incluido en paquete turístico;Gasto en actividades;2024M12;1.806,96
Dato base;Gasto total;Gasto no incluido en paquete turístico;Gasto en actividades;2024M11;1.631,93
Dato base;Gasto total;Gasto no incluido en paquete turístico;Gasto en actividades;2024M10;2.306,78
Dato base;Gasto total;Gasto no incluido en paquete turístico;Gasto en actividades;2024M09;2.495,61
Dato base;Gasto total;Gasto no incluido en paquete turístico;Gasto en actividades;2024M08;2.883,45
Dato base;Gasto total;Gasto no incluido en paquete turístico;Gasto en actividades;2024M07;2.830,27
Dato base;Gasto total;Gasto no incluido en paquete turístico;Gasto en actividades;2024M06;2.492,16
Dato base;Gasto total;Gasto no incluido en paquete turístico;Gasto en actividades;2024M05;2.355,34
Dato base;Gasto total;Gasto no incluido en paquete turístico;Gasto en actividades;2024M04;1.932,37
Dato base;Gasto total;Gasto no incluido en paquete turístico;Gasto en actividades;2024M03;1.805,28
Dato base;Gasto total;Gasto no incluido en paquete turístico;Gasto en actividades;2024M02;1.428,78
Dato base;Gasto total;Gasto no incluido en paquete turístico;Gasto en actividades;2024M01;1.533,87
Dato base;Gasto total;Gasto no incluido en paquete turístico;Gasto en actividades;2023M12;1.685,71
Dato base;Gasto total;Gasto no incluido en paquete turístico;Gasto en actividades;2023M11;1.396,00
Dato base;Gasto total;Gasto no incluido en paquete turístico;Gasto en actividades;2023M10;2.072,07
Dato base;Gasto total;Gasto no incluido en paquete turístico;Gasto en actividades;2023M09;2.278,98
Dato base;Gasto total;Gasto no incluido en paquete turístico;Gasto en actividades;2023M08;2.614,68
Dato base;Gasto total;Gasto no incluido en paquete turístico;Gasto en actividades;2023M07;2.591,94
Dato base;Gasto total;Gasto no incluido en paquete turístico;Gasto en actividades;2023M06;2.176,65
Dato base;Gasto total;Gasto no incluido en paquete turístico;Gasto en actividades;2023M05;2.010,54
Dato base;Gasto total;Gasto no incluido en paquete turístico;Gasto en actividades;2023M04;1.772,56
Dato base;Gasto total;Gasto no incluido en paquete turístico;Gasto en actividades;2023M03;1.436,84
Dato base;Gasto total;Gasto no incluido en paquete turístico;Gasto en actividades;2023M02;1.208,69
Dato base;Gasto total;Gasto no incluido en paquete turístico;Gasto en actividades;2023M01;1.239,18
Dato base;Gasto total;Gasto no incluido en paquete turístico;Gasto en actividades;2022M12;1.275,88
Dato base;Gasto total;Gasto no incluido en paquete turístico;Gasto en actividades;2022M11;1.148,22
Dato base;Gasto total;Gasto no incluido en paquete turístico;Gasto en actividades;2022M10;1.738,43
Dato base;Gasto total;Gasto no incluido en paquete turístico;Gasto en actividades;2022M09;1.870,76
Dato base;Gasto total;Gasto no incluido en paquete turístico;Gasto en actividades;2022M08;2.098,49
Dato base;Gasto total;Gasto no incluido en paquete turístico;Gasto en actividades;2022M07;2.214,03
Dato base;Gasto total;Gasto no incluido en paquete turístico;Gasto en actividades;2022M06;1.905,60
Dato base;Gasto total;Gasto no incluido en paquete turístico;Gasto en actividades;2022M05;1.643,73
Dato base;Gasto total;Gasto no incluido en paquete turístico;Gasto en actividades;2022M04;1.468,40
Dato base;Gasto total;Gasto no incluido en paquete turístico;Gasto en actividades;2022M03;1.075,77
Dato base;Gasto total;Gasto no incluido en paquete turístico;Gasto en actividades;2022M02;882,45
Dato base;Gasto total;Gasto no incluido en paquete turístico;Gasto en actividades;2022M01;725,89
Dato base;Gasto total;Gasto no incluido en paquete turístico;Gasto en actividades;2021M12;857,83
Dato base;Gasto total;Gasto no incluido en paquete turístico;Gasto en actividades;2021M11;814,48
Dato base;Gasto total;Gasto no incluido en paquete turístico;Gasto en actividades;2021M10;1.224,92
Dato base;Gasto total;Gasto no incluido en paquete turístico;Gasto en actividades;2021M09;1.088,91
Dato base;Gasto total;Gasto no incluido en paquete turístico;Gasto en actividades;2021M08;1.167,99
Dato base;Gasto total;Gasto no incluido en paquete turístico;Gasto en actividades;2021M07;1.004,53
Dato base;Gasto total;Gasto no incluido en paquete turístico;Gasto en actividades;2021M06;514,77
Dato base;Gasto total;Gasto no incluido en paquete turístico;Gasto en actividades;2021M05;291,85
Dato base;Gasto total;Gasto no incluido en paquete turístico;Gasto en actividades;2021M04;138,67
Dato base;Gasto total;Gasto no incluido en paquete turístico;Gasto en actividades;2021M03;123,00
Dato base;Gasto total;Gasto no incluido en paquete turístico;Gasto en actividades;2021M02;71,65
Dato base;Gasto total;Gasto no incluido en paquete turístico;Gasto en actividades;2021M01;112,43
Dato base;Gasto total;Gasto no incluido en paquete turístico;Gasto en actividades;2020M12;167,65
Dato base;Gasto total;Gasto no incluido en paquete turístico;Gasto en actividades;2020M11;103,04
Dato base;Gasto total;Gasto no incluido en paquete turístico;Gasto en actividades;2020M10;206,20
Dato base;Gasto total;Gasto no incluido en paquete turístico;Gasto en actividades;2020M09;238,92
Dato base;Gasto total;Gasto no incluido en paquete turístico;Gasto en actividades;2020M08;515,25
Dato base;Gasto total;Gasto no incluido en paquete turístico;Gasto en actividades;2020M07;474,48
Dato base;Gasto total;Gasto no incluido en paquete turístico;Gasto en actividades;2020M06;28,54
Dato base;Gasto total;Gasto no incluido en paquete turístico;Gasto en actividades;2020M05;0,00
Dato base;Gasto total;Gasto no incluido en paquete turístico;Gasto en actividades;2020M04;0,00
Dato base;Gasto total;Gasto no incluido en paquete turístico;Gasto en actividades;2020M03;443,88
Dato base;Gasto total;Gasto no incluido en paquete turístico;Gasto en actividades;2020M02;1.037,80
Dato base;Gasto total;Gasto no incluido en paquete turístico;Gasto en actividades;2020M01;1.095,96
Dato base;Gasto total;Gasto no incluido en paquete turístico;Gasto en actividades;2019M12;1.120,38
Dato base;Gasto total;Gasto no incluido en paquete turístico;Gasto en actividades;2019M11;1.053,67
Dato base;Gasto total;Gasto no incluido en paquete turístico;Gasto en actividades;2019M10;1.611,05
Dato base;Gasto total;Gasto no incluido en paquete turístico;Gasto en actividades;2019M09;1.918,91
Dato base;Gasto total;Gasto no incluido en paquete turístico;Gasto en actividades;2019M08;2.251,60
Dato base;Gasto total;Gasto no incluido en paquete turístico;Gasto en actividades;2019M07;2.094,84
Dato base;Gasto total;Gasto no incluido en paquete turístico;Gasto en actividades;2019M06;1.892,14
Dato base;Gasto total;Gasto no incluido en paquete turístico;Gasto en actividades;2019M05;1.556,84
Dato base;Gasto total;Gasto no incluido en paquete turístico;Gasto en actividades;2019M04;1.397,08
Dato base;Gasto total;Gasto no incluido en paquete turístico;Gasto en actividades;2019M03;1.213,98
Dato base;Gasto total;Gasto no incluido en paquete turístico;Gasto en actividades;2019M02;964,39
Dato base;Gasto total;Gasto no incluido en paquete turístico;Gasto en actividades;2019M01;1.034,13
Dato base;Gasto total;Gasto no incluido en paquete turístico;Gasto en actividades;2018M12;1.084,76
Dato base;Gasto total;Gasto no incluido en paquete turístico;Gasto en actividades;2018M11;952,32
Dato base;Gasto total;Gasto no incluido en paquete turístico;Gasto en actividades;2018M10;1.514,47
Dato base;Gasto total;Gasto no incluido en paquete turístico;Gasto en actividades;2018M09;1.812,77
Dato base;Gasto total;Gasto no incluido en paquete turístico;Gasto en actividades;2018M08;2.041,67
Dato base;Gasto total;Gasto no incluido en paquete turístico;Gasto en actividades;2018M07;1.953,30
Dato base;Gasto total;Gasto no incluido en paquete turístico;Gasto en actividades;2018M06;1.729,16
Dato base;Gasto total;Gasto no incluido en paquete turístico;Gasto en actividades;2018M05;1.485,56
Dato base;Gasto total;Gasto no incluido en paquete turístico;Gasto en actividades;2018M04;1.251,71
Dato base;Gasto total;Gasto no incluido en paquete turístico;Gasto en actividades;2018M03;1.049,45
Dato base;Gasto total;Gasto no incluido en paquete turístico;Gasto en actividades;2018M02;855,13
Dato base;Gasto total;Gasto no incluido en paquete turístico;Gasto en actividades;2018M01;943,65
Dato base;Gasto total;Gasto no incluido en paquete turístico;Gasto en actividades;2017M12;909,09
Dato base;Gasto total;Gasto no incluido en paquete turístico;Gasto en actividades;2017M11;857,66
Dato base;Gasto total;Gasto no incluido en paquete turístico;Gasto en actividades;2017M10;1.353,95
Dato base;Gasto total;Gasto no incluido en paquete turístico;Gasto en actividades;2017M09;1.731,33
Dato base;Gasto total;Gasto no incluido en paquete turístico;Gasto en actividades;2017M08;1.952,61
Dato base;Gasto total;Gasto no incluido en paquete turístico;Gasto en actividades;2017M07;1.920,49
Dato base;Gasto total;Gasto no incluido en paquete turístico;Gasto en actividades;2017M06;1.601,11
Dato base;Gasto total;Gasto no incluido en paquete turístico;Gasto en actividades;2017M05;1.400,81
Dato base;Gasto total;Gasto no incluido en paquete turístico;Gasto en actividades;2017M04;1.257,86
Dato base;Gasto total;Gasto no incluido en paquete turístico;Gasto en actividades;2017M03;891,93
Dato base;Gasto total;Gasto no incluido en paquete turístico;Gasto en actividades;2017M02;800,67
Dato base;Gasto total;Gasto no incluido en paquete turístico;Gasto en actividades;2017M01;840,01
Dato base;Gasto total;Gasto no incluido en paquete turístico;Gasto en actividades;2016M12;948,20
Dato base;Gasto total;Gasto no incluido en paquete turístico;Gasto en actividades;2016M11;773,89
Dato base;Gasto total;Gasto no incluido en paquete turístico;Gasto en actividades;2016M10;1.281,63
Dato base;Gasto total;Gasto no incluido en paquete turístico;Gasto en actividades;2016M09;1.540,02
Dato base;Gasto total;Gasto no incluido en paquete turístico;Gasto en actividades;2016M08;1.691,73
Dato base;Gasto total;Gasto no incluido en paquete turístico;Gasto en actividades;2016M07;1.623,83
Dato base;Gasto total;Gasto no incluido en paquete turístico;Gasto en actividades;2016M06;1.409,75
Dato base;Gasto total;Gasto no incluido en paquete turístico;Gasto en actividades;2016M05;1.169,47
Dato base;Gasto total;Gasto no incluido en paquete turístico;Gasto en actividades;2016M04;973,81
Dato base;Gasto total;Gasto no incluido en paquete turístico;Gasto en actividades;2016M03;828,87
Dato base;Gasto total;Gasto no incluido en paquete turístico;Gasto en actividades;2016M02;664,99
Dato base;Gasto total;Gasto no incluido en paquete turístico;Gasto en actividades;2016M01;720,45
Dato base;Gasto total;Gasto no incluido en paquete turístico;Gasto en actividades;2015M12;736,94
Dato base;Gasto total;Gasto no incluido en paquete turístico;Gasto en actividades;2015M11;714,83
Dato base;Gasto total;Gasto no incluido en paquete turístico;Gasto en actividades;2015M10;1.049,27
Dato base;Gasto total;Gasto no incluido en paquete turístico;Otros gastos;2026M07;1.584,64
Dato base;Gasto total;Gasto no incluido en paquete turístico;Otros gastos;2026M06;1.084,02
Dato base;Gasto total;Gasto no incluido en paquete turístico;Otros gastos;2026M05;1.119,04
Dato base;Gasto total;Gasto no incluido en paquete turístico;Otros gastos;2026M04;1.030,75
Dato base;Gasto total;Gasto no incluido en paquete turístico;Otros gastos;2026M03;804,13
Dato base;Gasto total;Gasto no incluido en paquete turístico;Otros gastos;2026M02;635,95
Dato base;Gasto total;Gasto no incluido en paquete turístico;Otros gastos;2026M01;645,08
Dato base;Gasto total;Gasto no incluido en paquete turístico;Otros gastos;2025M12;717,90
Dato base;Gasto total;Gasto no incluido en paquete turístico;Otros gastos;2025M11;668,28
Dato base;Gasto total;Gasto no incluido en paquete turístico;Otros gastos;2025M10;1.143,93
Dato base;Gasto total;Gasto no incluido en paquete turístico;Otros gastos;2025M09;1.152,22
Dato base;Gasto total;Gasto no incluido en paquete turístico;Otros gastos;2025M08;1.474,86
Dato base;Gasto total;Gasto no incluido en paquete turístico;Otros gastos;2025M07;1.448,54
Dato base;Gasto total;Gasto no incluido en paquete turístico;Otros gastos;2025M06;1.113,25
Dato base;Gasto total;Gasto no incluido en paquete turístico;Otros gastos;2025M05;1.024,59
Dato base;Gasto total;Gasto no incluido en paquete turístico;Otros gastos;2025M04;1.006,48
Dato base;Gasto total;Gasto no incluido en paquete turístico;Otros gastos;2025M03;828,32
Dato base;Gasto total;Gasto no incluido en paquete turístico;Otros gastos;2025M02;612,85
Dato base;Gasto total;Gasto no incluido en paquete turístico;Otros gastos;2025M01;588,76
Dato base;Gasto total;Gasto no incluido en paquete turístico;Otros gastos;2024M12;700,13
Dato base;Gasto total;Gasto no incluido en paquete turístico;Otros gastos;2024M11;642,54
Dato base;Gasto total;Gasto no incluido en paquete turístico;Otros gastos;2024M10;1.000,97
Dato base;Gasto total;Gasto no incluido en paquete turístico;Otros gastos;2024M09;1.073,83
Dato base;Gasto total;Gasto no incluido en paquete turístico;Otros gastos;2024M08;1.407,02
Dato base;Gasto total;Gasto no incluido en paquete turístico;Otros gastos;2024M07;1.422,31
Dato base;Gasto total;Gasto no incluido en paquete turístico;Otros gastos;2024M06;1.037,95
Dato base;Gasto total;Gasto no incluido en paquete turístico;Otros gastos;2024M05;1.001,56
Dato base;Gasto total;Gasto no incluido en paquete turístico;Otros gastos;2024M04;847,07
Dato base;Gasto total;Gasto no incluido en paquete turístico;Otros gastos;2024M03;783,34
Dato base;Gasto total;Gasto no incluido en paquete turístico;Otros gastos;2024M02;585,96
Dato base;Gasto total;Gasto no incluido en paquete turístico;Otros gastos;2024M01;573,54
Dato base;Gasto total;Gasto no incluido en paquete turístico;Otros gastos;2023M12;670,96
Dato base;Gasto total;Gasto no incluido en paquete turístico;Otros gastos;2023M11;573,55
Dato base;Gasto total;Gasto no incluido en paquete turístico;Otros gastos;2023M10;920,46
Dato base;Gasto total;Gasto no incluido en paquete turístico;Otros gastos;2023M09;988,09
Dato base;Gasto total;Gasto no incluido en paquete turístico;Otros gastos;2023M08;1.283,27
Dato base;Gasto total;Gasto no incluido en paquete turístico;Otros gastos;2023M07;1.219,22
Dato base;Gasto total;Gasto no incluido en paquete turístico;Otros gastos;2023M06;920,51
Dato base;Gasto total;Gasto no incluido en paquete turístico;Otros gastos;2023M05;826,09
Dato base;Gasto total;Gasto no incluido en paquete turístico;Otros gastos;2023M04;799,89
Dato base;Gasto total;Gasto no incluido en paquete turístico;Otros gastos;2023M03;579,64
Dato base;Gasto total;Gasto no incluido en paquete turístico;Otros gastos;2023M02;451,00
Dato base;Gasto total;Gasto no incluido en paquete turístico;Otros gastos;2023M01;439,22
Dato base;Gasto total;Gasto no incluido en paquete turístico;Otros gastos;2022M12;488,58
Dato base;Gasto total;Gasto no incluido en paquete turístico;Otros gastos;2022M11;488,65
Dato base;Gasto total;Gasto no incluido en paquete turístico;Otros gastos;2022M10;734,63
Dato base;Gasto total;Gasto no incluido en paquete turístico;Otros gastos;2022M09;783,44
Dato base;Gasto total;Gasto no incluido en paquete turístico;Otros gastos;2022M08;1.038,02
Dato base;Gasto total;Gasto no incluido en paquete turístico;Otros gastos;2022M07;1.134,44
Dato base;Gasto total;Gasto no incluido en paquete turístico;Otros gastos;2022M06;790,12
Dato base;Gasto total;Gasto no incluido en paquete turístico;Otros gastos;2022M05;716,33
Dato base;Gasto total;Gasto no incluido en paquete turístico;Otros gastos;2022M04;675,79
Dato base;Gasto total;Gasto no incluido en paquete turístico;Otros gastos;2022M03;489,01
Dato base;Gasto total;Gasto no incluido en paquete turístico;Otros gastos;2022M02;378,04
Dato base;Gasto total;Gasto no incluido en paquete turístico;Otros gastos;2022M01;298,78
Dato base;Gasto total;Gasto no incluido en paquete turístico;Otros gastos;2021M12;342,65
Dato base;Gasto total;Gasto no incluido en paquete turístico;Otros gastos;2021M11;362,13
Dato base;Gasto total;Gasto no incluido en paquete turístico;Otros gastos;2021M10;542,79
Dato base;Gasto total;Gasto no incluido en paquete turístico;Otros gastos;2021M09;518,32
Dato base;Gasto total;Gasto no incluido en paquete turístico;Otros gastos;2021M08;606,58
Dato base;Gasto total;Gasto no incluido en paquete turístico;Otros gastos;2021M07;621,87
Dato base;Gasto total;Gasto no incluido en paquete turístico;Otros gastos;2021M06;322,96
Dato base;Gasto total;Gasto no incluido en paquete turístico;Otros gastos;2021M05;195,95
Dato base;Gasto total;Gasto no incluido en paquete turístico;Otros gastos;2021M04;98,76
Dato base;Gasto total;Gasto no incluido en paquete turístico;Otros gastos;2021M03;59,13
Dato base;Gasto total;Gasto no incluido en paquete turístico;Otros gastos;2021M02;43,07
Dato base;Gasto total;Gasto no incluido en paquete turístico;Otros gastos;2021M01;54,13
Dato base;Gasto total;Gasto no incluido en paquete turístico;Otros gastos;2020M12;76,99
Dato base;Gasto total;Gasto no incluido en paquete turístico;Otros gastos;2020M11;52,37
Dato base;Gasto total;Gasto no incluido en paquete turístico;Otros gastos;2020M10;112,38
Dato base;Gasto total;Gasto no incluido en paquete turístico;Otros gastos;2020M09;122,79
Dato base;Gasto total;Gasto no incluido en paquete turístico;Otros gastos;2020M08;276,77
Dato base;Gasto total;Gasto no incluido en paquete turístico;Otros gastos;2020M07;282,66
Dato base;Gasto total;Gasto no incluido en paquete turístico;Otros gastos;2020M06;25,36
Dato base;Gasto total;Gasto no incluido en paquete turístico;Otros gastos;2020M05;0,00
Dato base;Gasto total;Gasto no incluido en paquete turístico;Otros gastos;2020M04;0,00
Dato base;Gasto total;Gasto no incluido en paquete turístico;Otros gastos;2020M03;200,01
Dato base;Gasto total;Gasto no incluido en paquete turístico;Otros gastos;2020M02;452,02
Dato base;Gasto total;Gasto no incluido en paquete turístico;Otros gastos;2020M01;430,94
Dato base;Gasto total;Gasto no incluido en paquete turístico;Otros gastos;2019M12;484,98
Dato base;Gasto total;Gasto no incluido en paquete turístico;Otros gastos;2019M11;465,53
Dato base;Gasto total;Gasto no incluido en paquete turístico;Otros gastos;2019M10;790,31
Dato base;Gasto total;Gasto no incluido en paquete turístico;Otros gastos;2019M09;897,33
Dato base;Gasto total;Gasto no incluido en paquete turístico;Otros gastos;2019M08;1.136,84
Dato base;Gasto total;Gasto no incluido en paquete turístico;Otros gastos;2019M07;1.189,70
Dato base;Gasto total;Gasto no incluido en paquete turístico;Otros gastos;2019M06;898,52
Dato base;Gasto total;Gasto no incluido en paquete turístico;Otros gastos;2019M05;771,12
Dato base;Gasto total;Gasto no incluido en paquete turístico;Otros gastos;2019M04;724,81
Dato base;Gasto total;Gasto no incluido en paquete turístico;Otros gastos;2019M03;578,64
Dato base;Gasto total;Gasto no incluido en paquete turístico;Otros gastos;2019M02;455,66
Dato base;Gasto total;Gasto no incluido en paquete turístico;Otros gastos;2019M01;434,80
Dato base;Gasto total;Gasto no incluido en paquete turístico;Otros gastos;2018M12;488,02
Dato base;Gasto total;Gasto no incluido en paquete turístico;Otros gastos;2018M11;496,68
Dato base;Gasto total;Gasto no incluido en paquete turístico;Otros gastos;2018M10;822,47
Dato base;Gasto total;Gasto no incluido en paquete turístico;Otros gastos;2018M09;918,29
Dato base;Gasto total;Gasto no incluido en paquete turístico;Otros gastos;2018M08;1.194,22
Dato base;Gasto total;Gasto no incluido en paquete turístico;Otros gastos;2018M07;1.229,95
Dato base;Gasto total;Gasto no incluido en paquete turístico;Otros gastos;2018M06;922,73
Dato base;Gasto total;Gasto no incluido en paquete turístico;Otros gastos;2018M05;857,13
Dato base;Gasto total;Gasto no incluido en paquete turístico;Otros gastos;2018M04;715,44
Dato base;Gasto total;Gasto no incluido en paquete turístico;Otros gastos;2018M03;615,89
Dato base;Gasto total;Gasto no incluido en paquete turístico;Otros gastos;2018M02;463,32
Dato base;Gasto total;Gasto no incluido en paquete turístico;Otros gastos;2018M01;469,81
Dato base;Gasto total;Gasto no incluido en paquete turístico;Otros gastos;2017M12;485,90
Dato base;Gasto total;Gasto no incluido en paquete turístico;Otros gastos;2017M11;497,42
Dato base;Gasto total;Gasto no incluido en paquete turístico;Otros gastos;2017M10;845,11
Dato base;Gasto total;Gasto no incluido en paquete turístico;Otros gastos;2017M09;967,44
Dato base;Gasto total;Gasto no incluido en paquete turístico;Otros gastos;2017M08;1.272,42
Dato base;Gasto total;Gasto no incluido en paquete turístico;Otros gastos;2017M07;1.386,49
Dato base;Gasto total;Gasto no incluido en paquete turístico;Otros gastos;2017M06;949,26
Dato base;Gasto total;Gasto no incluido en paquete turístico;Otros gastos;2017M05;881,74
Dato base;Gasto total;Gasto no incluido en paquete turístico;Otros gastos;2017M04;776,49
Dato base;Gasto total;Gasto no incluido en paquete turístico;Otros gastos;2017M03;576,88
Dato base;Gasto total;Gasto no incluido en paquete turístico;Otros gastos;2017M02;457,81
Dato base;Gasto total;Gasto no incluido en paquete turístico;Otros gastos;2017M01;434,88
Dato base;Gasto total;Gasto no incluido en paquete turístico;Otros gastos;2016M12;506,25
Dato base;Gasto total;Gasto no incluido en paquete turístico;Otros gastos;2016M11;463,95
Dato base;Gasto total;Gasto no incluido en paquete turístico;Otros gastos;2016M10;797,65
Dato base;Gasto total;Gasto no incluido en paquete turístico;Otros gastos;2016M09;917,58
Dato base;Gasto total;Gasto no incluido en paquete turístico;Otros gastos;2016M08;1.234,11
Dato base;Gasto total;Gasto no incluido en paquete turístico;Otros gastos;2016M07;1.150,66
Dato base;Gasto total;Gasto no incluido en paquete turístico;Otros gastos;2016M06;891,20
Dato base;Gasto total;Gasto no incluido en paquete turístico;Otros gastos;2016M05;829,55
Dato base;Gasto total;Gasto no incluido en paquete turístico;Otros gastos;2016M04;684,39
Dato base;Gasto total;Gasto no incluido en paquete turístico;Otros gastos;2016M03;511,23
Dato base;Gasto total;Gasto no incluido en paquete turístico;Otros gastos;2016M02;372,38
Dato base;Gasto total;Gasto no incluido en paquete turístico;Otros gastos;2016M01;400,60
Dato base;Gasto total;Gasto no incluido en paquete turístico;Otros gastos;2015M12;439,58
Dato base;Gasto total;Gasto no incluido en paquete turístico;Otros gastos;2015M11;407,99
Dato base;Gasto total;Gasto no incluido en paquete turístico;Otros gastos;2015M10;699,16
Tasa de variación anual;Gasto total;;;2026M07;10,86
Tasa de variación anual;Gasto total;;;2026M06;4,05
Tasa de variación anual;Gasto total;;;2026M05;10,85
Tasa de variación anual;Gasto total;;;2026M04;7,45
Tasa de variación anual;Gasto total;;;2026M03;5,43
Tasa de variación anual;Gasto total;;;2026M02;4,59
Tasa de variación anual;Gasto total;;;2026M01;9,26
Tasa de variación anual;Gasto total;;;2025M12;5,31
Tasa de variación anual;Gasto total;;;2025M11;4,93
Tasa de variación anual;Gasto total;;;2025M10;7,60
Tasa de variación anual;Gasto total;;;2025M09;6,28
Tasa de variación anual;Gasto total;;;2025M08;6,36
Tasa de variación anual;Gasto total;;;2025M07;5,93
Tasa de variación anual;Gasto total;;;2025M06;5,61
Tasa de variación anual;Gasto total;;;2025M05;4,62
Tasa de variación anual;Gasto total;;;2025M04;14,63
Tasa de variación anual;Gasto total;;;2025M03;5,57
Tasa de variación anual;Gasto total;;;2025M02;7,80
Tasa de variación anual;Gasto total;;;2025M01;9,11
Tasa de variación anual;Gasto total;;;2024M12;7,05
Tasa de variación anual;Gasto total;;;2024M11;16,00
Tasa de variación anual;Gasto total;;;2024M10;15,50
Tasa de variación anual;Gasto total;;;2024M09;12,68
Tasa de variación anual;Gasto total;;;2024M08;12,98
Tasa de variación anual;Gasto total;;;2024M07;11,76
Tasa de variación anual;Gasto total;;;2024M06;16,49
Tasa de variación anual;Gasto total;;;2024M05;19,66
Tasa de variación anual;Gasto total;;;2024M04;12,23
Tasa de variación anual;Gasto total;;;2024M03;29,44
Tasa de variación anual;Gasto total;;;2024M02;25,77
Tasa de variación anual;Gasto total;;;2024M01;25,48
Tasa de variación anual;Gasto total;;;2023M12;35,35
Tasa de variación anual;Gasto total;;;2023M11;23,46
Tasa de variación anual;Gasto total;;;2023M10;23,95
Tasa de variación anual;Gasto total;;;2023M09;22,37
Tasa de variación anual;Gasto total;;;2023M08;20,54
Tasa de variación anual;Gasto total;;;2023M07;16,63
Tasa de variación anual;Gasto total;;;2023M06;17,53
Tasa de variación anual;Gasto total;;;2023M05;21,38
Tasa de variación anual;Gasto total;;;2023M04;22,35
Tasa de variación anual;Gasto total;;;2023M03;31,33
Tasa de variación anual;Gasto total;;;2023M02;42,11
Tasa de variación anual;Gasto total;;;2023M01;71,62
Tasa de variación anual;Gasto total;;;2022M12;48,13
Tasa de variación anual;Gasto total;;;2022M11;43,08
Tasa de variación anual;Gasto total;;;2022M10;48,25
Tasa de variación anual;Gasto total;;;2022M09;81,10
Tasa de variación anual;Gasto total;;;2022M08;90,98
Tasa de variación anual;Gasto total;;;2022M07;127,60
Tasa de variación anual;Gasto total;;;2022M06;272,70
Tasa de variación anual;Gasto total;;;2022M05;476,52
Tasa de variación anual;Gasto total;;;2022M04;933,80
Tasa de variación anual;Gasto total;;;2022M03;833,54
Tasa de variación anual;Gasto total;;;2022M02;1.065,68
Tasa de variación anual;Gasto total;;;2022M01;564,53
Tasa de variación anual;Gasto total;;;2021M12;407,54
Tasa de variación anual;Gasto total;;;2021M11;680,43
Tasa de variación anual;Gasto total;;;2021M10;548,51
Tasa de variación anual;Gasto total;;;2021M09;423,72
Tasa de variación anual;Gasto total;;;2021M08;140,44
Tasa de variación anual;Gasto total;;;2021M07;112,76
Tasa de variación anual;Gasto total;;;2021M06;1.708,65
Tasa de variación anual;Gasto total;;;2021M05;..
Tasa de variación anual;Gasto total;;;2021M04;..
Tasa de variación anual;Gasto total;;;2021M03;-74,98
Tasa de variación anual;Gasto total;;;2021M02;-93,24
Tasa de variación anual;Gasto total;;;2021M01;-90,40
Tasa de variación anual;Gasto total;;;2020M12;-86,09
Tasa de variación anual;Gasto total;;;2020M11;-90,48
Tasa de variación anual;Gasto total;;;2020M10;-89,61
Tasa de variación anual;Gasto total;;;2020M09;-89,97
Tasa de variación anual;Gasto total;;;2020M08;-79,01
Tasa de variación anual;Gasto total;;;2020M07;-79,42
Tasa de variación anual;Gasto total;;;2020M06;-98,62
Tasa de variación anual;Gasto total;;;2020M05;-100,00
Tasa de variación anual;Gasto total;;;2020M04;-100,00
Tasa de variación anual;Gasto total;;;2020M03;-63,98
Tasa de variación anual;Gasto total;;;2020M02;2,81
Tasa de variación anual;Gasto total;;;2020M01;1,89
Tasa de variación anual;Gasto total;;;2019M12;0,03
Tasa de variación anual;Gasto total;;;2019M11;3,56
Tasa de variación anual;Gasto total;;;2019M10;1,93
Tasa de variación anual;Gasto total;;;2019M09;0,75
Tasa de variación anual;Gasto total;;;2019M08;2,14
Tasa de variación anual;Gasto total;;;2019M07;1,65
Tasa de variación anual;Gasto total;;;2019M06;3,36
Tasa de variación anual;Gasto total;;;2019M05;-0,21
Tasa de variación anual;Gasto total;;;2019M04;6,57
Tasa de variación anual;Gasto total;;;2019M03;5,38
Tasa de variación anual;Gasto total;;;2019M02;2,70
Tasa de variación anual;Gasto total;;;2019M01;3,41
Tasa de variación anual;Gasto total;;;2018M12;10,57
Tasa de variación anual;Gasto total;;;2018M11;5,30
Tasa de variación anual;Gasto total;;;2018M10;4,82
Tasa de variación anual;Gasto total;;;2018M09;0,73
Tasa de variación anual;Gasto total;;;2018M08;1,05
Tasa de variación anual;Gasto total;;;2018M07;-0,87
Tasa de variación anual;Gasto total;;;2018M06;4,26
Tasa de variación anual;Gasto total;;;2018M05;2,88
Tasa de variación anual;Gasto total;;;2018M04;-2,37
Tasa de variación anual;Gasto total;;;2018M03;12,08
Tasa de variación anual;Gasto total;;;2018M02;5,37
Tasa de variación anual;Gasto total;;;2018M01;6,13
Tasa de variación anual;Gasto total;;;2017M12;0,11
Tasa de variación anual;Gasto total;;;2017M11;10,40
Tasa de variación anual;Gasto total;;;2017M10;6,21
Tasa de variación anual;Gasto total;;;2017M09;12,82
Tasa de variación anual;Gasto total;;;2017M08;10,29
Tasa de variación anual;Gasto total;;;2017M07;15,75
Tasa de variación anual;Gasto total;;;2017M06;14,97
Tasa de variación anual;Gasto total;;;2017M05;14,59
Tasa de variación anual;Gasto total;;;2017M04;20,51
Tasa de variación anual;Gasto total;;;2017M03;10,49
Tasa de variación anual;Gasto total;;;2017M02;16,15
Tasa de variación anual;Gasto total;;;2017M01;14,07
Tasa de variación anual;Gasto total;;;2016M12;19,93
Tasa de variación anual;Gasto total;;;2016M11;8,58
Tasa de variación anual;Gasto total;;;2016M10;16,77
Tasa de variación anual;Gasto total;;;2016M09;10,30
Tasa de variación anual;Gasto total;;;2016M08;4,13
Tasa de variación anual;Gasto total;;;2016M07;7,75
Tasa de variación anual;Gasto total;;;2016M06;12,77
Tasa de variación anual;Gasto total;;;2016M05;8,54
Tasa de variación anual;Gasto total;;;2016M04;4,22
Tasa de variación anual;Gasto total;;;2016M03;9,43
Tasa de variación anual;Gasto total;;;2016M02;8,02
Tasa de variación anual;Gasto total;;;2016M01;3,62
Tasa de variación anual;Gasto total;;;2015M12;9,42
Tasa de variación anual;Gasto total;;;2015M11;12,19
Tasa de variación anual;Gasto total;;;2015M10;4,06
Tasa de variación anual;Gasto total;Gasto en paquete turístico;;2026M07;19,03
Tasa de variación anual;Gasto total;Gasto en paquete turístico;;2026M06;9,95
Tasa de variación anual;Gasto total;Gasto en paquete turístico;;2026M05;15,09
Tasa de variación anual;Gasto total;Gasto en paquete turístico;;2026M04;7,01
Tasa de variación anual;Gasto total;Gasto en paquete turístico;;2026M03;-0,28
Tasa de variación anual;Gasto total;Gasto en paquete turístico;;2026M02;1,07
Tasa de variación anual;Gasto total;Gasto en paquete turístico;;2026M01;4,80
Tasa de variación anual;Gasto total;Gasto en paquete turístico;;2025M12;3,41
Tasa de variación anual;Gasto total;Gasto en paquete turístico;;2025M11;12,74
Tasa de variación anual;Gasto total;Gasto en paquete turístico;;2025M10;5,24
Tasa de variación anual;Gasto total;Gasto en paquete turístico;;2025M09;0,15
Tasa de variación anual;Gasto total;Gasto en paquete turístico;;2025M08;5,05
Tasa de variación anual;Gasto total;Gasto en paquete turístico;;2025M07;5,07
Tasa de variación anual;Gasto total;Gasto en paquete turístico;;2025M06;6,32
Tasa de variación anual;Gasto total;Gasto en paquete turístico;;2025M05;5,07
Tasa de variación anual;Gasto total;Gasto en paquete turístico;;2025M04;15,96
Tasa de variación anual;Gasto total;Gasto en paquete turístico;;2025M03;-4,64
Tasa de variación anual;Gasto total;Gasto en paquete turístico;;2025M02;6,86
Tasa de variación anual;Gasto total;Gasto en paquete turístico;;2025M01;8,25
Tasa de variación anual;Gasto total;Gasto en paquete turístico;;2024M12;-5,60
Tasa de variación anual;Gasto total;Gasto en paquete turístico;;2024M11;5,30
Tasa de variación anual;Gasto total;Gasto en paquete turístico;;2024M10;17,58
Tasa de variación anual;Gasto total;Gasto en paquete turístico;;2024M09;8,52
Tasa de variación anual;Gasto total;Gasto en paquete turístico;;2024M08;15,86
Tasa de variación anual;Gasto total;Gasto en paquete turístico;;2024M07;18,48
Tasa de variación anual;Gasto total;Gasto en paquete turístico;;2024M06;12,18
Tasa de variación anual;Gasto total;Gasto en paquete turístico;;2024M05;15,51
Tasa de variación anual;Gasto total;Gasto en paquete turístico;;2024M04;7,89
Tasa de variación anual;Gasto total;Gasto en paquete turístico;;2024M03;35,09
Tasa de variación anual;Gasto total;Gasto en paquete turístico;;2024M02;28,65
Tasa de variación anual;Gasto total;Gasto en paquete turístico;;2024M01;22,93
Tasa de variación anual;Gasto total;Gasto en paquete turístico;;2023M12;34,26
Tasa de variación anual;Gasto total;Gasto en paquete turístico;;2023M11;23,49
Tasa de variación anual;Gasto total;Gasto en paquete turístico;;2023M10;27,06
Tasa de variación anual;Gasto total;Gasto en paquete turístico;;2023M09;20,66
Tasa de variación anual;Gasto total;Gasto en paquete turístico;;2023M08;7,10
Tasa de variación anual;Gasto total;Gasto en paquete turístico;;2023M07;14,66
Tasa de variación anual;Gasto total;Gasto en paquete turístico;;2023M06;26,09
Tasa de variación anual;Gasto total;Gasto en paquete turístico;;2023M05;17,34
Tasa de variación anual;Gasto total;Gasto en paquete turístico;;2023M04;30,95
Tasa de variación anual;Gasto total;Gasto en paquete turístico;;2023M03;33,31
Tasa de variación anual;Gasto total;Gasto en paquete turístico;;2023M02;44,40
Tasa de variación anual;Gasto total;Gasto en paquete turístico;;2023M01;76,74
Tasa de variación anual;Gasto total;Gasto en paquete turístico;;2022M12;32,68
Tasa de variación anual;Gasto total;Gasto en paquete turístico;;2022M11;34,88
Tasa de variación anual;Gasto total;Gasto en paquete turístico;;2022M10;53,58
Tasa de variación anual;Gasto total;Gasto en paquete turístico;;2022M09;124,55
Tasa de variación anual;Gasto total;Gasto en paquete turístico;;2022M08;161,56
Tasa de variación anual;Gasto total;Gasto en paquete turístico;;2022M07;185,72
Tasa de variación anual;Gasto total;Gasto en paquete turístico;;2022M06;414,82
Tasa de variación anual;Gasto total;Gasto en paquete turístico;;2022M05;1.054,38
Tasa de variación anual;Gasto total;Gasto en paquete turístico;;2022M04;1.515,90
Tasa de variación anual;Gasto total;Gasto en paquete turístico;;2022M03;1.756,88
Tasa de variación anual;Gasto total;Gasto en paquete turístico;;2022M02;1.700,54
Tasa de variación anual;Gasto total;Gasto en paquete turístico;;2022M01;753,18
Tasa de variación anual;Gasto total;Gasto en paquete turístico;;2021M12;506,40
Tasa de variación anual;Gasto total;Gasto en paquete turístico;;2021M11;715,55
Tasa de variación anual;Gasto total;Gasto en paquete turístico;;2021M10;1.174,31
Tasa de variación anual;Gasto total;Gasto en paquete turístico;;2021M09;871,25
Tasa de variación anual;Gasto total;Gasto en paquete turístico;;2021M08;132,80
Tasa de variación anual;Gasto total;Gasto en paquete turístico;;2021M07;118,21
Tasa de variación anual;Gasto total;Gasto en paquete turístico;;2021M06;2.624,21
Tasa de variación anual;Gasto total;Gasto en paquete turístico;;2021M05;..
Tasa de variación anual;Gasto total;Gasto en paquete turístico;;2021M04;..
Tasa de variación anual;Gasto total;Gasto en paquete turístico;;2021M03;-88,80
Tasa de variación anual;Gasto total;Gasto en paquete turístico;;2021M02;-96,58
Tasa de variación anual;Gasto total;Gasto en paquete turístico;;2021M01;-94,39
Tasa de variación anual;Gasto total;Gasto en paquete turístico;;2020M12;-89,14
Tasa de variación anual;Gasto total;Gasto en paquete turístico;;2020M11;-92,66
Tasa de variación anual;Gasto total;Gasto en paquete turístico;;2020M10;-95,89
Tasa de variación anual;Gasto total;Gasto en paquete turístico;;2020M09;-95,69
Tasa de variación anual;Gasto total;Gasto en paquete turístico;;2020M08;-84,06
Tasa de variación anual;Gasto total;Gasto en paquete turístico;;2020M07;-87,41
Tasa de variación anual;Gasto total;Gasto en paquete turístico;;2020M06;-99,50
Tasa de variación anual;Gasto total;Gasto en paquete turístico;;2020M05;-100,00
Tasa de variación anual;Gasto total;Gasto en paquete turístico;;2020M04;-100,00
Tasa de variación anual;Gasto total;Gasto en paquete turístico;;2020M03;-63,38
Tasa de variación anual;Gasto total;Gasto en paquete turístico;;2020M02;8,66
Tasa de variación anual;Gasto total;Gasto en paquete turístico;;2020M01;12,56
Tasa de variación anual;Gasto total;Gasto en paquete turístico;;2019M12;12,61
Tasa de variación anual;Gasto total;Gasto en paquete turístico;;2019M11;9,47
Tasa de variación anual;Gasto total;Gasto en paquete turístico;;2019M10;-4,07
Tasa de variación anual;Gasto total;Gasto en paquete turístico;;2019M09;-7,43
Tasa de variación anual;Gasto total;Gasto en paquete turístico;;2019M08;-6,08
Tasa de variación anual;Gasto total;Gasto en paquete turístico;;2019M07;5,55
Tasa de variación anual;Gasto total;Gasto en paquete turístico;;2019M06;0,06
Tasa de variación anual;Gasto total;Gasto en paquete turístico;;2019M05;-3,52
Tasa de variación anual;Gasto total;Gasto en paquete turístico;;2019M04;-1,35
Tasa de variación anual;Gasto total;Gasto en paquete turístico;;2019M03;-9,42
Tasa de variación anual;Gasto total;Gasto en paquete turístico;;2019M02;-6,86
Tasa de variación anual;Gasto total;Gasto en paquete turístico;;2019M01;-8,07
Tasa de variación anual;Gasto total;Gasto en paquete turístico;;2018M12;-7,50
Tasa de variación anual;Gasto total;Gasto en paquete turístico;;2018M11;-0,78
Tasa de variación anual;Gasto total;Gasto en paquete turístico;;2018M10;10,93
Tasa de variación anual;Gasto total;Gasto en paquete turístico;;2018M09;3,24
Tasa de variación anual;Gasto total;Gasto en paquete turístico;;2018M08;3,73
Tasa de variación anual;Gasto total;Gasto en paquete turístico;;2018M07;1,91
Tasa de variación anual;Gasto total;Gasto en paquete turístico;;2018M06;3,71
Tasa de variación anual;Gasto total;Gasto en paquete turístico;;2018M05;11,12
Tasa de variación anual;Gasto total;Gasto en paquete turístico;;2018M04;-4,23
Tasa de variación anual;Gasto total;Gasto en paquete turístico;;2018M03;9,31
Tasa de variación anual;Gasto total;Gasto en paquete turístico;;2018M02;8,74
Tasa de variación anual;Gasto total;Gasto en paquete turístico;;2018M01;8,00
Tasa de variación anual;Gasto total;Gasto en paquete turístico;;2017M12;7,46
Tasa de variación anual;Gasto total;Gasto en paquete turístico;;2017M11;18,58
Tasa de variación anual;Gasto total;Gasto en paquete turístico;;2017M10;4,27
Tasa de variación anual;Gasto total;Gasto en paquete turístico;;2017M09;12,53
Tasa de variación anual;Gasto total;Gasto en paquete turístico;;2017M08;3,87
Tasa de variación anual;Gasto total;Gasto en paquete turístico;;2017M07;-3,53
Tasa de variación anual;Gasto total;Gasto en paquete turístico;;2017M06;14,23
Tasa de variación anual;Gasto total;Gasto en paquete turístico;;2017M05;1,74
Tasa de variación anual;Gasto total;Gasto en paquete turístico;;2017M04;19,40
Tasa de variación anual;Gasto total;Gasto en paquete turístico;;2017M03;4,17
Tasa de variación anual;Gasto total;Gasto en paquete turístico;;2017M02;9,08
Tasa de variación anual;Gasto total;Gasto en paquete turístico;;2017M01;5,94
Tasa de variación anual;Gasto total;Gasto en paquete turístico;;2016M12;7,66
Tasa de variación anual;Gasto total;Gasto en paquete turístico;;2016M11;1,50
Tasa de variación anual;Gasto total;Gasto en paquete turístico;;2016M10;19,24
Tasa de variación anual;Gasto total;Gasto en paquete turístico;;2016M09;5,69
Tasa de variación anual;Gasto total;Gasto en paquete turístico;;2016M08;10,17
Tasa de variación anual;Gasto total;Gasto en paquete turístico;;2016M07;25,36
Tasa de variación anual;Gasto total;Gasto en paquete turístico;;2016M06;20,80
Tasa de variación anual;Gasto total;Gasto en paquete turístico;;2016M05;9,96
Tasa de variación anual;Gasto total;Gasto en paquete turístico;;2016M04;15,00
Tasa de variación anual;Gasto total;Gasto en paquete turístico;;2016M03;1,71
Tasa de variación anual;Gasto total;Gasto en paquete turístico;;2016M02;-1,98
Tasa de variación anual;Gasto total;Gasto en paquete turístico;;2016M01;5,83
Tasa de variación anual;Gasto total;Gasto en paquete turístico;;2015M12;5,72
Tasa de variación anual;Gasto total;Gasto en paquete turístico;;2015M11;-2,08
Tasa de variación anual;Gasto total;Gasto en paquete turístico;;2015M10;-1,02
Tasa de variación anual;Gasto total;Gasto no incluido en paquete turístico;;2026M07;9,08
Tasa de variación anual;Gasto total;Gasto no incluido en paquete turístico;;2026M06;2,81
Tasa de variación anual;Gasto total;Gasto no incluido en paquete turístico;;2026M05;10,01
Tasa de variación anual;Gasto total;Gasto no incluido en paquete turístico;;2026M04;7,52
Tasa de variación anual;Gasto total;Gasto no incluido en paquete turístico;;2026M03;6,41
Tasa de variación anual;Gasto total;Gasto no incluido en paquete turístico;;2026M02;5,21
Tasa de variación anual;Gasto total;Gasto no incluido en paquete turístico;;2026M01;9,99
Tasa de variación anual;Gasto total;Gasto no incluido en paquete turístico;;2025M12;5,59
Tasa de variación anual;Gasto total;Gasto no incluido en paquete turístico;;2025M11;3,69
Tasa de variación anual;Gasto total;Gasto no incluido en paquete turístico;;2025M10;8,13
Tasa de variación anual;Gasto total;Gasto no incluido en paquete turístico;;2025M09;7,73
Tasa de variación anual;Gasto total;Gasto no incluido en paquete turístico;;2025M08;6,66
Tasa de variación anual;Gasto total;Gasto no incluido en paquete turístico;;2025M07;6,11
Tasa de variación anual;Gasto total;Gasto no incluido en paquete turístico;;2025M06;5,47
Tasa de variación anual;Gasto total;Gasto no incluido en paquete turístico;;2025M05;4,53
Tasa de variación anual;Gasto total;Gasto no incluido en paquete turístico;;2025M04;14,40
Tasa de variación anual;Gasto total;Gasto no incluido en paquete turístico;;2025M03;7,55
Tasa de variación anual;Gasto total;Gasto no incluido en paquete turístico;;2025M02;7,97
Tasa de variación anual;Gasto total;Gasto no incluido en paquete turístico;;2025M01;9,25
Tasa de variación anual;Gasto total;Gasto no incluido en paquete turístico;;2024M12;9,20
Tasa de variación anual;Gasto total;Gasto no incluido en paquete turístico;;2024M11;17,92
Tasa de variación anual;Gasto total;Gasto no incluido en paquete turístico;;2024M10;15,04
Tasa de variación anual;Gasto total;Gasto no incluido en paquete turístico;;2024M09;13,72
Tasa de variación anual;Gasto total;Gasto no incluido en paquete turístico;;2024M08;12,34
Tasa de variación anual;Gasto total;Gasto no incluido en paquete turístico;;2024M07;10,38
Tasa de variación anual;Gasto total;Gasto no incluido en paquete turístico;;2024M06;17,42
Tasa de variación anual;Gasto total;Gasto no incluido en paquete turístico;;2024M05;20,52
Tasa de variación anual;Gasto total;Gasto no incluido en paquete turístico;;2024M04;12,99
Tasa de variación anual;Gasto total;Gasto no incluido en paquete turístico;;2024M03;28,40
Tasa de variación anual;Gasto total;Gasto no incluido en paquete turístico;;2024M02;25,27
Tasa de variación anual;Gasto total;Gasto no incluido en paquete turístico;;2024M01;25,91
Tasa de variación anual;Gasto total;Gasto no incluido en paquete turístico;;2023M12;35,53
Tasa de variación anual;Gasto total;Gasto no incluido en paquete turístico;;2023M11;23,45
Tasa de variación anual;Gasto total;Gasto no incluido en paquete turístico;;2023M10;23,29
Tasa de variación anual;Gasto total;Gasto no incluido en paquete turístico;;2023M09;22,80
Tasa de variación anual;Gasto total;Gasto no incluido en paquete turístico;;2023M08;23,98
Tasa de variación anual;Gasto total;Gasto no incluido en paquete turístico;;2023M07;17,04
Tasa de variación anual;Gasto total;Gasto no incluido en paquete turístico;;2023M06;15,82
Tasa de variación anual;Gasto total;Gasto no incluido en paquete turístico;;2023M05;22,24
Tasa de variación anual;Gasto total;Gasto no incluido en paquete turístico;;2023M04;20,94
Tasa de variación anual;Gasto total;Gasto no incluido en paquete turístico;;2023M03;30,97
Tasa de variación anual;Gasto total;Gasto no incluido en paquete turístico;;2023M02;41,72
Tasa de variación anual;Gasto total;Gasto no incluido en paquete turístico;;2023M01;70,80
Tasa de variación anual;Gasto total;Gasto no incluido en paquete turístico;;2022M12;51,16
Tasa de variación anual;Gasto total;Gasto no incluido en paquete turístico;;2022M11;44,65
Tasa de variación anual;Gasto total;Gasto no incluido en paquete turístico;;2022M10;47,16
Tasa de variación anual;Gasto total;Gasto no incluido en paquete turístico;;2022M09;72,64
Tasa de variación anual;Gasto total;Gasto no incluido en paquete turístico;;2022M08;78,65
Tasa de variación anual;Gasto total;Gasto no incluido en paquete turístico;;2022M07;118,25
Tasa de variación anual;Gasto total;Gasto no incluido en paquete turístico;;2022M06;253,20
Tasa de variación anual;Gasto total;Gasto no incluido en paquete turístico;;2022M05;420,45
Tasa de variación anual;Gasto total;Gasto no incluido en paquete turístico;;2022M04;876,20
Tasa de variación anual;Gasto total;Gasto no incluido en paquete turístico;;2022M03;756,22
Tasa de variación anual;Gasto total;Gasto no incluido en paquete turístico;;2022M02;999,84
Tasa de variación anual;Gasto total;Gasto no incluido en paquete turístico;;2022M01;541,61
Tasa de variación anual;Gasto total;Gasto no incluido en paquete turístico;;2021M12;391,84
Tasa de variación anual;Gasto total;Gasto no incluido en paquete turístico;;2021M11;674,03
Tasa de variación anual;Gasto total;Gasto no incluido en paquete turístico;;2021M10;489,21
Tasa de variación anual;Gasto total;Gasto no incluido en paquete turístico;;2021M09;380,62
Tasa de variación anual;Gasto total;Gasto no incluido en paquete turístico;;2021M08;141,83
Tasa de variación anual;Gasto total;Gasto no incluido en paquete turístico;;2021M07;111,91
Tasa de variación anual;Gasto total;Gasto no incluido en paquete turístico;;2021M06;1.628,92
Tasa de variación anual;Gasto total;Gasto no incluido en paquete turístico;;2021M05;..
Tasa de variación anual;Gasto total;Gasto no incluido en paquete turístico;;2021M04;..
Tasa de variación anual;Gasto total;Gasto no incluido en paquete turístico;;2021M03;-72,10
Tasa de variación anual;Gasto total;Gasto no incluido en paquete turístico;;2021M02;-92,48
Tasa de variación anual;Gasto total;Gasto no incluido en paquete turístico;;2021M01;-89,50
Tasa de variación anual;Gasto total;Gasto no incluido en paquete turístico;;2020M12;-85,45
Tasa de variación anual;Gasto total;Gasto no incluido en paquete turístico;;2020M11;-89,94
Tasa de variación anual;Gasto total;Gasto no incluido en paquete turístico;;2020M10;-87,85
Tasa de variación anual;Gasto total;Gasto no incluido en paquete turístico;;2020M09;-88,50
Tasa de variación anual;Gasto total;Gasto no incluido en paquete turístico;;2020M08;-77,73
Tasa de variación anual;Gasto total;Gasto no incluido en paquete turístico;;2020M07;-77,15
Tasa de variación anual;Gasto total;Gasto no incluido en paquete turístico;;2020M06;-98,37
Tasa de variación anual;Gasto total;Gasto no incluido en paquete turístico;;2020M05;-100,00
Tasa de variación anual;Gasto total;Gasto no incluido en paquete turístico;;2020M04;-100,00
Tasa de variación anual;Gasto total;Gasto no incluido en paquete turístico;;2020M03;-64,10
Tasa de variación anual;Gasto total;Gasto no incluido en paquete turístico;;2020M02;1,56
Tasa de variación anual;Gasto total;Gasto no incluido en paquete turístico;;2020M01;-0,25
Tasa de variación anual;Gasto total;Gasto no incluido en paquete turístico;;2019M12;-2,30
Tasa de variación anual;Gasto total;Gasto no incluido en paquete turístico;;2019M11;2,18
Tasa de variación anual;Gasto total;Gasto no incluido en paquete turístico;;2019M10;3,75
Tasa de variación anual;Gasto total;Gasto no incluido en paquete turístico;;2019M09;3,09
Tasa de variación anual;Gasto total;Gasto no incluido en paquete turístico;;2019M08;4,46
Tasa de variación anual;Gasto total;Gasto no incluido en paquete turístico;;2019M07;0,59
Tasa de variación anual;Gasto total;Gasto no incluido en paquete turístico;;2019M06;4,35
Tasa de variación anual;Gasto total;Gasto no incluido en paquete turístico;;2019M05;0,75
Tasa de variación anual;Gasto total;Gasto no incluido en paquete turístico;;2019M04;8,50
Tasa de variación anual;Gasto total;Gasto no incluido en paquete turístico;;2019M03;9,02
Tasa de variación anual;Gasto total;Gasto no incluido en paquete turístico;;2019M02;5,00
Tasa de variación anual;Gasto total;Gasto no incluido en paquete turístico;;2019M01;6,08
Tasa de variación anual;Gasto total;Gasto no incluido en paquete turístico;;2018M12;14,71
Tasa de variación anual;Gasto total;Gasto no incluido en paquete turístico;;2018M11;6,83
Tasa de variación anual;Gasto total;Gasto no incluido en paquete turístico;;2018M10;3,10
Tasa de variación anual;Gasto total;Gasto no incluido en paquete turístico;;2018M09;0,04
Tasa de variación anual;Gasto total;Gasto no incluido en paquete turístico;;2018M08;0,32
Tasa de variación anual;Gasto total;Gasto no incluido en paquete turístico;;2018M07;-1,59
Tasa de variación anual;Gasto total;Gasto no incluido en paquete turístico;;2018M06;4,43
Tasa de variación anual;Gasto total;Gasto no incluido en paquete turístico;;2018M05;0,71
Tasa de variación anual;Gasto total;Gasto no incluido en paquete turístico;;2018M04;-1,90
Tasa de variación anual;Gasto total;Gasto no incluido en paquete turístico;;2018M03;12,78
Tasa de variación anual;Gasto total;Gasto no incluido en paquete turístico;;2018M02;4,59
Tasa de variación anual;Gasto total;Gasto no incluido en paquete turístico;;2018M01;5,71
Tasa de variación anual;Gasto total;Gasto no incluido en paquete turístico;;2017M12;-1,43
Tasa de variación anual;Gasto total;Gasto no incluido en paquete turístico;;2017M11;8,52
Tasa de variación anual;Gasto total;Gasto no incluido en paquete turístico;;2017M10;6,77
Tasa de variación anual;Gasto total;Gasto no incluido en paquete turístico;;2017M09;12,90
Tasa de variación anual;Gasto total;Gasto no incluido en paquete turístico;;2017M08;12,19
Tasa de variación anual;Gasto total;Gasto no incluido en paquete turístico;;2017M07;22,11
Tasa de variación anual;Gasto total;Gasto no incluido en paquete turístico;;2017M06;15,20
Tasa de variación anual;Gasto total;Gasto no incluido en paquete turístico;;2017M05;18,52
Tasa de variación anual;Gasto total;Gasto no incluido en paquete turístico;;2017M04;20,78
Tasa de variación anual;Gasto total;Gasto no incluido en paquete turístico;;2017M03;12,22
Tasa de variación anual;Gasto total;Gasto no incluido en paquete turístico;;2017M02;17,91
Tasa de variación anual;Gasto total;Gasto no incluido en paquete turístico;;2017M01;16,09
Tasa de variación anual;Gasto total;Gasto no incluido en paquete turístico;;2016M12;22,88
Tasa de variación anual;Gasto total;Gasto no incluido en paquete turístico;;2016M11;10,34
Tasa de variación anual;Gasto total;Gasto no incluido en paquete turístico;;2016M10;16,08
Tasa de variación anual;Gasto total;Gasto no incluido en paquete turístico;;2016M09;11,66
Tasa de variación anual;Gasto total;Gasto no incluido en paquete turístico;;2016M08;2,47
Tasa de variación anual;Gasto total;Gasto no incluido en paquete turístico;;2016M07;2,98
Tasa de variación anual;Gasto total;Gasto no incluido en paquete turístico;;2016M06;10,54
Tasa de variación anual;Gasto total;Gasto no incluido en paquete turístico;;2016M05;8,12
Tasa de variación anual;Gasto total;Gasto no incluido en paquete turístico;;2016M04;1,81
Tasa de variación anual;Gasto total;Gasto no incluido en paquete turístico;;2016M03;11,75
Tasa de variación anual;Gasto total;Gasto no incluido en paquete turístico;;2016M02;10,85
Tasa de variación anual;Gasto total;Gasto no incluido en paquete turístico;;2016M01;3,08
Tasa de variación anual;Gasto total;Gasto no incluido en paquete turístico;;2015M12;10,34
Tasa de variación anual;Gasto total;Gasto no incluido en paquete turístico;;2015M11;16,41
Tasa de variación anual;Gasto total;Gasto no incluido en paquete turístico;;2015M10;5,58
Tasa de variación anual;Gasto total;Gasto no incluido en paquete turístico;Gasto en transporte internacional;2026M07;12,84
Tasa de variación anual;Gasto total;Gasto no incluido en paquete turístico;Gasto en transporte internacional;2026M06;7,16
Tasa de variación anual;Gasto total;Gasto no incluido en paquete turístico;Gasto en transporte internacional;2026M05;9,55
Tasa de variación anual;Gasto total;Gasto no incluido en paquete turístico;Gasto en transporte internacional;2026M04;5,55
Tasa de variación anual;Gasto total;Gasto no incluido en paquete turístico;Gasto en transporte internacional;2026M03;8,49
Tasa de variación anual;Gasto total;Gasto no incluido en paquete turístico;Gasto en transporte internacional;2026M02;11,02
Tasa de variación anual;Gasto total;Gasto no incluido en paquete turístico;Gasto en transporte internacional;2026M01;10,22
Tasa de variación anual;Gasto total;Gasto no incluido en paquete turístico;Gasto en transporte internacional;2025M12;3,92
Tasa de variación anual;Gasto total;Gasto no incluido en paquete turístico;Gasto en transporte internacional;2025M11;4,01
Tasa de variación anual;Gasto total;Gasto no incluido en paquete turístico;Gasto en transporte internacional;2025M10;6,37
Tasa de variación anual;Gasto total;Gasto no incluido en paquete turístico;Gasto en transporte internacional;2025M09;8,76
Tasa de variación anual;Gasto total;Gasto no incluido en paquete turístico;Gasto en transporte internacional;2025M08;11,19
Tasa de variación anual;Gasto total;Gasto no incluido en paquete turístico;Gasto en transporte internacional;2025M07;7,38
Tasa de variación anual;Gasto total;Gasto no incluido en paquete turístico;Gasto en transporte internacional;2025M06;-2,01
Tasa de variación anual;Gasto total;Gasto no incluido en paquete turístico;Gasto en transporte internacional;2025M05;3,13
Tasa de variación anual;Gasto total;Gasto no incluido en paquete turístico;Gasto en transporte internacional;2025M04;13,05
Tasa de variación anual;Gasto total;Gasto no incluido en paquete turístico;Gasto en transporte internacional;2025M03;13,41
Tasa de variación anual;Gasto total;Gasto no incluido en paquete turístico;Gasto en transporte internacional;2025M02;10,29
Tasa de variación anual;Gasto total;Gasto no incluido en paquete turístico;Gasto en transporte internacional;2025M01;10,64
Tasa de variación anual;Gasto total;Gasto no incluido en paquete turístico;Gasto en transporte internacional;2024M12;9,50
Tasa de variación anual;Gasto total;Gasto no incluido en paquete turístico;Gasto en transporte internacional;2024M11;19,13
Tasa de variación anual;Gasto total;Gasto no incluido en paquete turístico;Gasto en transporte internacional;2024M10;16,58
Tasa de variación anual;Gasto total;Gasto no incluido en paquete turístico;Gasto en transporte internacional;2024M09;16,03
Tasa de variación anual;Gasto total;Gasto no incluido en paquete turístico;Gasto en transporte internacional;2024M08;12,42
Tasa de variación anual;Gasto total;Gasto no incluido en paquete turístico;Gasto en transporte internacional;2024M07;4,58
Tasa de variación anual;Gasto total;Gasto no incluido en paquete turístico;Gasto en transporte internacional;2024M06;18,27
Tasa de variación anual;Gasto total;Gasto no incluido en paquete turístico;Gasto en transporte internacional;2024M05;21,70
Tasa de variación anual;Gasto total;Gasto no incluido en paquete turístico;Gasto en transporte internacional;2024M04;18,16
Tasa de variación anual;Gasto total;Gasto no incluido en paquete turístico;Gasto en transporte internacional;2024M03;29,75
Tasa de variación anual;Gasto total;Gasto no incluido en paquete turístico;Gasto en transporte internacional;2024M02;24,92
Tasa de variación anual;Gasto total;Gasto no incluido en paquete turístico;Gasto en transporte internacional;2024M01;26,06
Tasa de variación anual;Gasto total;Gasto no incluido en paquete turístico;Gasto en transporte internacional;2023M12;41,70
Tasa de variación anual;Gasto total;Gasto no incluido en paquete turístico;Gasto en transporte internacional;2023M11;27,37
Tasa de variación anual;Gasto total;Gasto no incluido en paquete turístico;Gasto en transporte internacional;2023M10;33,67
Tasa de variación anual;Gasto total;Gasto no incluido en paquete turístico;Gasto en transporte internacional;2023M09;29,49
Tasa de variación anual;Gasto total;Gasto no incluido en paquete turístico;Gasto en transporte internacional;2023M08;31,52
Tasa de variación anual;Gasto total;Gasto no incluido en paquete turístico;Gasto en transporte internacional;2023M07;28,31
Tasa de variación anual;Gasto total;Gasto no incluido en paquete turístico;Gasto en transporte internacional;2023M06;23,54
Tasa de variación anual;Gasto total;Gasto no incluido en paquete turístico;Gasto en transporte internacional;2023M05;33,60
Tasa de variación anual;Gasto total;Gasto no incluido en paquete turístico;Gasto en transporte internacional;2023M04;25,77
Tasa de variación anual;Gasto total;Gasto no incluido en paquete turístico;Gasto en transporte internacional;2023M03;39,55
Tasa de variación anual;Gasto total;Gasto no incluido en paquete turístico;Gasto en transporte internacional;2023M02;71,16
Tasa de variación anual;Gasto total;Gasto no incluido en paquete turístico;Gasto en transporte internacional;2023M01;101,33
Tasa de variación anual;Gasto total;Gasto no incluido en paquete turístico;Gasto en transporte internacional;2022M12;64,63
Tasa de variación anual;Gasto total;Gasto no incluido en paquete turístico;Gasto en transporte internacional;2022M11;67,37
Tasa de variación anual;Gasto total;Gasto no incluido en paquete turístico;Gasto en transporte internacional;2022M10;71,60
Tasa de variación anual;Gasto total;Gasto no incluido en paquete turístico;Gasto en transporte internacional;2022M09;104,04
Tasa de variación anual;Gasto total;Gasto no incluido en paquete turístico;Gasto en transporte internacional;2022M08;94,79
Tasa de variación anual;Gasto total;Gasto no incluido en paquete turístico;Gasto en transporte internacional;2022M07;144,25
Tasa de variación anual;Gasto total;Gasto no incluido en paquete turístico;Gasto en transporte internacional;2022M06;306,67
Tasa de variación anual;Gasto total;Gasto no incluido en paquete turístico;Gasto en transporte internacional;2022M05;449,86
Tasa de variación anual;Gasto total;Gasto no incluido en paquete turístico;Gasto en transporte internacional;2022M04;872,04
Tasa de variación anual;Gasto total;Gasto no incluido en paquete turístico;Gasto en transporte internacional;2022M03;723,10
Tasa de variación anual;Gasto total;Gasto no incluido en paquete turístico;Gasto en transporte internacional;2022M02;986,07
Tasa de variación anual;Gasto total;Gasto no incluido en paquete turístico;Gasto en transporte internacional;2022M01;564,53
Tasa de variación anual;Gasto total;Gasto no incluido en paquete turístico;Gasto en transporte internacional;2021M12;410,08
Tasa de variación anual;Gasto total;Gasto no incluido en paquete turístico;Gasto en transporte internacional;2021M11;681,54
Tasa de variación anual;Gasto total;Gasto no incluido en paquete turístico;Gasto en transporte internacional;2021M10;480,92
Tasa de variación anual;Gasto total;Gasto no incluido en paquete turístico;Gasto en transporte internacional;2021M09;422,57
Tasa de variación anual;Gasto total;Gasto no incluido en paquete turístico;Gasto en transporte internacional;2021M08;155,35
Tasa de variación anual;Gasto total;Gasto no incluido en paquete turístico;Gasto en transporte internacional;2021M07;97,70
Tasa de variación anual;Gasto total;Gasto no incluido en paquete turístico;Gasto en transporte internacional;2021M06;2.858,62
Tasa de variación anual;Gasto total;Gasto no incluido en paquete turístico;Gasto en transporte internacional;2021M05;..
Tasa de variación anual;Gasto total;Gasto no incluido en paquete turístico;Gasto en transporte internacional;2021M04;..
Tasa de variación anual;Gasto total;Gasto no incluido en paquete turístico;Gasto en transporte internacional;2021M03;-76,36
Tasa de variación anual;Gasto total;Gasto no incluido en paquete turístico;Gasto en transporte internacional;2021M02;-93,65
Tasa de variación anual;Gasto total;Gasto no incluido en paquete turístico;Gasto en transporte internacional;2021M01;-91,66
Tasa de variación anual;Gasto total;Gasto no incluido en paquete turístico;Gasto en transporte internacional;2020M12;-88,88
Tasa de variación anual;Gasto total;Gasto no incluido en paquete turístico;Gasto en transporte internacional;2020M11;-91,73
Tasa de variación anual;Gasto total;Gasto no incluido en paquete turístico;Gasto en transporte internacional;2020M10;-90,93
Tasa de variación anual;Gasto total;Gasto no incluido en paquete turístico;Gasto en transporte internacional;2020M09;-91,71
Tasa de variación anual;Gasto total;Gasto no incluido en paquete turístico;Gasto en transporte internacional;2020M08;-81,89
Tasa de variación anual;Gasto total;Gasto no incluido en paquete turístico;Gasto en transporte internacional;2020M07;-80,06
Tasa de variación anual;Gasto total;Gasto no incluido en paquete turístico;Gasto en transporte internacional;2020M06;-99,21
Tasa de variación anual;Gasto total;Gasto no incluido en paquete turístico;Gasto en transporte internacional;2020M05;-100,00
Tasa de variación anual;Gasto total;Gasto no incluido en paquete turístico;Gasto en transporte internacional;2020M04;-100,00
Tasa de variación anual;Gasto total;Gasto no incluido en paquete turístico;Gasto en transporte internacional;2020M03;-62,78
Tasa de variación anual;Gasto total;Gasto no incluido en paquete turístico;Gasto en transporte internacional;2020M02;-6,24
Tasa de variación anual;Gasto total;Gasto no incluido en paquete turístico;Gasto en transporte internacional;2020M01;-5,84
Tasa de variación anual;Gasto total;Gasto no incluido en paquete turístico;Gasto en transporte internacional;2019M12;-7,04
Tasa de variación anual;Gasto total;Gasto no incluido en paquete turístico;Gasto en transporte internacional;2019M11;-4,28
Tasa de variación anual;Gasto total;Gasto no incluido en paquete turístico;Gasto en transporte internacional;2019M10;5,74
Tasa de variación anual;Gasto total;Gasto no incluido en paquete turístico;Gasto en transporte internacional;2019M09;-0,01
Tasa de variación anual;Gasto total;Gasto no incluido en paquete turístico;Gasto en transporte internacional;2019M08;1,93
Tasa de variación anual;Gasto total;Gasto no incluido en paquete turístico;Gasto en transporte internacional;2019M07;-5,20
Tasa de variación anual;Gasto total;Gasto no incluido en paquete turístico;Gasto en transporte internacional;2019M06;1,64
Tasa de variación anual;Gasto total;Gasto no incluido en paquete turístico;Gasto en transporte internacional;2019M05;3,91
Tasa de variación anual;Gasto total;Gasto no incluido en paquete turístico;Gasto en transporte internacional;2019M04;6,71
Tasa de variación anual;Gasto total;Gasto no incluido en paquete turístico;Gasto en transporte internacional;2019M03;12,89
Tasa de variación anual;Gasto total;Gasto no incluido en paquete turístico;Gasto en transporte internacional;2019M02;4,68
Tasa de variación anual;Gasto total;Gasto no incluido en paquete turístico;Gasto en transporte internacional;2019M01;10,33
Tasa de variación anual;Gasto total;Gasto no incluido en paquete turístico;Gasto en transporte internacional;2018M12;17,15
Tasa de variación anual;Gasto total;Gasto no incluido en paquete turístico;Gasto en transporte internacional;2018M11;9,67
Tasa de variación anual;Gasto total;Gasto no incluido en paquete turístico;Gasto en transporte internacional;2018M10;-0,65
Tasa de variación anual;Gasto total;Gasto no incluido en paquete turístico;Gasto en transporte internacional;2018M09;-2,83
Tasa de variación anual;Gasto total;Gasto no incluido en paquete turístico;Gasto en transporte internacional;2018M08;-1,34
Tasa de variación anual;Gasto total;Gasto no incluido en paquete turístico;Gasto en transporte internacional;2018M07;-0,15
Tasa de variación anual;Gasto total;Gasto no incluido en paquete turístico;Gasto en transporte internacional;2018M06;5,19
Tasa de variación anual;Gasto total;Gasto no incluido en paquete turístico;Gasto en transporte internacional;2018M05;-2,09
Tasa de variación anual;Gasto total;Gasto no incluido en paquete turístico;Gasto en transporte internacional;2018M04;0,46
Tasa de variación anual;Gasto total;Gasto no incluido en paquete turístico;Gasto en transporte internacional;2018M03;9,25
Tasa de variación anual;Gasto total;Gasto no incluido en paquete turístico;Gasto en transporte internacional;2018M02;7,72
Tasa de variación anual;Gasto total;Gasto no incluido en paquete turístico;Gasto en transporte internacional;2018M01;2,46
Tasa de variación anual;Gasto total;Gasto no incluido en paquete turístico;Gasto en transporte internacional;2017M12;1,72
Tasa de variación anual;Gasto total;Gasto no incluido en paquete turístico;Gasto en transporte internacional;2017M11;6,30
Tasa de variación anual;Gasto total;Gasto no incluido en paquete turístico;Gasto en transporte internacional;2017M10;9,18
Tasa de variación anual;Gasto total;Gasto no incluido en paquete turístico;Gasto en transporte internacional;2017M09;14,46
Tasa de variación anual;Gasto total;Gasto no incluido en paquete turístico;Gasto en transporte internacional;2017M08;13,89
Tasa de variación anual;Gasto total;Gasto no incluido en paquete turístico;Gasto en transporte internacional;2017M07;27,06
Tasa de variación anual;Gasto total;Gasto no incluido en paquete turístico;Gasto en transporte internacional;2017M06;20,54
Tasa de variación anual;Gasto total;Gasto no incluido en paquete turístico;Gasto en transporte internacional;2017M05;22,49
Tasa de variación anual;Gasto total;Gasto no incluido en paquete turístico;Gasto en transporte internacional;2017M04;19,65
Tasa de variación anual;Gasto total;Gasto no incluido en paquete turístico;Gasto en transporte internacional;2017M03;21,43
Tasa de variación anual;Gasto total;Gasto no incluido en paquete turístico;Gasto en transporte internacional;2017M02;19,48
Tasa de variación anual;Gasto total;Gasto no incluido en paquete turístico;Gasto en transporte internacional;2017M01;18,40
Tasa de variación anual;Gasto total;Gasto no incluido en paquete turístico;Gasto en transporte internacional;2016M12;21,23
Tasa de variación anual;Gasto total;Gasto no incluido en paquete turístico;Gasto en transporte internacional;2016M11;14,81
Tasa de variación anual;Gasto total;Gasto no incluido en paquete turístico;Gasto en transporte internacional;2016M10;22,24
Tasa de variación anual;Gasto total;Gasto no incluido en paquete turístico;Gasto en transporte internacional;2016M09;25,24
Tasa de variación anual;Gasto total;Gasto no incluido en paquete turístico;Gasto en transporte internacional;2016M08;-2,15
Tasa de variación anual;Gasto total;Gasto no incluido en paquete turístico;Gasto en transporte internacional;2016M07;4,26
Tasa de variación anual;Gasto total;Gasto no incluido en paquete turístico;Gasto en transporte internacional;2016M06;11,99
Tasa de variación anual;Gasto total;Gasto no incluido en paquete turístico;Gasto en transporte internacional;2016M05;13,67
Tasa de variación anual;Gasto total;Gasto no incluido en paquete turístico;Gasto en transporte internacional;2016M04;10,54
Tasa de variación anual;Gasto total;Gasto no incluido en paquete turístico;Gasto en transporte internacional;2016M03;12,46
Tasa de variación anual;Gasto total;Gasto no incluido en paquete turístico;Gasto en transporte internacional;2016M02;21,89
Tasa de variación anual;Gasto total;Gasto no incluido en paquete turístico;Gasto en transporte internacional;2016M01;10,97
Tasa de variación anual;Gasto total;Gasto no incluido en paquete turístico;Gasto en transporte internacional;2015M12;21,58
Tasa de variación anual;Gasto total;Gasto no incluido en paquete turístico;Gasto en transporte internacional;2015M11;27,29
Tasa de variación anual;Gasto total;Gasto no incluido en paquete turístico;Gasto en transporte internacional;2015M10;20,02
Tasa de variación anual;Gasto total;Gasto no incluido en paquete turístico;Gasto en alojamiento;2026M07;6,68
Tasa de variación anual;Gasto total;Gasto no incluido en paquete turístico;Gasto en alojamiento;2026M06;2,99
Tasa de variación anual;Gasto total;Gasto no incluido en paquete turístico;Gasto en alojamiento;2026M05;9,52
Tasa de variación anual;Gasto total;Gasto no incluido en paquete turístico;Gasto en alojamiento;2026M04;11,35
Tasa de variación anual;Gasto total;Gasto no incluido en paquete turístico;Gasto en alojamiento;2026M03;13,21
Tasa de variación anual;Gasto total;Gasto no incluido en paquete turístico;Gasto en alojamiento;2026M02;4,98
Tasa de variación anual;Gasto total;Gasto no incluido en paquete turístico;Gasto en alojamiento;2026M01;15,67
Tasa de variación anual;Gasto total;Gasto no incluido en paquete turístico;Gasto en alojamiento;2025M12;9,63
Tasa de variación anual;Gasto total;Gasto no incluido en paquete turístico;Gasto en alojamiento;2025M11;6,89
Tasa de variación anual;Gasto total;Gasto no incluido en paquete turístico;Gasto en alojamiento;2025M10;5,03
Tasa de variación anual;Gasto total;Gasto no incluido en paquete turístico;Gasto en alojamiento;2025M09;7,15
Tasa de variación anual;Gasto total;Gasto no incluido en paquete turístico;Gasto en alojamiento;2025M08;6,01
Tasa de variación anual;Gasto total;Gasto no incluido en paquete turístico;Gasto en alojamiento;2025M07;8,81
Tasa de variación anual;Gasto total;Gasto no incluido en paquete turístico;Gasto en alojamiento;2025M06;7,42
Tasa de variación anual;Gasto total;Gasto no incluido en paquete turístico;Gasto en alojamiento;2025M05;7,81
Tasa de variación anual;Gasto total;Gasto no incluido en paquete turístico;Gasto en alojamiento;2025M04;10,28
Tasa de variación anual;Gasto total;Gasto no incluido en paquete turístico;Gasto en alojamiento;2025M03;5,90
Tasa de variación anual;Gasto total;Gasto no incluido en paquete turístico;Gasto en alojamiento;2025M02;6,36
Tasa de variación anual;Gasto total;Gasto no incluido en paquete turístico;Gasto en alojamiento;2025M01;10,42
Tasa de variación anual;Gasto total;Gasto no incluido en paquete turístico;Gasto en alojamiento;2024M12;14,35
Tasa de variación anual;Gasto total;Gasto no incluido en paquete turístico;Gasto en alojamiento;2024M11;14,67
Tasa de variación anual;Gasto total;Gasto no incluido en paquete turístico;Gasto en alojamiento;2024M10;18,87
Tasa de variación anual;Gasto total;Gasto no incluido en paquete turístico;Gasto en alojamiento;2024M09;18,07
Tasa de variación anual;Gasto total;Gasto no incluido en paquete turístico;Gasto en alojamiento;2024M08;15,90
Tasa de variación anual;Gasto total;Gasto no incluido en paquete turístico;Gasto en alojamiento;2024M07;10,86
Tasa de variación anual;Gasto total;Gasto no incluido en paquete turístico;Gasto en alojamiento;2024M06;21,81
Tasa de variación anual;Gasto total;Gasto no incluido en paquete turístico;Gasto en alojamiento;2024M05;22,69
Tasa de variación anual;Gasto total;Gasto no incluido en paquete turístico;Gasto en alojamiento;2024M04;16,75
Tasa de variación anual;Gasto total;Gasto no incluido en paquete turístico;Gasto en alojamiento;2024M03;26,01
Tasa de variación anual;Gasto total;Gasto no incluido en paquete turístico;Gasto en alojamiento;2024M02;32,65
Tasa de variación anual;Gasto total;Gasto no incluido en paquete turístico;Gasto en alojamiento;2024M01;27,05
Tasa de variación anual;Gasto total;Gasto no incluido en paquete turístico;Gasto en alojamiento;2023M12;32,35
Tasa de variación anual;Gasto total;Gasto no incluido en paquete turístico;Gasto en alojamiento;2023M11;26,71
Tasa de variación anual;Gasto total;Gasto no incluido en paquete turístico;Gasto en alojamiento;2023M10;18,79
Tasa de variación anual;Gasto total;Gasto no incluido en paquete turístico;Gasto en alojamiento;2023M09;16,29
Tasa de variación anual;Gasto total;Gasto no incluido en paquete turístico;Gasto en alojamiento;2023M08;17,04
Tasa de variación anual;Gasto total;Gasto no incluido en paquete turístico;Gasto en alojamiento;2023M07;10,78
Tasa de variación anual;Gasto total;Gasto no incluido en paquete turístico;Gasto en alojamiento;2023M06;8,23
Tasa de variación anual;Gasto total;Gasto no incluido en paquete turístico;Gasto en alojamiento;2023M05;17,96
Tasa de variación anual;Gasto total;Gasto no incluido en paquete turístico;Gasto en alojamiento;2023M04;18,97
Tasa de variación anual;Gasto total;Gasto no incluido en paquete turístico;Gasto en alojamiento;2023M03;27,24
Tasa de variación anual;Gasto total;Gasto no incluido en paquete turístico;Gasto en alojamiento;2023M02;43,85
Tasa de variación anual;Gasto total;Gasto no incluido en paquete turístico;Gasto en alojamiento;2023M01;61,69
Tasa de variación anual;Gasto total;Gasto no incluido en paquete turístico;Gasto en alojamiento;2022M12;51,48
Tasa de variación anual;Gasto total;Gasto no incluido en paquete turístico;Gasto en alojamiento;2022M11;36,96
Tasa de variación anual;Gasto total;Gasto no incluido en paquete turístico;Gasto en alojamiento;2022M10;48,15
Tasa de variación anual;Gasto total;Gasto no incluido en paquete turístico;Gasto en alojamiento;2022M09;69,23
Tasa de variación anual;Gasto total;Gasto no incluido en paquete turístico;Gasto en alojamiento;2022M08;75,85
Tasa de variación anual;Gasto total;Gasto no incluido en paquete turístico;Gasto en alojamiento;2022M07;132,51
Tasa de variación anual;Gasto total;Gasto no incluido en paquete turístico;Gasto en alojamiento;2022M06;272,64
Tasa de variación anual;Gasto total;Gasto no incluido en paquete turístico;Gasto en alojamiento;2022M05;462,65
Tasa de variación anual;Gasto total;Gasto no incluido en paquete turístico;Gasto en alojamiento;2022M04;969,72
Tasa de variación anual;Gasto total;Gasto no incluido en paquete turístico;Gasto en alojamiento;2022M03;754,34
Tasa de variación anual;Gasto total;Gasto no incluido en paquete turístico;Gasto en alojamiento;2022M02;884,72
Tasa de variación anual;Gasto total;Gasto no incluido en paquete turístico;Gasto en alojamiento;2022M01;556,97
Tasa de variación anual;Gasto total;Gasto no incluido en paquete turístico;Gasto en alojamiento;2021M12;361,45
Tasa de variación anual;Gasto total;Gasto no incluido en paquete turístico;Gasto en alojamiento;2021M11;680,44
Tasa de variación anual;Gasto total;Gasto no incluido en paquete turístico;Gasto en alojamiento;2021M10;602,95
Tasa de variación anual;Gasto total;Gasto no incluido en paquete turístico;Gasto en alojamiento;2021M09;414,01
Tasa de variación anual;Gasto total;Gasto no incluido en paquete turístico;Gasto en alojamiento;2021M08;169,88
Tasa de variación anual;Gasto total;Gasto no incluido en paquete turístico;Gasto en alojamiento;2021M07;128,40
Tasa de variación anual;Gasto total;Gasto no incluido en paquete turístico;Gasto en alojamiento;2021M06;1.527,78
Tasa de variación anual;Gasto total;Gasto no incluido en paquete turístico;Gasto en alojamiento;2021M05;..
Tasa de variación anual;Gasto total;Gasto no incluido en paquete turístico;Gasto en alojamiento;2021M04;..
Tasa de variación anual;Gasto total;Gasto no incluido en paquete turístico;Gasto en alojamiento;2021M03;-66,05
Tasa de variación anual;Gasto total;Gasto no incluido en paquete turístico;Gasto en alojamiento;2021M02;-90,81
Tasa de variación anual;Gasto total;Gasto no incluido en paquete turístico;Gasto en alojamiento;2021M01;-87,87
Tasa de variación anual;Gasto total;Gasto no incluido en paquete turístico;Gasto en alojamiento;2020M12;-82,82
Tasa de variación anual;Gasto total;Gasto no incluido en paquete turístico;Gasto en alojamiento;2020M11;-87,86
Tasa de variación anual;Gasto total;Gasto no incluido en paquete turístico;Gasto en alojamiento;2020M10;-87,80
Tasa de variación anual;Gasto total;Gasto no incluido en paquete turístico;Gasto en alojamiento;2020M09;-87,87
Tasa de variación anual;Gasto total;Gasto no incluido en paquete turístico;Gasto en alojamiento;2020M08;-77,18
Tasa de variación anual;Gasto total;Gasto no incluido en paquete turístico;Gasto en alojamiento;2020M07;-76,71
Tasa de variación anual;Gasto total;Gasto no incluido en paquete turístico;Gasto en alojamiento;2020M06;-98,12
Tasa de variación anual;Gasto total;Gasto no incluido en paquete turístico;Gasto en alojamiento;2020M05;-100,00
Tasa de variación anual;Gasto total;Gasto no incluido en paquete turístico;Gasto en alojamiento;2020M04;-100,00
Tasa de variación anual;Gasto total;Gasto no incluido en paquete turístico;Gasto en alojamiento;2020M03;-64,71
Tasa de variación anual;Gasto total;Gasto no incluido en paquete turístico;Gasto en alojamiento;2020M02;3,00
Tasa de variación anual;Gasto total;Gasto no incluido en paquete turístico;Gasto en alojamiento;2020M01;2,51
Tasa de variación anual;Gasto total;Gasto no incluido en paquete turístico;Gasto en alojamiento;2019M12;-0,14
Tasa de variación anual;Gasto total;Gasto no incluido en paquete turístico;Gasto en alojamiento;2019M11;4,24
Tasa de variación anual;Gasto total;Gasto no incluido en paquete turístico;Gasto en alojamiento;2019M10;2,87
Tasa de variación anual;Gasto total;Gasto no incluido en paquete turístico;Gasto en alojamiento;2019M09;7,47
Tasa de variación anual;Gasto total;Gasto no incluido en paquete turístico;Gasto en alojamiento;2019M08;8,01
Tasa de variación anual;Gasto total;Gasto no incluido en paquete turístico;Gasto en alojamiento;2019M07;4,69
Tasa de variación anual;Gasto total;Gasto no incluido en paquete turístico;Gasto en alojamiento;2019M06;8,81
Tasa de variación anual;Gasto total;Gasto no incluido en paquete turístico;Gasto en alojamiento;2019M05;4,80
Tasa de variación anual;Gasto total;Gasto no incluido en paquete turístico;Gasto en alojamiento;2019M04;17,15
Tasa de variación anual;Gasto total;Gasto no incluido en paquete turístico;Gasto en alojamiento;2019M03;10,38
Tasa de variación anual;Gasto total;Gasto no incluido en paquete turístico;Gasto en alojamiento;2019M02;5,15
Tasa de variación anual;Gasto total;Gasto no incluido en paquete turístico;Gasto en alojamiento;2019M01;8,30
Tasa de variación anual;Gasto total;Gasto no incluido en paquete turístico;Gasto en alojamiento;2018M12;20,74
Tasa de variación anual;Gasto total;Gasto no incluido en paquete turístico;Gasto en alojamiento;2018M11;10,06
Tasa de variación anual;Gasto total;Gasto no incluido en paquete turístico;Gasto en alojamiento;2018M10;4,96
Tasa de variación anual;Gasto total;Gasto no incluido en paquete turístico;Gasto en alojamiento;2018M09;3,47
Tasa de variación anual;Gasto total;Gasto no incluido en paquete turístico;Gasto en alojamiento;2018M08;6,49
Tasa de variación anual;Gasto total;Gasto no incluido en paquete turístico;Gasto en alojamiento;2018M07;3,17
Tasa de variación anual;Gasto total;Gasto no incluido en paquete turístico;Gasto en alojamiento;2018M06;7,49
Tasa de variación anual;Gasto total;Gasto no incluido en paquete turístico;Gasto en alojamiento;2018M05;2,30
Tasa de variación anual;Gasto total;Gasto no incluido en paquete turístico;Gasto en alojamiento;2018M04;-3,05
Tasa de variación anual;Gasto total;Gasto no incluido en paquete turístico;Gasto en alojamiento;2018M03;16,45
Tasa de variación anual;Gasto total;Gasto no incluido en paquete turístico;Gasto en alojamiento;2018M02;4,36
Tasa de variación anual;Gasto total;Gasto no incluido en paquete turístico;Gasto en alojamiento;2018M01;-0,60
Tasa de variación anual;Gasto total;Gasto no incluido en paquete turístico;Gasto en alojamiento;2017M12;-2,80
Tasa de variación anual;Gasto total;Gasto no incluido en paquete turístico;Gasto en alojamiento;2017M11;4,10
Tasa de variación anual;Gasto total;Gasto no incluido en paquete turístico;Gasto en alojamiento;2017M10;7,57
Tasa de variación anual;Gasto total;Gasto no incluido en paquete turístico;Gasto en alojamiento;2017M09;14,89
Tasa de variación anual;Gasto total;Gasto no incluido en paquete turístico;Gasto en alojamiento;2017M08;13,58
Tasa de variación anual;Gasto total;Gasto no incluido en paquete turístico;Gasto en alojamiento;2017M07;26,76
Tasa de variación anual;Gasto total;Gasto no incluido en paquete turístico;Gasto en alojamiento;2017M06;15,33
Tasa de variación anual;Gasto total;Gasto no incluido en paquete turístico;Gasto en alojamiento;2017M05;20,40
Tasa de variación anual;Gasto total;Gasto no incluido en paquete turístico;Gasto en alojamiento;2017M04;19,61
Tasa de variación anual;Gasto total;Gasto no incluido en paquete turístico;Gasto en alojamiento;2017M03;9,14
Tasa de variación anual;Gasto total;Gasto no incluido en paquete turístico;Gasto en alojamiento;2017M02;11,55
Tasa de variación anual;Gasto total;Gasto no incluido en paquete turístico;Gasto en alojamiento;2017M01;24,73
Tasa de variación anual;Gasto total;Gasto no incluido en paquete turístico;Gasto en alojamiento;2016M12;29,19
Tasa de variación anual;Gasto total;Gasto no incluido en paquete turístico;Gasto en alojamiento;2016M11;11,32
Tasa de variación anual;Gasto total;Gasto no incluido en paquete turístico;Gasto en alojamiento;2016M10;13,56
Tasa de variación anual;Gasto total;Gasto no incluido en paquete turístico;Gasto en alojamiento;2016M09;-4,95
Tasa de variación anual;Gasto total;Gasto no incluido en paquete turístico;Gasto en alojamiento;2016M08;-7,10
Tasa de variación anual;Gasto total;Gasto no incluido en paquete turístico;Gasto en alojamiento;2016M07;-12,26
Tasa de variación anual;Gasto total;Gasto no incluido en paquete turístico;Gasto en alojamiento;2016M06;-4,37
Tasa de variación anual;Gasto total;Gasto no incluido en paquete turístico;Gasto en alojamiento;2016M05;-6,83
Tasa de variación anual;Gasto total;Gasto no incluido en paquete turístico;Gasto en alojamiento;2016M04;-14,37
Tasa de variación anual;Gasto total;Gasto no incluido en paquete turístico;Gasto en alojamiento;2016M03;0,81
Tasa de variación anual;Gasto total;Gasto no incluido en paquete turístico;Gasto en alojamiento;2016M02;6,26
Tasa de variación anual;Gasto total;Gasto no incluido en paquete turístico;Gasto en alojamiento;2016M01;-15,26
Tasa de variación anual;Gasto total;Gasto no incluido en paquete turístico;Gasto en alojamiento;2015M12;-4,52
Tasa de variación anual;Gasto total;Gasto no incluido en paquete turístico;Gasto en alojamiento;2015M11;9,76
Tasa de variación anual;Gasto total;Gasto no incluido en paquete turístico;Gasto en alojamiento;2015M10;-6,84
Tasa de variación anual;Gasto total;Gasto no incluido en paquete turístico;Gasto en manutención;2026M07;7,37
Tasa de variación anual;Gasto total;Gasto no incluido en paquete turístico;Gasto en manutención;2026M06;1,00
Tasa de variación anual;Gasto total;Gasto no incluido en paquete turístico;Gasto en manutención;2026M05;9,47
Tasa de variación anual;Gasto total;Gasto no incluido en paquete turístico;Gasto en manutención;2026M04;6,81
Tasa de variación anual;Gasto total;Gasto no incluido en paquete turístico;Gasto en manutención;2026M03;4,05
Tasa de variación anual;Gasto total;Gasto no incluido en paquete turístico;Gasto en manutención;2026M02;1,71
Tasa de variación anual;Gasto total;Gasto no incluido en paquete turístico;Gasto en manutención;2026M01;7,59
Tasa de variación anual;Gasto total;Gasto no incluido en paquete turístico;Gasto en manutención;2025M12;3,04
Tasa de variación anual;Gasto total;Gasto no incluido en paquete turístico;Gasto en manutención;2025M11;2,41
Tasa de variación anual;Gasto total;Gasto no incluido en paquete turístico;Gasto en manutención;2025M10;7,64
Tasa de variación anual;Gasto total;Gasto no incluido en paquete turístico;Gasto en manutención;2025M09;5,97
Tasa de variación anual;Gasto total;Gasto no incluido en paquete turístico;Gasto en manutención;2025M08;5,07
Tasa de variación anual;Gasto total;Gasto no incluido en paquete turístico;Gasto en manutención;2025M07;3,16
Tasa de variación anual;Gasto total;Gasto no incluido en paquete turístico;Gasto en manutención;2025M06;10,11
Tasa de variación anual;Gasto total;Gasto no incluido en paquete turístico;Gasto en manutención;2025M05;4,14
Tasa de variación anual;Gasto total;Gasto no incluido en paquete turístico;Gasto en manutención;2025M04;15,46
Tasa de variación anual;Gasto total;Gasto no incluido en paquete turístico;Gasto en manutención;2025M03;9,52
Tasa de variación anual;Gasto total;Gasto no incluido en paquete turístico;Gasto en manutención;2025M02;11,03
Tasa de variación anual;Gasto total;Gasto no incluido en paquete turístico;Gasto en manutención;2025M01;8,04
Tasa de variación anual;Gasto total;Gasto no incluido en paquete turístico;Gasto en manutención;2024M12;9,57
Tasa de variación anual;Gasto total;Gasto no incluido en paquete turístico;Gasto en manutención;2024M11;24,26
Tasa de variación anual;Gasto total;Gasto no incluido en paquete turístico;Gasto en manutención;2024M10;17,28
Tasa de variación anual;Gasto total;Gasto no incluido en paquete turístico;Gasto en manutención;2024M09;14,69
Tasa de variación anual;Gasto total;Gasto no incluido en paquete turístico;Gasto en manutención;2024M08;11,82
Tasa de variación anual;Gasto total;Gasto no incluido en paquete turístico;Gasto en manutención;2024M07;15,06
Tasa de variación anual;Gasto total;Gasto no incluido en paquete turístico;Gasto en manutención;2024M06;18,06
Tasa de variación anual;Gasto total;Gasto no incluido en paquete turístico;Gasto en manutención;2024M05;20,57
Tasa de variación anual;Gasto total;Gasto no incluido en paquete turístico;Gasto en manutención;2024M04;11,88
Tasa de variación anual;Gasto total;Gasto no incluido en paquete turístico;Gasto en manutención;2024M03;29,30
Tasa de variación anual;Gasto total;Gasto no incluido en paquete turístico;Gasto en manutención;2024M02;25,65
Tasa de variación anual;Gasto total;Gasto no incluido en paquete turístico;Gasto en manutención;2024M01;25,36
Tasa de variación anual;Gasto total;Gasto no incluido en paquete turístico;Gasto en manutención;2023M12;35,62
Tasa de variación anual;Gasto total;Gasto no incluido en paquete turístico;Gasto en manutención;2023M11;20,81
Tasa de variación anual;Gasto total;Gasto no incluido en paquete turístico;Gasto en manutención;2023M10;20,04
Tasa de variación anual;Gasto total;Gasto no incluido en paquete turístico;Gasto en manutención;2023M09;21,72
Tasa de variación anual;Gasto total;Gasto no incluido en paquete turístico;Gasto en manutención;2023M08;25,05
Tasa de variación anual;Gasto total;Gasto no incluido en paquete turístico;Gasto en manutención;2023M07;18,38
Tasa de variación anual;Gasto total;Gasto no incluido en paquete turístico;Gasto en manutención;2023M06;16,47
Tasa de variación anual;Gasto total;Gasto no incluido en paquete turístico;Gasto en manutención;2023M05;17,28
Tasa de variación anual;Gasto total;Gasto no incluido en paquete turístico;Gasto en manutención;2023M04;19,13
Tasa de variación anual;Gasto total;Gasto no incluido en paquete turístico;Gasto en manutención;2023M03;28,95
Tasa de variación anual;Gasto total;Gasto no incluido en paquete turístico;Gasto en manutención;2023M02;28,79
Tasa de variación anual;Gasto total;Gasto no incluido en paquete turístico;Gasto en manutención;2023M01;59,85
Tasa de variación anual;Gasto total;Gasto no incluido en paquete turístico;Gasto en manutención;2022M12;45,64
Tasa de variación anual;Gasto total;Gasto no incluido en paquete turístico;Gasto en manutención;2022M11;38,34
Tasa de variación anual;Gasto total;Gasto no incluido en paquete turístico;Gasto en manutención;2022M10;36,16
Tasa de variación anual;Gasto total;Gasto no incluido en paquete turístico;Gasto en manutención;2022M09;61,33
Tasa de variación anual;Gasto total;Gasto no incluido en paquete turístico;Gasto en manutención;2022M08;70,80
Tasa de variación anual;Gasto total;Gasto no incluido en paquete turístico;Gasto en manutención;2022M07;98,20
Tasa de variación anual;Gasto total;Gasto no incluido en paquete turístico;Gasto en manutención;2022M06;238,48
Tasa de variación anual;Gasto total;Gasto no incluido en paquete turístico;Gasto en manutención;2022M05;416,45
Tasa de variación anual;Gasto total;Gasto no incluido en paquete turístico;Gasto en manutención;2022M04;939,65
Tasa de variación anual;Gasto total;Gasto no incluido en paquete turístico;Gasto en manutención;2022M03;794,43
Tasa de variación anual;Gasto total;Gasto no incluido en paquete turístico;Gasto en manutención;2022M02;1.151,91
Tasa de variación anual;Gasto total;Gasto no incluido en paquete turístico;Gasto en manutención;2022M01;557,51
Tasa de variación anual;Gasto total;Gasto no incluido en paquete turístico;Gasto en manutención;2021M12;407,42
Tasa de variación anual;Gasto total;Gasto no incluido en paquete turístico;Gasto en manutención;2021M11;691,93
Tasa de variación anual;Gasto total;Gasto no incluido en paquete turístico;Gasto en manutención;2021M10;468,54
Tasa de variación anual;Gasto total;Gasto no incluido en paquete turístico;Gasto en manutención;2021M09;384,00
Tasa de variación anual;Gasto total;Gasto no incluido en paquete turístico;Gasto en manutención;2021M08;130,91
Tasa de variación anual;Gasto total;Gasto no incluido en paquete turístico;Gasto en manutención;2021M07;103,53
Tasa de variación anual;Gasto total;Gasto no incluido en paquete turístico;Gasto en manutención;2021M06;1.395,48
Tasa de variación anual;Gasto total;Gasto no incluido en paquete turístico;Gasto en manutención;2021M05;..
Tasa de variación anual;Gasto total;Gasto no incluido en paquete turístico;Gasto en manutención;2021M04;..
Tasa de variación anual;Gasto total;Gasto no incluido en paquete turístico;Gasto en manutención;2021M03;-72,13
Tasa de variación anual;Gasto total;Gasto no incluido en paquete turístico;Gasto en manutención;2021M02;-92,79
Tasa de variación anual;Gasto total;Gasto no incluido en paquete turístico;Gasto en manutención;2021M01;-88,65
Tasa de variación anual;Gasto total;Gasto no incluido en paquete turístico;Gasto en manutención;2020M12;-84,55
Tasa de variación anual;Gasto total;Gasto no incluido en paquete turístico;Gasto en manutención;2020M11;-89,67
Tasa de variación anual;Gasto total;Gasto no incluido en paquete turístico;Gasto en manutención;2020M10;-85,65
Tasa de variación anual;Gasto total;Gasto no incluido en paquete turístico;Gasto en manutención;2020M09;-87,67
Tasa de variación anual;Gasto total;Gasto no incluido en paquete turístico;Gasto en manutención;2020M08;-75,82
Tasa de variación anual;Gasto total;Gasto no incluido en paquete turístico;Gasto en manutención;2020M07;-74,33
Tasa de variación anual;Gasto total;Gasto no incluido en paquete turístico;Gasto en manutención;2020M06;-98,06
Tasa de variación anual;Gasto total;Gasto no incluido en paquete turístico;Gasto en manutención;2020M05;-100,00
Tasa de variación anual;Gasto total;Gasto no incluido en paquete turístico;Gasto en manutención;2020M04;-100,00
Tasa de variación anual;Gasto total;Gasto no incluido en paquete turístico;Gasto en manutención;2020M03;-65,41
Tasa de variación anual;Gasto total;Gasto no incluido en paquete turístico;Gasto en manutención;2020M02;5,08
Tasa de variación anual;Gasto total;Gasto no incluido en paquete turístico;Gasto en manutención;2020M01;-2,52
Tasa de variación anual;Gasto total;Gasto no incluido en paquete turístico;Gasto en manutención;2019M12;-6,02
Tasa de variación anual;Gasto total;Gasto no incluido en paquete turístico;Gasto en manutención;2019M11;4,81
Tasa de variación anual;Gasto total;Gasto no incluido en paquete turístico;Gasto en manutención;2019M10;3,77
Tasa de variación anual;Gasto total;Gasto no incluido en paquete turístico;Gasto en manutención;2019M09;2,82
Tasa de variación anual;Gasto total;Gasto no incluido en paquete turístico;Gasto en manutención;2019M08;2,72
Tasa de variación anual;Gasto total;Gasto no incluido en paquete turístico;Gasto en manutención;2019M07;-0,91
Tasa de variación anual;Gasto total;Gasto no incluido en paquete turístico;Gasto en manutención;2019M06;2,09
Tasa de variación anual;Gasto total;Gasto no incluido en paquete turístico;Gasto en manutención;2019M05;-4,40
Tasa de variación anual;Gasto total;Gasto no incluido en paquete turístico;Gasto en manutención;2019M04;4,81
Tasa de variación anual;Gasto total;Gasto no incluido en paquete turístico;Gasto en manutención;2019M03;5,33
Tasa de variación anual;Gasto total;Gasto no incluido en paquete turístico;Gasto en manutención;2019M02;0,29
Tasa de variación anual;Gasto total;Gasto no incluido en paquete turístico;Gasto en manutención;2019M01;2,77
Tasa de variación anual;Gasto total;Gasto no incluido en paquete turístico;Gasto en manutención;2018M12;10,34
Tasa de variación anual;Gasto total;Gasto no incluido en paquete turístico;Gasto en manutención;2018M11;0,10
Tasa de variación anual;Gasto total;Gasto no incluido en paquete turístico;Gasto en manutención;2018M10;0,77
Tasa de variación anual;Gasto total;Gasto no incluido en paquete turístico;Gasto en manutención;2018M09;-1,49
Tasa de variación anual;Gasto total;Gasto no incluido en paquete turístico;Gasto en manutención;2018M08;-4,31
Tasa de variación anual;Gasto total;Gasto no incluido en paquete turístico;Gasto en manutención;2018M07;-4,48
Tasa de variación anual;Gasto total;Gasto no incluido en paquete turístico;Gasto en manutención;2018M06;1,50
Tasa de variación anual;Gasto total;Gasto no incluido en paquete turístico;Gasto en manutención;2018M05;-0,50
Tasa de variación anual;Gasto total;Gasto no incluido en paquete turístico;Gasto en manutención;2018M04;-1,37
Tasa de variación anual;Gasto total;Gasto no incluido en paquete turístico;Gasto en manutención;2018M03;13,33
Tasa de variación anual;Gasto total;Gasto no incluido en paquete turístico;Gasto en manutención;2018M02;0,33
Tasa de variación anual;Gasto total;Gasto no incluido en paquete turístico;Gasto en manutención;2018M01;5,72
Tasa de variación anual;Gasto total;Gasto no incluido en paquete turístico;Gasto en manutención;2017M12;0,90
Tasa de variación anual;Gasto total;Gasto no incluido en paquete turístico;Gasto en manutención;2017M11;13,95
Tasa de variación anual;Gasto total;Gasto no incluido en paquete turístico;Gasto en manutención;2017M10;4,59
Tasa de variación anual;Gasto total;Gasto no incluido en paquete turístico;Gasto en manutención;2017M09;15,01
Tasa de variación anual;Gasto total;Gasto no incluido en paquete turístico;Gasto en manutención;2017M08;12,47
Tasa de variación anual;Gasto total;Gasto no incluido en paquete turístico;Gasto en manutención;2017M07;17,01
Tasa de variación anual;Gasto total;Gasto no incluido en paquete turístico;Gasto en manutención;2017M06;16,88
Tasa de variación anual;Gasto total;Gasto no incluido en paquete turístico;Gasto en manutención;2017M05;20,06
Tasa de variación anual;Gasto total;Gasto no incluido en paquete turístico;Gasto en manutención;2017M04;19,76
Tasa de variación anual;Gasto total;Gasto no incluido en paquete turístico;Gasto en manutención;2017M03;8,45
Tasa de variación anual;Gasto total;Gasto no incluido en paquete turístico;Gasto en manutención;2017M02;15,71
Tasa de variación anual;Gasto total;Gasto no incluido en paquete turístico;Gasto en manutención;2017M01;11,17
Tasa de variación anual;Gasto total;Gasto no incluido en paquete turístico;Gasto en manutención;2016M12;18,72
Tasa de variación anual;Gasto total;Gasto no incluido en paquete turístico;Gasto en manutención;2016M11;3,78
Tasa de variación anual;Gasto total;Gasto no incluido en paquete turístico;Gasto en manutención;2016M10;5,92
Tasa de variación anual;Gasto total;Gasto no incluido en paquete turístico;Gasto en manutención;2016M09;2,88
Tasa de variación anual;Gasto total;Gasto no incluido en paquete turístico;Gasto en manutención;2016M08;-2,34
Tasa de variación anual;Gasto total;Gasto no incluido en paquete turístico;Gasto en manutención;2016M07;0,26
Tasa de variación anual;Gasto total;Gasto no incluido en paquete turístico;Gasto en manutención;2016M06;2,91
Tasa de variación anual;Gasto total;Gasto no incluido en paquete turístico;Gasto en manutención;2016M05;-0,53
Tasa de variación anual;Gasto total;Gasto no incluido en paquete turístico;Gasto en manutención;2016M04;-3,58
Tasa de variación anual;Gasto total;Gasto no incluido en paquete turístico;Gasto en manutención;2016M03;8,29
Tasa de variación anual;Gasto total;Gasto no incluido en paquete turístico;Gasto en manutención;2016M02;4,24
Tasa de variación anual;Gasto total;Gasto no incluido en paquete turístico;Gasto en manutención;2016M01;0,98
Tasa de variación anual;Gasto total;Gasto no incluido en paquete turístico;Gasto en manutención;2015M12;5,02
Tasa de variación anual;Gasto total;Gasto no incluido en paquete turístico;Gasto en manutención;2015M11;8,53
Tasa de variación anual;Gasto total;Gasto no incluido en paquete turístico;Gasto en manutención;2015M10;4,87
Tasa de variación anual;Gasto total;Gasto no incluido en paquete turístico;Gasto en actividades;2026M07;9,19
Tasa de variación anual;Gasto total;Gasto no incluido en paquete turístico;Gasto en actividades;2026M06;2,13
Tasa de variación anual;Gasto total;Gasto no incluido en paquete turístico;Gasto en actividades;2026M05;11,69
Tasa de variación anual;Gasto total;Gasto no incluido en paquete turístico;Gasto en actividades;2026M04;9,26
Tasa de variación anual;Gasto total;Gasto no incluido en paquete turístico;Gasto en actividades;2026M03;4,59
Tasa de variación anual;Gasto total;Gasto no incluido en paquete turístico;Gasto en actividades;2026M02;2,61
Tasa de variación anual;Gasto total;Gasto no incluido en paquete turístico;Gasto en actividades;2026M01;7,90
Tasa de variación anual;Gasto total;Gasto no incluido en paquete turístico;Gasto en actividades;2025M12;7,14
Tasa de variación anual;Gasto total;Gasto no incluido en paquete turístico;Gasto en actividades;2025M11;1,67
Tasa de variación anual;Gasto total;Gasto no incluido en paquete turístico;Gasto en actividades;2025M10;10,52
Tasa de variación anual;Gasto total;Gasto no incluido en paquete turístico;Gasto en actividades;2025M09;8,80
Tasa de variación anual;Gasto total;Gasto no incluido en paquete turístico;Gasto en actividades;2025M08;5,39
Tasa de variación anual;Gasto total;Gasto no incluido en paquete turístico;Gasto en actividades;2025M07;6,59
Tasa de variación anual;Gasto total;Gasto no incluido en paquete turístico;Gasto en actividades;2025M06;7,44
Tasa de variación anual;Gasto total;Gasto no incluido en paquete turístico;Gasto en actividades;2025M05;4,38
Tasa de variación anual;Gasto total;Gasto no incluido en paquete turístico;Gasto en actividades;2025M04;16,59
Tasa de variación anual;Gasto total;Gasto no incluido en paquete turístico;Gasto en actividades;2025M03;2,42
Tasa de variación anual;Gasto total;Gasto no incluido en paquete turístico;Gasto en actividades;2025M02;5,97
Tasa de variación anual;Gasto total;Gasto no incluido en paquete turístico;Gasto en actividades;2025M01;10,52
Tasa de variación anual;Gasto total;Gasto no incluido en paquete turístico;Gasto en actividades;2024M12;7,19
Tasa de variación anual;Gasto total;Gasto no incluido en paquete turístico;Gasto en actividades;2024M11;16,90
Tasa de variación anual;Gasto total;Gasto no incluido en paquete turístico;Gasto en actividades;2024M10;11,33
Tasa de variación anual;Gasto total;Gasto no incluido en paquete turístico;Gasto en actividades;2024M09;9,51
Tasa de variación anual;Gasto total;Gasto no incluido en paquete turístico;Gasto en actividades;2024M08;10,28
Tasa de variación anual;Gasto total;Gasto no incluido en paquete turístico;Gasto en actividades;2024M07;9,19
Tasa de variación anual;Gasto total;Gasto no incluido en paquete turístico;Gasto en actividades;2024M06;14,50
Tasa de variación anual;Gasto total;Gasto no incluido en paquete turístico;Gasto en actividades;2024M05;17,15
Tasa de variación anual;Gasto total;Gasto no incluido en paquete turístico;Gasto en actividades;2024M04;9,02
Tasa de variación anual;Gasto total;Gasto no incluido en paquete turístico;Gasto en actividades;2024M03;25,64
Tasa de variación anual;Gasto total;Gasto no incluido en paquete turístico;Gasto en actividades;2024M02;18,21
Tasa de variación anual;Gasto total;Gasto no incluido en paquete turístico;Gasto en actividades;2024M01;23,78
Tasa de variación anual;Gasto total;Gasto no incluido en paquete turístico;Gasto en actividades;2023M12;32,12
Tasa de variación anual;Gasto total;Gasto no incluido en paquete turístico;Gasto en actividades;2023M11;21,58
Tasa de variación anual;Gasto total;Gasto no incluido en paquete turístico;Gasto en actividades;2023M10;19,19
Tasa de variación anual;Gasto total;Gasto no incluido en paquete turístico;Gasto en actividades;2023M09;21,82
Tasa de variación anual;Gasto total;Gasto no incluido en paquete turístico;Gasto en actividades;2023M08;24,60
Tasa de variación anual;Gasto total;Gasto no incluido en paquete turístico;Gasto en actividades;2023M07;17,07
Tasa de variación anual;Gasto total;Gasto no incluido en paquete turístico;Gasto en actividades;2023M06;14,22
Tasa de variación anual;Gasto total;Gasto no incluido en paquete turístico;Gasto en actividades;2023M05;22,32
Tasa de variación anual;Gasto total;Gasto no incluido en paquete turístico;Gasto en actividades;2023M04;20,71
Tasa de variación anual;Gasto total;Gasto no incluido en paquete turístico;Gasto en actividades;2023M03;33,56
Tasa de variación anual;Gasto total;Gasto no incluido en paquete turístico;Gasto en actividades;2023M02;36,97
Tasa de variación anual;Gasto total;Gasto no incluido en paquete turístico;Gasto en actividades;2023M01;70,71
Tasa de variación anual;Gasto total;Gasto no incluido en paquete turístico;Gasto en actividades;2022M12;48,73
Tasa de variación anual;Gasto total;Gasto no incluido en paquete turístico;Gasto en actividades;2022M11;40,98
Tasa de variación anual;Gasto total;Gasto no incluido en paquete turístico;Gasto en actividades;2022M10;41,92
Tasa de variación anual;Gasto total;Gasto no incluido en paquete turístico;Gasto en actividades;2022M09;71,80
Tasa de variación anual;Gasto total;Gasto no incluido en paquete turístico;Gasto en actividades;2022M08;79,67
Tasa de variación anual;Gasto total;Gasto no incluido en paquete turístico;Gasto en actividades;2022M07;120,40
Tasa de variación anual;Gasto total;Gasto no incluido en paquete turístico;Gasto en actividades;2022M06;270,18
Tasa de variación anual;Gasto total;Gasto no incluido en paquete turístico;Gasto en actividades;2022M05;463,21
Tasa de variación anual;Gasto total;Gasto no incluido en paquete turístico;Gasto en actividades;2022M04;958,94
Tasa de variación anual;Gasto total;Gasto no incluido en paquete turístico;Gasto en actividades;2022M03;774,60
Tasa de variación anual;Gasto total;Gasto no incluido en paquete turístico;Gasto en actividades;2022M02;1.131,55
Tasa de variación anual;Gasto total;Gasto no incluido en paquete turístico;Gasto en actividades;2022M01;545,64
Tasa de variación anual;Gasto total;Gasto no incluido en paquete turístico;Gasto en actividades;2021M12;411,68
Tasa de variación anual;Gasto total;Gasto no incluido en paquete turístico;Gasto en actividades;2021M11;690,43
Tasa de variación anual;Gasto total;Gasto no incluido en paquete turístico;Gasto en actividades;2021M10;494,03
Tasa de variación anual;Gasto total;Gasto no incluido en paquete turístico;Gasto en actividades;2021M09;355,76
Tasa de variación anual;Gasto total;Gasto no incluido en paquete turístico;Gasto en actividades;2021M08;126,68
Tasa de variación anual;Gasto total;Gasto no incluido en paquete turístico;Gasto en actividades;2021M07;111,71
Tasa de variación anual;Gasto total;Gasto no incluido en paquete turístico;Gasto en actividades;2021M06;1.703,54
Tasa de variación anual;Gasto total;Gasto no incluido en paquete turístico;Gasto en actividades;2021M05;..
Tasa de variación anual;Gasto total;Gasto no incluido en paquete turístico;Gasto en actividades;2021M04;..
Tasa de variación anual;Gasto total;Gasto no incluido en paquete turístico;Gasto en actividades;2021M03;-72,29
Tasa de variación anual;Gasto total;Gasto no incluido en paquete turístico;Gasto en actividades;2021M02;-93,10
Tasa de variación anual;Gasto total;Gasto no incluido en paquete turístico;Gasto en actividades;2021M01;-89,74
Tasa de variación anual;Gasto total;Gasto no incluido en paquete turístico;Gasto en actividades;2020M12;-85,04
Tasa de variación anual;Gasto total;Gasto no incluido en paquete turístico;Gasto en actividades;2020M11;-90,22
Tasa de variación anual;Gasto total;Gasto no incluido en paquete turístico;Gasto en actividades;2020M10;-87,20
Tasa de variación anual;Gasto total;Gasto no incluido en paquete turístico;Gasto en actividades;2020M09;-87,55
Tasa de variación anual;Gasto total;Gasto no incluido en paquete turístico;Gasto en actividades;2020M08;-77,12
Tasa de variación anual;Gasto total;Gasto no incluido en paquete turístico;Gasto en actividades;2020M07;-77,35
Tasa de variación anual;Gasto total;Gasto no incluido en paquete turístico;Gasto en actividades;2020M06;-98,49
Tasa de variación anual;Gasto total;Gasto no incluido en paquete turístico;Gasto en actividades;2020M05;-100,00
Tasa de variación anual;Gasto total;Gasto no incluido en paquete turístico;Gasto en actividades;2020M04;-100,00
Tasa de variación anual;Gasto total;Gasto no incluido en paquete turístico;Gasto en actividades;2020M03;-63,44
Tasa de variación anual;Gasto total;Gasto no incluido en paquete turístico;Gasto en actividades;2020M02;7,61
Tasa de variación anual;Gasto total;Gasto no incluido en paquete turístico;Gasto en actividades;2020M01;5,98
Tasa de variación anual;Gasto total;Gasto no incluido en paquete turístico;Gasto en actividades;2019M12;3,28
Tasa de variación anual;Gasto total;Gasto no incluido en paquete turístico;Gasto en actividades;2019M11;10,64
Tasa de variación anual;Gasto total;Gasto no incluido en paquete turístico;Gasto en actividades;2019M10;6,38
Tasa de variación anual;Gasto total;Gasto no incluido en paquete turístico;Gasto en actividades;2019M09;5,86
Tasa de variación anual;Gasto total;Gasto no incluido en paquete turístico;Gasto en actividades;2019M08;10,28
Tasa de variación anual;Gasto total;Gasto no incluido en paquete turístico;Gasto en actividades;2019M07;7,25
Tasa de variación anual;Gasto total;Gasto no incluido en paquete turístico;Gasto en actividades;2019M06;9,43
Tasa de variación anual;Gasto total;Gasto no incluido en paquete turístico;Gasto en actividades;2019M05;4,80
Tasa de variación anual;Gasto total;Gasto no incluido en paquete turístico;Gasto en actividades;2019M04;11,61
Tasa de variación anual;Gasto total;Gasto no incluido en paquete turístico;Gasto en actividades;2019M03;15,68
Tasa de variación anual;Gasto total;Gasto no incluido en paquete turístico;Gasto en actividades;2019M02;12,78
Tasa de variación anual;Gasto total;Gasto no incluido en paquete turístico;Gasto en actividades;2019M01;9,59
Tasa de variación anual;Gasto total;Gasto no incluido en paquete turístico;Gasto en actividades;2018M12;19,32
Tasa de variación anual;Gasto total;Gasto no incluido en paquete turístico;Gasto en actividades;2018M11;11,04
Tasa de variación anual;Gasto total;Gasto no incluido en paquete turístico;Gasto en actividades;2018M10;11,86
Tasa de variación anual;Gasto total;Gasto no incluido en paquete turístico;Gasto en actividades;2018M09;4,70
Tasa de variación anual;Gasto total;Gasto no incluido en paquete turístico;Gasto en actividades;2018M08;4,56
Tasa de variación anual;Gasto total;Gasto no incluido en paquete turístico;Gasto en actividades;2018M07;1,71
Tasa de variación anual;Gasto total;Gasto no incluido en paquete turístico;Gasto en actividades;2018M06;8,00
Tasa de variación anual;Gasto total;Gasto no incluido en paquete turístico;Gasto en actividades;2018M05;6,05
Tasa de variación anual;Gasto total;Gasto no incluido en paquete turístico;Gasto en actividades;2018M04;-0,49
Tasa de variación anual;Gasto total;Gasto no incluido en paquete turístico;Gasto en actividades;2018M03;17,66
Tasa de variación anual;Gasto total;Gasto no incluido en paquete turístico;Gasto en actividades;2018M02;6,80
Tasa de variación anual;Gasto total;Gasto no incluido en paquete turístico;Gasto en actividades;2018M01;12,34
Tasa de variación anual;Gasto total;Gasto no incluido en paquete turístico;Gasto en actividades;2017M12;-4,12
Tasa de variación anual;Gasto total;Gasto no incluido en paquete turístico;Gasto en actividades;2017M11;10,82
Tasa de variación anual;Gasto total;Gasto no incluido en paquete turístico;Gasto en actividades;2017M10;5,64
Tasa de variación anual;Gasto total;Gasto no incluido en paquete turístico;Gasto en actividades;2017M09;12,42
Tasa de variación anual;Gasto total;Gasto no incluido en paquete turístico;Gasto en actividades;2017M08;15,42
Tasa de variación anual;Gasto total;Gasto no incluido en paquete turístico;Gasto en actividades;2017M07;18,27
Tasa de variación anual;Gasto total;Gasto no incluido en paquete turístico;Gasto en actividades;2017M06;13,57
Tasa de variación anual;Gasto total;Gasto no incluido en paquete turístico;Gasto en actividades;2017M05;19,78
Tasa de variación anual;Gasto total;Gasto no incluido en paquete turístico;Gasto en actividades;2017M04;29,17
Tasa de variación anual;Gasto total;Gasto no incluido en paquete turístico;Gasto en actividades;2017M03;7,61
Tasa de variación anual;Gasto total;Gasto no incluido en paquete turístico;Gasto en actividades;2017M02;20,40
Tasa de variación anual;Gasto total;Gasto no incluido en paquete turístico;Gasto en actividades;2017M01;16,60
Tasa de variación anual;Gasto total;Gasto no incluido en paquete turístico;Gasto en actividades;2016M12;28,67
Tasa de variación anual;Gasto total;Gasto no incluido en paquete turístico;Gasto en actividades;2016M11;8,26
Tasa de variación anual;Gasto total;Gasto no incluido en paquete turístico;Gasto en actividades;2016M10;22,14
Tasa de variación anual;Gasto total;Gasto no incluido en paquete turístico;Gasto en actividades;2016M09;22,21
Tasa de variación anual;Gasto total;Gasto no incluido en paquete turístico;Gasto en actividades;2016M08;11,38
Tasa de variación anual;Gasto total;Gasto no incluido en paquete turístico;Gasto en actividades;2016M07;11,34
Tasa de variación anual;Gasto total;Gasto no incluido en paquete turístico;Gasto en actividades;2016M06;19,86
Tasa de variación anual;Gasto total;Gasto no incluido en paquete turístico;Gasto en actividades;2016M05;12,40
Tasa de variación anual;Gasto total;Gasto no incluido en paquete turístico;Gasto en actividades;2016M04;1,38
Tasa de variación anual;Gasto total;Gasto no incluido en paquete turístico;Gasto en actividades;2016M03;16,30
Tasa de variación anual;Gasto total;Gasto no incluido en paquete turístico;Gasto en actividades;2016M02;9,63
Tasa de variación anual;Gasto total;Gasto no incluido en paquete turístico;Gasto en actividades;2016M01;9,01
Tasa de variación anual;Gasto total;Gasto no incluido en paquete turístico;Gasto en actividades;2015M12;17,79
Tasa de variación anual;Gasto total;Gasto no incluido en paquete turístico;Gasto en actividades;2015M11;26,70
Tasa de variación anual;Gasto total;Gasto no incluido en paquete turístico;Gasto en actividades;2015M10;9,27
Tasa de variación anual;Gasto total;Gasto no incluido en paquete turístico;Otros gastos;2026M07;9,40
Tasa de variación anual;Gasto total;Gasto no incluido en paquete turístico;Otros gastos;2026M06;-2,63
Tasa de variación anual;Gasto total;Gasto no incluido en paquete turístico;Otros gastos;2026M05;9,22
Tasa de variación anual;Gasto total;Gasto no incluido en paquete turístico;Otros gastos;2026M04;2,41
Tasa de variación anual;Gasto total;Gasto no incluido en paquete turístico;Otros gastos;2026M03;-2,92
Tasa de variación anual;Gasto total;Gasto no incluido en paquete turístico;Otros gastos;2026M02;3,77
Tasa de variación anual;Gasto total;Gasto no incluido en paquete turístico;Otros gastos;2026M01;9,57
Tasa de variación anual;Gasto total;Gasto no incluido en paquete turístico;Otros gastos;2025M12;2,54
Tasa de variación anual;Gasto total;Gasto no incluido en paquete turístico;Otros gastos;2025M11;4,01
Tasa de variación anual;Gasto total;Gasto no incluido en paquete turístico;Otros gastos;2025M10;14,28
Tasa de variación anual;Gasto total;Gasto no incluido en paquete turístico;Otros gastos;2025M09;7,30
Tasa de variación anual;Gasto total;Gasto no incluido en paquete turístico;Otros gastos;2025M08;4,82
Tasa de variación anual;Gasto total;Gasto no incluido en paquete turístico;Otros gastos;2025M07;1,84
Tasa de variación anual;Gasto total;Gasto no incluido en paquete turístico;Otros gastos;2025M06;7,25
Tasa de variación anual;Gasto total;Gasto no incluido en paquete turístico;Otros gastos;2025M05;2,30
Tasa de variación anual;Gasto total;Gasto no incluido en paquete turístico;Otros gastos;2025M04;18,82
Tasa de variación anual;Gasto total;Gasto no incluido en paquete turístico;Otros gastos;2025M03;5,74
Tasa de variación anual;Gasto total;Gasto no incluido en paquete turístico;Otros gastos;2025M02;4,59
Tasa de variación anual;Gasto total;Gasto no incluido en paquete turístico;Otros gastos;2025M01;2,65
Tasa de variación anual;Gasto total;Gasto no incluido en paquete turístico;Otros gastos;2024M12;4,35
Tasa de variación anual;Gasto total;Gasto no incluido en paquete turístico;Otros gastos;2024M11;12,03
Tasa de variación anual;Gasto total;Gasto no incluido en paquete turístico;Otros gastos;2024M10;8,75
Tasa de variación anual;Gasto total;Gasto no incluido en paquete turístico;Otros gastos;2024M09;8,68
Tasa de variación anual;Gasto total;Gasto no incluido en paquete turístico;Otros gastos;2024M08;9,64
Tasa de variación anual;Gasto total;Gasto no incluido en paquete turístico;Otros gastos;2024M07;16,66
Tasa de variación anual;Gasto total;Gasto no incluido en paquete turístico;Otros gastos;2024M06;12,76
Tasa de variación anual;Gasto total;Gasto no incluido en paquete turístico;Otros gastos;2024M05;21,24
Tasa de variación anual;Gasto total;Gasto no incluido en paquete turístico;Otros gastos;2024M04;5,90
Tasa de variación anual;Gasto total;Gasto no incluido en paquete turístico;Otros gastos;2024M03;35,14
Tasa de variación anual;Gasto total;Gasto no incluido en paquete turístico;Otros gastos;2024M02;29,92
Tasa de variación anual;Gasto total;Gasto no incluido en paquete turístico;Otros gastos;2024M01;30,58
Tasa de variación anual;Gasto total;Gasto no incluido en paquete turístico;Otros gastos;2023M12;37,33
Tasa de variación anual;Gasto total;Gasto no incluido en paquete turístico;Otros gastos;2023M11;17,37
Tasa de variación anual;Gasto total;Gasto no incluido en paquete turístico;Otros gastos;2023M10;25,30
Tasa de variación anual;Gasto total;Gasto no incluido en paquete turístico;Otros gastos;2023M09;26,12
Tasa de variación anual;Gasto total;Gasto no incluido en paquete turístico;Otros gastos;2023M08;23,63
Tasa de variación anual;Gasto total;Gasto no incluido en paquete turístico;Otros gastos;2023M07;7,47
Tasa de variación anual;Gasto total;Gasto no incluido en paquete turístico;Otros gastos;2023M06;16,50
Tasa de variación anual;Gasto total;Gasto no incluido en paquete turístico;Otros gastos;2023M05;15,32
Tasa de variación anual;Gasto total;Gasto no incluido en paquete turístico;Otros gastos;2023M04;18,36
Tasa de variación anual;Gasto total;Gasto no incluido en paquete turístico;Otros gastos;2023M03;18,53
Tasa de variación anual;Gasto total;Gasto no incluido en paquete turístico;Otros gastos;2023M02;19,30
Tasa de variación anual;Gasto total;Gasto no incluido en paquete turístico;Otros gastos;2023M01;47,00
Tasa de variación anual;Gasto total;Gasto no incluido en paquete turístico;Otros gastos;2022M12;42,59
Tasa de variación anual;Gasto total;Gasto no incluido en paquete turístico;Otros gastos;2022M11;34,94
Tasa de variación anual;Gasto total;Gasto no incluido en paquete turístico;Otros gastos;2022M10;35,34
Tasa de variación anual;Gasto total;Gasto no incluido en paquete turístico;Otros gastos;2022M09;51,15
Tasa de variación anual;Gasto total;Gasto no incluido en paquete turístico;Otros gastos;2022M08;71,13
Tasa de variación anual;Gasto total;Gasto no incluido en paquete turístico;Otros gastos;2022M07;82,42
Tasa de variación anual;Gasto total;Gasto no incluido en paquete turístico;Otros gastos;2022M06;144,65
Tasa de variación anual;Gasto total;Gasto no incluido en paquete turístico;Otros gastos;2022M05;265,56
Tasa de variación anual;Gasto total;Gasto no incluido en paquete turístico;Otros gastos;2022M04;584,25
Tasa de variación anual;Gasto total;Gasto no incluido en paquete turístico;Otros gastos;2022M03;727,02
Tasa de variación anual;Gasto total;Gasto no incluido en paquete turístico;Otros gastos;2022M02;777,69
Tasa de variación anual;Gasto total;Gasto no incluido en paquete turístico;Otros gastos;2022M01;451,98
Tasa de variación anual;Gasto total;Gasto no incluido en paquete turístico;Otros gastos;2021M12;345,07
Tasa de variación anual;Gasto total;Gasto no incluido en paquete turístico;Otros gastos;2021M11;591,46
Tasa de variación anual;Gasto total;Gasto no incluido en paquete turístico;Otros gastos;2021M10;383,01
Tasa de variación anual;Gasto total;Gasto no incluido en paquete turístico;Otros gastos;2021M09;322,13
Tasa de variación anual;Gasto total;Gasto no incluido en paquete turístico;Otros gastos;2021M08;119,16
Tasa de variación anual;Gasto total;Gasto no incluido en paquete turístico;Otros gastos;2021M07;120,01
Tasa de variación anual;Gasto total;Gasto no incluido en paquete turístico;Otros gastos;2021M06;1.173,53
Tasa de variación anual;Gasto total;Gasto no incluido en paquete turístico;Otros gastos;2021M05;..
Tasa de variación anual;Gasto total;Gasto no incluido en paquete turístico;Otros gastos;2021M04;..
Tasa de variación anual;Gasto total;Gasto no incluido en paquete turístico;Otros gastos;2021M03;-70,44
Tasa de variación anual;Gasto total;Gasto no incluido en paquete turístico;Otros gastos;2021M02;-90,47
Tasa de variación anual;Gasto total;Gasto no incluido en paquete turístico;Otros gastos;2021M01;-87,44
Tasa de variación anual;Gasto total;Gasto no incluido en paquete turístico;Otros gastos;2020M12;-84,13
Tasa de variación anual;Gasto total;Gasto no incluido en paquete turístico;Otros gastos;2020M11;-88,75
Tasa de variación anual;Gasto total;Gasto no incluido en paquete turístico;Otros gastos;2020M10;-85,78
Tasa de variación anual;Gasto total;Gasto no incluido en paquete turístico;Otros gastos;2020M09;-86,32
Tasa de variación anual;Gasto total;Gasto no incluido en paquete turístico;Otros gastos;2020M08;-75,65
Tasa de variación anual;Gasto total;Gasto no incluido en paquete turístico;Otros gastos;2020M07;-76,24
Tasa de variación anual;Gasto total;Gasto no incluido en paquete turístico;Otros gastos;2020M06;-97,18
Tasa de variación anual;Gasto total;Gasto no incluido en paquete turístico;Otros gastos;2020M05;-100,00
Tasa de variación anual;Gasto total;Gasto no incluido en paquete turístico;Otros gastos;2020M04;-100,00
Tasa de variación anual;Gasto total;Gasto no incluido en paquete turístico;Otros gastos;2020M03;-65,43
Tasa de variación anual;Gasto total;Gasto no incluido en paquete turístico;Otros gastos;2020M02;-0,80
Tasa de variación anual;Gasto total;Gasto no incluido en paquete turístico;Otros gastos;2020M01;-0,89
Tasa de variación anual;Gasto total;Gasto no incluido en paquete turístico;Otros gastos;2019M12;-0,62
Tasa de variación anual;Gasto total;Gasto no incluido en paquete turístico;Otros gastos;2019M11;-6,27
Tasa de variación anual;Gasto total;Gasto no incluido en paquete turístico;Otros gastos;2019M10;-3,91
Tasa de variación anual;Gasto total;Gasto no incluido en paquete turístico;Otros gastos;2019M09;-2,28
Tasa de variación anual;Gasto total;Gasto no incluido en paquete turístico;Otros gastos;2019M08;-4,81
Tasa de variación anual;Gasto total;Gasto no incluido en paquete turístico;Otros gastos;2019M07;-3,27
Tasa de variación anual;Gasto total;Gasto no incluido en paquete turístico;Otros gastos;2019M06;-2,62
Tasa de variación anual;Gasto total;Gasto no incluido en paquete turístico;Otros gastos;2019M05;-10,04
Tasa de variación anual;Gasto total;Gasto no incluido en paquete turístico;Otros gastos;2019M04;1,31
Tasa de variación anual;Gasto total;Gasto no incluido en paquete turístico;Otros gastos;2019M03;-6,05
Tasa de variación anual;Gasto total;Gasto no incluido en paquete turístico;Otros gastos;2019M02;-1,65
Tasa de variación anual;Gasto total;Gasto no incluido en paquete turístico;Otros gastos;2019M01;-7,45
Tasa de variación anual;Gasto total;Gasto no incluido en paquete turístico;Otros gastos;2018M12;0,44
Tasa de variación anual;Gasto total;Gasto no incluido en paquete turístico;Otros gastos;2018M11;-0,15
Tasa de variación anual;Gasto total;Gasto no incluido en paquete turístico;Otros gastos;2018M10;-2,68
Tasa de variación anual;Gasto total;Gasto no incluido en paquete turístico;Otros gastos;2018M09;-5,08
Tasa de variación anual;Gasto total;Gasto no incluido en paquete turístico;Otros gastos;2018M08;-6,15
Tasa de variación anual;Gasto total;Gasto no incluido en paquete turístico;Otros gastos;2018M07;-11,29
Tasa de variación anual;Gasto total;Gasto no incluido en paquete turístico;Otros gastos;2018M06;-2,79
Tasa de variación anual;Gasto total;Gasto no incluido en paquete turístico;Otros gastos;2018M05;-2,79
Tasa de variación anual;Gasto total;Gasto no incluido en paquete turístico;Otros gastos;2018M04;-7,86
Tasa de variación anual;Gasto total;Gasto no incluido en paquete turístico;Otros gastos;2018M03;6,76
Tasa de variación anual;Gasto total;Gasto no incluido en paquete turístico;Otros gastos;2018M02;1,20
Tasa de variación anual;Gasto total;Gasto no incluido en paquete turístico;Otros gastos;2018M01;8,03
Tasa de variación anual;Gasto total;Gasto no incluido en paquete turístico;Otros gastos;2017M12;-4,02
Tasa de variación anual;Gasto total;Gasto no incluido en paquete turístico;Otros gastos;2017M11;7,21
Tasa de variación anual;Gasto total;Gasto no incluido en paquete turístico;Otros gastos;2017M10;5,95
Tasa de variación anual;Gasto total;Gasto no incluido en paquete turístico;Otros gastos;2017M09;5,43
Tasa de variación anual;Gasto total;Gasto no incluido en paquete turístico;Otros gastos;2017M08;3,10
Tasa de variación anual;Gasto total;Gasto no incluido en paquete turístico;Otros gastos;2017M07;20,50
Tasa de variación anual;Gasto total;Gasto no incluido en paquete turístico;Otros gastos;2017M06;6,51
Tasa de variación anual;Gasto total;Gasto no incluido en paquete turístico;Otros gastos;2017M05;6,29
Tasa de variación anual;Gasto total;Gasto no incluido en paquete turístico;Otros gastos;2017M04;13,46
Tasa de variación anual;Gasto total;Gasto no incluido en paquete turístico;Otros gastos;2017M03;12,84
Tasa de variación anual;Gasto total;Gasto no incluido en paquete turístico;Otros gastos;2017M02;22,94
Tasa de variación anual;Gasto total;Gasto no incluido en paquete turístico;Otros gastos;2017M01;8,56
Tasa de variación anual;Gasto total;Gasto no incluido en paquete turístico;Otros gastos;2016M12;15,17
Tasa de variación anual;Gasto total;Gasto no incluido en paquete turístico;Otros gastos;2016M11;13,72
Tasa de variación anual;Gasto total;Gasto no incluido en paquete turístico;Otros gastos;2016M10;14,09
Tasa de variación anual;Gasto total;Gasto no incluido en paquete turístico;Otros gastos;2016M09;11,47
Tasa de variación anual;Gasto total;Gasto no incluido en paquete turístico;Otros gastos;2016M08;21,98
Tasa de variación anual;Gasto total;Gasto no incluido en paquete turístico;Otros gastos;2016M07;19,32
Tasa de variación anual;Gasto total;Gasto no incluido en paquete turístico;Otros gastos;2016M06;28,20
Tasa de variación anual;Gasto total;Gasto no incluido en paquete turístico;Otros gastos;2016M05;27,58
Tasa de variación anual;Gasto total;Gasto no incluido en paquete turístico;Otros gastos;2016M04;20,32
Tasa de variación anual;Gasto total;Gasto no incluido en paquete turístico;Otros gastos;2016M03;25,23
Tasa de variación anual;Gasto total;Gasto no incluido en paquete turístico;Otros gastos;2016M02;10,32
Tasa de variación anual;Gasto total;Gasto no incluido en paquete turístico;Otros gastos;2016M01;5,83
Tasa de variación anual;Gasto total;Gasto no incluido en paquete turístico;Otros gastos;2015M12;6,50
Tasa de variación anual;Gasto total;Gasto no incluido en paquete turístico;Otros gastos;2015M11;3,32
Tasa de variación anual;Gasto total;Gasto no incluido en paquete turístico;Otros gastos;2015M10;-3,25
Acumulado en lo que va de año;Gasto total;;;2026M07;82.054
Acumulado en lo que va de año;Gasto total;;;2026M06;63.836
Acumulado en lo que va de año;Gasto total;;;2026M05;50.257
Acumulado en lo que va de año;Gasto total;;;2026M04;36.703
Acumulado en lo que va de año;Gasto total;;;2026M03;25.017
Acumulado en lo que va de año;Gasto total;;;2026M02;15.411
Acumulado en lo que va de año;Gasto total;;;2026M01;7.805
Acumulado en lo que va de año;Gasto total;;;2025M12;134.743
Acumulado en lo que va de año;Gasto total;;;2025M11;126.750
Acumulado en lo que va de año;Gasto total;;;2025M10;118.662
Acumulado en lo que va de año;Gasto total;;;2025M09;105.859
Acumulado en lo que va de año;Gasto total;;;2025M08;92.454
Acumulado en lo que va de año;Gasto total;;;2025M07;76.113
Acumulado en lo que va de año;Gasto total;;;2025M06;59.680
Acumulado en lo que va de año;Gasto total;;;2025M05;46.630
Acumulado en lo que va de año;Gasto total;;;2025M04;34.403
Acumulado en lo que va de año;Gasto total;;;2025M03;23.528
Acumulado en lo que va de año;Gasto total;;;2025M02;14.416
Acumulado en lo que va de año;Gasto total;;;2025M01;7.143
Acumulado en lo que va de año;Gasto total;;;2024M12;126.143
Acumulado en lo que va de año;Gasto total;;;2024M11;118.553
Acumulado en lo que va de año;Gasto total;;;2024M10;110.845
Acumulado en lo que va de año;Gasto total;;;2024M09;98.947
Acumulado en lo que va de año;Gasto total;;;2024M08;86.333
Acumulado en lo que va de año;Gasto total;;;2024M07;70.969
Acumulado en lo que va de año;Gasto total;;;2024M06;55.456
Acumulado en lo que va de año;Gasto total;;;2024M05;43.099
Acumulado en lo que va de año;Gasto total;;;2024M04;31.412
Acumulado en lo que va de año;Gasto total;;;2024M03;21.924
Acumulado en lo que va de año;Gasto total;;;2024M02;13.293
Acumulado en lo que va de año;Gasto total;;;2024M01;6.546
Acumulado en lo que va de año;Gasto total;;;2023M12;108.789
Acumulado en lo que va de año;Gasto total;;;2023M11;101.699
Acumulado en lo que va de año;Gasto total;;;2023M10;95.054
Acumulado en lo que va de año;Gasto total;;;2023M09;84.752
Acumulado en lo que va de año;Gasto total;;;2023M08;73.559
Acumulado en lo que va de año;Gasto total;;;2023M07;59.959
Acumulado en lo que va de año;Gasto total;;;2023M06;46.079
Acumulado en lo que va de año;Gasto total;;;2023M05;35.471
Acumulado en lo que va de año;Gasto total;;;2023M04;25.704
Acumulado en lo que va de año;Gasto total;;;2023M03;17.249
Acumulado en lo que va de año;Gasto total;;;2023M02;10.581
Acumulado en lo que va de año;Gasto total;;;2023M01;5.217
Acumulado en lo que va de año;Gasto total;;;2022M12;87.138
Acumulado en lo que va de año;Gasto total;;;2022M11;81.899
Acumulado en lo que va de año;Gasto total;;;2022M10;76.517
Acumulado en lo que va de año;Gasto total;;;2022M09;68.206
Acumulado en lo que va de año;Gasto total;;;2022M08;59.059
Acumulado en lo que va de año;Gasto total;;;2022M07;47.777
Acumulado en lo que va de año;Gasto total;;;2022M06;35.875
Acumulado en lo que va de año;Gasto total;;;2022M05;26.849
Acumulado en lo que va de año;Gasto total;;;2022M04;18.802
Acumulado en lo que va de año;Gasto total;;;2022M03;11.892
Acumulado en lo que va de año;Gasto total;;;2022M02;6.814
Acumulado en lo que va de año;Gasto total;;;2022M01;3.040
Acumulado en lo que va de año;Gasto total;;;2021M12;34.903
Acumulado en lo que va de año;Gasto total;;;2021M11;31.367
Acumulado en lo que va de año;Gasto total;;;2021M10;27.605
Acumulado en lo que va de año;Gasto total;;;2021M09;21.999
Acumulado en lo que va de año;Gasto total;;;2021M08;16.948
Acumulado en lo que va de año;Gasto total;;;2021M07;11.040
Acumulado en lo que va de año;Gasto total;;;2021M06;5.811
Acumulado en lo que va de año;Gasto total;;;2021M05;3.389
Acumulado en lo que va de año;Gasto total;;;2021M04;1.994
Acumulado en lo que va de año;Gasto total;;;2021M03;1.325
Acumulado en lo que va de año;Gasto total;;;2021M02;781
Acumulado en lo que va de año;Gasto total;;;2021M01;457
Acumulado en lo que va de año;Gasto total;;;2020M12;19.787
Acumulado en lo que va de año;Gasto total;;;2020M11;19.090
Acumulado en lo que va de año;Gasto total;;;2020M10;18.608
Acumulado en lo que va de año;Gasto total;;;2020M09;17.744
Acumulado en lo que va de año;Gasto total;;;2020M08;16.779
Acumulado en lo que va de año;Gasto total;;;2020M07;14.322
Acumulado en lo que va de año;Gasto total;;;2020M06;11.864
Acumulado en lo que va de año;Gasto total;;;2020M05;11.730
Acumulado en lo que va de año;Gasto total;;;2020M04;11.730
Acumulado en lo que va de año;Gasto total;;;2020M03;11.730
Acumulado en lo que va de año;Gasto total;;;2020M02;9.557
Acumulado en lo que va de año;Gasto total;;;2020M01;4.767
Acumulado en lo que va de año;Gasto total;;;2019M12;91.912
Acumulado en lo que va de año;Gasto total;;;2019M11;86.901
Acumulado en lo que va de año;Gasto total;;;2019M10;81.839
Acumulado en lo que va de año;Gasto total;;;2019M09;73.516
Acumulado en lo que va de año;Gasto total;;;2019M08;63.899
Acumulado en lo que va de año;Gasto total;;;2019M07;52.194
Acumulado en lo que va de año;Gasto total;;;2019M06;40.252
Acumulado en lo que va de año;Gasto total;;;2019M05;30.566
Acumulado en lo que va de año;Gasto total;;;2019M04;22.429
Acumulado en lo que va de año;Gasto total;;;2019M03;15.372
Acumulado en lo que va de año;Gasto total;;;2019M02;9.337
Acumulado en lo que va de año;Gasto total;;;2019M01;4.679
Acumulado en lo que va de año;Gasto total;;;2018M12;89.751
Acumulado en lo que va de año;Gasto total;;;2018M11;84.741
Acumulado en lo que va de año;Gasto total;;;2018M10;79.853
Acumulado en lo que va de año;Gasto total;;;2018M09;71.688
Acumulado en lo que va de año;Gasto total;;;2018M08;62.142
Acumulado en lo que va de año;Gasto total;;;2018M07;50.683
Acumulado en lo que va de año;Gasto total;;;2018M06;38.935
Acumulado en lo que va de año;Gasto total;;;2018M05;29.564
Acumulado en lo que va de año;Gasto total;;;2018M04;21.409
Acumulado en lo que va de año;Gasto total;;;2018M03;14.787
Acumulado en lo que va de año;Gasto total;;;2018M02;9.060
Acumulado en lo que va de año;Gasto total;;;2018M01;4.524
Acumulado en lo que va de año;Gasto total;;;2017M12;87.004
Acumulado en lo que va de año;Gasto total;;;2017M11;82.473
Acumulado en lo que va de año;Gasto total;;;2017M10;77.831
Acumulado en lo que va de año;Gasto total;;;2017M09;70.042
Acumulado en lo que va de año;Gasto total;;;2017M08;60.565
Acumulado en lo que va de año;Gasto total;;;2017M07;49.225
Acumulado en lo que va de año;Gasto total;;;2017M06;37.374
Acumulado en lo que va de año;Gasto total;;;2017M05;28.386
Acumulado en lo que va de año;Gasto total;;;2017M04;20.459
Acumulado en lo que va de año;Gasto total;;;2017M03;13.677
Acumulado en lo que va de año;Gasto total;;;2017M02;8.568
Acumulado en lo que va de año;Gasto total;;;2017M01;4.263
Acumulado en lo que va de año;Gasto total;;;2016M12;77.416
Acumulado en lo que va de año;Gasto total;;;2016M11;72.890
Acumulado en lo que va de año;Gasto total;;;2016M10;68.685
Acumulado en lo que va de año;Gasto total;;;2016M09;61.351
Acumulado en lo que va de año;Gasto total;;;2016M08;52.952
Acumulado en lo que va de año;Gasto total;;;2016M07;42.670
Acumulado en lo que va de año;Gasto total;;;2016M06;32.431
Acumulado en lo que va de año;Gasto total;;;2016M05;24.614
Acumulado en lo que va de año;Gasto total;;;2016M04;17.696
Acumulado en lo que va de año;Gasto total;;;2016M03;12.068
Acumulado en lo que va de año;Gasto total;;;2016M02;7.444
Acumulado en lo que va de año;Gasto total;;;2016M01;3.737
Acumulado en lo que va de año;Gasto total;;;2015M12;""
Acumulado en lo que va de año;Gasto total;;;2015M11;""
Acumulado en lo que va de año;Gasto total;;;2015M10;""
Acumulado en lo que va de año;Gasto total;Gasto en paquete turístico;;2026M07;13.521
Acumulado en lo que va de año;Gasto total;Gasto en paquete turístico;;2026M06;10.005
Acumulado en lo que va de año;Gasto total;Gasto en paquete turístico;;2026M05;7.518
Acumulado en lo que va de año;Gasto total;Gasto en paquete turístico;;2026M04;5.183
Acumulado en lo que va de año;Gasto total;Gasto en paquete turístico;;2026M03;3.478
Acumulado en lo que va de año;Gasto total;Gasto en paquete turístico;;2026M02;2.141
Acumulado en lo que va de año;Gasto total;Gasto en paquete turístico;;2026M01;1.042
Acumulado en lo que va de año;Gasto total;Gasto en paquete turístico;;2025M12;22.187
Acumulado en lo que va de año;Gasto total;Gasto en paquete turístico;;2025M11;21.180
Acumulado en lo que va de año;Gasto total;Gasto en paquete turístico;;2025M10;19.983
Acumulado en lo que va de año;Gasto total;Gasto en paquete turístico;;2025M09;17.680
Acumulado en lo que va de año;Gasto total;Gasto en paquete turístico;;2025M08;15.257
Acumulado en lo que va de año;Gasto total;Gasto en paquete turístico;;2025M07;12.261
Acumulado en lo que va de año;Gasto total;Gasto en paquete turístico;;2025M06;9.307
Acumulado en lo que va de año;Gasto total;Gasto en paquete turístico;;2025M05;7.045
Acumulado en lo que va de año;Gasto total;Gasto en paquete turístico;;2025M04;5.015
Acumulado en lo que va de año;Gasto total;Gasto en paquete turístico;;2025M03;3.422
Acumulado en lo que va de año;Gasto total;Gasto en paquete turístico;;2025M02;2.082
Acumulado en lo que va de año;Gasto total;Gasto en paquete turístico;;2025M01;994
Acumulado en lo que va de año;Gasto total;Gasto en paquete turístico;;2024M12;21.081
Acumulado en lo que va de año;Gasto total;Gasto en paquete turístico;;2024M11;20.107
Acumulado en lo que va de año;Gasto total;Gasto en paquete turístico;;2024M10;19.046
Acumulado en lo que va de año;Gasto total;Gasto en paquete turístico;;2024M09;16.857
Acumulado en lo que va de año;Gasto total;Gasto en paquete turístico;;2024M08;14.438
Acumulado en lo que va de año;Gasto total;Gasto en paquete turístico;;2024M07;11.586
Acumulado en lo que va de año;Gasto total;Gasto en paquete turístico;;2024M06;8.775
Acumulado en lo que va de año;Gasto total;Gasto en paquete turístico;;2024M05;6.647
Acumulado en lo que va de año;Gasto total;Gasto en paquete turístico;;2024M04;4.716
Acumulado en lo que va de año;Gasto total;Gasto en paquete turístico;;2024M03;3.342
Acumulado en lo que va de año;Gasto total;Gasto en paquete turístico;;2024M02;1.936
Acumulado en lo que va de año;Gasto total;Gasto en paquete turístico;;2024M01;919
Acumulado en lo que va de año;Gasto total;Gasto en paquete turístico;;2023M12;18.386
Acumulado en lo que va de año;Gasto total;Gasto en paquete turístico;;2023M11;17.354
Acumulado en lo que va de año;Gasto total;Gasto en paquete turístico;;2023M10;16.346
Acumulado en lo que va de año;Gasto total;Gasto en paquete turístico;;2023M09;14.485
Acumulado en lo que va de año;Gasto total;Gasto en paquete turístico;;2023M08;12.255
Acumulado en lo que va de año;Gasto total;Gasto en paquete turístico;;2023M07;9.794
Acumulado en lo que va de año;Gasto total;Gasto en paquete turístico;;2023M06;7.421
Acumulado en lo que va de año;Gasto total;Gasto en paquete turístico;;2023M05;5.524
Acumulado en lo que va de año;Gasto total;Gasto en paquete turístico;;2023M04;3.852
Acumulado en lo que va de año;Gasto total;Gasto en paquete turístico;;2023M03;2.579
Acumulado en lo que va de año;Gasto total;Gasto en paquete turístico;;2023M02;1.538
Acumulado en lo que va de año;Gasto total;Gasto en paquete turístico;;2023M01;747
Acumulado en lo que va de año;Gasto total;Gasto en paquete turístico;;2022M12;14.918
Acumulado en lo que va de año;Gasto total;Gasto en paquete turístico;;2022M11;14.150
Acumulado en lo que va de año;Gasto total;Gasto en paquete turístico;;2022M10;13.333
Acumulado en lo que va de año;Gasto total;Gasto en paquete turístico;;2022M09;11.868
Acumulado en lo que va de año;Gasto total;Gasto en paquete turístico;;2022M08;10.021
Acumulado en lo que va de año;Gasto total;Gasto en paquete turístico;;2022M07;7.722
Acumulado en lo que va de año;Gasto total;Gasto en paquete turístico;;2022M06;5.653
Acumulado en lo que va de año;Gasto total;Gasto en paquete turístico;;2022M05;4.149
Acumulado en lo que va de año;Gasto total;Gasto en paquete turístico;;2022M04;2.724
Acumulado en lo que va de año;Gasto total;Gasto en paquete turístico;;2022M03;1.751
Acumulado en lo que va de año;Gasto total;Gasto en paquete turístico;;2022M02;971
Acumulado en lo que va de año;Gasto total;Gasto en paquete turístico;;2022M01;423
Acumulado en lo que va de año;Gasto total;Gasto en paquete turístico;;2021M12;5.162
Acumulado en lo que va de año;Gasto total;Gasto en paquete turístico;;2021M11;4.583
Acumulado en lo que va de año;Gasto total;Gasto en paquete turístico;;2021M10;3.977
Acumulado en lo que va de año;Gasto total;Gasto en paquete turístico;;2021M09;3.024
Acumulado en lo que va de año;Gasto total;Gasto en paquete turístico;;2021M08;2.201
Acumulado en lo que va de año;Gasto total;Gasto en paquete turístico;;2021M07;1.322
Acumulado en lo que va de año;Gasto total;Gasto en paquete turístico;;2021M06;598
Acumulado en lo que va de año;Gasto total;Gasto en paquete turístico;;2021M05;306
Acumulado en lo que va de año;Gasto total;Gasto en paquete turístico;;2021M04;182
Acumulado en lo que va de año;Gasto total;Gasto en paquete turístico;;2021M03;122
Acumulado en lo que va de año;Gasto total;Gasto en paquete turístico;;2021M02;80
Acumulado en lo que va de año;Gasto total;Gasto en paquete turístico;;2021M01;50
Acumulado en lo que va de año;Gasto total;Gasto en paquete turístico;;2020M12;3.196
Acumulado en lo que va de año;Gasto total;Gasto en paquete turístico;;2020M11;3.101
Acumulado en lo que va de año;Gasto total;Gasto en paquete turístico;;2020M10;3.026
Acumulado en lo que va de año;Gasto total;Gasto en paquete turístico;;2020M09;2.952
Acumulado en lo que va de año;Gasto total;Gasto en paquete turístico;;2020M08;2.867
Acumulado en lo que va de año;Gasto total;Gasto en paquete turístico;;2020M07;2.489
Acumulado en lo que va de año;Gasto total;Gasto en paquete turístico;;2020M06;2.158
Acumulado en lo que va de año;Gasto total;Gasto en paquete turístico;;2020M05;2.147
Acumulado en lo que va de año;Gasto total;Gasto en paquete turístico;;2020M04;2.147
Acumulado en lo que va de año;Gasto total;Gasto en paquete turístico;;2020M03;2.147
Acumulado en lo que va de año;Gasto total;Gasto en paquete turístico;;2020M02;1.772
Acumulado en lo que va de año;Gasto total;Gasto en paquete turístico;;2020M01;883
Acumulado en lo que va de año;Gasto total;Gasto en paquete turístico;;2019M12;18.509
Acumulado en lo que va de año;Gasto total;Gasto en paquete turístico;;2019M11;17.630
Acumulado en lo que va de año;Gasto total;Gasto en paquete turístico;;2019M10;16.619
Acumulado en lo que va de año;Gasto total;Gasto en paquete turístico;;2019M09;14.798
Acumulado en lo que va de año;Gasto total;Gasto en paquete turístico;;2019M08;12.831
Acumulado en lo que va de año;Gasto total;Gasto en paquete turístico;;2019M07;10.462
Acumulado en lo que va de año;Gasto total;Gasto en paquete turístico;;2019M06;7.826
Acumulado en lo que va de año;Gasto total;Gasto en paquete turístico;;2019M05;5.674
Acumulado en lo que va de año;Gasto total;Gasto en paquete turístico;;2019M04;3.907
Acumulado en lo que va de año;Gasto total;Gasto en paquete turístico;;2019M03;2.627
Acumulado en lo que va de año;Gasto total;Gasto en paquete turístico;;2019M02;1.602
Acumulado en lo que va de año;Gasto total;Gasto en paquete turístico;;2019M01;784
Acumulado en lo que va de año;Gasto total;Gasto en paquete turístico;;2018M12;18.889
Acumulado en lo que va de año;Gasto total;Gasto en paquete turístico;;2018M11;18.109
Acumulado en lo que va de año;Gasto total;Gasto en paquete turístico;;2018M10;17.185
Acumulado en lo que va de año;Gasto total;Gasto en paquete turístico;;2018M09;15.287
Acumulado en lo que va de año;Gasto total;Gasto en paquete turístico;;2018M08;13.162
Acumulado en lo que va de año;Gasto total;Gasto en paquete turístico;;2018M07;10.640
Acumulado en lo que va de año;Gasto total;Gasto en paquete turístico;;2018M06;8.142
Acumulado en lo que va de año;Gasto total;Gasto en paquete turístico;;2018M05;5.992
Acumulado en lo que va de año;Gasto total;Gasto en paquete turístico;;2018M04;4.160
Acumulado en lo que va de año;Gasto total;Gasto en paquete turístico;;2018M03;2.862
Acumulado en lo que va de año;Gasto total;Gasto en paquete turístico;;2018M02;1.732
Acumulado en lo que va de año;Gasto total;Gasto en paquete turístico;;2018M01;853
Acumulado en lo que va de año;Gasto total;Gasto en paquete turístico;;2017M12;18.136
Acumulado en lo que va de año;Gasto total;Gasto en paquete turístico;;2017M11;17.291
Acumulado en lo que va de año;Gasto total;Gasto en paquete turístico;;2017M10;16.361
Acumulado en lo que va de año;Gasto total;Gasto en paquete turístico;;2017M09;14.650
Acumulado en lo que va de año;Gasto total;Gasto en paquete turístico;;2017M08;12.591
Acumulado en lo que va de año;Gasto total;Gasto en paquete turístico;;2017M07;10.160
Acumulado en lo que va de año;Gasto total;Gasto en paquete turístico;;2017M06;7.709
Acumulado en lo que va de año;Gasto total;Gasto en paquete turístico;;2017M05;5.635
Acumulado en lo que va de año;Gasto total;Gasto en paquete turístico;;2017M04;3.987
Acumulado en lo que va de año;Gasto total;Gasto en paquete turístico;;2017M03;2.632
Acumulado en lo que va de año;Gasto total;Gasto en paquete turístico;;2017M02;1.598
Acumulado en lo que va de año;Gasto total;Gasto en paquete turístico;;2017M01;790
Acumulado en lo que va de año;Gasto total;Gasto en paquete turístico;;2016M12;16.971
Acumulado en lo que va de año;Gasto total;Gasto en paquete turístico;;2016M11;16.186
Acumulado en lo que va de año;Gasto total;Gasto en paquete turístico;;2016M10;15.401
Acumulado en lo que va de año;Gasto total;Gasto en paquete turístico;;2016M09;13.760
Acumulado en lo que va de año;Gasto total;Gasto en paquete turístico;;2016M08;11.930
Acumulado en lo que va de año;Gasto total;Gasto en paquete turístico;;2016M07;9.590
Acumulado en lo que va de año;Gasto total;Gasto en paquete turístico;;2016M06;7.049
Acumulado en lo que va de año;Gasto total;Gasto en paquete turístico;;2016M05;5.234
Acumulado en lo que va de año;Gasto total;Gasto en paquete turístico;;2016M04;3.614
Acumulado en lo que va de año;Gasto total;Gasto en paquete turístico;;2016M03;2.479
Acumulado en lo que va de año;Gasto total;Gasto en paquete turístico;;2016M02;1.486
Acumulado en lo que va de año;Gasto total;Gasto en paquete turístico;;2016M01;745
Acumulado en lo que va de año;Gasto total;Gasto en paquete turístico;;2015M12;""
Acumulado en lo que va de año;Gasto total;Gasto en paquete turístico;;2015M11;""
Acumulado en lo que va de año;Gasto total;Gasto en paquete turístico;;2015M10;""
Acumulado en lo que va de año;Gasto total;Gasto no incluido en paquete turístico;;2026M07;68.532
Acumulado en lo que va de año;Gasto total;Gasto no incluido en paquete turístico;;2026M06;53.830
Acumulado en lo que va de año;Gasto total;Gasto no incluido en paquete turístico;;2026M05;42.738
Acumulado en lo que va de año;Gasto total;Gasto no incluido en paquete turístico;;2026M04;31.520
Acumulado en lo que va de año;Gasto total;Gasto no incluido en paquete turístico;;2026M03;21.540
Acumulado en lo que va de año;Gasto total;Gasto no incluido en paquete turístico;;2026M02;13.270
Acumulado en lo que va de año;Gasto total;Gasto no incluido en paquete turístico;;2026M01;6.763
Acumulado en lo que va de año;Gasto total;Gasto no incluido en paquete turístico;;2025M12;112.557
Acumulado en lo que va de año;Gasto total;Gasto no incluido en paquete turístico;;2025M11;105.570
Acumulado en lo que va de año;Gasto total;Gasto no incluido en paquete turístico;;2025M10;98.680
Acumulado en lo que va de año;Gasto total;Gasto no incluido en paquete turístico;;2025M09;88.179
Acumulado en lo que va de año;Gasto total;Gasto no incluido en paquete turístico;;2025M08;77.198
Acumulado en lo que va de año;Gasto total;Gasto no incluido en paquete turístico;;2025M07;63.852
Acumulado en lo que va de año;Gasto total;Gasto no incluido en paquete turístico;;2025M06;50.374
Acumulado en lo que va de año;Gasto total;Gasto no incluido en paquete turístico;;2025M05;39.585
Acumulado en lo que va de año;Gasto total;Gasto no incluido en paquete turístico;;2025M04;29.388
Acumulado en lo que va de año;Gasto total;Gasto no incluido en paquete turístico;;2025M03;20.106
Acumulado en lo que va de año;Gasto total;Gasto no incluido en paquete turístico;;2025M02;12.334
Acumulado en lo que va de año;Gasto total;Gasto no incluido en paquete turístico;;2025M01;6.149
Acumulado en lo que va de año;Gasto total;Gasto no incluido en paquete turístico;;2024M12;105.062
Acumulado en lo que va de año;Gasto total;Gasto no incluido en paquete turístico;;2024M11;98.446
Acumulado en lo que va de año;Gasto total;Gasto no incluido en paquete turístico;;2024M10;91.800
Acumulado en lo que va de año;Gasto total;Gasto no incluido en paquete turístico;;2024M09;82.089
Acumulado en lo que va de año;Gasto total;Gasto no incluido en paquete turístico;;2024M08;71.895
Acumulado en lo que va de año;Gasto total;Gasto no incluido en paquete turístico;;2024M07;59.383
Acumulado en lo que va de año;Gasto total;Gasto no incluido en paquete turístico;;2024M06;46.681
Acumulado en lo que va de año;Gasto total;Gasto no incluido en paquete turístico;;2024M05;36.452
Acumulado en lo que va de año;Gasto total;Gasto no incluido en paquete turístico;;2024M04;26.696
Acumulado en lo que va de año;Gasto total;Gasto no incluido en paquete turístico;;2024M03;18.582
Acumulado en lo que va de año;Gasto total;Gasto no incluido en paquete turístico;;2024M02;11.356
Acumulado en lo que va de año;Gasto total;Gasto no incluido en paquete turístico;;2024M01;5.628
Acumulado en lo que va de año;Gasto total;Gasto no incluido en paquete turístico;;2023M12;90.403
Acumulado en lo que va de año;Gasto total;Gasto no incluido en paquete turístico;;2023M11;84.345
Acumulado en lo que va de año;Gasto total;Gasto no incluido en paquete turístico;;2023M10;78.709
Acumulado en lo que va de año;Gasto total;Gasto no incluido en paquete turístico;;2023M09;70.267
Acumulado en lo que va de año;Gasto total;Gasto no incluido en paquete turístico;;2023M08;61.303
Acumulado en lo que va de año;Gasto total;Gasto no incluido en paquete turístico;;2023M07;50.166
Acumulado en lo que va de año;Gasto total;Gasto no incluido en paquete turístico;;2023M06;38.658
Acumulado en lo que va de año;Gasto total;Gasto no incluido en paquete turístico;;2023M05;29.946
Acumulado en lo que va de año;Gasto total;Gasto no incluido en paquete turístico;;2023M04;21.851
Acumulado en lo que va de año;Gasto total;Gasto no incluido en paquete turístico;;2023M03;14.671
Acumulado en lo que va de año;Gasto total;Gasto no incluido en paquete turístico;;2023M02;9.043
Acumulado en lo que va de año;Gasto total;Gasto no incluido en paquete turístico;;2023M01;4.470
Acumulado en lo que va de año;Gasto total;Gasto no incluido en paquete turístico;;2022M12;72.220
Acumulado en lo que va de año;Gasto total;Gasto no incluido en paquete turístico;;2022M11;67.750
Acumulado en lo que va de año;Gasto total;Gasto no incluido en paquete turístico;;2022M10;63.184
Acumulado en lo que va de año;Gasto total;Gasto no incluido en paquete turístico;;2022M09;56.338
Acumulado en lo que va de año;Gasto total;Gasto no incluido en paquete turístico;;2022M08;49.038
Acumulado en lo que va de año;Gasto total;Gasto no incluido en paquete turístico;;2022M07;40.054
Acumulado en lo que va de año;Gasto total;Gasto no incluido en paquete turístico;;2022M06;30.222
Acumulado en lo que va de año;Gasto total;Gasto no incluido en paquete turístico;;2022M05;22.700
Acumulado en lo que va de año;Gasto total;Gasto no incluido en paquete turístico;;2022M04;16.079
Acumulado en lo que va de año;Gasto total;Gasto no incluido en paquete turístico;;2022M03;10.141
Acumulado en lo que va de año;Gasto total;Gasto no incluido en paquete turístico;;2022M02;5.844
Acumulado en lo que va de año;Gasto total;Gasto no incluido en paquete turístico;;2022M01;2.617
Acumulado en lo que va de año;Gasto total;Gasto no incluido en paquete turístico;;2021M12;29.741
Acumulado en lo que va de año;Gasto total;Gasto no incluido en paquete turístico;;2021M11;26.784
Acumulado en lo que va de año;Gasto total;Gasto no incluido en paquete turístico;;2021M10;23.628
Acumulado en lo que va de año;Gasto total;Gasto no incluido en paquete turístico;;2021M09;18.975
Acumulado en lo que va de año;Gasto total;Gasto no incluido en paquete turístico;;2021M08;14.747
Acumulado en lo que va de año;Gasto total;Gasto no incluido en paquete turístico;;2021M07;9.718
Acumulado en lo que va de año;Gasto total;Gasto no incluido en paquete turístico;;2021M06;5.213
Acumulado en lo que va de año;Gasto total;Gasto no incluido en paquete turístico;;2021M05;3.084
Acumulado en lo que va de año;Gasto total;Gasto no incluido en paquete turístico;;2021M04;1.811
Acumulado en lo que va de año;Gasto total;Gasto no incluido en paquete turístico;;2021M03;1.203
Acumulado en lo que va de año;Gasto total;Gasto no incluido en paquete turístico;;2021M02;701
Acumulado en lo que va de año;Gasto total;Gasto no incluido en paquete turístico;;2021M01;408
Acumulado en lo que va de año;Gasto total;Gasto no incluido en paquete turístico;;2020M12;16.591
Acumulado en lo que va de año;Gasto total;Gasto no incluido en paquete turístico;;2020M11;15.989
Acumulado en lo que va de año;Gasto total;Gasto no incluido en paquete turístico;;2020M10;15.582
Acumulado en lo que va de año;Gasto total;Gasto no incluido en paquete turístico;;2020M09;14.792
Acumulado en lo que va de año;Gasto total;Gasto no incluido en paquete turístico;;2020M08;13.912
Acumulado en lo que va de año;Gasto total;Gasto no incluido en paquete turístico;;2020M07;11.833
Acumulado en lo que va de año;Gasto total;Gasto no incluido en paquete turístico;;2020M06;9.707
Acumulado en lo que va de año;Gasto total;Gasto no incluido en paquete turístico;;2020M05;9.583
Acumulado en lo que va de año;Gasto total;Gasto no incluido en paquete turístico;;2020M04;9.583
Acumulado en lo que va de año;Gasto total;Gasto no incluido en paquete turístico;;2020M03;9.583
Acumulado en lo que va de año;Gasto total;Gasto no incluido en paquete turístico;;2020M02;7.785
Acumulado en lo que va de año;Gasto total;Gasto no incluido en paquete turístico;;2020M01;3.885
Acumulado en lo que va de año;Gasto total;Gasto no incluido en paquete turístico;;2019M12;73.403
Acumulado en lo que va de año;Gasto total;Gasto no incluido en paquete turístico;;2019M11;69.271
Acumulado en lo que va de año;Gasto total;Gasto no incluido en paquete turístico;;2019M10;65.220
Acumulado en lo que va de año;Gasto total;Gasto no incluido en paquete turístico;;2019M09;58.718
Acumulado en lo que va de año;Gasto total;Gasto no incluido en paquete turístico;;2019M08;51.068
Acumulado en lo que va de año;Gasto total;Gasto no incluido en paquete turístico;;2019M07;41.732
Acumulado en lo que va de año;Gasto total;Gasto no incluido en paquete turístico;;2019M06;32.427
Acumulado en lo que va de año;Gasto total;Gasto no incluido en paquete turístico;;2019M05;24.892
Acumulado en lo que va de año;Gasto total;Gasto no incluido en paquete turístico;;2019M04;18.522
Acumulado en lo que va de año;Gasto total;Gasto no incluido en paquete turístico;;2019M03;12.745
Acumulado en lo que va de año;Gasto total;Gasto no incluido en paquete turístico;;2019M02;7.735
Acumulado en lo que va de año;Gasto total;Gasto no incluido en paquete turístico;;2019M01;3.895
Acumulado en lo que va de año;Gasto total;Gasto no incluido en paquete turístico;;2018M12;70.861
Acumulado en lo que va de año;Gasto total;Gasto no incluido en paquete turístico;;2018M11;66.633
Acumulado en lo que va de año;Gasto total;Gasto no incluido en paquete turístico;;2018M10;62.667
Acumulado en lo que va de año;Gasto total;Gasto no incluido en paquete turístico;;2018M09;56.401
Acumulado en lo que va de año;Gasto total;Gasto no incluido en paquete turístico;;2018M08;48.981
Acumulado en lo que va de año;Gasto total;Gasto no incluido en paquete turístico;;2018M07;40.043
Acumulado en lo que va de año;Gasto total;Gasto no incluido en paquete turístico;;2018M06;30.793
Acumulado en lo que va de año;Gasto total;Gasto no incluido en paquete turístico;;2018M05;23.572
Acumulado en lo que va de año;Gasto total;Gasto no incluido en paquete turístico;;2018M04;17.249
Acumulado en lo que va de año;Gasto total;Gasto no incluido en paquete turístico;;2018M03;11.925
Acumulado en lo que va de año;Gasto total;Gasto no incluido en paquete turístico;;2018M02;7.329
Acumulado en lo que va de año;Gasto total;Gasto no incluido en paquete turístico;;2018M01;3.671
Acumulado en lo que va de año;Gasto total;Gasto no incluido en paquete turístico;;2017M12;68.868
Acumulado en lo que va de año;Gasto total;Gasto no incluido en paquete turístico;;2017M11;65.182
Acumulado en lo que va de año;Gasto total;Gasto no incluido en paquete turístico;;2017M10;61.470
Acumulado en lo que va de año;Gasto total;Gasto no incluido en paquete turístico;;2017M09;55.392
Acumulado en lo que va de año;Gasto total;Gasto no incluido en paquete turístico;;2017M08;47.974
Acumulado en lo que va de año;Gasto total;Gasto no incluido en paquete turístico;;2017M07;39.065
Acumulado en lo que va de año;Gasto total;Gasto no incluido en paquete turístico;;2017M06;29.665
Acumulado en lo que va de año;Gasto total;Gasto no incluido en paquete turístico;;2017M05;22.751
Acumulado en lo que va de año;Gasto total;Gasto no incluido en paquete turístico;;2017M04;16.472
Acumulado en lo que va de año;Gasto total;Gasto no incluido en paquete turístico;;2017M03;11.045
Acumulado en lo que va de año;Gasto total;Gasto no incluido en paquete turístico;;2017M02;6.970
Acumulado en lo que va de año;Gasto total;Gasto no incluido en paquete turístico;;2017M01;3.473
Acumulado en lo que va de año;Gasto total;Gasto no incluido en paquete turístico;;2016M12;60.444
Acumulado en lo que va de año;Gasto total;Gasto no incluido en paquete turístico;;2016M11;56.704
Acumulado en lo que va de año;Gasto total;Gasto no incluido en paquete turístico;;2016M10;53.284
Acumulado en lo que va de año;Gasto total;Gasto no incluido en paquete turístico;;2016M09;47.591
Acumulado en lo que va de año;Gasto total;Gasto no incluido en paquete turístico;;2016M08;41.021
Acumulado en lo que va de año;Gasto total;Gasto no incluido en paquete turístico;;2016M07;33.080
Acumulado en lo que va de año;Gasto total;Gasto no incluido en paquete turístico;;2016M06;25.382
Acumulado en lo que va de año;Gasto total;Gasto no incluido en paquete turístico;;2016M05;19.380
Acumulado en lo que va de año;Gasto total;Gasto no incluido en paquete turístico;;2016M04;14.082
Acumulado en lo que va de año;Gasto total;Gasto no incluido en paquete turístico;;2016M03;9.589
Acumulado en lo que va de año;Gasto total;Gasto no incluido en paquete turístico;;2016M02;5.957
Acumulado en lo que va de año;Gasto total;Gasto no incluido en paquete turístico;;2016M01;2.992
Acumulado en lo que va de año;Gasto total;Gasto no incluido en paquete turístico;;2015M12;""
Acumulado en lo que va de año;Gasto total;Gasto no incluido en paquete turístico;;2015M11;""
Acumulado en lo que va de año;Gasto total;Gasto no incluido en paquete turístico;;2015M10;""
Acumulado en lo que va de año;Gasto total;Gasto no incluido en paquete turístico;Gasto en transporte internacional;2026M07;17.254
Acumulado en lo que va de año;Gasto total;Gasto no incluido en paquete turístico;Gasto en transporte internacional;2026M06;13.764
Acumulado en lo que va de año;Gasto total;Gasto no incluido en paquete turístico;Gasto en transporte internacional;2026M05;10.985
Acumulado en lo que va de año;Gasto total;Gasto no incluido en paquete turístico;Gasto en transporte internacional;2026M04;8.167
Acumulado en lo que va de año;Gasto total;Gasto no incluido en paquete turístico;Gasto en transporte internacional;2026M03;5.729
Acumulado en lo que va de año;Gasto total;Gasto no incluido en paquete turístico;Gasto en transporte internacional;2026M02;3.552
Acumulado en lo que va de año;Gasto total;Gasto no incluido en paquete turístico;Gasto en transporte internacional;2026M01;1.769
Acumulado en lo que va de año;Gasto total;Gasto no incluido en paquete turístico;Gasto en transporte internacional;2025M12;27.472
Acumulado en lo que va de año;Gasto total;Gasto no incluido en paquete turístico;Gasto en transporte internacional;2025M11;25.874
Acumulado en lo que va de año;Gasto total;Gasto no incluido en paquete turístico;Gasto en transporte internacional;2025M10;24.061
Acumulado en lo que va de año;Gasto total;Gasto no incluido en paquete turístico;Gasto en transporte internacional;2025M09;21.427
Acumulado en lo que va de año;Gasto total;Gasto no incluido en paquete turístico;Gasto en transporte internacional;2025M08;18.744
Acumulado en lo que va de año;Gasto total;Gasto no incluido en paquete turístico;Gasto en transporte internacional;2025M07;15.786
Acumulado en lo que va de año;Gasto total;Gasto no incluido en paquete turístico;Gasto en transporte internacional;2025M06;12.693
Acumulado en lo que va de año;Gasto total;Gasto no incluido en paquete turístico;Gasto en transporte internacional;2025M05;10.100
Acumulado en lo que va de año;Gasto total;Gasto no incluido en paquete turístico;Gasto en transporte internacional;2025M04;7.527
Acumulado en lo que va de año;Gasto total;Gasto no incluido en paquete turístico;Gasto en transporte internacional;2025M03;5.217
Acumulado en lo que va de año;Gasto total;Gasto no incluido en paquete turístico;Gasto en transporte internacional;2025M02;3.211
Acumulado en lo que va de año;Gasto total;Gasto no incluido en paquete turístico;Gasto en transporte internacional;2025M01;1.605
Acumulado en lo que va de año;Gasto total;Gasto no incluido en paquete turístico;Gasto en transporte internacional;2024M12;25.625
Acumulado en lo que va de año;Gasto total;Gasto no incluido en paquete turístico;Gasto en transporte internacional;2024M11;24.087
Acumulado en lo que va de año;Gasto total;Gasto no incluido en paquete turístico;Gasto en transporte internacional;2024M10;22.344
Acumulado en lo que va de año;Gasto total;Gasto no incluido en paquete turístico;Gasto en transporte internacional;2024M09;19.868
Acumulado en lo que va de año;Gasto total;Gasto no incluido en paquete turístico;Gasto en transporte internacional;2024M08;17.401
Acumulado en lo que va de año;Gasto total;Gasto no incluido en paquete turístico;Gasto en transporte internacional;2024M07;14.741
Acumulado en lo que va de año;Gasto total;Gasto no incluido en paquete turístico;Gasto en transporte internacional;2024M06;11.861
Acumulado en lo que va de año;Gasto total;Gasto no incluido en paquete turístico;Gasto en transporte internacional;2024M05;9.214
Acumulado en lo que va de año;Gasto total;Gasto no incluido en paquete turístico;Gasto en transporte internacional;2024M04;6.719
Acumulado en lo que va de año;Gasto total;Gasto no incluido en paquete turístico;Gasto en transporte internacional;2024M03;4.676
Acumulado en lo que va de año;Gasto total;Gasto no incluido en paquete turístico;Gasto en transporte internacional;2024M02;2.907
Acumulado en lo que va de año;Gasto total;Gasto no incluido en paquete turístico;Gasto en transporte internacional;2024M01;1.451
Acumulado en lo que va de año;Gasto total;Gasto no incluido en paquete turístico;Gasto en transporte internacional;2023M12;21.935
Acumulado en lo que va de año;Gasto total;Gasto no incluido en paquete turístico;Gasto en transporte internacional;2023M11;20.530
Acumulado en lo que va de año;Gasto total;Gasto no incluido en paquete turístico;Gasto en transporte internacional;2023M10;19.068
Acumulado en lo que va de año;Gasto total;Gasto no incluido en paquete turístico;Gasto en transporte internacional;2023M09;16.944
Acumulado en lo que va de año;Gasto total;Gasto no incluido en paquete turístico;Gasto en transporte internacional;2023M08;14.817
Acumulado en lo que va de año;Gasto total;Gasto no incluido en paquete turístico;Gasto en transporte internacional;2023M07;12.451
Acumulado en lo que va de año;Gasto total;Gasto no incluido en paquete turístico;Gasto en transporte internacional;2023M06;9.697
Acumulado en lo que va de año;Gasto total;Gasto no incluido en paquete turístico;Gasto en transporte internacional;2023M05;7.459
Acumulado en lo que va de año;Gasto total;Gasto no incluido en paquete turístico;Gasto en transporte internacional;2023M04;5.409
Acumulado en lo que va de año;Gasto total;Gasto no incluido en paquete turístico;Gasto en transporte internacional;2023M03;3.680
Acumulado en lo que va de año;Gasto total;Gasto no incluido en paquete turístico;Gasto en transporte internacional;2023M02;2.316
Acumulado en lo que va de año;Gasto total;Gasto no incluido en paquete turístico;Gasto en transporte internacional;2023M01;1.151
Acumulado en lo que va de año;Gasto total;Gasto no incluido en paquete turístico;Gasto en transporte internacional;2022M12;16.267
Acumulado en lo que va de año;Gasto total;Gasto no incluido en paquete turístico;Gasto en transporte internacional;2022M11;15.275
Acumulado en lo que va de año;Gasto total;Gasto no incluido en paquete turístico;Gasto en transporte internacional;2022M10;14.127
Acumulado en lo que va de año;Gasto total;Gasto no incluido en paquete turístico;Gasto en transporte internacional;2022M09;12.538
Acumulado en lo que va de año;Gasto total;Gasto no incluido en paquete turístico;Gasto en transporte internacional;2022M08;10.896
Acumulado en lo que va de año;Gasto total;Gasto no incluido en paquete turístico;Gasto en transporte internacional;2022M07;9.097
Acumulado en lo que va de año;Gasto total;Gasto no incluido en paquete turístico;Gasto en transporte internacional;2022M06;6.950
Acumulado en lo que va de año;Gasto total;Gasto no incluido en paquete turístico;Gasto en transporte internacional;2022M05;5.139
Acumulado en lo que va de año;Gasto total;Gasto no incluido en paquete turístico;Gasto en transporte internacional;2022M04;3.604
Acumulado en lo que va de año;Gasto total;Gasto no incluido en paquete turístico;Gasto en transporte internacional;2022M03;2.230
Acumulado en lo que va de año;Gasto total;Gasto no incluido en paquete turístico;Gasto en transporte internacional;2022M02;1.253
Acumulado en lo que va de año;Gasto total;Gasto no incluido en paquete turístico;Gasto en transporte internacional;2022M01;572
Acumulado en lo que va de año;Gasto total;Gasto no incluido en paquete turístico;Gasto en transporte internacional;2021M12;5.955
Acumulado en lo que va de año;Gasto total;Gasto no incluido en paquete turístico;Gasto en transporte internacional;2021M11;5.353
Acumulado en lo que va de año;Gasto total;Gasto no incluido en paquete turístico;Gasto en transporte internacional;2021M10;4.667
Acumulado en lo que va de año;Gasto total;Gasto no incluido en paquete turístico;Gasto en transporte internacional;2021M09;3.741
Acumulado en lo que va de año;Gasto total;Gasto no incluido en paquete turístico;Gasto en transporte internacional;2021M08;2.936
Acumulado en lo que va de año;Gasto total;Gasto no incluido en paquete turístico;Gasto en transporte internacional;2021M07;2.012
Acumulado en lo que va de año;Gasto total;Gasto no incluido en paquete turístico;Gasto en transporte internacional;2021M06;1.133
Acumulado en lo que va de año;Gasto total;Gasto no incluido en paquete turístico;Gasto en transporte internacional;2021M05;688
Acumulado en lo que va de año;Gasto total;Gasto no incluido en paquete turístico;Gasto en transporte internacional;2021M04;409
Acumulado en lo que va de año;Gasto total;Gasto no incluido en paquete turístico;Gasto en transporte internacional;2021M03;267
Acumulado en lo que va de año;Gasto total;Gasto no incluido en paquete turístico;Gasto en transporte internacional;2021M02;149
Acumulado en lo que va de año;Gasto total;Gasto no incluido en paquete turístico;Gasto en transporte internacional;2021M01;86
Acumulado en lo que va de año;Gasto total;Gasto no incluido en paquete turístico;Gasto en transporte internacional;2020M12;3.862
Acumulado en lo que va de año;Gasto total;Gasto no incluido en paquete turístico;Gasto en transporte internacional;2020M11;3.744
Acumulado en lo que va de año;Gasto total;Gasto no incluido en paquete turístico;Gasto en transporte internacional;2020M10;3.656
Acumulado en lo que va de año;Gasto total;Gasto no incluido en paquete turístico;Gasto en transporte internacional;2020M09;3.497
Acumulado en lo que va de año;Gasto total;Gasto no incluido en paquete turístico;Gasto en transporte internacional;2020M08;3.343
Acumulado en lo que va de año;Gasto total;Gasto no incluido en paquete turístico;Gasto en transporte internacional;2020M07;2.981
Acumulado en lo que va de año;Gasto total;Gasto no incluido en paquete turístico;Gasto en transporte internacional;2020M06;2.536
Acumulado en lo que va de año;Gasto total;Gasto no incluido en paquete turístico;Gasto en transporte internacional;2020M05;2.521
Acumulado en lo que va de año;Gasto total;Gasto no incluido en paquete turístico;Gasto en transporte internacional;2020M04;2.521
Acumulado en lo que va de año;Gasto total;Gasto no incluido en paquete turístico;Gasto en transporte internacional;2020M03;2.521
Acumulado en lo que va de año;Gasto total;Gasto no incluido en paquete turístico;Gasto en transporte internacional;2020M02;2.019
Acumulado en lo que va de año;Gasto total;Gasto no incluido en paquete turístico;Gasto en transporte internacional;2020M01;1.031
Acumulado en lo que va de año;Gasto total;Gasto no incluido en paquete turístico;Gasto en transporte internacional;2019M12;18.556
Acumulado en lo que va de año;Gasto total;Gasto no incluido en paquete turístico;Gasto en transporte internacional;2019M11;17.495
Acumulado en lo que va de año;Gasto total;Gasto no incluido en paquete turístico;Gasto en transporte internacional;2019M10;16.433
Acumulado en lo que va de año;Gasto total;Gasto no incluido en paquete turístico;Gasto en transporte internacional;2019M09;14.675
Acumulado en lo que va de año;Gasto total;Gasto no incluido en paquete turístico;Gasto en transporte internacional;2019M08;12.818
Acumulado en lo que va de año;Gasto total;Gasto no incluido en paquete turístico;Gasto en transporte internacional;2019M07;10.821
Acumulado en lo que va de año;Gasto total;Gasto no incluido en paquete turístico;Gasto en transporte internacional;2019M06;8.591
Acumulado en lo que va de año;Gasto total;Gasto no incluido en paquete turístico;Gasto en transporte internacional;2019M05;6.684
Acumulado en lo que va de año;Gasto total;Gasto no incluido en paquete turístico;Gasto en transporte internacional;2019M04;5.009
Acumulado en lo que va de año;Gasto total;Gasto no incluido en paquete turístico;Gasto en transporte internacional;2019M03;3.498
Acumulado en lo que va de año;Gasto total;Gasto no incluido en paquete turístico;Gasto en transporte internacional;2019M02;2.149
Acumulado en lo que va de año;Gasto total;Gasto no incluido en paquete turístico;Gasto en transporte internacional;2019M01;1.095
Acumulado en lo que va de año;Gasto total;Gasto no incluido en paquete turístico;Gasto en transporte internacional;2018M12;18.180
Acumulado en lo que va de año;Gasto total;Gasto no incluido en paquete turístico;Gasto en transporte internacional;2018M11;17.039
Acumulado en lo que va de año;Gasto total;Gasto no incluido en paquete turístico;Gasto en transporte internacional;2018M10;15.930
Acumulado en lo que va de año;Gasto total;Gasto no incluido en paquete turístico;Gasto en transporte internacional;2018M09;14.268
Acumulado en lo que va de año;Gasto total;Gasto no incluido en paquete turístico;Gasto en transporte internacional;2018M08;12.410
Acumulado en lo que va de año;Gasto total;Gasto no incluido en paquete turístico;Gasto en transporte internacional;2018M07;10.451
Acumulado en lo que va de año;Gasto total;Gasto no incluido en paquete turístico;Gasto en transporte internacional;2018M06;8.099
Acumulado en lo que va de año;Gasto total;Gasto no incluido en paquete turístico;Gasto en transporte internacional;2018M05;6.222
Acumulado en lo que va de año;Gasto total;Gasto no incluido en paquete turístico;Gasto en transporte internacional;2018M04;4.610
Acumulado en lo que va de año;Gasto total;Gasto no incluido en paquete turístico;Gasto en transporte internacional;2018M03;3.194
Acumulado en lo que va de año;Gasto total;Gasto no incluido en paquete turístico;Gasto en transporte internacional;2018M02;1.999
Acumulado en lo que va de año;Gasto total;Gasto no incluido en paquete turístico;Gasto en transporte internacional;2018M01;993
Acumulado en lo que va de año;Gasto total;Gasto no incluido en paquete turístico;Gasto en transporte internacional;2017M12;17.749
Acumulado en lo que va de año;Gasto total;Gasto no incluido en paquete turístico;Gasto en transporte internacional;2017M11;16.774
Acumulado en lo que va de año;Gasto total;Gasto no incluido en paquete turístico;Gasto en transporte internacional;2017M10;15.763
Acumulado en lo que va de año;Gasto total;Gasto no incluido en paquete turístico;Gasto en transporte internacional;2017M09;14.090
Acumulado en lo que va de año;Gasto total;Gasto no incluido en paquete turístico;Gasto en transporte internacional;2017M08;12.178
Acumulado en lo que va de año;Gasto total;Gasto no incluido en paquete turístico;Gasto en transporte internacional;2017M07;10.192
Acumulado en lo que va de año;Gasto total;Gasto no incluido en paquete turístico;Gasto en transporte internacional;2017M06;7.837
Acumulado en lo que va de año;Gasto total;Gasto no incluido en paquete turístico;Gasto en transporte internacional;2017M05;6.053
Acumulado en lo que va de año;Gasto total;Gasto no incluido en paquete turístico;Gasto en transporte internacional;2017M04;4.407
Acumulado en lo que va de año;Gasto total;Gasto no incluido en paquete turístico;Gasto en transporte internacional;2017M03;2.997
Acumulado en lo que va de año;Gasto total;Gasto no incluido en paquete turístico;Gasto en transporte internacional;2017M02;1.903
Acumulado en lo que va de año;Gasto total;Gasto no incluido en paquete turístico;Gasto en transporte internacional;2017M01;969
Acumulado en lo que va de año;Gasto total;Gasto no incluido en paquete turístico;Gasto en transporte internacional;2016M12;15.213
Acumulado en lo que va de año;Gasto total;Gasto no incluido en paquete turístico;Gasto en transporte internacional;2016M11;14.255
Acumulado en lo que va de año;Gasto total;Gasto no incluido en paquete turístico;Gasto en transporte internacional;2016M10;13.303
Acumulado en lo que va de año;Gasto total;Gasto no incluido en paquete turístico;Gasto en transporte internacional;2016M09;11.771
Acumulado en lo que va de año;Gasto total;Gasto no incluido en paquete turístico;Gasto en transporte internacional;2016M08;10.100
Acumulado en lo que va de año;Gasto total;Gasto no incluido en paquete turístico;Gasto en transporte internacional;2016M07;8.357
Acumulado en lo que va de año;Gasto total;Gasto no incluido en paquete turístico;Gasto en transporte internacional;2016M06;6.503
Acumulado en lo que va de año;Gasto total;Gasto no incluido en paquete turístico;Gasto en transporte internacional;2016M05;5.023
Acumulado en lo que va de año;Gasto total;Gasto no incluido en paquete turístico;Gasto en transporte internacional;2016M04;3.679
Acumulado en lo que va de año;Gasto total;Gasto no incluido en paquete turístico;Gasto en transporte internacional;2016M03;2.501
Acumulado en lo que va de año;Gasto total;Gasto no incluido en paquete turístico;Gasto en transporte internacional;2016M02;1.600
Acumulado en lo que va de año;Gasto total;Gasto no incluido en paquete turístico;Gasto en transporte internacional;2016M01;818
Acumulado en lo que va de año;Gasto total;Gasto no incluido en paquete turístico;Gasto en transporte internacional;2015M12;""
Acumulado en lo que va de año;Gasto total;Gasto no incluido en paquete turístico;Gasto en transporte internacional;2015M11;""
Acumulado en lo que va de año;Gasto total;Gasto no incluido en paquete turístico;Gasto en transporte internacional;2015M10;""
Acumulado en lo que va de año;Gasto total;Gasto no incluido en paquete turístico;Gasto en alojamiento;2026M07;14.809
Acumulado en lo que va de año;Gasto total;Gasto no incluido en paquete turístico;Gasto en alojamiento;2026M06;11.198
Acumulado en lo que va de año;Gasto total;Gasto no incluido en paquete turístico;Gasto en alojamiento;2026M05;8.819
Acumulado en lo que va de año;Gasto total;Gasto no incluido en paquete turístico;Gasto en alojamiento;2026M04;6.386
Acumulado en lo que va de año;Gasto total;Gasto no incluido en paquete turístico;Gasto en alojamiento;2026M03;4.324
Acumulado en lo que va de año;Gasto total;Gasto no incluido en paquete turístico;Gasto en alojamiento;2026M02;2.569
Acumulado en lo que va de año;Gasto total;Gasto no incluido en paquete turístico;Gasto en alojamiento;2026M01;1.262
Acumulado en lo que va de año;Gasto total;Gasto no incluido en paquete turístico;Gasto en alojamiento;2025M12;24.310
Acumulado en lo que va de año;Gasto total;Gasto no incluido en paquete turístico;Gasto en alojamiento;2025M11;22.898
Acumulado en lo que va de año;Gasto total;Gasto no incluido en paquete turístico;Gasto en alojamiento;2025M10;21.496
Acumulado en lo que va de año;Gasto total;Gasto no incluido en paquete turístico;Gasto en alojamiento;2025M09;19.347
Acumulado en lo que va de año;Gasto total;Gasto no incluido en paquete turístico;Gasto en alojamiento;2025M08;17.033
Acumulado en lo que va de año;Gasto total;Gasto no incluido en paquete turístico;Gasto en alojamiento;2025M07;13.654
Acumulado en lo que va de año;Gasto total;Gasto no incluido en paquete turístico;Gasto en alojamiento;2025M06;10.270
Acumulado en lo que va de año;Gasto total;Gasto no incluido en paquete turístico;Gasto en alojamiento;2025M05;7.960
Acumulado en lo que va de año;Gasto total;Gasto no incluido en paquete turístico;Gasto en alojamiento;2025M04;5.738
Acumulado en lo que va de año;Gasto total;Gasto no incluido en paquete turístico;Gasto en alojamiento;2025M03;3.886
Acumulado en lo que va de año;Gasto total;Gasto no incluido en paquete turístico;Gasto en alojamiento;2025M02;2.336
Acumulado en lo que va de año;Gasto total;Gasto no incluido en paquete turístico;Gasto en alojamiento;2025M01;1.091
Acumulado en lo que va de año;Gasto total;Gasto no incluido en paquete turístico;Gasto en alojamiento;2024M12;22.616
Acumulado en lo que va de año;Gasto total;Gasto no incluido en paquete turístico;Gasto en alojamiento;2024M11;21.328
Acumulado en lo que va de año;Gasto total;Gasto no incluido en paquete turístico;Gasto en alojamiento;2024M10;20.016
Acumulado en lo que va de año;Gasto total;Gasto no incluido en paquete turístico;Gasto en alojamiento;2024M09;17.970
Acumulado en lo que va de año;Gasto total;Gasto no incluido en paquete turístico;Gasto en alojamiento;2024M08;15.810
Acumulado en lo que va de año;Gasto total;Gasto no incluido en paquete turístico;Gasto en alojamiento;2024M07;12.623
Acumulado en lo que va de año;Gasto total;Gasto no incluido en paquete turístico;Gasto en alojamiento;2024M06;9.513
Acumulado en lo que va de año;Gasto total;Gasto no incluido en paquete turístico;Gasto en alojamiento;2024M05;7.362
Acumulado en lo que va de año;Gasto total;Gasto no incluido en paquete turístico;Gasto en alojamiento;2024M04;5.301
Acumulado en lo que va de año;Gasto total;Gasto no incluido en paquete turístico;Gasto en alojamiento;2024M03;3.622
Acumulado en lo que va de año;Gasto total;Gasto no incluido en paquete turístico;Gasto en alojamiento;2024M02;2.159
Acumulado en lo que va de año;Gasto total;Gasto no incluido en paquete turístico;Gasto en alojamiento;2024M01;988
Acumulado en lo que va de año;Gasto total;Gasto no incluido en paquete turístico;Gasto en alojamiento;2023M12;19.081
Acumulado en lo que va de año;Gasto total;Gasto no incluido en paquete turístico;Gasto en alojamiento;2023M11;17.955
Acumulado en lo que va de año;Gasto total;Gasto no incluido en paquete turístico;Gasto en alojamiento;2023M10;16.811
Acumulado en lo que va de año;Gasto total;Gasto no incluido en paquete turístico;Gasto en alojamiento;2023M09;15.090
Acumulado en lo que va de año;Gasto total;Gasto no incluido en paquete turístico;Gasto en alojamiento;2023M08;13.260
Acumulado en lo que va de año;Gasto total;Gasto no incluido en paquete turístico;Gasto en alojamiento;2023M07;10.510
Acumulado en lo que va de año;Gasto total;Gasto no incluido en paquete turístico;Gasto en alojamiento;2023M06;7.705
Acumulado en lo que va de año;Gasto total;Gasto no incluido en paquete turístico;Gasto en alojamiento;2023M05;5.940
Acumulado en lo que va de año;Gasto total;Gasto no incluido en paquete turístico;Gasto en alojamiento;2023M04;4.260
Acumulado en lo que va de año;Gasto total;Gasto no incluido en paquete turístico;Gasto en alojamiento;2023M03;2.822
Acumulado en lo que va de año;Gasto total;Gasto no incluido en paquete turístico;Gasto en alojamiento;2023M02;1.660
Acumulado en lo que va de año;Gasto total;Gasto no incluido en paquete turístico;Gasto en alojamiento;2023M01;778
Acumulado en lo que va de año;Gasto total;Gasto no incluido en paquete turístico;Gasto en alojamiento;2022M12;15.929
Acumulado en lo que va de año;Gasto total;Gasto no incluido en paquete turístico;Gasto en alojamiento;2022M11;15.078
Acumulado en lo que va de año;Gasto total;Gasto no incluido en paquete turístico;Gasto en alojamiento;2022M10;14.175
Acumulado en lo que va de año;Gasto total;Gasto no incluido en paquete turístico;Gasto en alojamiento;2022M09;12.726
Acumulado en lo que va de año;Gasto total;Gasto no incluido en paquete turístico;Gasto en alojamiento;2022M08;11.153
Acumulado en lo que va de año;Gasto total;Gasto no incluido en paquete turístico;Gasto en alojamiento;2022M07;8.804
Acumulado en lo que va de año;Gasto total;Gasto no incluido en paquete turístico;Gasto en alojamiento;2022M06;6.271
Acumulado en lo que va de año;Gasto total;Gasto no incluido en paquete turístico;Gasto en alojamiento;2022M05;4.640
Acumulado en lo que va de año;Gasto total;Gasto no incluido en paquete turístico;Gasto en alojamiento;2022M04;3.216
Acumulado en lo que va de año;Gasto total;Gasto no incluido en paquete turístico;Gasto en alojamiento;2022M03;2.007
Acumulado en lo que va de año;Gasto total;Gasto no incluido en paquete turístico;Gasto en alojamiento;2022M02;1.094
Acumulado en lo que va de año;Gasto total;Gasto no incluido en paquete turístico;Gasto en alojamiento;2022M01;481
Acumulado en lo que va de año;Gasto total;Gasto no incluido en paquete turístico;Gasto en alojamiento;2021M12;6.600
Acumulado en lo que va de año;Gasto total;Gasto no incluido en paquete turístico;Gasto en alojamiento;2021M11;6.038
Acumulado en lo que va de año;Gasto total;Gasto no incluido en paquete turístico;Gasto en alojamiento;2021M10;5.379
Acumulado en lo que va de año;Gasto total;Gasto no incluido en paquete turístico;Gasto en alojamiento;2021M09;4.401
Acumulado en lo que va de año;Gasto total;Gasto no incluido en paquete turístico;Gasto en alojamiento;2021M08;3.471
Acumulado en lo que va de año;Gasto total;Gasto no incluido en paquete turístico;Gasto en alojamiento;2021M07;2.135
Acumulado en lo que va de año;Gasto total;Gasto no incluido en paquete turístico;Gasto en alojamiento;2021M06;1.046
Acumulado en lo que va de año;Gasto total;Gasto no incluido en paquete turístico;Gasto en alojamiento;2021M05;608
Acumulado en lo que va de año;Gasto total;Gasto no incluido en paquete turístico;Gasto en alojamiento;2021M04;355
Acumulado en lo que va de año;Gasto total;Gasto no incluido en paquete turístico;Gasto en alojamiento;2021M03;242
Acumulado en lo que va de año;Gasto total;Gasto no incluido en paquete turístico;Gasto en alojamiento;2021M02;136
Acumulado en lo que va de año;Gasto total;Gasto no incluido en paquete turístico;Gasto en alojamiento;2021M01;73
Acumulado en lo que va de año;Gasto total;Gasto no incluido en paquete turístico;Gasto en alojamiento;2020M12;3.121
Acumulado en lo que va de año;Gasto total;Gasto no incluido en paquete turístico;Gasto en alojamiento;2020M11;2.999
Acumulado en lo que va de año;Gasto total;Gasto no incluido en paquete turístico;Gasto en alojamiento;2020M10;2.915
Acumulado en lo que va de año;Gasto total;Gasto no incluido en paquete turístico;Gasto en alojamiento;2020M09;2.776
Acumulado en lo que va de año;Gasto total;Gasto no incluido en paquete turístico;Gasto en alojamiento;2020M08;2.595
Acumulado en lo que va de año;Gasto total;Gasto no incluido en paquete turístico;Gasto en alojamiento;2020M07;2.100
Acumulado en lo que va de año;Gasto total;Gasto no incluido en paquete turístico;Gasto en alojamiento;2020M06;1.623
Acumulado en lo que va de año;Gasto total;Gasto no incluido en paquete turístico;Gasto en alojamiento;2020M05;1.596
Acumulado en lo que va de año;Gasto total;Gasto no incluido en paquete turístico;Gasto en alojamiento;2020M04;1.596
Acumulado en lo que va de año;Gasto total;Gasto no incluido en paquete turístico;Gasto en alojamiento;2020M03;1.596
Acumulado en lo que va de año;Gasto total;Gasto no incluido en paquete turístico;Gasto en alojamiento;2020M02;1.281
Acumulado en lo que va de año;Gasto total;Gasto no incluido en paquete turístico;Gasto en alojamiento;2020M01;604
Acumulado en lo que va de año;Gasto total;Gasto no incluido en paquete turístico;Gasto en alojamiento;2019M12;14.032
Acumulado en lo que va de año;Gasto total;Gasto no incluido en paquete turístico;Gasto en alojamiento;2019M11;13.323
Acumulado en lo que va de año;Gasto total;Gasto no incluido en paquete turístico;Gasto en alojamiento;2019M10;12.628
Acumulado en lo que va de año;Gasto total;Gasto no incluido en paquete turístico;Gasto en alojamiento;2019M09;11.487
Acumulado en lo que va de año;Gasto total;Gasto no incluido en paquete turístico;Gasto en alojamiento;2019M08;9.997
Acumulado en lo que va de año;Gasto total;Gasto no incluido en paquete turístico;Gasto en alojamiento;2019M07;7.827
Acumulado en lo que va de año;Gasto total;Gasto no incluido en paquete turístico;Gasto en alojamiento;2019M06;5.779
Acumulado en lo que va de año;Gasto total;Gasto no incluido en paquete turístico;Gasto en alojamiento;2019M05;4.350
Acumulado en lo que va de año;Gasto total;Gasto no incluido en paquete turístico;Gasto en alojamiento;2019M04;3.176
Acumulado en lo que va de año;Gasto total;Gasto no incluido en paquete turístico;Gasto en alojamiento;2019M03;2.139
Acumulado en lo que va de año;Gasto total;Gasto no incluido en paquete turístico;Gasto en alojamiento;2019M02;1.247
Acumulado en lo que va de año;Gasto total;Gasto no incluido en paquete turístico;Gasto en alojamiento;2019M01;589
Acumulado en lo que va de año;Gasto total;Gasto no incluido en paquete turístico;Gasto en alojamiento;2018M12;13.134
Acumulado en lo que va de año;Gasto total;Gasto no incluido en paquete turístico;Gasto en alojamiento;2018M11;12.425
Acumulado en lo que va de año;Gasto total;Gasto no incluido en paquete turístico;Gasto en alojamiento;2018M10;11.757
Acumulado en lo que va de año;Gasto total;Gasto no incluido en paquete turístico;Gasto en alojamiento;2018M09;10.649
Acumulado en lo que va de año;Gasto total;Gasto no incluido en paquete turístico;Gasto en alojamiento;2018M08;9.262
Acumulado en lo que va de año;Gasto total;Gasto no incluido en paquete turístico;Gasto en alojamiento;2018M07;7.253
Acumulado en lo que va de año;Gasto total;Gasto no incluido en paquete turístico;Gasto en alojamiento;2018M06;5.297
Acumulado en lo que va de año;Gasto total;Gasto no incluido en paquete turístico;Gasto en alojamiento;2018M05;3.983
Acumulado en lo que va de año;Gasto total;Gasto no incluido en paquete turístico;Gasto en alojamiento;2018M04;2.863
Acumulado en lo que va de año;Gasto total;Gasto no incluido en paquete turístico;Gasto en alojamiento;2018M03;1.977
Acumulado en lo que va de año;Gasto total;Gasto no incluido en paquete turístico;Gasto en alojamiento;2018M02;1.169
Acumulado en lo que va de año;Gasto total;Gasto no incluido en paquete turístico;Gasto en alojamiento;2018M01;544
Acumulado en lo que va de año;Gasto total;Gasto no incluido en paquete turístico;Gasto en alojamiento;2017M12;12.444
Acumulado en lo que va de año;Gasto total;Gasto no incluido en paquete turístico;Gasto en alojamiento;2017M11;11.856
Acumulado en lo que va de año;Gasto total;Gasto no incluido en paquete turístico;Gasto en alojamiento;2017M10;11.250
Acumulado en lo que va de año;Gasto total;Gasto no incluido en paquete turístico;Gasto en alojamiento;2017M09;10.194
Acumulado en lo que va de año;Gasto total;Gasto no incluido en paquete turístico;Gasto en alojamiento;2017M08;8.853
Acumulado en lo que va de año;Gasto total;Gasto no incluido en paquete turístico;Gasto en alojamiento;2017M07;6.967
Acumulado en lo que va de año;Gasto total;Gasto no incluido en paquete turístico;Gasto en alojamiento;2017M06;5.071
Acumulado en lo que va de año;Gasto total;Gasto no incluido en paquete turístico;Gasto en alojamiento;2017M05;3.849
Acumulado en lo que va de año;Gasto total;Gasto no incluido en paquete turístico;Gasto en alojamiento;2017M04;2.753
Acumulado en lo que va de año;Gasto total;Gasto no incluido en paquete turístico;Gasto en alojamiento;2017M03;1.840
Acumulado en lo que va de año;Gasto total;Gasto no incluido en paquete turístico;Gasto en alojamiento;2017M02;1.147
Acumulado en lo que va de año;Gasto total;Gasto no incluido en paquete turístico;Gasto en alojamiento;2017M01;547
Acumulado en lo que va de año;Gasto total;Gasto no incluido en paquete turístico;Gasto en alojamiento;2016M12;10.837
Acumulado en lo que va de año;Gasto total;Gasto no incluido en paquete turístico;Gasto en alojamiento;2016M11;10.232
Acumulado en lo que va de año;Gasto total;Gasto no incluido en paquete turístico;Gasto en alojamiento;2016M10;9.650
Acumulado en lo que va de año;Gasto total;Gasto no incluido en paquete turístico;Gasto en alojamiento;2016M09;8.668
Acumulado en lo que va de año;Gasto total;Gasto no incluido en paquete turístico;Gasto en alojamiento;2016M08;7.501
Acumulado en lo que va de año;Gasto total;Gasto no incluido en paquete turístico;Gasto en alojamiento;2016M07;5.840
Acumulado en lo que va de año;Gasto total;Gasto no incluido en paquete turístico;Gasto en alojamiento;2016M06;4.345
Acumulado en lo que va de año;Gasto total;Gasto no incluido en paquete turístico;Gasto en alojamiento;2016M05;3.285
Acumulado en lo que va de año;Gasto total;Gasto no incluido en paquete turístico;Gasto en alojamiento;2016M04;2.375
Acumulado en lo que va de año;Gasto total;Gasto no incluido en paquete turístico;Gasto en alojamiento;2016M03;1.612
Acumulado en lo que va de año;Gasto total;Gasto no incluido en paquete turístico;Gasto en alojamiento;2016M02;976
Acumulado en lo que va de año;Gasto total;Gasto no incluido en paquete turístico;Gasto en alojamiento;2016M01;439
Acumulado en lo que va de año;Gasto total;Gasto no incluido en paquete turístico;Gasto en alojamiento;2015M12;""
Acumulado en lo que va de año;Gasto total;Gasto no incluido en paquete turístico;Gasto en alojamiento;2015M11;""
Acumulado en lo que va de año;Gasto total;Gasto no incluido en paquete turístico;Gasto en alojamiento;2015M10;""
Acumulado en lo que va de año;Gasto total;Gasto no incluido en paquete turístico;Gasto en manutención;2026M07;13.013
Acumulado en lo que va de año;Gasto total;Gasto no incluido en paquete turístico;Gasto en manutención;2026M06;10.290
Acumulado en lo que va de año;Gasto total;Gasto no incluido en paquete turístico;Gasto en manutención;2026M05;8.175
Acumulado en lo que va de año;Gasto total;Gasto no incluido en paquete turístico;Gasto en manutención;2026M04;6.074
Acumulado en lo que va de año;Gasto total;Gasto no incluido en paquete turístico;Gasto en manutención;2026M03;4.085
Acumulado en lo que va de año;Gasto total;Gasto no incluido en paquete turístico;Gasto en manutención;2026M02;2.485
Acumulado en lo que va de año;Gasto total;Gasto no incluido en paquete turístico;Gasto en manutención;2026M01;1.257
Acumulado en lo que va de año;Gasto total;Gasto no incluido en paquete turístico;Gasto en manutención;2025M12;21.632
Acumulado en lo que va de año;Gasto total;Gasto no incluido en paquete turístico;Gasto en manutención;2025M11;20.310
Acumulado en lo que va de año;Gasto total;Gasto no incluido en paquete turístico;Gasto en manutención;2025M10;18.961
Acumulado en lo que va de año;Gasto total;Gasto no incluido en paquete turístico;Gasto en manutención;2025M09;16.937
Acumulado en lo que va de año;Gasto total;Gasto no incluido en paquete turístico;Gasto en manutención;2025M08;14.821
Acumulado en lo que va de año;Gasto total;Gasto no incluido en paquete turístico;Gasto en manutención;2025M07;12.325
Acumulado en lo que va de año;Gasto total;Gasto no incluido en paquete turístico;Gasto en manutención;2025M06;9.789
Acumulado en lo que va de año;Gasto total;Gasto no incluido en paquete turístico;Gasto en manutención;2025M05;7.695
Acumulado en lo que va de año;Gasto total;Gasto no incluido en paquete turístico;Gasto en manutención;2025M04;5.776
Acumulado en lo que va de año;Gasto total;Gasto no incluido en paquete turístico;Gasto en manutención;2025M03;3.914
Acumulado en lo que va de año;Gasto total;Gasto no incluido en paquete turístico;Gasto en manutención;2025M02;2.376
Acumulado en lo que va de año;Gasto total;Gasto no incluido en paquete turístico;Gasto en manutención;2025M01;1.168
Acumulado en lo que va de año;Gasto total;Gasto no incluido en paquete turístico;Gasto en manutención;2024M12;20.242
Acumulado en lo que va de año;Gasto total;Gasto no incluido en paquete turístico;Gasto en manutención;2024M11;18.959
Acumulado en lo que va de año;Gasto total;Gasto no incluido en paquete turístico;Gasto en manutención;2024M10;17.642
Acumulado en lo que va de año;Gasto total;Gasto no incluido en paquete turístico;Gasto en manutención;2024M09;15.761
Acumulado en lo que va de año;Gasto total;Gasto no incluido en paquete turístico;Gasto en manutención;2024M08;13.764
Acumulado en lo que va de año;Gasto total;Gasto no incluido en paquete turístico;Gasto en manutención;2024M07;11.389
Acumulado en lo que va de año;Gasto total;Gasto no incluido en paquete turístico;Gasto en manutención;2024M06;8.930
Acumulado en lo que va de año;Gasto total;Gasto no incluido en paquete turístico;Gasto en manutención;2024M05;7.029
Acumulado en lo que va de año;Gasto total;Gasto no incluido en paquete turístico;Gasto en manutención;2024M04;5.186
Acumulado en lo que va de año;Gasto total;Gasto no incluido en paquete turístico;Gasto en manutención;2024M03;3.573
Acumulado en lo que va de año;Gasto total;Gasto no incluido en paquete turístico;Gasto en manutención;2024M02;2.169
Acumulado en lo que va de año;Gasto total;Gasto no incluido en paquete turístico;Gasto en manutención;2024M01;1.081
Acumulado en lo que va de año;Gasto total;Gasto no incluido en paquete turístico;Gasto en manutención;2023M12;17.232
Acumulado en lo que va de año;Gasto total;Gasto no incluido en paquete turístico;Gasto en manutención;2023M11;16.060
Acumulado en lo que va de año;Gasto total;Gasto no incluido en paquete turístico;Gasto en manutención;2023M10;15.000
Acumulado en lo que va de año;Gasto total;Gasto no incluido en paquete turístico;Gasto en manutención;2023M09;13.397
Acumulado en lo que va de año;Gasto total;Gasto no incluido en paquete turístico;Gasto en manutención;2023M08;11.656
Acumulado en lo que va de año;Gasto total;Gasto no incluido en paquete turístico;Gasto en manutención;2023M07;9.532
Acumulado en lo que va de año;Gasto total;Gasto no incluido en paquete turístico;Gasto en manutención;2023M06;7.395
Acumulado en lo que va de año;Gasto total;Gasto no incluido en paquete turístico;Gasto en manutención;2023M05;5.785
Acumulado en lo que va de año;Gasto total;Gasto no incluido en paquete turístico;Gasto en manutención;2023M04;4.256
Acumulado en lo que va de año;Gasto total;Gasto no incluido en paquete turístico;Gasto en manutención;2023M03;2.814
Acumulado en lo que va de año;Gasto total;Gasto no incluido en paquete turístico;Gasto en manutención;2023M02;1.728
Acumulado en lo que va de año;Gasto total;Gasto no incluido en paquete turístico;Gasto en manutención;2023M01;863
Acumulado en lo que va de año;Gasto total;Gasto no incluido en paquete turístico;Gasto en manutención;2022M12;13.961
Acumulado en lo que va de año;Gasto total;Gasto no incluido en paquete turístico;Gasto en manutención;2022M11;13.098
Acumulado en lo que va de año;Gasto total;Gasto no incluido en paquete turístico;Gasto en manutención;2022M10;12.220
Acumulado en lo que va de año;Gasto total;Gasto no incluido en paquete turístico;Gasto en manutención;2022M09;10.884
Acumulado en lo que va de año;Gasto total;Gasto no incluido en paquete turístico;Gasto en manutención;2022M08;9.454
Acumulado en lo que va de año;Gasto total;Gasto no incluido en paquete turístico;Gasto en manutención;2022M07;7.756
Acumulado en lo que va de año;Gasto total;Gasto no incluido en paquete turístico;Gasto en manutención;2022M06;5.950
Acumulado en lo que va de año;Gasto total;Gasto no incluido en paquete turístico;Gasto en manutención;2022M05;4.568
Acumulado en lo que va de año;Gasto total;Gasto no incluido en paquete turístico;Gasto en manutención;2022M04;3.264
Acumulado en lo que va de año;Gasto total;Gasto no incluido en paquete turístico;Gasto en manutención;2022M03;2.054
Acumulado en lo que va de año;Gasto total;Gasto no incluido en paquete turístico;Gasto en manutención;2022M02;1.212
Acumulado en lo que va de año;Gasto total;Gasto no incluido en paquete turístico;Gasto en manutención;2022M01;540
Acumulado en lo que va de año;Gasto total;Gasto no incluido en paquete turístico;Gasto en manutención;2021M12;6.007
Acumulado en lo que va de año;Gasto total;Gasto no incluido en paquete turístico;Gasto en manutención;2021M11;5.414
Acumulado en lo que va de año;Gasto total;Gasto no incluido en paquete turístico;Gasto en manutención;2021M10;4.780
Acumulado en lo que va de año;Gasto total;Gasto no incluido en paquete turístico;Gasto en manutención;2021M09;3.799
Acumulado en lo que va de año;Gasto total;Gasto no incluido en paquete turístico;Gasto en manutención;2021M08;2.912
Acumulado en lo que va de año;Gasto total;Gasto no incluido en paquete turístico;Gasto en manutención;2021M07;1.918
Acumulado en lo que va de año;Gasto total;Gasto no incluido en paquete turístico;Gasto en manutención;2021M06;1.007
Acumulado en lo que va de año;Gasto total;Gasto no incluido en paquete turístico;Gasto en manutención;2021M05;599
Acumulado en lo que va de año;Gasto total;Gasto no incluido en paquete turístico;Gasto en manutención;2021M04;346
Acumulado en lo que va de año;Gasto total;Gasto no incluido en paquete turístico;Gasto en manutención;2021M03;230
Acumulado en lo que va de año;Gasto total;Gasto no incluido en paquete turístico;Gasto en manutención;2021M02;136
Acumulado en lo que va de año;Gasto total;Gasto no incluido en paquete turístico;Gasto en manutención;2021M01;82
Acumulado en lo que va de año;Gasto total;Gasto no incluido en paquete turístico;Gasto en manutención;2020M12;3.264
Acumulado en lo que va de año;Gasto total;Gasto no incluido en paquete turístico;Gasto en manutención;2020M11;3.147
Acumulado en lo que va de año;Gasto total;Gasto no incluido en paquete turístico;Gasto en manutención;2020M10;3.067
Acumulado en lo que va de año;Gasto total;Gasto no incluido en paquete turístico;Gasto en manutención;2020M09;2.894
Acumulado en lo que va de año;Gasto total;Gasto no incluido en paquete turístico;Gasto en manutención;2020M08;2.711
Acumulado en lo que va de año;Gasto total;Gasto no incluido en paquete turístico;Gasto en manutención;2020M07;2.280
Acumulado en lo que va de año;Gasto total;Gasto no incluido en paquete turístico;Gasto en manutención;2020M06;1.833
Acumulado en lo que va de año;Gasto total;Gasto no incluido en paquete turístico;Gasto en manutención;2020M05;1.806
Acumulado en lo que va de año;Gasto total;Gasto no incluido en paquete turístico;Gasto en manutención;2020M04;1.806
Acumulado en lo que va de año;Gasto total;Gasto no incluido en paquete turístico;Gasto en manutención;2020M03;1.806
Acumulado en lo que va de año;Gasto total;Gasto no incluido en paquete turístico;Gasto en manutención;2020M02;1.468
Acumulado en lo que va de año;Gasto total;Gasto no incluido en paquete turístico;Gasto en manutención;2020M01;723
Acumulado en lo que va de año;Gasto total;Gasto no incluido en paquete turístico;Gasto en manutención;2019M12;13.878
Acumulado en lo que va de año;Gasto total;Gasto no incluido en paquete turístico;Gasto en manutención;2019M11;13.121
Acumulado en lo que va de año;Gasto total;Gasto no incluido en paquete turístico;Gasto en manutención;2019M10;12.346
Acumulado en lo que va de año;Gasto total;Gasto no incluido en paquete turístico;Gasto en manutención;2019M09;11.144
Acumulado en lo que va de año;Gasto total;Gasto no incluido en paquete turístico;Gasto en manutención;2019M08;9.659
Acumulado en lo que va de año;Gasto total;Gasto no incluido en paquete turístico;Gasto en manutención;2019M07;7.878
Acumulado en lo que va de año;Gasto total;Gasto no incluido en paquete turístico;Gasto en manutención;2019M06;6.134
Acumulado en lo que va de año;Gasto total;Gasto no incluido en paquete turístico;Gasto en manutención;2019M05;4.727
Acumulado en lo que va de año;Gasto total;Gasto no incluido en paquete turístico;Gasto en manutención;2019M04;3.534
Acumulado en lo que va de año;Gasto total;Gasto no incluido en paquete turístico;Gasto en manutención;2019M03;2.427
Acumulado en lo que va de año;Gasto total;Gasto no incluido en paquete turístico;Gasto en manutención;2019M02;1.450
Acumulado en lo que va de año;Gasto total;Gasto no incluido en paquete turístico;Gasto en manutención;2019M01;741
Acumulado en lo que va de año;Gasto total;Gasto no incluido en paquete turístico;Gasto en manutención;2018M12;13.679
Acumulado en lo que va de año;Gasto total;Gasto no incluido en paquete turístico;Gasto en manutención;2018M11;12.874
Acumulado en lo que va de año;Gasto total;Gasto no incluido en paquete turístico;Gasto en manutención;2018M10;12.134
Acumulado en lo que va de año;Gasto total;Gasto no incluido en paquete turístico;Gasto en manutención;2018M09;10.976
Acumulado en lo que va de año;Gasto total;Gasto no incluido en paquete turístico;Gasto en manutención;2018M08;9.531
Acumulado en lo que va de año;Gasto total;Gasto no incluido en paquete turístico;Gasto en manutención;2018M07;7.797
Acumulado en lo que va de año;Gasto total;Gasto no incluido en paquete turístico;Gasto en manutención;2018M06;6.038
Acumulado en lo que va de año;Gasto total;Gasto no incluido en paquete turístico;Gasto en manutención;2018M05;4.660
Acumulado en lo que va de año;Gasto total;Gasto no incluido en paquete turístico;Gasto en manutención;2018M04;3.412
Acumulado en lo que va de año;Gasto total;Gasto no incluido en paquete turístico;Gasto en manutención;2018M03;2.356
Acumulado en lo que va de año;Gasto total;Gasto no incluido en paquete turístico;Gasto en manutención;2018M02;1.428
Acumulado en lo que va de año;Gasto total;Gasto no incluido en paquete turístico;Gasto en manutención;2018M01;721
Acumulado en lo que va de año;Gasto total;Gasto no incluido en paquete turístico;Gasto en manutención;2017M12;13.626
Acumulado en lo que va de año;Gasto total;Gasto no incluido en paquete turístico;Gasto en manutención;2017M11;12.897
Acumulado en lo que va de año;Gasto total;Gasto no incluido en paquete turístico;Gasto en manutención;2017M10;12.158
Acumulado en lo que va de año;Gasto total;Gasto no incluido en paquete turístico;Gasto en manutención;2017M09;11.008
Acumulado en lo que va de año;Gasto total;Gasto no incluido en paquete turístico;Gasto en manutención;2017M08;9.542
Acumulado en lo que va de año;Gasto total;Gasto no incluido en paquete turístico;Gasto en manutención;2017M07;7.730
Acumulado en lo que va de año;Gasto total;Gasto no incluido en paquete turístico;Gasto en manutención;2017M06;5.888
Acumulado en lo que va de año;Gasto total;Gasto no incluido en paquete turístico;Gasto en manutención;2017M05;4.530
Acumulado en lo que va de año;Gasto total;Gasto no incluido en paquete turístico;Gasto en manutención;2017M04;3.276
Acumulado en lo que va de año;Gasto total;Gasto no incluido en paquete turístico;Gasto en manutención;2017M03;2.205
Acumulado en lo que va de año;Gasto total;Gasto no incluido en paquete turístico;Gasto en manutención;2017M02;1.387
Acumulado en lo que va de año;Gasto total;Gasto no incluido en paquete turístico;Gasto en manutención;2017M01;682
Acumulado en lo que va de año;Gasto total;Gasto no incluido en paquete turístico;Gasto en manutención;2016M12;12.009
Acumulado en lo que va de año;Gasto total;Gasto no incluido en paquete turístico;Gasto en manutención;2016M11;11.286
Acumulado en lo que va de año;Gasto total;Gasto no incluido en paquete turístico;Gasto en manutención;2016M10;10.637
Acumulado en lo que va de año;Gasto total;Gasto no incluido en paquete turístico;Gasto en manutención;2016M09;9.538
Acumulado en lo que va de año;Gasto total;Gasto no incluido en paquete turístico;Gasto en manutención;2016M08;8.263
Acumulado en lo que va de año;Gasto total;Gasto no incluido en paquete turístico;Gasto en manutención;2016M07;6.652
Acumulado en lo que va de año;Gasto total;Gasto no incluido en paquete turístico;Gasto en manutención;2016M06;5.078
Acumulado en lo que va de año;Gasto total;Gasto no incluido en paquete turístico;Gasto en manutención;2016M05;3.916
Acumulado en lo que va de año;Gasto total;Gasto no incluido en paquete turístico;Gasto en manutención;2016M04;2.871
Acumulado en lo que va de año;Gasto total;Gasto no incluido en paquete turístico;Gasto en manutención;2016M03;1.977
Acumulado en lo que va de año;Gasto total;Gasto no incluido en paquete turístico;Gasto en manutención;2016M02;1.223
Acumulado en lo que va de año;Gasto total;Gasto no incluido en paquete turístico;Gasto en manutención;2016M01;614
Acumulado en lo que va de año;Gasto total;Gasto no incluido en paquete turístico;Gasto en manutención;2015M12;""
Acumulado en lo que va de año;Gasto total;Gasto no incluido en paquete turístico;Gasto en manutención;2015M11;""
Acumulado en lo que va de año;Gasto total;Gasto no incluido en paquete turístico;Gasto en manutención;2015M10;""
Acumulado en lo que va de año;Gasto total;Gasto no incluido en paquete turístico;Gasto en actividades;2026M07;16.553
Acumulado en lo que va de año;Gasto total;Gasto no incluido en paquete turístico;Gasto en actividades;2026M06;13.259
Acumulado en lo que va de año;Gasto total;Gasto no incluido en paquete turístico;Gasto en actividades;2026M05;10.524
Acumulado en lo que va de año;Gasto total;Gasto no incluido en paquete turístico;Gasto en actividades;2026M04;7.778
Acumulado en lo que va de año;Gasto total;Gasto no incluido en paquete turístico;Gasto en actividades;2026M03;5.316
Acumulado en lo que va de año;Gasto total;Gasto no incluido en paquete turístico;Gasto en actividades;2026M02;3.383
Acumulado en lo que va de año;Gasto total;Gasto no incluido en paquete turístico;Gasto en actividades;2026M01;1.829
Acumulado en lo que va de año;Gasto total;Gasto no incluido en paquete turístico;Gasto en actividades;2025M12;27.363
Acumulado en lo que va de año;Gasto total;Gasto no incluido en paquete turístico;Gasto en actividades;2025M11;25.427
Acumulado en lo que va de año;Gasto total;Gasto no incluido en paquete turístico;Gasto en actividades;2025M10;23.768
Acumulado en lo que va de año;Gasto total;Gasto no incluido en paquete turístico;Gasto en actividades;2025M09;21.218
Acumulado en lo que va de año;Gasto total;Gasto no incluido en paquete turístico;Gasto en actividades;2025M08;18.503
Acumulado en lo que va de año;Gasto total;Gasto no incluido en paquete turístico;Gasto en actividades;2025M07;15.464
Acumulado en lo que va de año;Gasto total;Gasto no incluido en paquete turístico;Gasto en actividades;2025M06;12.447
Acumulado en lo que va de año;Gasto total;Gasto no incluido en paquete turístico;Gasto en actividades;2025M05;9.770
Acumulado en lo que va de año;Gasto total;Gasto no incluido en paquete turístico;Gasto en actividades;2025M04;7.311
Acumulado en lo que va de año;Gasto total;Gasto no incluido en paquete turístico;Gasto en actividades;2025M03;5.058
Acumulado en lo que va de año;Gasto total;Gasto no incluido en paquete turístico;Gasto en actividades;2025M02;3.209
Acumulado en lo que va de año;Gasto total;Gasto no incluido en paquete turístico;Gasto en actividades;2025M01;1.695
Acumulado en lo que va de año;Gasto total;Gasto no incluido en paquete turístico;Gasto en actividades;2024M12;25.503
Acumulado en lo que va de año;Gasto total;Gasto no incluido en paquete turístico;Gasto en actividades;2024M11;23.696
Acumulado en lo que va de año;Gasto total;Gasto no incluido en paquete turístico;Gasto en actividades;2024M10;22.064
Acumulado en lo que va de año;Gasto total;Gasto no incluido en paquete turístico;Gasto en actividades;2024M09;19.757
Acumulado en lo que va de año;Gasto total;Gasto no incluido en paquete turístico;Gasto en actividades;2024M08;17.262
Acumulado en lo que va de año;Gasto total;Gasto no incluido en paquete turístico;Gasto en actividades;2024M07;14.378
Acumulado en lo que va de año;Gasto total;Gasto no incluido en paquete turístico;Gasto en actividades;2024M06;11.548
Acumulado en lo que va de año;Gasto total;Gasto no incluido en paquete turístico;Gasto en actividades;2024M05;9.056
Acumulado en lo que va de año;Gasto total;Gasto no incluido en paquete turístico;Gasto en actividades;2024M04;6.700
Acumulado en lo que va de año;Gasto total;Gasto no incluido en paquete turístico;Gasto en actividades;2024M03;4.768
Acumulado en lo que va de año;Gasto total;Gasto no incluido en paquete turístico;Gasto en actividades;2024M02;2.963
Acumulado en lo que va de año;Gasto total;Gasto no incluido en paquete turístico;Gasto en actividades;2024M01;1.534
Acumulado en lo que va de año;Gasto total;Gasto no incluido en paquete turístico;Gasto en actividades;2023M12;22.484
Acumulado en lo que va de año;Gasto total;Gasto no incluido en paquete turístico;Gasto en actividades;2023M11;20.798
Acumulado en lo que va de año;Gasto total;Gasto no incluido en paquete turístico;Gasto en actividades;2023M10;19.402
Acumulado en lo que va de año;Gasto total;Gasto no incluido en paquete turístico;Gasto en actividades;2023M09;17.330
Acumulado en lo que va de año;Gasto total;Gasto no incluido en paquete turístico;Gasto en actividades;2023M08;15.051
Acumulado en lo que va de año;Gasto total;Gasto no incluido en paquete turístico;Gasto en actividades;2023M07;12.436
Acumulado en lo que va de año;Gasto total;Gasto no incluido en paquete turístico;Gasto en actividades;2023M06;9.844
Acumulado en lo que va de año;Gasto total;Gasto no incluido en paquete turístico;Gasto en actividades;2023M05;7.668
Acumulado en lo que va de año;Gasto total;Gasto no incluido en paquete turístico;Gasto en actividades;2023M04;5.657
Acumulado en lo que va de año;Gasto total;Gasto no incluido en paquete turístico;Gasto en actividades;2023M03;3.885
Acumulado en lo que va de año;Gasto total;Gasto no incluido en paquete turístico;Gasto en actividades;2023M02;2.448
Acumulado en lo que va de año;Gasto total;Gasto no incluido en paquete turístico;Gasto en actividades;2023M01;1.239
Acumulado en lo que va de año;Gasto total;Gasto no incluido en paquete turístico;Gasto en actividades;2022M12;18.048
Acumulado en lo que va de año;Gasto total;Gasto no incluido en paquete turístico;Gasto en actividades;2022M11;16.772
Acumulado en lo que va de año;Gasto total;Gasto no incluido en paquete turístico;Gasto en actividades;2022M10;15.624
Acumulado en lo que va de año;Gasto total;Gasto no incluido en paquete turístico;Gasto en actividades;2022M09;13.885
Acumulado en lo que va de año;Gasto total;Gasto no incluido en paquete turístico;Gasto en actividades;2022M08;12.014
Acumulado en lo que va de año;Gasto total;Gasto no incluido en paquete turístico;Gasto en actividades;2022M07;9.916
Acumulado en lo que va de año;Gasto total;Gasto no incluido en paquete turístico;Gasto en actividades;2022M06;7.702
Acumulado en lo que va de año;Gasto total;Gasto no incluido en paquete turístico;Gasto en actividades;2022M05;5.796
Acumulado en lo que va de año;Gasto total;Gasto no incluido en paquete turístico;Gasto en actividades;2022M04;4.153
Acumulado en lo que va de año;Gasto total;Gasto no incluido en paquete turístico;Gasto en actividades;2022M03;2.684
Acumulado en lo que va de año;Gasto total;Gasto no incluido en paquete turístico;Gasto en actividades;2022M02;1.608
Acumulado en lo que va de año;Gasto total;Gasto no incluido en paquete turístico;Gasto en actividades;2022M01;726
Acumulado en lo que va de año;Gasto total;Gasto no incluido en paquete turístico;Gasto en actividades;2021M12;7.411
Acumulado en lo que va de año;Gasto total;Gasto no incluido en paquete turístico;Gasto en actividades;2021M11;6.553
Acumulado en lo que va de año;Gasto total;Gasto no incluido en paquete turístico;Gasto en actividades;2021M10;5.739
Acumulado en lo que va de año;Gasto total;Gasto no incluido en paquete turístico;Gasto en actividades;2021M09;4.514
Acumulado en lo que va de año;Gasto total;Gasto no incluido en paquete turístico;Gasto en actividades;2021M08;3.425
Acumulado en lo que va de año;Gasto total;Gasto no incluido en paquete turístico;Gasto en actividades;2021M07;2.257
Acumulado en lo que va de año;Gasto total;Gasto no incluido en paquete turístico;Gasto en actividades;2021M06;1.252
Acumulado en lo que va de año;Gasto total;Gasto no incluido en paquete turístico;Gasto en actividades;2021M05;738
Acumulado en lo que va de año;Gasto total;Gasto no incluido en paquete turístico;Gasto en actividades;2021M04;446
Acumulado en lo que va de año;Gasto total;Gasto no incluido en paquete turístico;Gasto en actividades;2021M03;307
Acumulado en lo que va de año;Gasto total;Gasto no incluido en paquete turístico;Gasto en actividades;2021M02;184
Acumulado en lo que va de año;Gasto total;Gasto no incluido en paquete turístico;Gasto en actividades;2021M01;112
Acumulado en lo que va de año;Gasto total;Gasto no incluido en paquete turístico;Gasto en actividades;2020M12;4.312
Acumulado en lo que va de año;Gasto total;Gasto no incluido en paquete turístico;Gasto en actividades;2020M11;4.144
Acumulado en lo que va de año;Gasto total;Gasto no incluido en paquete turístico;Gasto en actividades;2020M10;4.041
Acumulado en lo que va de año;Gasto total;Gasto no incluido en paquete turístico;Gasto en actividades;2020M09;3.835
Acumulado en lo que va de año;Gasto total;Gasto no incluido en paquete turístico;Gasto en actividades;2020M08;3.596
Acumulado en lo que va de año;Gasto total;Gasto no incluido en paquete turístico;Gasto en actividades;2020M07;3.081
Acumulado en lo que va de año;Gasto total;Gasto no incluido en paquete turístico;Gasto en actividades;2020M06;2.606
Acumulado en lo que va de año;Gasto total;Gasto no incluido en paquete turístico;Gasto en actividades;2020M05;2.578
Acumulado en lo que va de año;Gasto total;Gasto no incluido en paquete turístico;Gasto en actividades;2020M04;2.578
Acumulado en lo que va de año;Gasto total;Gasto no incluido en paquete turístico;Gasto en actividades;2020M03;2.578
Acumulado en lo que va de año;Gasto total;Gasto no incluido en paquete turístico;Gasto en actividades;2020M02;2.134
Acumulado en lo que va de año;Gasto total;Gasto no incluido en paquete turístico;Gasto en actividades;2020M01;1.096
Acumulado en lo que va de año;Gasto total;Gasto no incluido en paquete turístico;Gasto en actividades;2019M12;18.109
Acumulado en lo que va de año;Gasto total;Gasto no incluido en paquete turístico;Gasto en actividades;2019M11;16.989
Acumulado en lo que va de año;Gasto total;Gasto no incluido en paquete turístico;Gasto en actividades;2019M10;15.935
Acumulado en lo que va de año;Gasto total;Gasto no incluido en paquete turístico;Gasto en actividades;2019M09;14.324
Acumulado en lo que va de año;Gasto total;Gasto no incluido en paquete turístico;Gasto en actividades;2019M08;12.405
Acumulado en lo que va de año;Gasto total;Gasto no incluido en paquete turístico;Gasto en actividades;2019M07;10.153
Acumulado en lo que va de año;Gasto total;Gasto no incluido en paquete turístico;Gasto en actividades;2019M06;8.059
Acumulado en lo que va de año;Gasto total;Gasto no incluido en paquete turístico;Gasto en actividades;2019M05;6.166
Acumulado en lo que va de año;Gasto total;Gasto no incluido en paquete turístico;Gasto en actividades;2019M04;4.610
Acumulado en lo que va de año;Gasto total;Gasto no incluido en paquete turístico;Gasto en actividades;2019M03;3.212
Acumulado en lo que va de año;Gasto total;Gasto no incluido en paquete turístico;Gasto en actividades;2019M02;1.999
Acumulado en lo que va de año;Gasto total;Gasto no incluido en paquete turístico;Gasto en actividades;2019M01;1.034
Acumulado en lo que va de año;Gasto total;Gasto no incluido en paquete turístico;Gasto en actividades;2018M12;16.674
Acumulado en lo que va de año;Gasto total;Gasto no incluido en paquete turístico;Gasto en actividades;2018M11;15.589
Acumulado en lo que va de año;Gasto total;Gasto no incluido en paquete turístico;Gasto en actividades;2018M10;14.637
Acumulado en lo que va de año;Gasto total;Gasto no incluido en paquete turístico;Gasto en actividades;2018M09;13.122
Acumulado en lo que va de año;Gasto total;Gasto no incluido en paquete turístico;Gasto en actividades;2018M08;11.310
Acumulado en lo que va de año;Gasto total;Gasto no incluido en paquete turístico;Gasto en actividades;2018M07;9.268
Acumulado en lo que va de año;Gasto total;Gasto no incluido en paquete turístico;Gasto en actividades;2018M06;7.315
Acumulado en lo que va de año;Gasto total;Gasto no incluido en paquete turístico;Gasto en actividades;2018M05;5.586
Acumulado en lo que va de año;Gasto total;Gasto no incluido en paquete turístico;Gasto en actividades;2018M04;4.100
Acumulado en lo que va de año;Gasto total;Gasto no incluido en paquete turístico;Gasto en actividades;2018M03;2.848
Acumulado en lo que va de año;Gasto total;Gasto no incluido en paquete turístico;Gasto en actividades;2018M02;1.799
Acumulado en lo que va de año;Gasto total;Gasto no incluido en paquete turístico;Gasto en actividades;2018M01;944
Acumulado en lo que va de año;Gasto total;Gasto no incluido en paquete turístico;Gasto en actividades;2017M12;15.518
Acumulado en lo que va de año;Gasto total;Gasto no incluido en paquete turístico;Gasto en actividades;2017M11;14.608
Acumulado en lo que va de año;Gasto total;Gasto no incluido en paquete turístico;Gasto en actividades;2017M10;13.751
Acumulado en lo que va de año;Gasto total;Gasto no incluido en paquete turístico;Gasto en actividades;2017M09;12.397
Acumulado en lo que va de año;Gasto total;Gasto no incluido en paquete turístico;Gasto en actividades;2017M08;10.666
Acumulado en lo que va de año;Gasto total;Gasto no incluido en paquete turístico;Gasto en actividades;2017M07;8.713
Acumulado en lo que va de año;Gasto total;Gasto no incluido en paquete turístico;Gasto en actividades;2017M06;6.792
Acumulado en lo que va de año;Gasto total;Gasto no incluido en paquete turístico;Gasto en actividades;2017M05;5.191
Acumulado en lo que va de año;Gasto total;Gasto no incluido en paquete turístico;Gasto en actividades;2017M04;3.790
Acumulado en lo que va de año;Gasto total;Gasto no incluido en paquete turístico;Gasto en actividades;2017M03;2.533
Acumulado en lo que va de año;Gasto total;Gasto no incluido en paquete turístico;Gasto en actividades;2017M02;1.641
Acumulado en lo que va de año;Gasto total;Gasto no incluido en paquete turístico;Gasto en actividades;2017M01;840
Acumulado en lo que va de año;Gasto total;Gasto no incluido en paquete turístico;Gasto en actividades;2016M12;13.627
Acumulado en lo que va de año;Gasto total;Gasto no incluido en paquete turístico;Gasto en actividades;2016M11;12.678
Acumulado en lo que va de año;Gasto total;Gasto no incluido en paquete turístico;Gasto en actividades;2016M10;11.905
Acumulado en lo que va de año;Gasto total;Gasto no incluido en paquete turístico;Gasto en actividades;2016M09;10.623
Acumulado en lo que va de año;Gasto total;Gasto no incluido en paquete turístico;Gasto en actividades;2016M08;9.083
Acumulado en lo que va de año;Gasto total;Gasto no incluido en paquete turístico;Gasto en actividades;2016M07;7.391
Acumulado en lo que va de año;Gasto total;Gasto no incluido en paquete turístico;Gasto en actividades;2016M06;5.767
Acumulado en lo que va de año;Gasto total;Gasto no incluido en paquete turístico;Gasto en actividades;2016M05;4.358
Acumulado en lo que va de año;Gasto total;Gasto no incluido en paquete turístico;Gasto en actividades;2016M04;3.188
Acumulado en lo que va de año;Gasto total;Gasto no incluido en paquete turístico;Gasto en actividades;2016M03;2.214
Acumulado en lo que va de año;Gasto total;Gasto no incluido en paquete turístico;Gasto en actividades;2016M02;1.385
Acumulado en lo que va de año;Gasto total;Gasto no incluido en paquete turístico;Gasto en actividades;2016M01;720
Acumulado en lo que va de año;Gasto total;Gasto no incluido en paquete turístico;Gasto en actividades;2015M12;""
Acumulado en lo que va de año;Gasto total;Gasto no incluido en paquete turístico;Gasto en actividades;2015M11;""
Acumulado en lo que va de año;Gasto total;Gasto no incluido en paquete turístico;Gasto en actividades;2015M10;""
Acumulado en lo que va de año;Gasto total;Gasto no incluido en paquete turístico;Otros gastos;2026M07;6.904
Acumulado en lo que va de año;Gasto total;Gasto no incluido en paquete turístico;Otros gastos;2026M06;5.319
Acumulado en lo que va de año;Gasto total;Gasto no incluido en paquete turístico;Otros gastos;2026M05;4.235
Acumulado en lo que va de año;Gasto total;Gasto no incluido en paquete turístico;Otros gastos;2026M04;3.116
Acumulado en lo que va de año;Gasto total;Gasto no incluido en paquete turístico;Otros gastos;2026M03;2.085
Acumulado en lo que va de año;Gasto total;Gasto no incluido en paquete turístico;Otros gastos;2026M02;1.281
Acumulado en lo que va de año;Gasto total;Gasto no incluido en paquete turístico;Otros gastos;2026M01;645
Acumulado en lo que va de año;Gasto total;Gasto no incluido en paquete turístico;Otros gastos;2025M12;11.780
Acumulado en lo que va de año;Gasto total;Gasto no incluido en paquete turístico;Otros gastos;2025M11;11.062
Acumulado en lo que va de año;Gasto total;Gasto no incluido en paquete turístico;Otros gastos;2025M10;10.394
Acumulado en lo que va de año;Gasto total;Gasto no incluido en paquete turístico;Otros gastos;2025M09;9.250
Acumulado en lo que va de año;Gasto total;Gasto no incluido en paquete turístico;Otros gastos;2025M08;8.098
Acumulado en lo que va de año;Gasto total;Gasto no incluido en paquete turístico;Otros gastos;2025M07;6.623
Acumulado en lo que va de año;Gasto total;Gasto no incluido en paquete turístico;Otros gastos;2025M06;5.174
Acumulado en lo que va de año;Gasto total;Gasto no incluido en paquete turístico;Otros gastos;2025M05;4.061
Acumulado en lo que va de año;Gasto total;Gasto no incluido en paquete turístico;Otros gastos;2025M04;3.036
Acumulado en lo que va de año;Gasto total;Gasto no incluido en paquete turístico;Otros gastos;2025M03;2.030
Acumulado en lo que va de año;Gasto total;Gasto no incluido en paquete turístico;Otros gastos;2025M02;1.202
Acumulado en lo que va de año;Gasto total;Gasto no incluido en paquete turístico;Otros gastos;2025M01;589
Acumulado en lo que va de año;Gasto total;Gasto no incluido en paquete turístico;Otros gastos;2024M12;11.076
Acumulado en lo que va de año;Gasto total;Gasto no incluido en paquete turístico;Otros gastos;2024M11;10.376
Acumulado en lo que va de año;Gasto total;Gasto no incluido en paquete turístico;Otros gastos;2024M10;9.734
Acumulado en lo que va de año;Gasto total;Gasto no incluido en paquete turístico;Otros gastos;2024M09;8.733
Acumulado en lo que va de año;Gasto total;Gasto no incluido en paquete turístico;Otros gastos;2024M08;7.659
Acumulado en lo que va de año;Gasto total;Gasto no incluido en paquete turístico;Otros gastos;2024M07;6.252
Acumulado en lo que va de año;Gasto total;Gasto no incluido en paquete turístico;Otros gastos;2024M06;4.829
Acumulado en lo que va de año;Gasto total;Gasto no incluido en paquete turístico;Otros gastos;2024M05;3.791
Acumulado en lo que va de año;Gasto total;Gasto no incluido en paquete turístico;Otros gastos;2024M04;2.790
Acumulado en lo que va de año;Gasto total;Gasto no incluido en paquete turístico;Otros gastos;2024M03;1.943
Acumulado en lo que va de año;Gasto total;Gasto no incluido en paquete turístico;Otros gastos;2024M02;1.159
Acumulado en lo que va de año;Gasto total;Gasto no incluido en paquete turístico;Otros gastos;2024M01;574
Acumulado en lo que va de año;Gasto total;Gasto no incluido en paquete turístico;Otros gastos;2023M12;9.672
Acumulado en lo que va de año;Gasto total;Gasto no incluido en paquete turístico;Otros gastos;2023M11;9.001
Acumulado en lo que va de año;Gasto total;Gasto no incluido en paquete turístico;Otros gastos;2023M10;8.427
Acumulado en lo que va de año;Gasto total;Gasto no incluido en paquete turístico;Otros gastos;2023M09;7.507
Acumulado en lo que va de año;Gasto total;Gasto no incluido en paquete turístico;Otros gastos;2023M08;6.519
Acumulado en lo que va de año;Gasto total;Gasto no incluido en paquete turístico;Otros gastos;2023M07;5.236
Acumulado en lo que va de año;Gasto total;Gasto no incluido en paquete turístico;Otros gastos;2023M06;4.016
Acumulado en lo que va de año;Gasto total;Gasto no incluido en paquete turístico;Otros gastos;2023M05;3.096
Acumulado en lo que va de año;Gasto total;Gasto no incluido en paquete turístico;Otros gastos;2023M04;2.270
Acumulado en lo que va de año;Gasto total;Gasto no incluido en paquete turístico;Otros gastos;2023M03;1.470
Acumulado en lo que va de año;Gasto total;Gasto no incluido en paquete turístico;Otros gastos;2023M02;890
Acumulado en lo que va de año;Gasto total;Gasto no incluido en paquete turístico;Otros gastos;2023M01;439
Acumulado en lo que va de año;Gasto total;Gasto no incluido en paquete turístico;Otros gastos;2022M12;8.016
Acumulado en lo que va de año;Gasto total;Gasto no incluido en paquete turístico;Otros gastos;2022M11;7.527
Acumulado en lo que va de año;Gasto total;Gasto no incluido en paquete turístico;Otros gastos;2022M10;7.039
Acumulado en lo que va de año;Gasto total;Gasto no incluido en paquete turístico;Otros gastos;2022M09;6.304
Acumulado en lo que va de año;Gasto total;Gasto no incluido en paquete turístico;Otros gastos;2022M08;5.521
Acumulado en lo que va de año;Gasto total;Gasto no incluido en paquete turístico;Otros gastos;2022M07;4.483
Acumulado en lo que va de año;Gasto total;Gasto no incluido en paquete turístico;Otros gastos;2022M06;3.348
Acumulado en lo que va de año;Gasto total;Gasto no incluido en paquete turístico;Otros gastos;2022M05;2.558
Acumulado en lo que va de año;Gasto total;Gasto no incluido en paquete turístico;Otros gastos;2022M04;1.842
Acumulado en lo que va de año;Gasto total;Gasto no incluido en paquete turístico;Otros gastos;2022M03;1.166
Acumulado en lo que va de año;Gasto total;Gasto no incluido en paquete turístico;Otros gastos;2022M02;677
Acumulado en lo que va de año;Gasto total;Gasto no incluido en paquete turístico;Otros gastos;2022M01;299
Acumulado en lo que va de año;Gasto total;Gasto no incluido en paquete turístico;Otros gastos;2021M12;3.768
Acumulado en lo que va de año;Gasto total;Gasto no incluido en paquete turístico;Otros gastos;2021M11;3.426
Acumulado en lo que va de año;Gasto total;Gasto no incluido en paquete turístico;Otros gastos;2021M10;3.064
Acumulado en lo que va de año;Gasto total;Gasto no incluido en paquete turístico;Otros gastos;2021M09;2.521
Acumulado en lo que va de año;Gasto total;Gasto no incluido en paquete turístico;Otros gastos;2021M08;2.002
Acumulado en lo que va de año;Gasto total;Gasto no incluido en paquete turístico;Otros gastos;2021M07;1.396
Acumulado en lo que va de año;Gasto total;Gasto no incluido en paquete turístico;Otros gastos;2021M06;774
Acumulado en lo que va de año;Gasto total;Gasto no incluido en paquete turístico;Otros gastos;2021M05;451
Acumulado en lo que va de año;Gasto total;Gasto no incluido en paquete turístico;Otros gastos;2021M04;255
Acumulado en lo que va de año;Gasto total;Gasto no incluido en paquete turístico;Otros gastos;2021M03;156
Acumulado en lo que va de año;Gasto total;Gasto no incluido en paquete turístico;Otros gastos;2021M02;97
Acumulado en lo que va de año;Gasto total;Gasto no incluido en paquete turístico;Otros gastos;2021M01;54
Acumulado en lo que va de año;Gasto total;Gasto no incluido en paquete turístico;Otros gastos;2020M12;2.032
Acumulado en lo que va de año;Gasto total;Gasto no incluido en paquete turístico;Otros gastos;2020M11;1.955
Acumulado en lo que va de año;Gasto total;Gasto no incluido en paquete turístico;Otros gastos;2020M10;1.903
Acumulado en lo que va de año;Gasto total;Gasto no incluido en paquete turístico;Otros gastos;2020M09;1.791
Acumulado en lo que va de año;Gasto total;Gasto no incluido en paquete turístico;Otros gastos;2020M08;1.668
Acumulado en lo que va de año;Gasto total;Gasto no incluido en paquete turístico;Otros gastos;2020M07;1.391
Acumulado en lo que va de año;Gasto total;Gasto no incluido en paquete turístico;Otros gastos;2020M06;1.108
Acumulado en lo que va de año;Gasto total;Gasto no incluido en paquete turístico;Otros gastos;2020M05;1.083
Acumulado en lo que va de año;Gasto total;Gasto no incluido en paquete turístico;Otros gastos;2020M04;1.083
Acumulado en lo que va de año;Gasto total;Gasto no incluido en paquete turístico;Otros gastos;2020M03;1.083
Acumulado en lo que va de año;Gasto total;Gasto no incluido en paquete turístico;Otros gastos;2020M02;883
Acumulado en lo que va de año;Gasto total;Gasto no incluido en paquete turístico;Otros gastos;2020M01;431
Acumulado en lo que va de año;Gasto total;Gasto no incluido en paquete turístico;Otros gastos;2019M12;8.828
Acumulado en lo que va de año;Gasto total;Gasto no incluido en paquete turístico;Otros gastos;2019M11;8.343
Acumulado en lo que va de año;Gasto total;Gasto no incluido en paquete turístico;Otros gastos;2019M10;7.878
Acumulado en lo que va de año;Gasto total;Gasto no incluido en paquete turístico;Otros gastos;2019M09;7.087
Acumulado en lo que va de año;Gasto total;Gasto no incluido en paquete turístico;Otros gastos;2019M08;6.190
Acumulado en lo que va de año;Gasto total;Gasto no incluido en paquete turístico;Otros gastos;2019M07;5.053
Acumulado en lo que va de año;Gasto total;Gasto no incluido en paquete turístico;Otros gastos;2019M06;3.864
Acumulado en lo que va de año;Gasto total;Gasto no incluido en paquete turístico;Otros gastos;2019M05;2.965
Acumulado en lo que va de año;Gasto total;Gasto no incluido en paquete turístico;Otros gastos;2019M04;2.194
Acumulado en lo que va de año;Gasto total;Gasto no incluido en paquete turístico;Otros gastos;2019M03;1.469
Acumulado en lo que va de año;Gasto total;Gasto no incluido en paquete turístico;Otros gastos;2019M02;890
Acumulado en lo que va de año;Gasto total;Gasto no incluido en paquete turístico;Otros gastos;2019M01;435
Acumulado en lo que va de año;Gasto total;Gasto no incluido en paquete turístico;Otros gastos;2018M12;9.194
Acumulado en lo que va de año;Gasto total;Gasto no incluido en paquete turístico;Otros gastos;2018M11;8.706
Acumulado en lo que va de año;Gasto total;Gasto no incluido en paquete turístico;Otros gastos;2018M10;8.209
Acumulado en lo que va de año;Gasto total;Gasto no incluido en paquete turístico;Otros gastos;2018M09;7.387
Acumulado en lo que va de año;Gasto total;Gasto no incluido en paquete turístico;Otros gastos;2018M08;6.468
Acumulado en lo que va de año;Gasto total;Gasto no incluido en paquete turístico;Otros gastos;2018M07;5.274
Acumulado en lo que va de año;Gasto total;Gasto no incluido en paquete turístico;Otros gastos;2018M06;4.044
Acumulado en lo que va de año;Gasto total;Gasto no incluido en paquete turístico;Otros gastos;2018M05;3.122
Acumulado en lo que va de año;Gasto total;Gasto no incluido en paquete turístico;Otros gastos;2018M04;2.264
Acumulado en lo que va de año;Gasto total;Gasto no incluido en paquete turístico;Otros gastos;2018M03;1.549
Acumulado en lo que va de año;Gasto total;Gasto no incluido en paquete turístico;Otros gastos;2018M02;933
Acumulado en lo que va de año;Gasto total;Gasto no incluido en paquete turístico;Otros gastos;2018M01;470
Acumulado en lo que va de año;Gasto total;Gasto no incluido en paquete turístico;Otros gastos;2017M12;9.532
Acumulado en lo que va de año;Gasto total;Gasto no incluido en paquete turístico;Otros gastos;2017M11;9.046
Acumulado en lo que va de año;Gasto total;Gasto no incluido en paquete turístico;Otros gastos;2017M10;8.549
Acumulado en lo que va de año;Gasto total;Gasto no incluido en paquete turístico;Otros gastos;2017M09;7.703
Acumulado en lo que va de año;Gasto total;Gasto no incluido en paquete turístico;Otros gastos;2017M08;6.736
Acumulado en lo que va de año;Gasto total;Gasto no incluido en paquete turístico;Otros gastos;2017M07;5.464
Acumulado en lo que va de año;Gasto total;Gasto no incluido en paquete turístico;Otros gastos;2017M06;4.077
Acumulado en lo que va de año;Gasto total;Gasto no incluido en paquete turístico;Otros gastos;2017M05;3.128
Acumulado en lo que va de año;Gasto total;Gasto no incluido en paquete turístico;Otros gastos;2017M04;2.246
Acumulado en lo que va de año;Gasto total;Gasto no incluido en paquete turístico;Otros gastos;2017M03;1.470
Acumulado en lo que va de año;Gasto total;Gasto no incluido en paquete turístico;Otros gastos;2017M02;893
Acumulado en lo que va de año;Gasto total;Gasto no incluido en paquete turístico;Otros gastos;2017M01;435
Acumulado en lo que va de año;Gasto total;Gasto no incluido en paquete turístico;Otros gastos;2016M12;8.760
Acumulado en lo que va de año;Gasto total;Gasto no incluido en paquete turístico;Otros gastos;2016M11;8.253
Acumulado en lo que va de año;Gasto total;Gasto no incluido en paquete turístico;Otros gastos;2016M10;7.789
Acumulado en lo que va de año;Gasto total;Gasto no incluido en paquete turístico;Otros gastos;2016M09;6.992
Acumulado en lo que va de año;Gasto total;Gasto no incluido en paquete turístico;Otros gastos;2016M08;6.074
Acumulado en lo que va de año;Gasto total;Gasto no incluido en paquete turístico;Otros gastos;2016M07;4.840
Acumulado en lo que va de año;Gasto total;Gasto no incluido en paquete turístico;Otros gastos;2016M06;3.689
Acumulado en lo que va de año;Gasto total;Gasto no incluido en paquete turístico;Otros gastos;2016M05;2.798
Acumulado en lo que va de año;Gasto total;Gasto no incluido en paquete turístico;Otros gastos;2016M04;1.969
Acumulado en lo que va de año;Gasto total;Gasto no incluido en paquete turístico;Otros gastos;2016M03;1.284
Acumulado en lo que va de año;Gasto total;Gasto no incluido en paquete turístico;Otros gastos;2016M02;773
Acumulado en lo que va de año;Gasto total;Gasto no incluido en paquete turístico;Otros gastos;2016M01;401
Acumulado en lo que va de año;Gasto total;Gasto no incluido en paquete turístico;Otros gastos;2015M12;""
Acumulado en lo que va de año;Gasto total;Gasto no incluido en paquete turístico;Otros gastos;2015M11;""
Acumulado en lo que va de año;Gasto total;Gasto no incluido en paquete turístico;Otros gastos;2015M10;""
Tasa de variación acumulada;Gasto total;;;2026M07;7,81
Tasa de variación acumulada;Gasto total;;;2026M06;6,96
Tasa de variación acumulada;Gasto total;;;2026M05;7,78
Tasa de variación acumulada;Gasto total;;;2026M04;6,68
Tasa de variación acumulada;Gasto total;;;2026M03;6,33
Tasa de variación acumulada;Gasto total;;;2026M02;6,91
Tasa de variación acumulada;Gasto total;;;2026M01;9,26
Tasa de variación acumulada;Gasto total;;;2025M12;6,82
Tasa de variación acumulada;Gasto total;;;2025M11;6,91
Tasa de variación acumulada;Gasto total;;;2025M10;7,05
Tasa de variación acumulada;Gasto total;;;2025M09;6,99
Tasa de variación acumulada;Gasto total;;;2025M08;7,09
Tasa de variación acumulada;Gasto total;;;2025M07;7,25
Tasa de variación acumulada;Gasto total;;;2025M06;7,62
Tasa de variación acumulada;Gasto total;;;2025M05;8,19
Tasa de variación acumulada;Gasto total;;;2025M04;9,52
Tasa de variación acumulada;Gasto total;;;2025M03;7,31
Tasa de variación acumulada;Gasto total;;;2025M02;8,45
Tasa de variación acumulada;Gasto total;;;2025M01;9,11
Tasa de variación acumulada;Gasto total;;;2024M12;15,95
Tasa de variación acumulada;Gasto total;;;2024M11;16,57
Tasa de variación acumulada;Gasto total;;;2024M10;16,61
Tasa de variación acumulada;Gasto total;;;2024M09;16,75
Tasa de variación acumulada;Gasto total;;;2024M08;17,37
Tasa de variación acumulada;Gasto total;;;2024M07;18,36
Tasa de variación acumulada;Gasto total;;;2024M06;20,35
Tasa de variación acumulada;Gasto total;;;2024M05;21,51
Tasa de variación acumulada;Gasto total;;;2024M04;22,21
Tasa de variación acumulada;Gasto total;;;2024M03;27,10
Tasa de variación acumulada;Gasto total;;;2024M02;25,63
Tasa de variación acumulada;Gasto total;;;2024M01;25,48
Tasa de variación acumulada;Gasto total;;;2023M12;24,85
Tasa de variación acumulada;Gasto total;;;2023M11;24,18
Tasa de variación acumulada;Gasto total;;;2023M10;24,23
Tasa de variación acumulada;Gasto total;;;2023M09;24,26
Tasa de variación acumulada;Gasto total;;;2023M08;24,55
Tasa de variación acumulada;Gasto total;;;2023M07;25,50
Tasa de variación acumulada;Gasto total;;;2023M06;28,44
Tasa de variación acumulada;Gasto total;;;2023M05;32,11
Tasa de variación acumulada;Gasto total;;;2023M04;36,71
Tasa de variación acumulada;Gasto total;;;2023M03;45,05
Tasa de variación acumulada;Gasto total;;;2023M02;55,27
Tasa de variación acumulada;Gasto total;;;2023M01;71,62
Tasa de variación acumulada;Gasto total;;;2022M12;149,66
Tasa de variación acumulada;Gasto total;;;2022M11;161,10
Tasa de variación acumulada;Gasto total;;;2022M10;177,18
Tasa de variación acumulada;Gasto total;;;2022M09;210,04
Tasa de variación acumulada;Gasto total;;;2022M08;248,47
Tasa de variación acumulada;Gasto total;;;2022M07;332,74
Tasa de variación acumulada;Gasto total;;;2022M06;517,35
Tasa de variación acumulada;Gasto total;;;2022M05;692,16
Tasa de variación acumulada;Gasto total;;;2022M04;843,14
Tasa de variación acumulada;Gasto total;;;2022M03;797,41
Tasa de variación acumulada;Gasto total;;;2022M02;772,25
Tasa de variación acumulada;Gasto total;;;2022M01;564,53
Tasa de variación acumulada;Gasto total;;;2021M12;76,40
Tasa de variación acumulada;Gasto total;;;2021M11;64,31
Tasa de variación acumulada;Gasto total;;;2021M10;48,35
Tasa de variación acumulada;Gasto total;;;2021M09;23,98
Tasa de variación acumulada;Gasto total;;;2021M08;1,01
Tasa de variación acumulada;Gasto total;;;2021M07;-22,91
Tasa de variación acumulada;Gasto total;;;2021M06;-51,02
Tasa de variación acumulada;Gasto total;;;2021M05;-71,11
Tasa de variación acumulada;Gasto total;;;2021M04;-83,01
Tasa de variación acumulada;Gasto total;;;2021M03;-88,70
Tasa de variación acumulada;Gasto total;;;2021M02;-91,83
Tasa de variación acumulada;Gasto total;;;2021M01;-90,40
Tasa de variación acumulada;Gasto total;;;2020M12;-78,47
Tasa de variación acumulada;Gasto total;;;2020M11;-78,03
Tasa de variación acumulada;Gasto total;;;2020M10;-77,26
Tasa de variación acumulada;Gasto total;;;2020M09;-75,86
Tasa de variación acumulada;Gasto total;;;2020M08;-73,74
Tasa de variación acumulada;Gasto total;;;2020M07;-72,56
Tasa de variación acumulada;Gasto total;;;2020M06;-70,53
Tasa de variación acumulada;Gasto total;;;2020M05;-61,62
Tasa de variación acumulada;Gasto total;;;2020M04;-47,70
Tasa de variación acumulada;Gasto total;;;2020M03;-23,69
Tasa de variación acumulada;Gasto total;;;2020M02;2,35
Tasa de variación acumulada;Gasto total;;;2020M01;1,89
Tasa de variación acumulada;Gasto total;;;2019M12;2,41
Tasa de variación acumulada;Gasto total;;;2019M11;2,55
Tasa de variación acumulada;Gasto total;;;2019M10;2,49
Tasa de variación acumulada;Gasto total;;;2019M09;2,55
Tasa de variación acumulada;Gasto total;;;2019M08;2,83
Tasa de variación acumulada;Gasto total;;;2019M07;2,98
Tasa de variación acumulada;Gasto total;;;2019M06;3,39
Tasa de variación acumulada;Gasto total;;;2019M05;3,39
Tasa de variación acumulada;Gasto total;;;2019M04;4,76
Tasa de variación acumulada;Gasto total;;;2019M03;3,96
Tasa de variación acumulada;Gasto total;;;2019M02;3,06
Tasa de variación acumulada;Gasto total;;;2019M01;3,41
Tasa de variación acumulada;Gasto total;;;2018M12;3,16
Tasa de variación acumulada;Gasto total;;;2018M11;2,75
Tasa de variación acumulada;Gasto total;;;2018M10;2,60
Tasa de variación acumulada;Gasto total;;;2018M09;2,35
Tasa de variación acumulada;Gasto total;;;2018M08;2,60
Tasa de variación acumulada;Gasto total;;;2018M07;2,96
Tasa de variación acumulada;Gasto total;;;2018M06;4,18
Tasa de variación acumulada;Gasto total;;;2018M05;4,15
Tasa de variación acumulada;Gasto total;;;2018M04;4,64
Tasa de variación acumulada;Gasto total;;;2018M03;8,11
Tasa de variación acumulada;Gasto total;;;2018M02;5,75
Tasa de variación acumulada;Gasto total;;;2018M01;6,13
Tasa de variación acumulada;Gasto total;;;2017M12;12,39
Tasa de variación acumulada;Gasto total;;;2017M11;13,15
Tasa de variación acumulada;Gasto total;;;2017M10;13,32
Tasa de variación acumulada;Gasto total;;;2017M09;14,17
Tasa de variación acumulada;Gasto total;;;2017M08;14,38
Tasa de variación acumulada;Gasto total;;;2017M07;15,36
Tasa de variación acumulada;Gasto total;;;2017M06;15,24
Tasa de variación acumulada;Gasto total;;;2017M05;15,33
Tasa de variación acumulada;Gasto total;;;2017M04;15,62
Tasa de variación acumulada;Gasto total;;;2017M03;13,33
Tasa de variación acumulada;Gasto total;;;2017M02;15,10
Tasa de variación acumulada;Gasto total;;;2017M01;14,07
Tasa de variación acumulada;Gasto total;;;2016M12;9,21
Tasa de variación acumulada;Gasto total;;;2016M11;8,61
Tasa de variación acumulada;Gasto total;;;2016M10;8,61
Tasa de variación acumulada;Gasto total;;;2016M09;7,71
Tasa de variación acumulada;Gasto total;;;2016M08;7,31
Tasa de variación acumulada;Gasto total;;;2016M07;8,10
Tasa de variación acumulada;Gasto total;;;2016M06;8,21
Tasa de variación acumulada;Gasto total;;;2016M05;6,84
Tasa de variación acumulada;Gasto total;;;2016M04;6,19
Tasa de variación acumulada;Gasto total;;;2016M03;7,14
Tasa de variación acumulada;Gasto total;;;2016M02;5,76
Tasa de variación acumulada;Gasto total;;;2016M01;3,62
Tasa de variación acumulada;Gasto total;;;2015M12;""
Tasa de variación acumulada;Gasto total;;;2015M11;""
Tasa de variación acumulada;Gasto total;;;2015M10;""
Tasa de variación acumulada;Gasto total;Gasto en paquete turístico;;2026M07;10,28
Tasa de variación acumulada;Gasto total;Gasto en paquete turístico;;2026M06;7,51
Tasa de variación acumulada;Gasto total;Gasto en paquete turístico;;2026M05;6,72
Tasa de variación acumulada;Gasto total;Gasto en paquete turístico;;2026M04;3,34
Tasa de variación acumulada;Gasto total;Gasto en paquete turístico;;2026M03;1,62
Tasa de variación acumulada;Gasto total;Gasto en paquete turístico;;2026M02;2,85
Tasa de variación acumulada;Gasto total;Gasto en paquete turístico;;2026M01;4,80
Tasa de variación acumulada;Gasto total;Gasto en paquete turístico;;2025M12;5,24
Tasa de variación acumulada;Gasto total;Gasto en paquete turístico;;2025M11;5,33
Tasa de variación acumulada;Gasto total;Gasto en paquete turístico;;2025M10;4,92
Tasa de variación acumulada;Gasto total;Gasto en paquete turístico;;2025M09;4,88
Tasa de variación acumulada;Gasto total;Gasto en paquete turístico;;2025M08;5,67
Tasa de variación acumulada;Gasto total;Gasto en paquete turístico;;2025M07;5,82
Tasa de variación acumulada;Gasto total;Gasto en paquete turístico;;2025M06;6,06
Tasa de variación acumulada;Gasto total;Gasto en paquete turístico;;2025M05;5,98
Tasa de variación acumulada;Gasto total;Gasto en paquete turístico;;2025M04;6,36
Tasa de variación acumulada;Gasto total;Gasto en paquete turístico;;2025M03;2,41
Tasa de variación acumulada;Gasto total;Gasto en paquete turístico;;2025M02;7,52
Tasa de variación acumulada;Gasto total;Gasto en paquete turístico;;2025M01;8,25
Tasa de variación acumulada;Gasto total;Gasto en paquete turístico;;2024M12;14,66
Tasa de variación acumulada;Gasto total;Gasto en paquete turístico;;2024M11;15,86
Tasa de variación acumulada;Gasto total;Gasto en paquete turístico;;2024M10;16,52
Tasa de variación acumulada;Gasto total;Gasto en paquete turístico;;2024M09;16,38
Tasa de variación acumulada;Gasto total;Gasto en paquete turístico;;2024M08;17,81
Tasa de variación acumulada;Gasto total;Gasto en paquete turístico;;2024M07;18,30
Tasa de variación acumulada;Gasto total;Gasto en paquete turístico;;2024M06;18,24
Tasa de variación acumulada;Gasto total;Gasto en paquete turístico;;2024M05;20,33
Tasa de variación acumulada;Gasto total;Gasto en paquete turístico;;2024M04;22,42
Tasa de variación acumulada;Gasto total;Gasto en paquete turístico;;2024M03;29,59
Tasa de variación acumulada;Gasto total;Gasto en paquete turístico;;2024M02;25,87
Tasa de variación acumulada;Gasto total;Gasto en paquete turístico;;2024M01;22,93
Tasa de variación acumulada;Gasto total;Gasto en paquete turístico;;2023M12;23,25
Tasa de variación acumulada;Gasto total;Gasto en paquete turístico;;2023M11;22,65
Tasa de variación acumulada;Gasto total;Gasto en paquete turístico;;2023M10;22,60
Tasa de variación acumulada;Gasto total;Gasto en paquete turístico;;2023M09;22,05
Tasa de variación acumulada;Gasto total;Gasto en paquete turístico;;2023M08;22,30
Tasa de variación acumulada;Gasto total;Gasto en paquete turístico;;2023M07;26,82
Tasa de variación acumulada;Gasto total;Gasto en paquete turístico;;2023M06;31,28
Tasa de variación acumulada;Gasto total;Gasto en paquete turístico;;2023M05;33,16
Tasa de variación acumulada;Gasto total;Gasto en paquete turístico;;2023M04;41,44
Tasa de variación acumulada;Gasto total;Gasto en paquete turístico;;2023M03;47,26
Tasa de variación acumulada;Gasto total;Gasto en paquete turístico;;2023M02;58,48
Tasa de variación acumulada;Gasto total;Gasto en paquete turístico;;2023M01;76,74
Tasa de variación acumulada;Gasto total;Gasto en paquete turístico;;2022M12;189,00
Tasa de variación acumulada;Gasto total;Gasto en paquete turístico;;2022M11;208,76
Tasa de variación acumulada;Gasto total;Gasto en paquete turístico;;2022M10;235,23
Tasa de variación acumulada;Gasto total;Gasto en paquete turístico;;2022M09;292,51
Tasa de variación acumulada;Gasto total;Gasto en paquete turístico;;2022M08;355,31
Tasa de variación acumulada;Gasto total;Gasto en paquete turístico;;2022M07;484,08
Tasa de variación acumulada;Gasto total;Gasto en paquete turístico;;2022M06;845,54
Tasa de variación acumulada;Gasto total;Gasto en paquete turístico;;2022M05;1.257,35
Tasa de variación acumulada;Gasto total;Gasto en paquete turístico;;2022M04;1.394,87
Tasa de variación acumulada;Gasto total;Gasto en paquete turístico;;2022M03;1.335,17
Tasa de variación acumulada;Gasto total;Gasto en paquete turístico;;2022M02;1.113,57
Tasa de variación acumulada;Gasto total;Gasto en paquete turístico;;2022M01;753,18
Tasa de variación acumulada;Gasto total;Gasto en paquete turístico;;2021M12;61,50
Tasa de variación acumulada;Gasto total;Gasto en paquete turístico;;2021M11;47,80
Tasa de variación acumulada;Gasto total;Gasto en paquete turístico;;2021M10;31,42
Tasa de variación acumulada;Gasto total;Gasto en paquete turístico;;2021M09;2,44
Tasa de variación acumulada;Gasto total;Gasto en paquete turístico;;2021M08;-23,23
Tasa de variación acumulada;Gasto total;Gasto en paquete turístico;;2021M07;-46,89
Tasa de variación acumulada;Gasto total;Gasto en paquete turístico;;2021M06;-72,29
Tasa de variación acumulada;Gasto total;Gasto en paquete turístico;;2021M05;-85,76
Tasa de variación acumulada;Gasto total;Gasto en paquete turístico;;2021M04;-91,51
Tasa de variación acumulada;Gasto total;Gasto en paquete turístico;;2021M03;-94,32
Tasa de variación acumulada;Gasto total;Gasto en paquete turístico;;2021M02;-95,49
Tasa de variación acumulada;Gasto total;Gasto en paquete turístico;;2021M01;-94,39
Tasa de variación acumulada;Gasto total;Gasto en paquete turístico;;2020M12;-82,73
Tasa de variación acumulada;Gasto total;Gasto en paquete turístico;;2020M11;-82,41
Tasa de variación acumulada;Gasto total;Gasto en paquete turístico;;2020M10;-81,79
Tasa de variación acumulada;Gasto total;Gasto en paquete turístico;;2020M09;-80,05
Tasa de variación acumulada;Gasto total;Gasto en paquete turístico;;2020M08;-77,66
Tasa de variación acumulada;Gasto total;Gasto en paquete turístico;;2020M07;-76,20
Tasa de variación acumulada;Gasto total;Gasto en paquete turístico;;2020M06;-72,43
Tasa de variación acumulada;Gasto total;Gasto en paquete turístico;;2020M05;-62,16
Tasa de variación acumulada;Gasto total;Gasto en paquete turístico;;2020M04;-45,04
Tasa de variación acumulada;Gasto total;Gasto en paquete turístico;;2020M03;-18,27
Tasa de variación acumulada;Gasto total;Gasto en paquete turístico;;2020M02;10,57
Tasa de variación acumulada;Gasto total;Gasto en paquete turístico;;2020M01;12,56
Tasa de variación acumulada;Gasto total;Gasto en paquete turístico;;2019M12;-2,01
Tasa de variación acumulada;Gasto total;Gasto en paquete turístico;;2019M11;-2,64
Tasa de variación acumulada;Gasto total;Gasto en paquete turístico;;2019M10;-3,29
Tasa de variación acumulada;Gasto total;Gasto en paquete turístico;;2019M09;-3,20
Tasa de variación acumulada;Gasto total;Gasto en paquete turístico;;2019M08;-2,52
Tasa de variación acumulada;Gasto total;Gasto en paquete turístico;;2019M07;-1,67
Tasa de variación acumulada;Gasto total;Gasto en paquete turístico;;2019M06;-3,88
Tasa de variación acumulada;Gasto total;Gasto en paquete turístico;;2019M05;-5,30
Tasa de variación acumulada;Gasto total;Gasto en paquete turístico;;2019M04;-6,09
Tasa de variación acumulada;Gasto total;Gasto en paquete turístico;;2019M03;-8,23
Tasa de variación acumulada;Gasto total;Gasto en paquete turístico;;2019M02;-7,46
Tasa de variación acumulada;Gasto total;Gasto en paquete turístico;;2019M01;-8,07
Tasa de variación acumulada;Gasto total;Gasto en paquete turístico;;2018M12;4,16
Tasa de variación acumulada;Gasto total;Gasto en paquete turístico;;2018M11;4,73
Tasa de variación acumulada;Gasto total;Gasto en paquete turístico;;2018M10;5,04
Tasa de variación acumulada;Gasto total;Gasto en paquete turístico;;2018M09;4,35
Tasa de variación acumulada;Gasto total;Gasto en paquete turístico;;2018M08;4,53
Tasa de variación acumulada;Gasto total;Gasto en paquete turístico;;2018M07;4,72
Tasa de variación acumulada;Gasto total;Gasto en paquete turístico;;2018M06;5,62
Tasa de variación acumulada;Gasto total;Gasto en paquete turístico;;2018M05;6,32
Tasa de variación acumulada;Gasto total;Gasto en paquete turístico;;2018M04;4,34
Tasa de variación acumulada;Gasto total;Gasto en paquete turístico;;2018M03;8,74
Tasa de variación acumulada;Gasto total;Gasto en paquete turístico;;2018M02;8,38
Tasa de variación acumulada;Gasto total;Gasto en paquete turístico;;2018M01;8,00
Tasa de variación acumulada;Gasto total;Gasto en paquete turístico;;2017M12;6,86
Tasa de variación acumulada;Gasto total;Gasto en paquete turístico;;2017M11;6,83
Tasa de variación acumulada;Gasto total;Gasto en paquete turístico;;2017M10;6,23
Tasa de variación acumulada;Gasto total;Gasto en paquete turístico;;2017M09;6,47
Tasa de variación acumulada;Gasto total;Gasto en paquete turístico;;2017M08;5,54
Tasa de variación acumulada;Gasto total;Gasto en paquete turístico;;2017M07;5,94
Tasa de variación acumulada;Gasto total;Gasto en paquete turístico;;2017M06;9,36
Tasa de variación acumulada;Gasto total;Gasto en paquete turístico;;2017M05;7,67
Tasa de variación acumulada;Gasto total;Gasto en paquete turístico;;2017M04;10,32
Tasa de variación acumulada;Gasto total;Gasto en paquete turístico;;2017M03;6,17
Tasa de variación acumulada;Gasto total;Gasto en paquete turístico;;2017M02;7,51
Tasa de variación acumulada;Gasto total;Gasto en paquete turístico;;2017M01;5,94
Tasa de variación acumulada;Gasto total;Gasto en paquete turístico;;2016M12;11,95
Tasa de variación acumulada;Gasto total;Gasto en paquete turístico;;2016M11;12,16
Tasa de variación acumulada;Gasto total;Gasto en paquete turístico;;2016M10;12,77
Tasa de variación acumulada;Gasto total;Gasto en paquete turístico;;2016M09;12,04
Tasa de variación acumulada;Gasto total;Gasto en paquete turístico;;2016M08;13,08
Tasa de variación acumulada;Gasto total;Gasto en paquete turístico;;2016M07;13,82
Tasa de variación acumulada;Gasto total;Gasto en paquete turístico;;2016M06;10,16
Tasa de variación acumulada;Gasto total;Gasto en paquete turístico;;2016M05;6,89
Tasa de variación acumulada;Gasto total;Gasto en paquete turístico;;2016M04;5,57
Tasa de variación acumulada;Gasto total;Gasto en paquete turístico;;2016M03;1,76
Tasa de variación acumulada;Gasto total;Gasto en paquete turístico;;2016M02;1,78
Tasa de variación acumulada;Gasto total;Gasto en paquete turístico;;2016M01;5,83
Tasa de variación acumulada;Gasto total;Gasto en paquete turístico;;2015M12;""
Tasa de variación acumulada;Gasto total;Gasto en paquete turístico;;2015M11;""
Tasa de variación acumulada;Gasto total;Gasto en paquete turístico;;2015M10;""
Tasa de variación acumulada;Gasto total;Gasto no incluido en paquete turístico;;2026M07;7,33
Tasa de variación acumulada;Gasto total;Gasto no incluido en paquete turístico;;2026M06;6,86
Tasa de variación acumulada;Gasto total;Gasto no incluido en paquete turístico;;2026M05;7,97
Tasa de variación acumulada;Gasto total;Gasto no incluido en paquete turístico;;2026M04;7,26
Tasa de variación acumulada;Gasto total;Gasto no incluido en paquete turístico;;2026M03;7,13
Tasa de variación acumulada;Gasto total;Gasto no incluido en paquete turístico;;2026M02;7,59
Tasa de variación acumulada;Gasto total;Gasto no incluido en paquete turístico;;2026M01;9,99
Tasa de variación acumulada;Gasto total;Gasto no incluido en paquete turístico;;2025M12;7,13
Tasa de variación acumulada;Gasto total;Gasto no incluido en paquete turístico;;2025M11;7,24
Tasa de variación acumulada;Gasto total;Gasto no incluido en paquete turístico;;2025M10;7,49
Tasa de variación acumulada;Gasto total;Gasto no incluido en paquete turístico;;2025M09;7,42
Tasa de variación acumulada;Gasto total;Gasto no incluido en paquete turístico;;2025M08;7,37
Tasa de variación acumulada;Gasto total;Gasto no incluido en paquete turístico;;2025M07;7,53
Tasa de variación acumulada;Gasto total;Gasto no incluido en paquete turístico;;2025M06;7,91
Tasa de variación acumulada;Gasto total;Gasto no incluido en paquete turístico;;2025M05;8,60
Tasa de variación acumulada;Gasto total;Gasto no incluido en paquete turístico;;2025M04;10,08
Tasa de variación acumulada;Gasto total;Gasto no incluido en paquete turístico;;2025M03;8,20
Tasa de variación acumulada;Gasto total;Gasto no incluido en paquete turístico;;2025M02;8,61
Tasa de variación acumulada;Gasto total;Gasto no incluido en paquete turístico;;2025M01;9,25
Tasa de variación acumulada;Gasto total;Gasto no incluido en paquete turístico;;2024M12;16,21
Tasa de variación acumulada;Gasto total;Gasto no incluido en paquete turístico;;2024M11;16,72
Tasa de variación acumulada;Gasto total;Gasto no incluido en paquete turístico;;2024M10;16,63
Tasa de variación acumulada;Gasto total;Gasto no incluido en paquete turístico;;2024M09;16,82
Tasa de variación acumulada;Gasto total;Gasto no incluido en paquete turístico;;2024M08;17,28
Tasa de variación acumulada;Gasto total;Gasto no incluido en paquete turístico;;2024M07;18,37
Tasa de variación acumulada;Gasto total;Gasto no incluido en paquete turístico;;2024M06;20,76
Tasa de variación acumulada;Gasto total;Gasto no incluido en paquete turístico;;2024M05;21,72
Tasa de variación acumulada;Gasto total;Gasto no incluido en paquete turístico;;2024M04;22,17
Tasa de variación acumulada;Gasto total;Gasto no incluido en paquete turístico;;2024M03;26,66
Tasa de variación acumulada;Gasto total;Gasto no incluido en paquete turístico;;2024M02;25,58
Tasa de variación acumulada;Gasto total;Gasto no incluido en paquete turístico;;2024M01;25,91
Tasa de variación acumulada;Gasto total;Gasto no incluido en paquete turístico;;2023M12;25,18
Tasa de variación acumulada;Gasto total;Gasto no incluido en paquete turístico;;2023M11;24,49
Tasa de variación acumulada;Gasto total;Gasto no incluido en paquete turístico;;2023M10;24,57
Tasa de variación acumulada;Gasto total;Gasto no incluido en paquete turístico;;2023M09;24,73
Tasa de variación acumulada;Gasto total;Gasto no incluido en paquete turístico;;2023M08;25,01
Tasa de variación acumulada;Gasto total;Gasto no incluido en paquete turístico;;2023M07;25,24
Tasa de variación acumulada;Gasto total;Gasto no incluido en paquete turístico;;2023M06;27,91
Tasa de variación acumulada;Gasto total;Gasto no incluido en paquete turístico;;2023M05;31,92
Tasa de variación acumulada;Gasto total;Gasto no incluido en paquete turístico;;2023M04;35,90
Tasa de variación acumulada;Gasto total;Gasto no incluido en paquete turístico;;2023M03;44,67
Tasa de variación acumulada;Gasto total;Gasto no incluido en paquete turístico;;2023M02;54,74
Tasa de variación acumulada;Gasto total;Gasto no incluido en paquete turístico;;2023M01;70,80
Tasa de variación acumulada;Gasto total;Gasto no incluido en paquete turístico;;2022M12;142,83
Tasa de variación acumulada;Gasto total;Gasto no incluido en paquete turístico;;2022M11;152,95
Tasa de variación acumulada;Gasto total;Gasto no incluido en paquete turístico;;2022M10;167,41
Tasa de variación acumulada;Gasto total;Gasto no incluido en paquete turístico;;2022M09;196,90
Tasa de variación acumulada;Gasto total;Gasto no incluido en paquete turístico;;2022M08;232,53
Tasa de variación acumulada;Gasto total;Gasto no incluido en paquete turístico;;2022M07;312,15
Tasa de variación acumulada;Gasto total;Gasto no incluido en paquete turístico;;2022M06;479,72
Tasa de variación acumulada;Gasto total;Gasto no incluido en paquete turístico;;2022M05;636,14
Tasa de variación acumulada;Gasto total;Gasto no incluido en paquete turístico;;2022M04;787,65
Tasa de variación acumulada;Gasto total;Gasto no incluido en paquete turístico;;2022M03;742,88
Tasa de variación acumulada;Gasto total;Gasto no incluido en paquete turístico;;2022M02;733,32
Tasa de variación acumulada;Gasto total;Gasto no incluido en paquete turístico;;2022M01;541,61
Tasa de variación acumulada;Gasto total;Gasto no incluido en paquete turístico;;2021M12;79,27
Tasa de variación acumulada;Gasto total;Gasto no incluido en paquete turístico;;2021M11;67,51
Tasa de variación acumulada;Gasto total;Gasto no incluido en paquete turístico;;2021M10;51,64
Tasa de variación acumulada;Gasto total;Gasto no incluido en paquete turístico;;2021M09;28,28
Tasa de variación acumulada;Gasto total;Gasto no incluido en paquete turístico;;2021M08;6,00
Tasa de variación acumulada;Gasto total;Gasto no incluido en paquete turístico;;2021M07;-17,87
Tasa de variación acumulada;Gasto total;Gasto no incluido en paquete turístico;;2021M06;-46,29
Tasa de variación acumulada;Gasto total;Gasto no incluido en paquete turístico;;2021M05;-67,82
Tasa de variación acumulada;Gasto total;Gasto no incluido en paquete turístico;;2021M04;-81,10
Tasa de variación acumulada;Gasto total;Gasto no incluido en paquete turístico;;2021M03;-87,45
Tasa de variación acumulada;Gasto total;Gasto no incluido en paquete turístico;;2021M02;-90,99
Tasa de variación acumulada;Gasto total;Gasto no incluido en paquete turístico;;2021M01;-89,50
Tasa de variación acumulada;Gasto total;Gasto no incluido en paquete turístico;;2020M12;-77,40
Tasa de variación acumulada;Gasto total;Gasto no incluido en paquete turístico;;2020M11;-76,92
Tasa de variación acumulada;Gasto total;Gasto no incluido en paquete turístico;;2020M10;-76,11
Tasa de variación acumulada;Gasto total;Gasto no incluido en paquete turístico;;2020M09;-74,81
Tasa de variación acumulada;Gasto total;Gasto no incluido en paquete turístico;;2020M08;-72,76
Tasa de variación acumulada;Gasto total;Gasto no incluido en paquete turístico;;2020M07;-71,65
Tasa de variación acumulada;Gasto total;Gasto no incluido en paquete turístico;;2020M06;-70,07
Tasa de variación acumulada;Gasto total;Gasto no incluido en paquete turístico;;2020M05;-61,50
Tasa de variación acumulada;Gasto total;Gasto no incluido en paquete turístico;;2020M04;-48,26
Tasa de variación acumulada;Gasto total;Gasto no incluido en paquete turístico;;2020M03;-24,81
Tasa de variación acumulada;Gasto total;Gasto no incluido en paquete turístico;;2020M02;0,65
Tasa de variación acumulada;Gasto total;Gasto no incluido en paquete turístico;;2020M01;-0,25
Tasa de variación acumulada;Gasto total;Gasto no incluido en paquete turístico;;2019M12;3,59
Tasa de variación acumulada;Gasto total;Gasto no incluido en paquete turístico;;2019M11;3,96
Tasa de variación acumulada;Gasto total;Gasto no incluido en paquete turístico;;2019M10;4,07
Tasa de variación acumulada;Gasto total;Gasto no incluido en paquete turístico;;2019M09;4,11
Tasa de variación acumulada;Gasto total;Gasto no incluido en paquete turístico;;2019M08;4,26
Tasa de variación acumulada;Gasto total;Gasto no incluido en paquete turístico;;2019M07;4,22
Tasa de variación acumulada;Gasto total;Gasto no incluido en paquete turístico;;2019M06;5,31
Tasa de variación acumulada;Gasto total;Gasto no incluido en paquete turístico;;2019M05;5,60
Tasa de variación acumulada;Gasto total;Gasto no incluido en paquete turístico;;2019M04;7,38
Tasa de variación acumulada;Gasto total;Gasto no incluido en paquete turístico;;2019M03;6,88
Tasa de variación acumulada;Gasto total;Gasto no incluido en paquete turístico;;2019M02;5,54
Tasa de variación acumulada;Gasto total;Gasto no incluido en paquete turístico;;2019M01;6,08
Tasa de variación acumulada;Gasto total;Gasto no incluido en paquete turístico;;2018M12;2,89
Tasa de variación acumulada;Gasto total;Gasto no incluido en paquete turístico;;2018M11;2,23
Tasa de variación acumulada;Gasto total;Gasto no incluido en paquete turístico;;2018M10;1,95
Tasa de variación acumulada;Gasto total;Gasto no incluido en paquete turístico;;2018M09;1,82
Tasa de variación acumulada;Gasto total;Gasto no incluido en paquete turístico;;2018M08;2,10
Tasa de variación acumulada;Gasto total;Gasto no incluido en paquete turístico;;2018M07;2,50
Tasa de variación acumulada;Gasto total;Gasto no incluido en paquete turístico;;2018M06;3,80
Tasa de variación acumulada;Gasto total;Gasto no incluido en paquete turístico;;2018M05;3,61
Tasa de variación acumulada;Gasto total;Gasto no incluido en paquete turístico;;2018M04;4,71
Tasa de variación acumulada;Gasto total;Gasto no incluido en paquete turístico;;2018M03;7,96
Tasa de variación acumulada;Gasto total;Gasto no incluido en paquete turístico;;2018M02;5,15
Tasa de variación acumulada;Gasto total;Gasto no incluido en paquete turístico;;2018M01;5,71
Tasa de variación acumulada;Gasto total;Gasto no incluido en paquete turístico;;2017M12;13,94
Tasa de variación acumulada;Gasto total;Gasto no incluido en paquete turístico;;2017M11;14,95
Tasa de variación acumulada;Gasto total;Gasto no incluido en paquete turístico;;2017M10;15,36
Tasa de variación acumulada;Gasto total;Gasto no incluido en paquete turístico;;2017M09;16,39
Tasa de variación acumulada;Gasto total;Gasto no incluido en paquete turístico;;2017M08;16,95
Tasa de variación acumulada;Gasto total;Gasto no incluido en paquete turístico;;2017M07;18,09
Tasa de variación acumulada;Gasto total;Gasto no incluido en paquete turístico;;2017M06;16,88
Tasa de variación acumulada;Gasto total;Gasto no incluido en paquete turístico;;2017M05;17,40
Tasa de variación acumulada;Gasto total;Gasto no incluido en paquete turístico;;2017M04;16,97
Tasa de variación acumulada;Gasto total;Gasto no incluido en paquete turístico;;2017M03;15,19
Tasa de variación acumulada;Gasto total;Gasto no incluido en paquete turístico;;2017M02;17,00
Tasa de variación acumulada;Gasto total;Gasto no incluido en paquete turístico;;2017M01;16,09
Tasa de variación acumulada;Gasto total;Gasto no incluido en paquete turístico;;2016M12;8,46
Tasa de variación acumulada;Gasto total;Gasto no incluido en paquete turístico;;2016M11;7,63
Tasa de variación acumulada;Gasto total;Gasto no incluido en paquete turístico;;2016M10;7,46
Tasa de variación acumulada;Gasto total;Gasto no incluido en paquete turístico;;2016M09;6,52
Tasa de variación acumulada;Gasto total;Gasto no incluido en paquete turístico;;2016M08;5,74
Tasa de variación acumulada;Gasto total;Gasto no incluido en paquete turístico;;2016M07;6,55
Tasa de variación acumulada;Gasto total;Gasto no incluido en paquete turístico;;2016M06;7,69
Tasa de variación acumulada;Gasto total;Gasto no incluido en paquete turístico;;2016M05;6,83
Tasa de variación acumulada;Gasto total;Gasto no incluido en paquete turístico;;2016M04;6,35
Tasa de variación acumulada;Gasto total;Gasto no incluido en paquete turístico;;2016M03;8,63
Tasa de variación acumulada;Gasto total;Gasto no incluido en paquete turístico;;2016M02;6,81
Tasa de variación acumulada;Gasto total;Gasto no incluido en paquete turístico;;2016M01;3,08
Tasa de variación acumulada;Gasto total;Gasto no incluido en paquete turístico;;2015M12;""
Tasa de variación acumulada;Gasto total;Gasto no incluido en paquete turístico;;2015M11;""
Tasa de variación acumulada;Gasto total;Gasto no incluido en paquete turístico;;2015M10;""
Tasa de variación acumulada;Gasto total;Gasto no incluido en paquete turístico;Gasto en transporte internacional;2026M07;9,30
Tasa de variación acumulada;Gasto total;Gasto no incluido en paquete turístico;Gasto en transporte internacional;2026M06;8,44
Tasa de variación acumulada;Gasto total;Gasto no incluido en paquete turístico;Gasto en transporte internacional;2026M05;8,77
Tasa de variación acumulada;Gasto total;Gasto no incluido en paquete turístico;Gasto en transporte internacional;2026M04;8,50
Tasa de variación acumulada;Gasto total;Gasto no incluido en paquete turístico;Gasto en transporte internacional;2026M03;9,80
Tasa de variación acumulada;Gasto total;Gasto no incluido en paquete turístico;Gasto en transporte internacional;2026M02;10,62
Tasa de variación acumulada;Gasto total;Gasto no incluido en paquete turístico;Gasto en transporte internacional;2026M01;10,22
Tasa de variación acumulada;Gasto total;Gasto no incluido en paquete turístico;Gasto en transporte internacional;2025M12;7,21
Tasa de variación acumulada;Gasto total;Gasto no incluido en paquete turístico;Gasto en transporte internacional;2025M11;7,42
Tasa de variación acumulada;Gasto total;Gasto no incluido en paquete turístico;Gasto en transporte internacional;2025M10;7,68
Tasa de variación acumulada;Gasto total;Gasto no incluido en paquete turístico;Gasto en transporte internacional;2025M09;7,85
Tasa de variación acumulada;Gasto total;Gasto no incluido en paquete turístico;Gasto en transporte internacional;2025M08;7,72
Tasa de variación acumulada;Gasto total;Gasto no incluido en paquete turístico;Gasto en transporte internacional;2025M07;7,09
Tasa de variación acumulada;Gasto total;Gasto no incluido en paquete turístico;Gasto en transporte internacional;2025M06;7,02
Tasa de variación acumulada;Gasto total;Gasto no incluido en paquete turístico;Gasto en transporte internacional;2025M05;9,62
Tasa de variación acumulada;Gasto total;Gasto no incluido en paquete turístico;Gasto en transporte internacional;2025M04;12,03
Tasa de variación acumulada;Gasto total;Gasto no incluido en paquete turístico;Gasto en transporte internacional;2025M03;11,58
Tasa de variación acumulada;Gasto total;Gasto no incluido en paquete turístico;Gasto en transporte internacional;2025M02;10,47
Tasa de variación acumulada;Gasto total;Gasto no incluido en paquete turístico;Gasto en transporte internacional;2025M01;10,64
Tasa de variación acumulada;Gasto total;Gasto no incluido en paquete turístico;Gasto en transporte internacional;2024M12;16,82
Tasa de variación acumulada;Gasto total;Gasto no incluido en paquete turístico;Gasto en transporte internacional;2024M11;17,32
Tasa de variación acumulada;Gasto total;Gasto no incluido en paquete turístico;Gasto en transporte internacional;2024M10;17,19
Tasa de variación acumulada;Gasto total;Gasto no incluido en paquete turístico;Gasto en transporte internacional;2024M09;17,26
Tasa de variación acumulada;Gasto total;Gasto no incluido en paquete turístico;Gasto en transporte internacional;2024M08;17,44
Tasa de variación acumulada;Gasto total;Gasto no incluido en paquete turístico;Gasto en transporte internacional;2024M07;18,39
Tasa de variación acumulada;Gasto total;Gasto no incluido en paquete turístico;Gasto en transporte internacional;2024M06;22,31
Tasa de variación acumulada;Gasto total;Gasto no incluido en paquete turístico;Gasto en transporte internacional;2024M05;23,53
Tasa de variación acumulada;Gasto total;Gasto no incluido en paquete turístico;Gasto en transporte internacional;2024M04;24,22
Tasa de variación acumulada;Gasto total;Gasto no incluido en paquete turístico;Gasto en transporte internacional;2024M03;27,07
Tasa de variación acumulada;Gasto total;Gasto no incluido en paquete turístico;Gasto en transporte internacional;2024M02;25,49
Tasa de variación acumulada;Gasto total;Gasto no incluido en paquete turístico;Gasto en transporte internacional;2024M01;26,06
Tasa de variación acumulada;Gasto total;Gasto no incluido en paquete turístico;Gasto en transporte internacional;2023M12;34,85
Tasa de variación acumulada;Gasto total;Gasto no incluido en paquete turístico;Gasto en transporte internacional;2023M11;34,40
Tasa de variación acumulada;Gasto total;Gasto no incluido en paquete turístico;Gasto en transporte internacional;2023M10;34,97
Tasa de variación acumulada;Gasto total;Gasto no incluido en paquete turístico;Gasto en transporte internacional;2023M09;35,14
Tasa de variación acumulada;Gasto total;Gasto no incluido en paquete turístico;Gasto en transporte internacional;2023M08;35,99
Tasa de variación acumulada;Gasto total;Gasto no incluido en paquete turístico;Gasto en transporte internacional;2023M07;36,87
Tasa de variación acumulada;Gasto total;Gasto no incluido en paquete turístico;Gasto en transporte internacional;2023M06;39,52
Tasa de variación acumulada;Gasto total;Gasto no incluido en paquete turístico;Gasto en transporte internacional;2023M05;45,15
Tasa de variación acumulada;Gasto total;Gasto no incluido en paquete turístico;Gasto en transporte internacional;2023M04;50,07
Tasa de variación acumulada;Gasto total;Gasto no incluido en paquete turístico;Gasto en transporte internacional;2023M03;65,04
Tasa de variación acumulada;Gasto total;Gasto no incluido en paquete turístico;Gasto en transporte internacional;2023M02;84,93
Tasa de variación acumulada;Gasto total;Gasto no incluido en paquete turístico;Gasto en transporte internacional;2023M01;101,33
Tasa de variación acumulada;Gasto total;Gasto no incluido en paquete turístico;Gasto en transporte internacional;2022M12;173,17
Tasa de variación acumulada;Gasto total;Gasto no incluido en paquete turístico;Gasto en transporte internacional;2022M11;185,38
Tasa de variación acumulada;Gasto total;Gasto no incluido en paquete turístico;Gasto en transporte internacional;2022M10;202,73
Tasa de variación acumulada;Gasto total;Gasto no incluido en paquete turístico;Gasto en transporte internacional;2022M09;235,19
Tasa de variación acumulada;Gasto total;Gasto no incluido en paquete turístico;Gasto en transporte internacional;2022M08;271,15
Tasa de variación acumulada;Gasto total;Gasto no incluido en paquete turístico;Gasto en transporte internacional;2022M07;352,09
Tasa de variación acumulada;Gasto total;Gasto no incluido en paquete turístico;Gasto en transporte internacional;2022M06;513,25
Tasa de variación acumulada;Gasto total;Gasto no incluido en paquete turístico;Gasto en transporte internacional;2022M05;647,03
Tasa de variación acumulada;Gasto total;Gasto no incluido en paquete turístico;Gasto en transporte internacional;2022M04;781,59
Tasa de variación acumulada;Gasto total;Gasto no incluido en paquete turístico;Gasto en transporte internacional;2022M03;733,75
Tasa de variación acumulada;Gasto total;Gasto no incluido en paquete turístico;Gasto en transporte internacional;2022M02;742,25
Tasa de variación acumulada;Gasto total;Gasto no incluido en paquete turístico;Gasto en transporte internacional;2022M01;564,53
Tasa de variación acumulada;Gasto total;Gasto no incluido en paquete turístico;Gasto en transporte internacional;2021M12;54,20
Tasa de variación acumulada;Gasto total;Gasto no incluido en paquete turístico;Gasto en transporte internacional;2021M11;42,98
Tasa de variación acumulada;Gasto total;Gasto no incluido en paquete turístico;Gasto en transporte internacional;2021M10;27,64
Tasa de variación acumulada;Gasto total;Gasto no incluido en paquete turístico;Gasto en transporte internacional;2021M09;6,98
Tasa de variación acumulada;Gasto total;Gasto no incluido en paquete turístico;Gasto en transporte internacional;2021M08;-12,17
Tasa de variación acumulada;Gasto total;Gasto no incluido en paquete turístico;Gasto en transporte internacional;2021M07;-32,50
Tasa de variación acumulada;Gasto total;Gasto no incluido en paquete turístico;Gasto en transporte internacional;2021M06;-55,32
Tasa de variación acumulada;Gasto total;Gasto no incluido en paquete turístico;Gasto en transporte internacional;2021M05;-72,72
Tasa de variación acumulada;Gasto total;Gasto no incluido en paquete turístico;Gasto en transporte internacional;2021M04;-83,78
Tasa de variación acumulada;Gasto total;Gasto no incluido en paquete turístico;Gasto en transporte internacional;2021M03;-89,39
Tasa de variación acumulada;Gasto total;Gasto no incluido en paquete turístico;Gasto en transporte internacional;2021M02;-92,63
Tasa de variación acumulada;Gasto total;Gasto no incluido en paquete turístico;Gasto en transporte internacional;2021M01;-91,66
Tasa de variación acumulada;Gasto total;Gasto no incluido en paquete turístico;Gasto en transporte internacional;2020M12;-79,19
Tasa de variación acumulada;Gasto total;Gasto no incluido en paquete turístico;Gasto en transporte internacional;2020M11;-78,60
Tasa de variación acumulada;Gasto total;Gasto no incluido en paquete turístico;Gasto en transporte internacional;2020M10;-77,75
Tasa de variación acumulada;Gasto total;Gasto no incluido en paquete turístico;Gasto en transporte internacional;2020M09;-76,17
Tasa de variación acumulada;Gasto total;Gasto no incluido en paquete turístico;Gasto en transporte internacional;2020M08;-73,92
Tasa de variación acumulada;Gasto total;Gasto no incluido en paquete turístico;Gasto en transporte internacional;2020M07;-72,45
Tasa de variación acumulada;Gasto total;Gasto no incluido en paquete turístico;Gasto en transporte internacional;2020M06;-70,48
Tasa de variación acumulada;Gasto total;Gasto no incluido en paquete turístico;Gasto en transporte internacional;2020M05;-62,28
Tasa de variación acumulada;Gasto total;Gasto no incluido en paquete turístico;Gasto en transporte internacional;2020M04;-49,66
Tasa de variación acumulada;Gasto total;Gasto no incluido en paquete turístico;Gasto en transporte internacional;2020M03;-27,92
Tasa de variación acumulada;Gasto total;Gasto no incluido en paquete turístico;Gasto en transporte internacional;2020M02;-6,03
Tasa de variación acumulada;Gasto total;Gasto no incluido en paquete turístico;Gasto en transporte internacional;2020M01;-5,84
Tasa de variación acumulada;Gasto total;Gasto no incluido en paquete turístico;Gasto en transporte internacional;2019M12;2,06
Tasa de variación acumulada;Gasto total;Gasto no incluido en paquete turístico;Gasto en transporte internacional;2019M11;2,67
Tasa de variación acumulada;Gasto total;Gasto no incluido en paquete turístico;Gasto en transporte internacional;2019M10;3,16
Tasa de variación acumulada;Gasto total;Gasto no incluido en paquete turístico;Gasto en transporte internacional;2019M09;2,86
Tasa de variación acumulada;Gasto total;Gasto no incluido en paquete turístico;Gasto en transporte internacional;2019M08;3,29
Tasa de variación acumulada;Gasto total;Gasto no incluido en paquete turístico;Gasto en transporte internacional;2019M07;3,54
Tasa de variación acumulada;Gasto total;Gasto no incluido en paquete turístico;Gasto en transporte internacional;2019M06;6,08
Tasa de variación acumulada;Gasto total;Gasto no incluido en paquete turístico;Gasto en transporte internacional;2019M05;7,42
Tasa de variación acumulada;Gasto total;Gasto no incluido en paquete turístico;Gasto en transporte internacional;2019M04;8,65
Tasa de variación acumulada;Gasto total;Gasto no incluido en paquete turístico;Gasto en transporte internacional;2019M03;9,51
Tasa de variación acumulada;Gasto total;Gasto no incluido en paquete turístico;Gasto en transporte internacional;2019M02;7,48
Tasa de variación acumulada;Gasto total;Gasto no incluido en paquete turístico;Gasto en transporte internacional;2019M01;10,33
Tasa de variación acumulada;Gasto total;Gasto no incluido en paquete turístico;Gasto en transporte internacional;2018M12;2,43
Tasa de variación acumulada;Gasto total;Gasto no incluido en paquete turístico;Gasto en transporte internacional;2018M11;1,58
Tasa de variación acumulada;Gasto total;Gasto no incluido en paquete turístico;Gasto en transporte internacional;2018M10;1,06
Tasa de variación acumulada;Gasto total;Gasto no incluido en paquete turístico;Gasto en transporte internacional;2018M09;1,26
Tasa de variación acumulada;Gasto total;Gasto no incluido en paquete turístico;Gasto en transporte internacional;2018M08;1,90
Tasa de variación acumulada;Gasto total;Gasto no incluido en paquete turístico;Gasto en transporte internacional;2018M07;2,54
Tasa de variación acumulada;Gasto total;Gasto no incluido en paquete turístico;Gasto en transporte internacional;2018M06;3,34
Tasa de variación acumulada;Gasto total;Gasto no incluido en paquete turístico;Gasto en transporte internacional;2018M05;2,80
Tasa de variación acumulada;Gasto total;Gasto no incluido en paquete turístico;Gasto en transporte internacional;2018M04;4,62
Tasa de variación acumulada;Gasto total;Gasto no incluido en paquete turístico;Gasto en transporte internacional;2018M03;6,58
Tasa de variación acumulada;Gasto total;Gasto no incluido en paquete turístico;Gasto en transporte internacional;2018M02;5,04
Tasa de variación acumulada;Gasto total;Gasto no incluido en paquete turístico;Gasto en transporte internacional;2018M01;2,46
Tasa de variación acumulada;Gasto total;Gasto no incluido en paquete turístico;Gasto en transporte internacional;2017M12;16,67
Tasa de variación acumulada;Gasto total;Gasto no incluido en paquete turístico;Gasto en transporte internacional;2017M11;17,68
Tasa de variación acumulada;Gasto total;Gasto no incluido en paquete turístico;Gasto en transporte internacional;2017M10;18,49
Tasa de variación acumulada;Gasto total;Gasto no incluido en paquete turístico;Gasto en transporte internacional;2017M09;19,70
Tasa de variación acumulada;Gasto total;Gasto no incluido en paquete turístico;Gasto en transporte internacional;2017M08;20,57
Tasa de variación acumulada;Gasto total;Gasto no incluido en paquete turístico;Gasto en transporte internacional;2017M07;21,96
Tasa de variación acumulada;Gasto total;Gasto no incluido en paquete turístico;Gasto en transporte internacional;2017M06;20,51
Tasa de variación acumulada;Gasto total;Gasto no incluido en paquete turístico;Gasto en transporte internacional;2017M05;20,50
Tasa de variación acumulada;Gasto total;Gasto no incluido en paquete turístico;Gasto en transporte internacional;2017M04;19,77
Tasa de variación acumulada;Gasto total;Gasto no incluido en paquete turístico;Gasto en transporte internacional;2017M03;19,83
Tasa de variación acumulada;Gasto total;Gasto no incluido en paquete turístico;Gasto en transporte internacional;2017M02;18,93
Tasa de variación acumulada;Gasto total;Gasto no incluido en paquete turístico;Gasto en transporte internacional;2017M01;18,40
Tasa de variación acumulada;Gasto total;Gasto no incluido en paquete turístico;Gasto en transporte internacional;2016M12;12,56
Tasa de variación acumulada;Gasto total;Gasto no incluido en paquete turístico;Gasto en transporte internacional;2016M11;12,02
Tasa de variación acumulada;Gasto total;Gasto no incluido en paquete turístico;Gasto en transporte internacional;2016M10;11,82
Tasa de variación acumulada;Gasto total;Gasto no incluido en paquete turístico;Gasto en transporte internacional;2016M09;10,60
Tasa de variación acumulada;Gasto total;Gasto no incluido en paquete turístico;Gasto en transporte internacional;2016M08;8,50
Tasa de variación acumulada;Gasto total;Gasto no incluido en paquete turístico;Gasto en transporte internacional;2016M07;11,02
Tasa de variación acumulada;Gasto total;Gasto no incluido en paquete turístico;Gasto en transporte internacional;2016M06;13,11
Tasa de variación acumulada;Gasto total;Gasto no incluido en paquete turístico;Gasto en transporte internacional;2016M05;13,44
Tasa de variación acumulada;Gasto total;Gasto no incluido en paquete turístico;Gasto en transporte internacional;2016M04;13,36
Tasa de variación acumulada;Gasto total;Gasto no incluido en paquete turístico;Gasto en transporte internacional;2016M03;14,73
Tasa de variación acumulada;Gasto total;Gasto no incluido en paquete turístico;Gasto en transporte internacional;2016M02;16,05
Tasa de variación acumulada;Gasto total;Gasto no incluido en paquete turístico;Gasto en transporte internacional;2016M01;10,97
Tasa de variación acumulada;Gasto total;Gasto no incluido en paquete turístico;Gasto en transporte internacional;2015M12;""
Tasa de variación acumulada;Gasto total;Gasto no incluido en paquete turístico;Gasto en transporte internacional;2015M11;""
Tasa de variación acumulada;Gasto total;Gasto no incluido en paquete turístico;Gasto en transporte internacional;2015M10;""
Tasa de variación acumulada;Gasto total;Gasto no incluido en paquete turístico;Gasto en alojamiento;2026M07;8,46
Tasa de variación acumulada;Gasto total;Gasto no incluido en paquete turístico;Gasto en alojamiento;2026M06;9,04
Tasa de variación acumulada;Gasto total;Gasto no incluido en paquete turístico;Gasto en alojamiento;2026M05;10,80
Tasa de variación acumulada;Gasto total;Gasto no incluido en paquete turístico;Gasto en alojamiento;2026M04;11,29
Tasa de variación acumulada;Gasto total;Gasto no incluido en paquete turístico;Gasto en alojamiento;2026M03;11,27
Tasa de variación acumulada;Gasto total;Gasto no incluido en paquete turístico;Gasto en alojamiento;2026M02;9,97
Tasa de variación acumulada;Gasto total;Gasto no incluido en paquete turístico;Gasto en alojamiento;2026M01;15,67
Tasa de variación acumulada;Gasto total;Gasto no incluido en paquete turístico;Gasto en alojamiento;2025M12;7,49
Tasa de variación acumulada;Gasto total;Gasto no incluido en paquete turístico;Gasto en alojamiento;2025M11;7,36
Tasa de variación acumulada;Gasto total;Gasto no incluido en paquete turístico;Gasto en alojamiento;2025M10;7,39
Tasa de variación acumulada;Gasto total;Gasto no incluido en paquete turístico;Gasto en alojamiento;2025M09;7,66
Tasa de variación acumulada;Gasto total;Gasto no incluido en paquete turístico;Gasto en alojamiento;2025M08;7,73
Tasa de variación acumulada;Gasto total;Gasto no incluido en paquete turístico;Gasto en alojamiento;2025M07;8,17
Tasa de variación acumulada;Gasto total;Gasto no incluido en paquete turístico;Gasto en alojamiento;2025M06;7,96
Tasa de variación acumulada;Gasto total;Gasto no incluido en paquete turístico;Gasto en alojamiento;2025M05;8,11
Tasa de variación acumulada;Gasto total;Gasto no incluido en paquete turístico;Gasto en alojamiento;2025M04;8,23
Tasa de variación acumulada;Gasto total;Gasto no incluido en paquete turístico;Gasto en alojamiento;2025M03;7,28
Tasa de variación acumulada;Gasto total;Gasto no incluido en paquete turístico;Gasto en alojamiento;2025M02;8,22
Tasa de variación acumulada;Gasto total;Gasto no incluido en paquete turístico;Gasto en alojamiento;2025M01;10,42
Tasa de variación acumulada;Gasto total;Gasto no incluido en paquete turístico;Gasto en alojamiento;2024M12;18,52
Tasa de variación acumulada;Gasto total;Gasto no incluido en paquete turístico;Gasto en alojamiento;2024M11;18,78
Tasa de variación acumulada;Gasto total;Gasto no incluido en paquete turístico;Gasto en alojamiento;2024M10;19,06
Tasa de variación acumulada;Gasto total;Gasto no incluido en paquete turístico;Gasto en alojamiento;2024M09;19,09
Tasa de variación acumulada;Gasto total;Gasto no incluido en paquete turístico;Gasto en alojamiento;2024M08;19,23
Tasa de variación acumulada;Gasto total;Gasto no incluido en paquete turístico;Gasto en alojamiento;2024M07;20,10
Tasa de variación acumulada;Gasto total;Gasto no incluido en paquete turístico;Gasto en alojamiento;2024M06;23,46
Tasa de variación acumulada;Gasto total;Gasto no incluido en paquete turístico;Gasto en alojamiento;2024M05;23,95
Tasa de variación acumulada;Gasto total;Gasto no incluido en paquete turístico;Gasto en alojamiento;2024M04;24,45
Tasa de variación acumulada;Gasto total;Gasto no incluido en paquete turístico;Gasto en alojamiento;2024M03;28,37
Tasa de variación acumulada;Gasto total;Gasto no incluido en paquete turístico;Gasto en alojamiento;2024M02;30,03
Tasa de variación acumulada;Gasto total;Gasto no incluido en paquete turístico;Gasto en alojamiento;2024M01;27,05
Tasa de variación acumulada;Gasto total;Gasto no incluido en paquete turístico;Gasto en alojamiento;2023M12;19,79
Tasa de variación acumulada;Gasto total;Gasto no incluido en paquete turístico;Gasto en alojamiento;2023M11;19,08
Tasa de variación acumulada;Gasto total;Gasto no incluido en paquete turístico;Gasto en alojamiento;2023M10;18,59
Tasa de variación acumulada;Gasto total;Gasto no incluido en paquete turístico;Gasto en alojamiento;2023M09;18,57
Tasa de variación acumulada;Gasto total;Gasto no incluido en paquete turístico;Gasto en alojamiento;2023M08;18,89
Tasa de variación acumulada;Gasto total;Gasto no incluido en paquete turístico;Gasto en alojamiento;2023M07;19,39
Tasa de variación acumulada;Gasto total;Gasto no incluido en paquete turístico;Gasto en alojamiento;2023M06;22,86
Tasa de variación acumulada;Gasto total;Gasto no incluido en paquete turístico;Gasto en alojamiento;2023M05;28,01
Tasa de variación acumulada;Gasto total;Gasto no incluido en paquete turístico;Gasto en alojamiento;2023M04;32,45
Tasa de variación acumulada;Gasto total;Gasto no incluido en paquete turístico;Gasto en alojamiento;2023M03;40,58
Tasa de variación acumulada;Gasto total;Gasto no incluido en paquete turístico;Gasto en alojamiento;2023M02;51,70
Tasa de variación acumulada;Gasto total;Gasto no incluido en paquete turístico;Gasto en alojamiento;2023M01;61,69
Tasa de variación acumulada;Gasto total;Gasto no incluido en paquete turístico;Gasto en alojamiento;2022M12;141,35
Tasa de variación acumulada;Gasto total;Gasto no incluido en paquete turístico;Gasto en alojamiento;2022M11;149,71
Tasa de variación acumulada;Gasto total;Gasto no incluido en paquete turístico;Gasto en alojamiento;2022M10;163,53
Tasa de variación acumulada;Gasto total;Gasto no incluido en paquete turístico;Gasto en alojamiento;2022M09;189,16
Tasa de variación acumulada;Gasto total;Gasto no incluido en paquete turístico;Gasto en alojamiento;2022M08;221,28
Tasa de variación acumulada;Gasto total;Gasto no incluido en paquete turístico;Gasto en alojamiento;2022M07;312,28
Tasa de variación acumulada;Gasto total;Gasto no incluido en paquete turístico;Gasto en alojamiento;2022M06;499,43
Tasa de variación acumulada;Gasto total;Gasto no incluido en paquete turístico;Gasto en alojamiento;2022M05;662,61
Tasa de variación acumulada;Gasto total;Gasto no incluido en paquete turístico;Gasto en alojamiento;2022M04;805,00
Tasa de variación acumulada;Gasto total;Gasto no incluido en paquete turístico;Gasto en alojamiento;2022M03;728,20
Tasa de variación acumulada;Gasto total;Gasto no incluido en paquete turístico;Gasto en alojamiento;2022M02;707,59
Tasa de variación acumulada;Gasto total;Gasto no incluido en paquete turístico;Gasto en alojamiento;2022M01;556,97
Tasa de variación acumulada;Gasto total;Gasto no incluido en paquete turístico;Gasto en alojamiento;2021M12;111,47
Tasa de variación acumulada;Gasto total;Gasto no incluido en paquete turístico;Gasto en alojamiento;2021M11;101,32
Tasa de variación acumulada;Gasto total;Gasto no incluido en paquete turístico;Gasto en alojamiento;2021M10;84,55
Tasa de variación acumulada;Gasto total;Gasto no incluido en paquete turístico;Gasto en alojamiento;2021M09;58,56
Tasa de variación acumulada;Gasto total;Gasto no incluido en paquete turístico;Gasto en alojamiento;2021M08;33,79
Tasa de variación acumulada;Gasto total;Gasto no incluido en paquete turístico;Gasto en alojamiento;2021M07;1,70
Tasa de variación acumulada;Gasto total;Gasto no incluido en paquete turístico;Gasto en alojamiento;2021M06;-35,53
Tasa de variación acumulada;Gasto total;Gasto no incluido en paquete turístico;Gasto en alojamiento;2021M05;-61,88
Tasa de variación acumulada;Gasto total;Gasto no incluido en paquete turístico;Gasto en alojamiento;2021M04;-77,73
Tasa de variación acumulada;Gasto total;Gasto no incluido en paquete turístico;Gasto en alojamiento;2021M03;-84,81
Tasa de variación acumulada;Gasto total;Gasto no incluido en paquete turístico;Gasto en alojamiento;2021M02;-89,42
Tasa de variación acumulada;Gasto total;Gasto no incluido en paquete turístico;Gasto en alojamiento;2021M01;-87,87
Tasa de variación acumulada;Gasto total;Gasto no incluido en paquete turístico;Gasto en alojamiento;2020M12;-77,76
Tasa de variación acumulada;Gasto total;Gasto no incluido en paquete turístico;Gasto en alojamiento;2020M11;-77,49
Tasa de variación acumulada;Gasto total;Gasto no incluido en paquete turístico;Gasto en alojamiento;2020M10;-76,92
Tasa de variación acumulada;Gasto total;Gasto no incluido en paquete turístico;Gasto en alojamiento;2020M09;-75,84
Tasa de variación acumulada;Gasto total;Gasto no incluido en paquete turístico;Gasto en alojamiento;2020M08;-74,04
Tasa de variación acumulada;Gasto total;Gasto no incluido en paquete turístico;Gasto en alojamiento;2020M07;-73,17
Tasa de variación acumulada;Gasto total;Gasto no incluido en paquete turístico;Gasto en alojamiento;2020M06;-71,92
Tasa de variación acumulada;Gasto total;Gasto no incluido en paquete turístico;Gasto en alojamiento;2020M05;-63,31
Tasa de variación acumulada;Gasto total;Gasto no incluido en paquete turístico;Gasto en alojamiento;2020M04;-49,74
Tasa de variación acumulada;Gasto total;Gasto no incluido en paquete turístico;Gasto en alojamiento;2020M03;-25,37
Tasa de variación acumulada;Gasto total;Gasto no incluido en paquete turístico;Gasto en alojamiento;2020M02;2,77
Tasa de variación acumulada;Gasto total;Gasto no incluido en paquete turístico;Gasto en alojamiento;2020M01;2,51
Tasa de variación acumulada;Gasto total;Gasto no incluido en paquete turístico;Gasto en alojamiento;2019M12;6,84
Tasa de variación acumulada;Gasto total;Gasto no incluido en paquete turístico;Gasto en alojamiento;2019M11;7,23
Tasa de variación acumulada;Gasto total;Gasto no incluido en paquete turístico;Gasto en alojamiento;2019M10;7,40
Tasa de variación acumulada;Gasto total;Gasto no incluido en paquete turístico;Gasto en alojamiento;2019M09;7,88
Tasa de variación acumulada;Gasto total;Gasto no incluido en paquete turístico;Gasto en alojamiento;2019M08;7,94
Tasa de variación acumulada;Gasto total;Gasto no incluido en paquete turístico;Gasto en alojamiento;2019M07;7,92
Tasa de variación acumulada;Gasto total;Gasto no incluido en paquete turístico;Gasto en alojamiento;2019M06;9,11
Tasa de variación acumulada;Gasto total;Gasto no incluido en paquete turístico;Gasto en alojamiento;2019M05;9,21
Tasa de variación acumulada;Gasto total;Gasto no incluido en paquete turístico;Gasto en alojamiento;2019M04;10,93
Tasa de variación acumulada;Gasto total;Gasto no incluido en paquete turístico;Gasto en alojamiento;2019M03;8,15
Tasa de variación acumulada;Gasto total;Gasto no incluido en paquete turístico;Gasto en alojamiento;2019M02;6,61
Tasa de variación acumulada;Gasto total;Gasto no incluido en paquete turístico;Gasto en alojamiento;2019M01;8,30
Tasa de variación acumulada;Gasto total;Gasto no incluido en paquete turístico;Gasto en alojamiento;2018M12;5,55
Tasa de variación acumulada;Gasto total;Gasto no incluido en paquete turístico;Gasto en alojamiento;2018M11;4,79
Tasa de variación acumulada;Gasto total;Gasto no incluido en paquete turístico;Gasto en alojamiento;2018M10;4,51
Tasa de variación acumulada;Gasto total;Gasto no incluido en paquete turístico;Gasto en alojamiento;2018M09;4,46
Tasa de variación acumulada;Gasto total;Gasto no incluido en paquete turístico;Gasto en alojamiento;2018M08;4,61
Tasa de variación acumulada;Gasto total;Gasto no incluido en paquete turístico;Gasto en alojamiento;2018M07;4,11
Tasa de variación acumulada;Gasto total;Gasto no incluido en paquete turístico;Gasto en alojamiento;2018M06;4,45
Tasa de variación acumulada;Gasto total;Gasto no incluido en paquete turístico;Gasto en alojamiento;2018M05;3,49
Tasa de variación acumulada;Gasto total;Gasto no incluido en paquete turístico;Gasto en alojamiento;2018M04;3,96
Tasa de variación acumulada;Gasto total;Gasto no incluido en paquete turístico;Gasto en alojamiento;2018M03;7,45
Tasa de variación acumulada;Gasto total;Gasto no incluido en paquete turístico;Gasto en alojamiento;2018M02;1,99
Tasa de variación acumulada;Gasto total;Gasto no incluido en paquete turístico;Gasto en alojamiento;2018M01;-0,60
Tasa de variación acumulada;Gasto total;Gasto no incluido en paquete turístico;Gasto en alojamiento;2017M12;14,83
Tasa de variación acumulada;Gasto total;Gasto no incluido en paquete turístico;Gasto en alojamiento;2017M11;15,87
Tasa de variación acumulada;Gasto total;Gasto no incluido en paquete turístico;Gasto en alojamiento;2017M10;16,58
Tasa de variación acumulada;Gasto total;Gasto no incluido en paquete turístico;Gasto en alojamiento;2017M09;17,61
Tasa de variación acumulada;Gasto total;Gasto no incluido en paquete turístico;Gasto en alojamiento;2017M08;18,03
Tasa de variación acumulada;Gasto total;Gasto no incluido en paquete turístico;Gasto en alojamiento;2017M07;19,29
Tasa de variación acumulada;Gasto total;Gasto no incluido en paquete turístico;Gasto en alojamiento;2017M06;16,72
Tasa de variación acumulada;Gasto total;Gasto no incluido en paquete turístico;Gasto en alojamiento;2017M05;17,17
Tasa de variación acumulada;Gasto total;Gasto no incluido en paquete turístico;Gasto en alojamiento;2017M04;15,93
Tasa de variación acumulada;Gasto total;Gasto no incluido en paquete turístico;Gasto en alojamiento;2017M03;14,19
Tasa de variación acumulada;Gasto total;Gasto no incluido en paquete turístico;Gasto en alojamiento;2017M02;17,47
Tasa de variación acumulada;Gasto total;Gasto no incluido en paquete turístico;Gasto en alojamiento;2017M01;24,73
Tasa de variación acumulada;Gasto total;Gasto no incluido en paquete turístico;Gasto en alojamiento;2016M12;-3,29
Tasa de variación acumulada;Gasto total;Gasto no incluido en paquete turístico;Gasto en alojamiento;2016M11;-4,71
Tasa de variación acumulada;Gasto total;Gasto no incluido en paquete turístico;Gasto en alojamiento;2016M10;-5,53
Tasa de variación acumulada;Gasto total;Gasto no incluido en paquete turístico;Gasto en alojamiento;2016M09;-7,30
Tasa de variación acumulada;Gasto total;Gasto no incluido en paquete turístico;Gasto en alojamiento;2016M08;-7,65
Tasa de variación acumulada;Gasto total;Gasto no incluido en paquete turístico;Gasto en alojamiento;2016M07;-7,80
Tasa de variación acumulada;Gasto total;Gasto no incluido en paquete turístico;Gasto en alojamiento;2016M06;-6,17
Tasa de variación acumulada;Gasto total;Gasto no incluido en paquete turístico;Gasto en alojamiento;2016M05;-6,73
Tasa de variación acumulada;Gasto total;Gasto no incluido en paquete turístico;Gasto en alojamiento;2016M04;-6,69
Tasa de variación acumulada;Gasto total;Gasto no incluido en paquete turístico;Gasto en alojamiento;2016M03;-2,55
Tasa de variación acumulada;Gasto total;Gasto no incluido en paquete turístico;Gasto en alojamiento;2016M02;-4,62
Tasa de variación acumulada;Gasto total;Gasto no incluido en paquete turístico;Gasto en alojamiento;2016M01;-15,26
Tasa de variación acumulada;Gasto total;Gasto no incluido en paquete turístico;Gasto en alojamiento;2015M12;""
Tasa de variación acumulada;Gasto total;Gasto no incluido en paquete turístico;Gasto en alojamiento;2015M11;""
Tasa de variación acumulada;Gasto total;Gasto no incluido en paquete turístico;Gasto en alojamiento;2015M10;""
Tasa de variación acumulada;Gasto total;Gasto no incluido en paquete turístico;Gasto en manutención;2026M07;5,58
Tasa de variación acumulada;Gasto total;Gasto no incluido en paquete turístico;Gasto en manutención;2026M06;5,12
Tasa de variación acumulada;Gasto total;Gasto no incluido en paquete turístico;Gasto en manutención;2026M05;6,24
Tasa de variación acumulada;Gasto total;Gasto no incluido en paquete turístico;Gasto en manutención;2026M04;5,17
Tasa de variación acumulada;Gasto total;Gasto no incluido en paquete turístico;Gasto en manutención;2026M03;4,38
Tasa de variación acumulada;Gasto total;Gasto no incluido en paquete turístico;Gasto en manutención;2026M02;4,60
Tasa de variación acumulada;Gasto total;Gasto no incluido en paquete turístico;Gasto en manutención;2026M01;7,59
Tasa de variación acumulada;Gasto total;Gasto no incluido en paquete turístico;Gasto en manutención;2025M12;6,87
Tasa de variación acumulada;Gasto total;Gasto no incluido en paquete turístico;Gasto en manutención;2025M11;7,13
Tasa de variación acumulada;Gasto total;Gasto no incluido en paquete turístico;Gasto en manutención;2025M10;7,48
Tasa de variación acumulada;Gasto total;Gasto no incluido en paquete turístico;Gasto en manutención;2025M09;7,46
Tasa de variación acumulada;Gasto total;Gasto no incluido en paquete turístico;Gasto en manutención;2025M08;7,67
Tasa de variación acumulada;Gasto total;Gasto no incluido en paquete turístico;Gasto en manutención;2025M07;8,22
Tasa de variación acumulada;Gasto total;Gasto no incluido en paquete turístico;Gasto en manutención;2025M06;9,61
Tasa de variación acumulada;Gasto total;Gasto no incluido en paquete turístico;Gasto en manutención;2025M05;9,48
Tasa de variación acumulada;Gasto total;Gasto no incluido en paquete turístico;Gasto en manutención;2025M04;11,37
Tasa de variación acumulada;Gasto total;Gasto no incluido en paquete turístico;Gasto en manutención;2025M03;9,53
Tasa de variación acumulada;Gasto total;Gasto no incluido en paquete turístico;Gasto en manutención;2025M02;9,54
Tasa de variación acumulada;Gasto total;Gasto no incluido en paquete turístico;Gasto en manutención;2025M01;8,04
Tasa de variación acumulada;Gasto total;Gasto no incluido en paquete turístico;Gasto en manutención;2024M12;17,47
Tasa de variación acumulada;Gasto total;Gasto no incluido en paquete turístico;Gasto en manutención;2024M11;18,05
Tasa de variación acumulada;Gasto total;Gasto no incluido en paquete turístico;Gasto en manutención;2024M10;17,61
Tasa de variación acumulada;Gasto total;Gasto no incluido en paquete turístico;Gasto en manutención;2024M09;17,65
Tasa de variación acumulada;Gasto total;Gasto no incluido en paquete turístico;Gasto en manutención;2024M08;18,09
Tasa de variación acumulada;Gasto total;Gasto no incluido en paquete turístico;Gasto en manutención;2024M07;19,48
Tasa de variación acumulada;Gasto total;Gasto no incluido en paquete turístico;Gasto en manutención;2024M06;20,76
Tasa de variación acumulada;Gasto total;Gasto no incluido en paquete turístico;Gasto en manutención;2024M05;21,52
Tasa de variación acumulada;Gasto total;Gasto no incluido en paquete turístico;Gasto en manutención;2024M04;21,86
Tasa de variación acumulada;Gasto total;Gasto no incluido en paquete turístico;Gasto en manutención;2024M03;26,97
Tasa de variación acumulada;Gasto total;Gasto no incluido en paquete turístico;Gasto en manutención;2024M02;25,50
Tasa de variación acumulada;Gasto total;Gasto no incluido en paquete turístico;Gasto en manutención;2024M01;25,36
Tasa de variación acumulada;Gasto total;Gasto no incluido en paquete turístico;Gasto en manutención;2023M12;23,43
Tasa de variación acumulada;Gasto total;Gasto no incluido en paquete turístico;Gasto en manutención;2023M11;22,62
Tasa de variación acumulada;Gasto total;Gasto no incluido en paquete turístico;Gasto en manutención;2023M10;22,75
Tasa de variación acumulada;Gasto total;Gasto no incluido en paquete turístico;Gasto en manutención;2023M09;23,08
Tasa de variación acumulada;Gasto total;Gasto no incluido en paquete turístico;Gasto en manutención;2023M08;23,29
Tasa de variación acumulada;Gasto total;Gasto no incluido en paquete turístico;Gasto en manutención;2023M07;22,91
Tasa de variación acumulada;Gasto total;Gasto no incluido en paquete turístico;Gasto en manutención;2023M06;24,28
Tasa de variación acumulada;Gasto total;Gasto no incluido en paquete turístico;Gasto en manutención;2023M05;26,64
Tasa de variación acumulada;Gasto total;Gasto no incluido en paquete turístico;Gasto en manutención;2023M04;30,39
Tasa de variación acumulada;Gasto total;Gasto no incluido en paquete turístico;Gasto en manutención;2023M03;37,02
Tasa de variación acumulada;Gasto total;Gasto no incluido en paquete turístico;Gasto en manutención;2023M02;42,62
Tasa de variación acumulada;Gasto total;Gasto no incluido en paquete turístico;Gasto en manutención;2023M01;59,85
Tasa de variación acumulada;Gasto total;Gasto no incluido en paquete turístico;Gasto en manutención;2022M12;132,40
Tasa de variación acumulada;Gasto total;Gasto no incluido en paquete turístico;Gasto en manutención;2022M11;141,90
Tasa de variación acumulada;Gasto total;Gasto no incluido en paquete turístico;Gasto en manutención;2022M10;155,65
Tasa de variación acumulada;Gasto total;Gasto no incluido en paquete turístico;Gasto en manutención;2022M09;186,50
Tasa de variación acumulada;Gasto total;Gasto no incluido en paquete turístico;Gasto en manutención;2022M08;224,60
Tasa de variación acumulada;Gasto total;Gasto no incluido en paquete turístico;Gasto en manutención;2022M07;304,34
Tasa de variación acumulada;Gasto total;Gasto no incluido en paquete turístico;Gasto en manutención;2022M06;490,75
Tasa de variación acumulada;Gasto total;Gasto no incluido en paquete turístico;Gasto en manutención;2022M05;662,87
Tasa de variación acumulada;Gasto total;Gasto no incluido en paquete turístico;Gasto en manutención;2022M04;842,51
Tasa de variación acumulada;Gasto total;Gasto no incluido en paquete turístico;Gasto en manutención;2022M03;793,34
Tasa de variación acumulada;Gasto total;Gasto no incluido en paquete turístico;Gasto en manutención;2022M02;792,58
Tasa de variación acumulada;Gasto total;Gasto no incluido en paquete turístico;Gasto en manutención;2022M01;557,51
Tasa de variación acumulada;Gasto total;Gasto no incluido en paquete turístico;Gasto en manutención;2021M12;84,06
Tasa de variación acumulada;Gasto total;Gasto no incluido en paquete turístico;Gasto en manutención;2021M11;72,05
Tasa de variación acumulada;Gasto total;Gasto no incluido en paquete turístico;Gasto en manutención;2021M10;55,86
Tasa de variación acumulada;Gasto total;Gasto no incluido en paquete turístico;Gasto en manutención;2021M09;31,26
Tasa de variación acumulada;Gasto total;Gasto no incluido en paquete turístico;Gasto en manutención;2021M08;7,43
Tasa de variación acumulada;Gasto total;Gasto no incluido en paquete turístico;Gasto en manutención;2021M07;-15,89
Tasa de variación acumulada;Gasto total;Gasto no incluido en paquete turístico;Gasto en manutención;2021M06;-45,05
Tasa de variación acumulada;Gasto total;Gasto no incluido en paquete turístico;Gasto en manutención;2021M05;-66,84
Tasa de variación acumulada;Gasto total;Gasto no incluido en paquete turístico;Gasto en manutención;2021M04;-80,82
Tasa de variación acumulada;Gasto total;Gasto no incluido en paquete turístico;Gasto en manutención;2021M03;-87,27
Tasa de variación acumulada;Gasto total;Gasto no incluido en paquete turístico;Gasto en manutención;2021M02;-90,75
Tasa de variación acumulada;Gasto total;Gasto no incluido en paquete turístico;Gasto en manutención;2021M01;-88,65
Tasa de variación acumulada;Gasto total;Gasto no incluido en paquete turístico;Gasto en manutención;2020M12;-76,48
Tasa de variación acumulada;Gasto total;Gasto no incluido en paquete turístico;Gasto en manutención;2020M11;-76,02
Tasa de variación acumulada;Gasto total;Gasto no incluido en paquete turístico;Gasto en manutención;2020M10;-75,16
Tasa de variación acumulada;Gasto total;Gasto no incluido en paquete turístico;Gasto en manutención;2020M09;-74,03
Tasa de variación acumulada;Gasto total;Gasto no incluido en paquete turístico;Gasto en manutención;2020M08;-71,93
Tasa de variación acumulada;Gasto total;Gasto no incluido en paquete turístico;Gasto en manutención;2020M07;-71,05
Tasa de variación acumulada;Gasto total;Gasto no incluido en paquete turístico;Gasto en manutención;2020M06;-70,12
Tasa de variación acumulada;Gasto total;Gasto no incluido en paquete turístico;Gasto en manutención;2020M05;-61,80
Tasa de variación acumulada;Gasto total;Gasto no incluido en paquete turístico;Gasto en manutención;2020M04;-48,91
Tasa de variación acumulada;Gasto total;Gasto no incluido en paquete turístico;Gasto en manutención;2020M03;-25,61
Tasa de variación acumulada;Gasto total;Gasto no incluido en paquete turístico;Gasto en manutención;2020M02;1,20
Tasa de variación acumulada;Gasto total;Gasto no incluido en paquete turístico;Gasto en manutención;2020M01;-2,52
Tasa de variación acumulada;Gasto total;Gasto no incluido en paquete turístico;Gasto en manutención;2019M12;1,45
Tasa de variación acumulada;Gasto total;Gasto no incluido en paquete turístico;Gasto en manutención;2019M11;1,92
Tasa de variación acumulada;Gasto total;Gasto no incluido en paquete turístico;Gasto en manutención;2019M10;1,75
Tasa de variación acumulada;Gasto total;Gasto no incluido en paquete turístico;Gasto en manutención;2019M09;1,53
Tasa de variación acumulada;Gasto total;Gasto no incluido en paquete turístico;Gasto en manutención;2019M08;1,34
Tasa de variación acumulada;Gasto total;Gasto no incluido en paquete turístico;Gasto en manutención;2019M07;1,03
Tasa de variación acumulada;Gasto total;Gasto no incluido en paquete turístico;Gasto en manutención;2019M06;1,60
Tasa de variación acumulada;Gasto total;Gasto no incluido en paquete turístico;Gasto en manutención;2019M05;1,45
Tasa de variación acumulada;Gasto total;Gasto no incluido en paquete turístico;Gasto en manutención;2019M04;3,59
Tasa de variación acumulada;Gasto total;Gasto no incluido en paquete turístico;Gasto en manutención;2019M03;3,04
Tasa de variación acumulada;Gasto total;Gasto no incluido en paquete turístico;Gasto en manutención;2019M02;1,54
Tasa de variación acumulada;Gasto total;Gasto no incluido en paquete turístico;Gasto en manutención;2019M01;2,77
Tasa de variación acumulada;Gasto total;Gasto no incluido en paquete turístico;Gasto en manutención;2018M12;0,38
Tasa de variación acumulada;Gasto total;Gasto no incluido en paquete turístico;Gasto en manutención;2018M11;-0,18
Tasa de variación acumulada;Gasto total;Gasto no incluido en paquete turístico;Gasto en manutención;2018M10;-0,20
Tasa de variación acumulada;Gasto total;Gasto no incluido en paquete turístico;Gasto en manutención;2018M09;-0,30
Tasa de variación acumulada;Gasto total;Gasto no incluido en paquete turístico;Gasto en manutención;2018M08;-0,11
Tasa de variación acumulada;Gasto total;Gasto no incluido en paquete turístico;Gasto en manutención;2018M07;0,87
Tasa de variación acumulada;Gasto total;Gasto no incluido en paquete turístico;Gasto en manutención;2018M06;2,55
Tasa de variación acumulada;Gasto total;Gasto no incluido en paquete turístico;Gasto en manutención;2018M05;2,86
Tasa de variación acumulada;Gasto total;Gasto no incluido en paquete turístico;Gasto en manutención;2018M04;4,15
Tasa de variación acumulada;Gasto total;Gasto no incluido en paquete turístico;Gasto en manutención;2018M03;6,82
Tasa de variación acumulada;Gasto total;Gasto no incluido en paquete turístico;Gasto en manutención;2018M02;2,99
Tasa de variación acumulada;Gasto total;Gasto no incluido en paquete turístico;Gasto en manutención;2018M01;5,72
Tasa de variación acumulada;Gasto total;Gasto no incluido en paquete turístico;Gasto en manutención;2017M12;13,47
Tasa de variación acumulada;Gasto total;Gasto no incluido en paquete turístico;Gasto en manutención;2017M11;14,28
Tasa de variación acumulada;Gasto total;Gasto no incluido en paquete turístico;Gasto en manutención;2017M10;14,30
Tasa de variación acumulada;Gasto total;Gasto no incluido en paquete turístico;Gasto en manutención;2017M09;15,41
Tasa de variación acumulada;Gasto total;Gasto no incluido en paquete turístico;Gasto en manutención;2017M08;15,48
Tasa de variación acumulada;Gasto total;Gasto no incluido en paquete turístico;Gasto en manutención;2017M07;16,21
Tasa de variación acumulada;Gasto total;Gasto no incluido en paquete turístico;Gasto en manutención;2017M06;15,96
Tasa de variación acumulada;Gasto total;Gasto no incluido en paquete turístico;Gasto en manutención;2017M05;15,68
Tasa de variación acumulada;Gasto total;Gasto no incluido en paquete turístico;Gasto en manutención;2017M04;14,09
Tasa de variación acumulada;Gasto total;Gasto no incluido en paquete turístico;Gasto en manutención;2017M03;11,53
Tasa de variación acumulada;Gasto total;Gasto no incluido en paquete turístico;Gasto en manutención;2017M02;13,43
Tasa de variación acumulada;Gasto total;Gasto no incluido en paquete turístico;Gasto en manutención;2017M01;11,17
Tasa de variación acumulada;Gasto total;Gasto no incluido en paquete turístico;Gasto en manutención;2016M12;2,41
Tasa de variación acumulada;Gasto total;Gasto no incluido en paquete turístico;Gasto en manutención;2016M11;1,52
Tasa de variación acumulada;Gasto total;Gasto no incluido en paquete turístico;Gasto en manutención;2016M10;1,38
Tasa de variación acumulada;Gasto total;Gasto no incluido en paquete turístico;Gasto en manutención;2016M09;0,89
Tasa de variación acumulada;Gasto total;Gasto no incluido en paquete turístico;Gasto en manutención;2016M08;0,59
Tasa de variación acumulada;Gasto total;Gasto no incluido en paquete turístico;Gasto en manutención;2016M07;1,32
Tasa de variación acumulada;Gasto total;Gasto no incluido en paquete turístico;Gasto en manutención;2016M06;1,66
Tasa de variación acumulada;Gasto total;Gasto no incluido en paquete turístico;Gasto en manutención;2016M05;1,29
Tasa de variación acumulada;Gasto total;Gasto no incluido en paquete turístico;Gasto en manutención;2016M04;1,97
Tasa de variación acumulada;Gasto total;Gasto no incluido en paquete turístico;Gasto en manutención;2016M03;4,69
Tasa de variación acumulada;Gasto total;Gasto no incluido en paquete turístico;Gasto en manutención;2016M02;2,58
Tasa de variación acumulada;Gasto total;Gasto no incluido en paquete turístico;Gasto en manutención;2016M01;0,98
Tasa de variación acumulada;Gasto total;Gasto no incluido en paquete turístico;Gasto en manutención;2015M12;""
Tasa de variación acumulada;Gasto total;Gasto no incluido en paquete turístico;Gasto en manutención;2015M11;""
Tasa de variación acumulada;Gasto total;Gasto no incluido en paquete turístico;Gasto en manutención;2015M10;""
Tasa de variación acumulada;Gasto total;Gasto no incluido en paquete turístico;Gasto en actividades;2026M07;7,04
Tasa de variación acumulada;Gasto total;Gasto no incluido en paquete turístico;Gasto en actividades;2026M06;6,52
Tasa de variación acumulada;Gasto total;Gasto no incluido en paquete turístico;Gasto en actividades;2026M05;7,72
Tasa de variación acumulada;Gasto total;Gasto no incluido en paquete turístico;Gasto en actividades;2026M04;6,39
Tasa de variación acumulada;Gasto total;Gasto no incluido en paquete turístico;Gasto en actividades;2026M03;5,11
Tasa de variación acumulada;Gasto total;Gasto no incluido en paquete turístico;Gasto en actividades;2026M02;5,40
Tasa de variación acumulada;Gasto total;Gasto no incluido en paquete turístico;Gasto en actividades;2026M01;7,90
Tasa de variación acumulada;Gasto total;Gasto no incluido en paquete turístico;Gasto en actividades;2025M12;7,29
Tasa de variación acumulada;Gasto total;Gasto no incluido en paquete turístico;Gasto en actividades;2025M11;7,31
Tasa de variación acumulada;Gasto total;Gasto no incluido en paquete turístico;Gasto en actividades;2025M10;7,72
Tasa de variación acumulada;Gasto total;Gasto no incluido en paquete turístico;Gasto en actividades;2025M09;7,40
Tasa de variación acumulada;Gasto total;Gasto no incluido en paquete turístico;Gasto en actividades;2025M08;7,19
Tasa de variación acumulada;Gasto total;Gasto no incluido en paquete turístico;Gasto en actividades;2025M07;7,55
Tasa de variación acumulada;Gasto total;Gasto no incluido en paquete turístico;Gasto en actividades;2025M06;7,79
Tasa de variación acumulada;Gasto total;Gasto no incluido en paquete turístico;Gasto en actividades;2025M05;7,89
Tasa de variación acumulada;Gasto total;Gasto no incluido en paquete turístico;Gasto en actividades;2025M04;9,12
Tasa de variación acumulada;Gasto total;Gasto no incluido en paquete turístico;Gasto en actividades;2025M03;6,09
Tasa de variación acumulada;Gasto total;Gasto no incluido en paquete turístico;Gasto en actividades;2025M02;8,32
Tasa de variación acumulada;Gasto total;Gasto no incluido en paquete turístico;Gasto en actividades;2025M01;10,52
Tasa de variación acumulada;Gasto total;Gasto no incluido en paquete turístico;Gasto en actividades;2024M12;13,43
Tasa de variación acumulada;Gasto total;Gasto no incluido en paquete turístico;Gasto en actividades;2024M11;13,93
Tasa de variación acumulada;Gasto total;Gasto no incluido en paquete turístico;Gasto en actividades;2024M10;13,72
Tasa de variación acumulada;Gasto total;Gasto no incluido en paquete turístico;Gasto en actividades;2024M09;14,00
Tasa de variación acumulada;Gasto total;Gasto no incluido en paquete turístico;Gasto en actividades;2024M08;14,69
Tasa de variación acumulada;Gasto total;Gasto no incluido en paquete turístico;Gasto en actividades;2024M07;15,61
Tasa de variación acumulada;Gasto total;Gasto no incluido en paquete turístico;Gasto en actividades;2024M06;17,30
Tasa de variación acumulada;Gasto total;Gasto no incluido en paquete turístico;Gasto en actividades;2024M05;18,10
Tasa de variación acumulada;Gasto total;Gasto no incluido en paquete turístico;Gasto en actividades;2024M04;18,44
Tasa de variación acumulada;Gasto total;Gasto no incluido en paquete turístico;Gasto en actividades;2024M03;22,74
Tasa de variación acumulada;Gasto total;Gasto no incluido en paquete turístico;Gasto en actividades;2024M02;21,03
Tasa de variación acumulada;Gasto total;Gasto no incluido en paquete turístico;Gasto en actividades;2024M01;23,78
Tasa de variación acumulada;Gasto total;Gasto no incluido en paquete turístico;Gasto en actividades;2023M12;24,58
Tasa de variación acumulada;Gasto total;Gasto no incluido en paquete turístico;Gasto en actividades;2023M11;24,01
Tasa de variación acumulada;Gasto total;Gasto no incluido en paquete turístico;Gasto en actividades;2023M10;24,19
Tasa de variación acumulada;Gasto total;Gasto no incluido en paquete turístico;Gasto en actividades;2023M09;24,81
Tasa de variación acumulada;Gasto total;Gasto no incluido en paquete turístico;Gasto en actividades;2023M08;25,28
Tasa de variación acumulada;Gasto total;Gasto no incluido en paquete turístico;Gasto en actividades;2023M07;25,42
Tasa de variación acumulada;Gasto total;Gasto no incluido en paquete turístico;Gasto en actividades;2023M06;27,82
Tasa de variación acumulada;Gasto total;Gasto no incluido en paquete turístico;Gasto en actividades;2023M05;32,29
Tasa de variación acumulada;Gasto total;Gasto no incluido en paquete turístico;Gasto en actividades;2023M04;36,24
Tasa de variación acumulada;Gasto total;Gasto no incluido en paquete turístico;Gasto en actividades;2023M03;44,73
Tasa de variación acumulada;Gasto total;Gasto no incluido en paquete turístico;Gasto en actividades;2023M02;52,20
Tasa de variación acumulada;Gasto total;Gasto no incluido en paquete turístico;Gasto en actividades;2023M01;70,71
Tasa de variación acumulada;Gasto total;Gasto no incluido en paquete turístico;Gasto en actividades;2022M12;143,52
Tasa de variación acumulada;Gasto total;Gasto no incluido en paquete turístico;Gasto en actividades;2022M11;155,93
Tasa de variación acumulada;Gasto total;Gasto no incluido en paquete turístico;Gasto en actividades;2022M10;172,25
Tasa de variación acumulada;Gasto total;Gasto no incluido en paquete turístico;Gasto en actividades;2022M09;207,61
Tasa de variación acumulada;Gasto total;Gasto no incluido en paquete turístico;Gasto en actividades;2022M08;250,80
Tasa de variación acumulada;Gasto total;Gasto no incluido en paquete turístico;Gasto en actividades;2022M07;339,36
Tasa de variación acumulada;Gasto total;Gasto no incluido en paquete turístico;Gasto en actividades;2022M06;514,98
Tasa de variación acumulada;Gasto total;Gasto no incluido en paquete turístico;Gasto en actividades;2022M05;685,82
Tasa de variación acumulada;Gasto total;Gasto no incluido en paquete turístico;Gasto en actividades;2022M04;831,57
Tasa de variación acumulada;Gasto total;Gasto no incluido en paquete turístico;Gasto en actividades;2022M03;774,06
Tasa de variación acumulada;Gasto total;Gasto no incluido en paquete turístico;Gasto en actividades;2022M02;773,70
Tasa de variación acumulada;Gasto total;Gasto no incluido en paquete turístico;Gasto en actividades;2022M01;545,64
Tasa de variación acumulada;Gasto total;Gasto no incluido en paquete turístico;Gasto en actividades;2021M12;71,88
Tasa de variación acumulada;Gasto total;Gasto no incluido en paquete turístico;Gasto en actividades;2021M11;58,13
Tasa de variación acumulada;Gasto total;Gasto no incluido en paquete turístico;Gasto en actividades;2021M10;42,01
Tasa de variación acumulada;Gasto total;Gasto no incluido en paquete turístico;Gasto en actividades;2021M09;17,71
Tasa de variación acumulada;Gasto total;Gasto no incluido en paquete turístico;Gasto en actividades;2021M08;-4,76
Tasa de variación acumulada;Gasto total;Gasto no incluido en paquete turístico;Gasto en actividades;2021M07;-26,74
Tasa de variación acumulada;Gasto total;Gasto no incluido en paquete turístico;Gasto en actividades;2021M06;-51,95
Tasa de variación acumulada;Gasto total;Gasto no incluido en paquete turístico;Gasto en actividades;2021M05;-71,38
Tasa de variación acumulada;Gasto total;Gasto no incluido en paquete turístico;Gasto en actividades;2021M04;-82,71
Tasa de variación acumulada;Gasto total;Gasto no incluido en paquete turístico;Gasto en actividades;2021M03;-88,09
Tasa de variación acumulada;Gasto total;Gasto no incluido en paquete turístico;Gasto en actividades;2021M02;-91,37
Tasa de variación acumulada;Gasto total;Gasto no incluido en paquete turístico;Gasto en actividades;2021M01;-89,74
Tasa de variación acumulada;Gasto total;Gasto no incluido en paquete turístico;Gasto en actividades;2020M12;-76,19
Tasa de variación acumulada;Gasto total;Gasto no incluido en paquete turístico;Gasto en actividades;2020M11;-75,61
Tasa de variación acumulada;Gasto total;Gasto no incluido en paquete turístico;Gasto en actividades;2020M10;-74,64
Tasa de variación acumulada;Gasto total;Gasto no incluido en paquete turístico;Gasto en actividades;2020M09;-73,23
Tasa de variación acumulada;Gasto total;Gasto no incluido en paquete turístico;Gasto en actividades;2020M08;-71,01
Tasa de variación acumulada;Gasto total;Gasto no incluido en paquete turístico;Gasto en actividades;2020M07;-69,66
Tasa de variación acumulada;Gasto total;Gasto no incluido en paquete turístico;Gasto en actividades;2020M06;-67,66
Tasa de variación acumulada;Gasto total;Gasto no incluido en paquete turístico;Gasto en actividades;2020M05;-58,20
Tasa de variación acumulada;Gasto total;Gasto no incluido en paquete turístico;Gasto en actividades;2020M04;-44,08
Tasa de variación acumulada;Gasto total;Gasto no incluido en paquete turístico;Gasto en actividades;2020M03;-19,76
Tasa de variación acumulada;Gasto total;Gasto no incluido en paquete turístico;Gasto en actividades;2020M02;6,77
Tasa de variación acumulada;Gasto total;Gasto no incluido en paquete turístico;Gasto en actividades;2020M01;5,98
Tasa de variación acumulada;Gasto total;Gasto no incluido en paquete turístico;Gasto en actividades;2019M12;8,61
Tasa de variación acumulada;Gasto total;Gasto no incluido en paquete turístico;Gasto en actividades;2019M11;8,98
Tasa de variación acumulada;Gasto total;Gasto no incluido en paquete turístico;Gasto en actividades;2019M10;8,87
Tasa de variación acumulada;Gasto total;Gasto no incluido en paquete turístico;Gasto en actividades;2019M09;9,16
Tasa de variación acumulada;Gasto total;Gasto no incluido en paquete turístico;Gasto en actividades;2019M08;9,69
Tasa de variación acumulada;Gasto total;Gasto no incluido en paquete turístico;Gasto en actividades;2019M07;9,55
Tasa de variación acumulada;Gasto total;Gasto no incluido en paquete turístico;Gasto en actividades;2019M06;10,17
Tasa de variación acumulada;Gasto total;Gasto no incluido en paquete turístico;Gasto en actividades;2019M05;10,40
Tasa de variación acumulada;Gasto total;Gasto no incluido en paquete turístico;Gasto en actividades;2019M04;12,43
Tasa de variación acumulada;Gasto total;Gasto no incluido en paquete turístico;Gasto en actividades;2019M03;12,79
Tasa de variación acumulada;Gasto total;Gasto no incluido en paquete turístico;Gasto en actividades;2019M02;11,10
Tasa de variación acumulada;Gasto total;Gasto no incluido en paquete turístico;Gasto en actividades;2019M01;9,59
Tasa de variación acumulada;Gasto total;Gasto no incluido en paquete turístico;Gasto en actividades;2018M12;7,45
Tasa de variación acumulada;Gasto total;Gasto no incluido en paquete turístico;Gasto en actividades;2018M11;6,71
Tasa de variación acumulada;Gasto total;Gasto no incluido en paquete turístico;Gasto en actividades;2018M10;6,44
Tasa de variación acumulada;Gasto total;Gasto no incluido en paquete turístico;Gasto en actividades;2018M09;5,85
Tasa de variación acumulada;Gasto total;Gasto no incluido en paquete turístico;Gasto en actividades;2018M08;6,04
Tasa de variación acumulada;Gasto total;Gasto no incluido en paquete turístico;Gasto en actividades;2018M07;6,37
Tasa de variación acumulada;Gasto total;Gasto no incluido en paquete turístico;Gasto en actividades;2018M06;7,69
Tasa de variación acumulada;Gasto total;Gasto no incluido en paquete turístico;Gasto en actividades;2018M05;7,59
Tasa de variación acumulada;Gasto total;Gasto no incluido en paquete turístico;Gasto en actividades;2018M04;8,16
Tasa de variación acumulada;Gasto total;Gasto no incluido en paquete turístico;Gasto en actividades;2018M03;12,46
Tasa de variación acumulada;Gasto total;Gasto no incluido en paquete turístico;Gasto en actividades;2018M02;9,64
Tasa de variación acumulada;Gasto total;Gasto no incluido en paquete turístico;Gasto en actividades;2018M01;12,34
Tasa de variación acumulada;Gasto total;Gasto no incluido en paquete turístico;Gasto en actividades;2017M12;13,88
Tasa de variación acumulada;Gasto total;Gasto no incluido en paquete turístico;Gasto en actividades;2017M11;15,22
Tasa de variación acumulada;Gasto total;Gasto no incluido en paquete turístico;Gasto en actividades;2017M10;15,51
Tasa de variación acumulada;Gasto total;Gasto no incluido en paquete turístico;Gasto en actividades;2017M09;16,70
Tasa de variación acumulada;Gasto total;Gasto no incluido en paquete turístico;Gasto en actividades;2017M08;17,42
Tasa de variación acumulada;Gasto total;Gasto no incluido en paquete turístico;Gasto en actividades;2017M07;17,88
Tasa de variación acumulada;Gasto total;Gasto no incluido en paquete turístico;Gasto en actividades;2017M06;17,77
Tasa de variación acumulada;Gasto total;Gasto no incluido en paquete turístico;Gasto en actividades;2017M05;19,13
Tasa de variación acumulada;Gasto total;Gasto no incluido en paquete turístico;Gasto en actividades;2017M04;18,89
Tasa de variación acumulada;Gasto total;Gasto no incluido en paquete turístico;Gasto en actividades;2017M03;14,38
Tasa de variación acumulada;Gasto total;Gasto no incluido en paquete turístico;Gasto en actividades;2017M02;18,42
Tasa de variación acumulada;Gasto total;Gasto no incluido en paquete turístico;Gasto en actividades;2017M01;16,60
Tasa de variación acumulada;Gasto total;Gasto no incluido en paquete turístico;Gasto en actividades;2016M12;14,55
Tasa de variación acumulada;Gasto total;Gasto no incluido en paquete turístico;Gasto en actividades;2016M11;13,62
Tasa de variación acumulada;Gasto total;Gasto no incluido en paquete turístico;Gasto en actividades;2016M10;13,98
Tasa de variación acumulada;Gasto total;Gasto no incluido en paquete turístico;Gasto en actividades;2016M09;13,07
Tasa de variación acumulada;Gasto total;Gasto no incluido en paquete turístico;Gasto en actividades;2016M08;11,66
Tasa de variación acumulada;Gasto total;Gasto no incluido en paquete turístico;Gasto en actividades;2016M07;11,72
Tasa de variación acumulada;Gasto total;Gasto no incluido en paquete turístico;Gasto en actividades;2016M06;11,83
Tasa de variación acumulada;Gasto total;Gasto no incluido en paquete turístico;Gasto en actividades;2016M05;9,45
Tasa de variación acumulada;Gasto total;Gasto no incluido en paquete turístico;Gasto en actividades;2016M04;8,41
Tasa de variación acumulada;Gasto total;Gasto no incluido en paquete turístico;Gasto en actividades;2016M03;11,82
Tasa de variación acumulada;Gasto total;Gasto no incluido en paquete turístico;Gasto en actividades;2016M02;9,31
Tasa de variación acumulada;Gasto total;Gasto no incluido en paquete turístico;Gasto en actividades;2016M01;9,01
Tasa de variación acumulada;Gasto total;Gasto no incluido en paquete turístico;Gasto en actividades;2015M12;""
Tasa de variación acumulada;Gasto total;Gasto no incluido en paquete turístico;Gasto en actividades;2015M11;""
Tasa de variación acumulada;Gasto total;Gasto no incluido en paquete turístico;Gasto en actividades;2015M10;""
Tasa de variación acumulada;Gasto total;Gasto no incluido en paquete turístico;Otros gastos;2026M07;4,24
Tasa de variación acumulada;Gasto total;Gasto no incluido en paquete turístico;Otros gastos;2026M06;2,80
Tasa de variación acumulada;Gasto total;Gasto no incluido en paquete turístico;Otros gastos;2026M05;4,28
Tasa de variación acumulada;Gasto total;Gasto no incluido en paquete turístico;Otros gastos;2026M04;2,62
Tasa de variación acumulada;Gasto total;Gasto no incluido en paquete turístico;Otros gastos;2026M03;2,72
Tasa de variación acumulada;Gasto total;Gasto no incluido en paquete turístico;Otros gastos;2026M02;6,61
Tasa de variación acumulada;Gasto total;Gasto no incluido en paquete turístico;Otros gastos;2026M01;9,57
Tasa de variación acumulada;Gasto total;Gasto no incluido en paquete turístico;Otros gastos;2025M12;6,35
Tasa de variación acumulada;Gasto total;Gasto no incluido en paquete turístico;Otros gastos;2025M11;6,61
Tasa de variación acumulada;Gasto total;Gasto no incluido en paquete turístico;Otros gastos;2025M10;6,78
Tasa de variación acumulada;Gasto total;Gasto no incluido en paquete turístico;Otros gastos;2025M09;5,92
Tasa de variación acumulada;Gasto total;Gasto no incluido en paquete turístico;Otros gastos;2025M08;5,73
Tasa de variación acumulada;Gasto total;Gasto no incluido en paquete turístico;Otros gastos;2025M07;5,94
Tasa de variación acumulada;Gasto total;Gasto no incluido en paquete turístico;Otros gastos;2025M06;7,14
Tasa de variación acumulada;Gasto total;Gasto no incluido en paquete turístico;Otros gastos;2025M05;7,11
Tasa de variación acumulada;Gasto total;Gasto no incluido en paquete turístico;Otros gastos;2025M04;8,84
Tasa de variación acumulada;Gasto total;Gasto no incluido en paquete turístico;Otros gastos;2025M03;4,48
Tasa de variación acumulada;Gasto total;Gasto no incluido en paquete turístico;Otros gastos;2025M02;3,63
Tasa de variación acumulada;Gasto total;Gasto no incluido en paquete turístico;Otros gastos;2025M01;2,65
Tasa de variación acumulada;Gasto total;Gasto no incluido en paquete turístico;Otros gastos;2024M12;14,52
Tasa de variación acumulada;Gasto total;Gasto no incluido en paquete turístico;Otros gastos;2024M11;15,28
Tasa de variación acumulada;Gasto total;Gasto no incluido en paquete turístico;Otros gastos;2024M10;15,50
Tasa de variación acumulada;Gasto total;Gasto no incluido en paquete turístico;Otros gastos;2024M09;16,33
Tasa de variación acumulada;Gasto total;Gasto no incluido en paquete turístico;Otros gastos;2024M08;17,49
Tasa de variación acumulada;Gasto total;Gasto no incluido en paquete turístico;Otros gastos;2024M07;19,41
Tasa de variación acumulada;Gasto total;Gasto no incluido en paquete turístico;Otros gastos;2024M06;20,24
Tasa de variación acumulada;Gasto total;Gasto no incluido en paquete turístico;Otros gastos;2024M05;22,47
Tasa de variación acumulada;Gasto total;Gasto no incluido en paquete turístico;Otros gastos;2024M04;22,92
Tasa de variación acumulada;Gasto total;Gasto no incluido en paquete turístico;Otros gastos;2024M03;32,18
Tasa de variación acumulada;Gasto total;Gasto no incluido en paquete turístico;Otros gastos;2024M02;30,25
Tasa de variación acumulada;Gasto total;Gasto no incluido en paquete turístico;Otros gastos;2024M01;30,58
Tasa de variación acumulada;Gasto total;Gasto no incluido en paquete turístico;Otros gastos;2023M12;20,66
Tasa de variación acumulada;Gasto total;Gasto no incluido en paquete turístico;Otros gastos;2023M11;19,58
Tasa de variación acumulada;Gasto total;Gasto no incluido en paquete turístico;Otros gastos;2023M10;19,73
Tasa de variación acumulada;Gasto total;Gasto no incluido en paquete turístico;Otros gastos;2023M09;19,08
Tasa de variación acumulada;Gasto total;Gasto no incluido en paquete turístico;Otros gastos;2023M08;18,08
Tasa de variación acumulada;Gasto total;Gasto no incluido en paquete turístico;Otros gastos;2023M07;16,80
Tasa de variación acumulada;Gasto total;Gasto no incluido en paquete turístico;Otros gastos;2023M06;19,96
Tasa de variación acumulada;Gasto total;Gasto no incluido en paquete turístico;Otros gastos;2023M05;21,03
Tasa de variación acumulada;Gasto total;Gasto no incluido en paquete turístico;Otros gastos;2023M04;23,25
Tasa de variación acumulada;Gasto total;Gasto no incluido en paquete turístico;Otros gastos;2023M03;26,08
Tasa de variación acumulada;Gasto total;Gasto no incluido en paquete turístico;Otros gastos;2023M02;31,53
Tasa de variación acumulada;Gasto total;Gasto no incluido en paquete turístico;Otros gastos;2023M01;47,00
Tasa de variación acumulada;Gasto total;Gasto no incluido en paquete turístico;Otros gastos;2022M12;112,71
Tasa de variación acumulada;Gasto total;Gasto no incluido en paquete turístico;Otros gastos;2022M11;119,73
Tasa de variación acumulada;Gasto total;Gasto no incluido en paquete turístico;Otros gastos;2022M10;129,75
Tasa de variación acumulada;Gasto total;Gasto no incluido en paquete turístico;Otros gastos;2022M09;150,08
Tasa de variación acumulada;Gasto total;Gasto no incluido en paquete turístico;Otros gastos;2022M08;175,69
Tasa de variación acumulada;Gasto total;Gasto no incluido en paquete turístico;Otros gastos;2022M07;221,12
Tasa de variación acumulada;Gasto total;Gasto no incluido en paquete turístico;Otros gastos;2022M06;332,56
Tasa de variación acumulada;Gasto total;Gasto no incluido en paquete turístico;Otros gastos;2022M05;467,11
Tasa de variación acumulada;Gasto total;Gasto no incluido en paquete turístico;Otros gastos;2022M04;621,94
Tasa de variación acumulada;Gasto total;Gasto no incluido en paquete turístico;Otros gastos;2022M03;645,75
Tasa de variación acumulada;Gasto total;Gasto no incluido en paquete turístico;Otros gastos;2022M02;596,31
Tasa de variación acumulada;Gasto total;Gasto no incluido en paquete turístico;Otros gastos;2022M01;451,98
Tasa de variación acumulada;Gasto total;Gasto no incluido en paquete turístico;Otros gastos;2021M12;85,42
Tasa de variación acumulada;Gasto total;Gasto no incluido en paquete turístico;Otros gastos;2021M11;75,20
Tasa de variación acumulada;Gasto total;Gasto no incluido en paquete turístico;Otros gastos;2021M10;60,99
Tasa de variación acumulada;Gasto total;Gasto no incluido en paquete turístico;Otros gastos;2021M09;40,78
Tasa de variación acumulada;Gasto total;Gasto no incluido en paquete turístico;Otros gastos;2021M08;20,07
Tasa de variación acumulada;Gasto total;Gasto no incluido en paquete turístico;Otros gastos;2021M07;0,35
Tasa de variación acumulada;Gasto total;Gasto no incluido en paquete turístico;Otros gastos;2021M06;-30,16
Tasa de variación acumulada;Gasto total;Gasto no incluido en paquete turístico;Otros gastos;2021M05;-58,35
Tasa de variación acumulada;Gasto total;Gasto no incluido en paquete turístico;Otros gastos;2021M04;-76,45
Tasa de variación acumulada;Gasto total;Gasto no incluido en paquete turístico;Otros gastos;2021M03;-85,56
Tasa de variación acumulada;Gasto total;Gasto no incluido en paquete turístico;Otros gastos;2021M02;-88,99
Tasa de variación acumulada;Gasto total;Gasto no incluido en paquete turístico;Otros gastos;2021M01;-87,44
Tasa de variación acumulada;Gasto total;Gasto no incluido en paquete turístico;Otros gastos;2020M12;-76,98
Tasa de variación acumulada;Gasto total;Gasto no incluido en paquete turístico;Otros gastos;2020M11;-76,56
Tasa de variación acumulada;Gasto total;Gasto no incluido en paquete turístico;Otros gastos;2020M10;-75,84
Tasa de variación acumulada;Gasto total;Gasto no incluido en paquete turístico;Otros gastos;2020M09;-74,74
Tasa de variación acumulada;Gasto total;Gasto no incluido en paquete turístico;Otros gastos;2020M08;-73,06
Tasa de variación acumulada;Gasto total;Gasto no incluido en paquete turístico;Otros gastos;2020M07;-72,47
Tasa de variación acumulada;Gasto total;Gasto no incluido en paquete turístico;Otros gastos;2020M06;-71,31
Tasa de variación acumulada;Gasto total;Gasto no incluido en paquete turístico;Otros gastos;2020M05;-63,48
Tasa de variación acumulada;Gasto total;Gasto no incluido en paquete turístico;Otros gastos;2020M04;-50,64
Tasa de variación acumulada;Gasto total;Gasto no incluido en paquete turístico;Otros gastos;2020M03;-26,28
Tasa de variación acumulada;Gasto total;Gasto no incluido en paquete turístico;Otros gastos;2020M02;-0,84
Tasa de variación acumulada;Gasto total;Gasto no incluido en paquete turístico;Otros gastos;2020M01;-0,89
Tasa de variación acumulada;Gasto total;Gasto no incluido en paquete turístico;Otros gastos;2019M12;-3,98
Tasa de variación acumulada;Gasto total;Gasto no incluido en paquete turístico;Otros gastos;2019M11;-4,17
Tasa de variación acumulada;Gasto total;Gasto no incluido en paquete turístico;Otros gastos;2019M10;-4,04
Tasa de variación acumulada;Gasto total;Gasto no incluido en paquete turístico;Otros gastos;2019M09;-4,05
Tasa de variación acumulada;Gasto total;Gasto no incluido en paquete turístico;Otros gastos;2019M08;-4,30
Tasa de variación acumulada;Gasto total;Gasto no incluido en paquete turístico;Otros gastos;2019M07;-4,19
Tasa de variación acumulada;Gasto total;Gasto no incluido en paquete turístico;Otros gastos;2019M06;-4,47
Tasa de variación acumulada;Gasto total;Gasto no incluido en paquete turístico;Otros gastos;2019M05;-5,02
Tasa de variación acumulada;Gasto total;Gasto no incluido en paquete turístico;Otros gastos;2019M04;-3,12
Tasa de variación acumulada;Gasto total;Gasto no incluido en paquete turístico;Otros gastos;2019M03;-5,16
Tasa de variación acumulada;Gasto total;Gasto no incluido en paquete turístico;Otros gastos;2019M02;-4,57
Tasa de variación acumulada;Gasto total;Gasto no incluido en paquete turístico;Otros gastos;2019M01;-7,45
Tasa de variación acumulada;Gasto total;Gasto no incluido en paquete turístico;Otros gastos;2018M12;-3,54
Tasa de variación acumulada;Gasto total;Gasto no incluido en paquete turístico;Otros gastos;2018M11;-3,76
Tasa de variación acumulada;Gasto total;Gasto no incluido en paquete turístico;Otros gastos;2018M10;-3,97
Tasa de variación acumulada;Gasto total;Gasto no incluido en paquete turístico;Otros gastos;2018M09;-4,11
Tasa de variación acumulada;Gasto total;Gasto no incluido en paquete turístico;Otros gastos;2018M08;-3,97
Tasa de variación acumulada;Gasto total;Gasto no incluido en paquete turístico;Otros gastos;2018M07;-3,46
Tasa de variación acumulada;Gasto total;Gasto no incluido en paquete turístico;Otros gastos;2018M06;-0,80
Tasa de variación acumulada;Gasto total;Gasto no incluido en paquete turístico;Otros gastos;2018M05;-0,20
Tasa de variación acumulada;Gasto total;Gasto no incluido en paquete turístico;Otros gastos;2018M04;0,82
Tasa de variación acumulada;Gasto total;Gasto no incluido en paquete turístico;Otros gastos;2018M03;5,41
Tasa de variación acumulada;Gasto total;Gasto no incluido en paquete turístico;Otros gastos;2018M02;4,53
Tasa de variación acumulada;Gasto total;Gasto no incluido en paquete turístico;Otros gastos;2018M01;8,03
Tasa de variación acumulada;Gasto total;Gasto no incluido en paquete turístico;Otros gastos;2017M12;8,82
Tasa de variación acumulada;Gasto total;Gasto no incluido en paquete turístico;Otros gastos;2017M11;9,60
Tasa de variación acumulada;Gasto total;Gasto no incluido en paquete turístico;Otros gastos;2017M10;9,75
Tasa de variación acumulada;Gasto total;Gasto no incluido en paquete turístico;Otros gastos;2017M09;10,18
Tasa de variación acumulada;Gasto total;Gasto no incluido en paquete turístico;Otros gastos;2017M08;10,90
Tasa de variación acumulada;Gasto total;Gasto no incluido en paquete turístico;Otros gastos;2017M07;12,88
Tasa de variación acumulada;Gasto total;Gasto no incluido en paquete turístico;Otros gastos;2017M06;10,51
Tasa de variación acumulada;Gasto total;Gasto no incluido en paquete turístico;Otros gastos;2017M05;11,78
Tasa de variación acumulada;Gasto total;Gasto no incluido en paquete turístico;Otros gastos;2017M04;14,09
Tasa de variación acumulada;Gasto total;Gasto no incluido en paquete turístico;Otros gastos;2017M03;14,43
Tasa de variación acumulada;Gasto total;Gasto no incluido en paquete turístico;Otros gastos;2017M02;15,49
Tasa de variación acumulada;Gasto total;Gasto no incluido en paquete turístico;Otros gastos;2017M01;8,56
Tasa de variación acumulada;Gasto total;Gasto no incluido en paquete turístico;Otros gastos;2016M12;18,62
Tasa de variación acumulada;Gasto total;Gasto no incluido en paquete turístico;Otros gastos;2016M11;18,84
Tasa de variación acumulada;Gasto total;Gasto no incluido en paquete turístico;Otros gastos;2016M10;19,16
Tasa de variación acumulada;Gasto total;Gasto no incluido en paquete turístico;Otros gastos;2016M09;19,77
Tasa de variación acumulada;Gasto total;Gasto no incluido en paquete turístico;Otros gastos;2016M08;21,13
Tasa de variación acumulada;Gasto total;Gasto no incluido en paquete turístico;Otros gastos;2016M07;20,92
Tasa de variación acumulada;Gasto total;Gasto no incluido en paquete turístico;Otros gastos;2016M06;21,42
Tasa de variación acumulada;Gasto total;Gasto no incluido en paquete turístico;Otros gastos;2016M05;19,41
Tasa de variación acumulada;Gasto total;Gasto no incluido en paquete turístico;Otros gastos;2016M04;16,27
Tasa de variación acumulada;Gasto total;Gasto no incluido en paquete turístico;Otros gastos;2016M03;14,22
Tasa de variación acumulada;Gasto total;Gasto no incluido en paquete turístico;Otros gastos;2016M02;7,95
Tasa de variación acumulada;Gasto total;Gasto no incluido en paquete turístico;Otros gastos;2016M01;5,83
Tasa de variación acumulada;Gasto total;Gasto no incluido en paquete turístico;Otros gastos;2015M12;""
Tasa de variación acumulada;Gasto total;Gasto no incluido en paquete turístico;Otros gastos;2015M11;""
Tasa de variación acumulada;Gasto total;Gasto no incluido en paquete turístico;Otros gastos;2015M10;""
