Motivo del viaje;Gastos y duración media de los viajes;Tipo de dato;Periodo;Total
Total;Gasto total;Dato base;2025;134.743,32
Total;Gasto total;Dato base;2024;126.143,22
Total;Gasto total;Dato base;2023;108.789,41
Total;Gasto total;Dato base;2022;87.138,19
Total;Gasto total;Dato base;2021;34.903,37
Total;Gasto total;Dato base;2020;19.786,78
Total;Gasto total;Dato base;2019;91.911,97
Total;Gasto total;Dato base;2018;89.750,75
Total;Gasto total;Dato base;2017;87.003,93
Total;Gasto total;Dato base;2016;77.415,54
Total;Gasto total;Tasa de variación anual;2025;6,82
Total;Gasto total;Tasa de variación anual;2024;15,95
Total;Gasto total;Tasa de variación anual;2023;24,85
Total;Gasto total;Tasa de variación anual;2022;149,66
Total;Gasto total;Tasa de variación anual;2021;76,40
Total;Gasto total;Tasa de variación anual;2020;-78,47
Total;Gasto total;Tasa de variación anual;2019;2,41
Total;Gasto total;Tasa de variación anual;2018;3,16
Total;Gasto total;Tasa de variación anual;2017;12,39
Total;Gasto total;Tasa de variación anual;2016;9,21
Total;Gasto medio por persona;Dato base;2025;1.392
Total;Gasto medio por persona;Dato base;2024;1.345
Total;Gasto medio por persona;Dato base;2023;1.277
Total;Gasto medio por persona;Dato base;2022;1.216
Total;Gasto medio por persona;Dato base;2021;1.119
Total;Gasto medio por persona;Dato base;2020;1.045
Total;Gasto medio por persona;Dato base;2019;1.101
Total;Gasto medio por persona;Dato base;2018;1.084
Total;Gasto medio por persona;Dato base;2017;1.063
Total;Gasto medio por persona;Dato base;2016;1.028
Total;Gasto medio por persona;Tasa de variación anual;2025;3,46
Total;Gasto medio por persona;Tasa de variación anual;2024;5,33
Total;Gasto medio por persona;Tasa de variación anual;2023;5,04
Total;Gasto medio por persona;Tasa de variación anual;2022;8,63
Total;Gasto medio por persona;Tasa de variación anual;2021;7,11
Total;Gasto medio por persona;Tasa de variación anual;2020;-5,05
Total;Gasto medio por persona;Tasa de variación anual;2019;1,55
Total;Gasto medio por persona;Tasa de variación anual;2018;1,99
Total;Gasto medio por persona;Tasa de variación anual;2017;3,39
Total;Gasto medio por persona;Tasa de variación anual;2016;-1,14
Total;Gasto medio diario por persona;Dato base;2025;195
Total;Gasto medio diario por persona;Dato base;2024;186
Total;Gasto medio diario por persona;Dato base;2023;177
Total;Gasto medio diario por persona;Dato base;2022;162
Total;Gasto medio diario por persona;Dato base;2021;137
Total;Gasto medio diario por persona;Dato base;2020;134
Total;Gasto medio diario por persona;Dato base;2019;155
Total;Gasto medio diario por persona;Dato base;2018;146
Total;Gasto medio diario por persona;Dato base;2017;137
Total;Gasto medio diario por persona;Dato base;2016;130
Total;Gasto medio diario por persona;Tasa de variación anual;2025;4,89
Total;Gasto medio diario por persona;Tasa de variación anual;2024;5,19
Total;Gasto medio diario por persona;Tasa de variación anual;2023;9,15
Total;Gasto medio diario por persona;Tasa de variación anual;2022;17,95
Total;Gasto medio diario por persona;Tasa de variación anual;2021;2,78
Total;Gasto medio diario por persona;Tasa de variación anual;2020;-13,59
Total;Gasto medio diario por persona;Tasa de variación anual;2019;6,32
Total;Gasto medio diario por persona;Tasa de variación anual;2018;6,00
Total;Gasto medio diario por persona;Tasa de variación anual;2017;5,24
Total;Gasto medio diario por persona;Tasa de variación anual;2016;4,08
Total;Duración media de los viajes;Dato base;2025;7,13
Total;Duración media de los viajes;Dato base;2024;7,23
Total;Duración media de los viajes;Dato base;2023;7,22
Total;Duración media de los viajes;Dato base;2022;7,50
Total;Duración media de los viajes;Dato base;2021;8,15
Total;Duración media de los viajes;Dato base;2020;7,82
Total;Duración media de los viajes;Dato base;2019;7,11
Total;Duración media de los viajes;Dato base;2018;7,45
Total;Duración media de los viajes;Dato base;2017;7,74
Total;Duración media de los viajes;Dato base;2016;7,88
Total;Duración media de los viajes;Tasa de variación anual;2025;-1,37
Total;Duración media de los viajes;Tasa de variación anual;2024;0,13
Total;Duración media de los viajes;Tasa de variación anual;2023;-3,76
Total;Duración media de los viajes;Tasa de variación anual;2022;-7,90
Total;Duración media de los viajes;Tasa de variación anual;2021;4,21
Total;Duración media de los viajes;Tasa de variación anual;2020;9,88
Total;Duración media de los viajes;Tasa de variación anual;2019;-4,49
Total;Duración media de los viajes;Tasa de variación anual;2018;-3,78
Total;Duración media de los viajes;Tasa de variación anual;2017;-1,76
Total;Duración media de los viajes;Tasa de variación anual;2016;-5,01
Negocio, motivos profesionales;Gasto total;Dato base;2025;7.201,47
Negocio, motivos profesionales;Gasto total;Dato base;2024;7.109,73
Negocio, motivos profesionales;Gasto total;Dato base;2023;6.452,46
Negocio, motivos profesionales;Gasto total;Dato base;2022;5.468,73
Negocio, motivos profesionales;Gasto total;Dato base;2021;2.234,57
Negocio, motivos profesionales;Gasto total;Dato base;2020;1.396,65
Negocio, motivos profesionales;Gasto total;Dato base;2019;6.042,04
Negocio, motivos profesionales;Gasto total;Dato base;2018;5.447,71
Negocio, motivos profesionales;Gasto total;Dato base;2017;5.451,85
Negocio, motivos profesionales;Gasto total;Dato base;2016;5.322,84
Negocio, motivos profesionales;Gasto total;Tasa de variación anual;2025;1,29
Negocio, motivos profesionales;Gasto total;Tasa de variación anual;2024;10,19
Negocio, motivos profesionales;Gasto total;Tasa de variación anual;2023;17,99
Negocio, motivos profesionales;Gasto total;Tasa de variación anual;2022;144,73
Negocio, motivos profesionales;Gasto total;Tasa de variación anual;2021;60,00
Negocio, motivos profesionales;Gasto total;Tasa de variación anual;2020;-76,88
Negocio, motivos profesionales;Gasto total;Tasa de variación anual;2019;10,91
Negocio, motivos profesionales;Gasto total;Tasa de variación anual;2018;-0,08
Negocio, motivos profesionales;Gasto total;Tasa de variación anual;2017;2,42
Negocio, motivos profesionales;Gasto total;Tasa de variación anual;2016;4,10
Negocio, motivos profesionales;Gasto medio por persona;Dato base;2025;1.442
Negocio, motivos profesionales;Gasto medio por persona;Dato base;2024;1.381
Negocio, motivos profesionales;Gasto medio por persona;Dato base;2023;1.337
Negocio, motivos profesionales;Gasto medio por persona;Dato base;2022;1.240
Negocio, motivos profesionales;Gasto medio por persona;Dato base;2021;1.076
Negocio, motivos profesionales;Gasto medio por persona;Dato base;2020;1.038
Negocio, motivos profesionales;Gasto medio por persona;Dato base;2019;1.117
Negocio, motivos profesionales;Gasto medio por persona;Dato base;2018;1.084
Negocio, motivos profesionales;Gasto medio por persona;Dato base;2017;1.155
Negocio, motivos profesionales;Gasto medio por persona;Dato base;2016;1.137
Negocio, motivos profesionales;Gasto medio por persona;Tasa de variación anual;2025;4,40
Negocio, motivos profesionales;Gasto medio por persona;Tasa de variación anual;2024;3,28
Negocio, motivos profesionales;Gasto medio por persona;Tasa de variación anual;2023;7,84
Negocio, motivos profesionales;Gasto medio por persona;Tasa de variación anual;2022;15,20
Negocio, motivos profesionales;Gasto medio por persona;Tasa de variación anual;2021;3,73
Negocio, motivos profesionales;Gasto medio por persona;Tasa de variación anual;2020;-7,11
Negocio, motivos profesionales;Gasto medio por persona;Tasa de variación anual;2019;3,00
Negocio, motivos profesionales;Gasto medio por persona;Tasa de variación anual;2018;-6,10
Negocio, motivos profesionales;Gasto medio por persona;Tasa de variación anual;2017;1,54
Negocio, motivos profesionales;Gasto medio por persona;Tasa de variación anual;2016;7,49
Negocio, motivos profesionales;Gasto medio diario por persona;Dato base;2025;256
Negocio, motivos profesionales;Gasto medio diario por persona;Dato base;2024;241
Negocio, motivos profesionales;Gasto medio diario por persona;Dato base;2023;216
Negocio, motivos profesionales;Gasto medio diario por persona;Dato base;2022;203
Negocio, motivos profesionales;Gasto medio diario por persona;Dato base;2021;171
Negocio, motivos profesionales;Gasto medio diario por persona;Dato base;2020;184
Negocio, motivos profesionales;Gasto medio diario por persona;Dato base;2019;218
Negocio, motivos profesionales;Gasto medio diario por persona;Dato base;2018;209
Negocio, motivos profesionales;Gasto medio diario por persona;Dato base;2017;192
Negocio, motivos profesionales;Gasto medio diario por persona;Dato base;2016;202
Negocio, motivos profesionales;Gasto medio diario por persona;Tasa de variación anual;2025;6,23
Negocio, motivos profesionales;Gasto medio diario por persona;Tasa de variación anual;2024;11,38
Negocio, motivos profesionales;Gasto medio diario por persona;Tasa de variación anual;2023;6,43
Negocio, motivos profesionales;Gasto medio diario por persona;Tasa de variación anual;2022;19,09
Negocio, motivos profesionales;Gasto medio diario por persona;Tasa de variación anual;2021;-7,00
Negocio, motivos profesionales;Gasto medio diario por persona;Tasa de variación anual;2020;-15,77
Negocio, motivos profesionales;Gasto medio diario por persona;Tasa de variación anual;2019;4,42
Negocio, motivos profesionales;Gasto medio diario por persona;Tasa de variación anual;2018;8,52
Negocio, motivos profesionales;Gasto medio diario por persona;Tasa de variación anual;2017;-4,83
Negocio, motivos profesionales;Gasto medio diario por persona;Tasa de variación anual;2016;13,78
Negocio, motivos profesionales;Duración media de los viajes;Dato base;2025;5,63
Negocio, motivos profesionales;Duración media de los viajes;Dato base;2024;5,73
Negocio, motivos profesionales;Duración media de los viajes;Dato base;2023;6,18
Negocio, motivos profesionales;Duración media de los viajes;Dato base;2022;6,10
Negocio, motivos profesionales;Duración media de los viajes;Dato base;2021;6,30
Negocio, motivos profesionales;Duración media de los viajes;Dato base;2020;5,65
Negocio, motivos profesionales;Duración media de los viajes;Dato base;2019;5,12
Negocio, motivos profesionales;Duración media de los viajes;Dato base;2018;5,20
Negocio, motivos profesionales;Duración media de los viajes;Dato base;2017;6,00
Negocio, motivos profesionales;Duración media de los viajes;Dato base;2016;5,63
Negocio, motivos profesionales;Duración media de los viajes;Tasa de variación anual;2025;-1,72
Negocio, motivos profesionales;Duración media de los viajes;Tasa de variación anual;2024;-7,27
Negocio, motivos profesionales;Duración media de los viajes;Tasa de variación anual;2023;1,33
Negocio, motivos profesionales;Duración media de los viajes;Tasa de variación anual;2022;-3,27
Negocio, motivos profesionales;Duración media de los viajes;Tasa de variación anual;2021;11,54
Negocio, motivos profesionales;Duración media de los viajes;Tasa de variación anual;2020;10,29
Negocio, motivos profesionales;Duración media de los viajes;Tasa de variación anual;2019;-1,36
Negocio, motivos profesionales;Duración media de los viajes;Tasa de variación anual;2018;-13,48
Negocio, motivos profesionales;Duración media de los viajes;Tasa de variación anual;2017;6,69
Negocio, motivos profesionales;Duración media de los viajes;Tasa de variación anual;2016;-5,53
Asistencia a ferias, congresos y convenciones;Gasto total;Dato base;2025;320,68
Asistencia a ferias, congresos y convenciones;Gasto total;Dato base;2024;303,12
Asistencia a ferias, congresos y convenciones;Gasto total;Dato base;2023;325,19
Asistencia a ferias, congresos y convenciones;Gasto total;Dato base;2022;247,14
Asistencia a ferias, congresos y convenciones;Gasto total;Dato base;2021;.
Asistencia a ferias, congresos y convenciones;Gasto total;Dato base;2020;.
Asistencia a ferias, congresos y convenciones;Gasto total;Dato base;2019;316,67
Asistencia a ferias, congresos y convenciones;Gasto total;Dato base;2018;248,91
Asistencia a ferias, congresos y convenciones;Gasto total;Dato base;2017;393,36
Asistencia a ferias, congresos y convenciones;Gasto total;Dato base;2016;581,32
Asistencia a ferias, congresos y convenciones;Gasto total;Tasa de variación anual;2025;5,79
Asistencia a ferias, congresos y convenciones;Gasto total;Tasa de variación anual;2024;-6,78
Asistencia a ferias, congresos y convenciones;Gasto total;Tasa de variación anual;2023;31,58
Asistencia a ferias, congresos y convenciones;Gasto total;Tasa de variación anual;2022;615,22
Asistencia a ferias, congresos y convenciones;Gasto total;Tasa de variación anual;2021;.
Asistencia a ferias, congresos y convenciones;Gasto total;Tasa de variación anual;2020;.
Asistencia a ferias, congresos y convenciones;Gasto total;Tasa de variación anual;2019;27,22
Asistencia a ferias, congresos y convenciones;Gasto total;Tasa de variación anual;2018;-36,72
Asistencia a ferias, congresos y convenciones;Gasto total;Tasa de variación anual;2017;-32,33
Asistencia a ferias, congresos y convenciones;Gasto total;Tasa de variación anual;2016;-25,18
Asistencia a ferias, congresos y convenciones;Gasto medio por persona;Dato base;2025;1.471
Asistencia a ferias, congresos y convenciones;Gasto medio por persona;Dato base;2024;1.410
Asistencia a ferias, congresos y convenciones;Gasto medio por persona;Dato base;2023;1.250
Asistencia a ferias, congresos y convenciones;Gasto medio por persona;Dato base;2022;1.187
Asistencia a ferias, congresos y convenciones;Gasto medio por persona;Dato base;2021;.
Asistencia a ferias, congresos y convenciones;Gasto medio por persona;Dato base;2020;.
Asistencia a ferias, congresos y convenciones;Gasto medio por persona;Dato base;2019;1.367
Asistencia a ferias, congresos y convenciones;Gasto medio por persona;Dato base;2018;1.259
Asistencia a ferias, congresos y convenciones;Gasto medio por persona;Dato base;2017;1.418
Asistencia a ferias, congresos y convenciones;Gasto medio por persona;Dato base;2016;1.324
Asistencia a ferias, congresos y convenciones;Gasto medio por persona;Tasa de variación anual;2025;4,33
Asistencia a ferias, congresos y convenciones;Gasto medio por persona;Tasa de variación anual;2024;12,72
Asistencia a ferias, congresos y convenciones;Gasto medio por persona;Tasa de variación anual;2023;5,38
Asistencia a ferias, congresos y convenciones;Gasto medio por persona;Tasa de variación anual;2022;21,60
Asistencia a ferias, congresos y convenciones;Gasto medio por persona;Tasa de variación anual;2021;.
Asistencia a ferias, congresos y convenciones;Gasto medio por persona;Tasa de variación anual;2020;.
Asistencia a ferias, congresos y convenciones;Gasto medio por persona;Tasa de variación anual;2019;8,58
Asistencia a ferias, congresos y convenciones;Gasto medio por persona;Tasa de variación anual;2018;-11,18
Asistencia a ferias, congresos y convenciones;Gasto medio por persona;Tasa de variación anual;2017;7,07
Asistencia a ferias, congresos y convenciones;Gasto medio por persona;Tasa de variación anual;2016;21,01
Asistencia a ferias, congresos y convenciones;Gasto medio diario por persona;Dato base;2025;376
Asistencia a ferias, congresos y convenciones;Gasto medio diario por persona;Dato base;2024;348
Asistencia a ferias, congresos y convenciones;Gasto medio diario por persona;Dato base;2023;289
Asistencia a ferias, congresos y convenciones;Gasto medio diario por persona;Dato base;2022;306
Asistencia a ferias, congresos y convenciones;Gasto medio diario por persona;Dato base;2021;.
Asistencia a ferias, congresos y convenciones;Gasto medio diario por persona;Dato base;2020;.
Asistencia a ferias, congresos y convenciones;Gasto medio diario por persona;Dato base;2019;299
Asistencia a ferias, congresos y convenciones;Gasto medio diario por persona;Dato base;2018;339
Asistencia a ferias, congresos y convenciones;Gasto medio diario por persona;Dato base;2017;320
Asistencia a ferias, congresos y convenciones;Gasto medio diario por persona;Dato base;2016;331
Asistencia a ferias, congresos y convenciones;Gasto medio diario por persona;Tasa de variación anual;2025;8,27
Asistencia a ferias, congresos y convenciones;Gasto medio diario por persona;Tasa de variación anual;2024;20,36
Asistencia a ferias, congresos y convenciones;Gasto medio diario por persona;Tasa de variación anual;2023;-5,58
Asistencia a ferias, congresos y convenciones;Gasto medio diario por persona;Tasa de variación anual;2022;32,26
Asistencia a ferias, congresos y convenciones;Gasto medio diario por persona;Tasa de variación anual;2021;.
Asistencia a ferias, congresos y convenciones;Gasto medio diario por persona;Tasa de variación anual;2020;.
Asistencia a ferias, congresos y convenciones;Gasto medio diario por persona;Tasa de variación anual;2019;-11,83
Asistencia a ferias, congresos y convenciones;Gasto medio diario por persona;Tasa de variación anual;2018;5,91
Asistencia a ferias, congresos y convenciones;Gasto medio diario por persona;Tasa de variación anual;2017;-3,21
Asistencia a ferias, congresos y convenciones;Gasto medio diario por persona;Tasa de variación anual;2016;12,18
Asistencia a ferias, congresos y convenciones;Duración media de los viajes;Dato base;2025;3,91
Asistencia a ferias, congresos y convenciones;Duración media de los viajes;Dato base;2024;4,06
Asistencia a ferias, congresos y convenciones;Duración media de los viajes;Dato base;2023;4,33
Asistencia a ferias, congresos y convenciones;Duración media de los viajes;Dato base;2022;3,88
Asistencia a ferias, congresos y convenciones;Duración media de los viajes;Dato base;2021;.
Asistencia a ferias, congresos y convenciones;Duración media de los viajes;Dato base;2020;.
Asistencia a ferias, congresos y convenciones;Duración media de los viajes;Dato base;2019;4,57
Asistencia a ferias, congresos y convenciones;Duración media de los viajes;Dato base;2018;3,71
Asistencia a ferias, congresos y convenciones;Duración media de los viajes;Dato base;2017;4,42
Asistencia a ferias, congresos y convenciones;Duración media de los viajes;Dato base;2016;4,00
Asistencia a ferias, congresos y convenciones;Duración media de los viajes;Tasa de variación anual;2025;-3,64
Asistencia a ferias, congresos y convenciones;Duración media de los viajes;Tasa de variación anual;2024;-6,34
Asistencia a ferias, congresos y convenciones;Duración media de los viajes;Tasa de variación anual;2023;11,61
Asistencia a ferias, congresos y convenciones;Duración media de los viajes;Tasa de variación anual;2022;-8,06
Asistencia a ferias, congresos y convenciones;Duración media de los viajes;Tasa de variación anual;2021;.
Asistencia a ferias, congresos y convenciones;Duración media de los viajes;Tasa de variación anual;2020;.
Asistencia a ferias, congresos y convenciones;Duración media de los viajes;Tasa de variación anual;2019;23,15
Asistencia a ferias, congresos y convenciones;Duración media de los viajes;Tasa de variación anual;2018;-16,13
Asistencia a ferias, congresos y convenciones;Duración media de los viajes;Tasa de variación anual;2017;10,62
Asistencia a ferias, congresos y convenciones;Duración media de los viajes;Tasa de variación anual;2016;7,87
Trabajador estacional temporero;Gasto total;Dato base;2025;732,25
Trabajador estacional temporero;Gasto total;Dato base;2024;553,08
Trabajador estacional temporero;Gasto total;Dato base;2023;651,74
Trabajador estacional temporero;Gasto total;Dato base;2022;303,19
Trabajador estacional temporero;Gasto total;Dato base;2021;.
Trabajador estacional temporero;Gasto total;Dato base;2020;.
Trabajador estacional temporero;Gasto total;Dato base;2019;343,19
Trabajador estacional temporero;Gasto total;Dato base;2018;495,36
Trabajador estacional temporero;Gasto total;Dato base;2017;421,04
Trabajador estacional temporero;Gasto total;Dato base;2016;321,79
Trabajador estacional temporero;Gasto total;Tasa de variación anual;2025;32,39
Trabajador estacional temporero;Gasto total;Tasa de variación anual;2024;-15,14
Trabajador estacional temporero;Gasto total;Tasa de variación anual;2023;114,96
Trabajador estacional temporero;Gasto total;Tasa de variación anual;2022;115,92
Trabajador estacional temporero;Gasto total;Tasa de variación anual;2021;.
Trabajador estacional temporero;Gasto total;Tasa de variación anual;2020;.
Trabajador estacional temporero;Gasto total;Tasa de variación anual;2019;-30,72
Trabajador estacional temporero;Gasto total;Tasa de variación anual;2018;17,65
Trabajador estacional temporero;Gasto total;Tasa de variación anual;2017;30,84
Trabajador estacional temporero;Gasto total;Tasa de variación anual;2016;-6,98
Trabajador estacional temporero;Gasto medio por persona;Dato base;2025;1.303
Trabajador estacional temporero;Gasto medio por persona;Dato base;2024;1.332
Trabajador estacional temporero;Gasto medio por persona;Dato base;2023;1.503
Trabajador estacional temporero;Gasto medio por persona;Dato base;2022;914
Trabajador estacional temporero;Gasto medio por persona;Dato base;2021;.
Trabajador estacional temporero;Gasto medio por persona;Dato base;2020;.
Trabajador estacional temporero;Gasto medio por persona;Dato base;2019;1.091
Trabajador estacional temporero;Gasto medio por persona;Dato base;2018;1.149
Trabajador estacional temporero;Gasto medio por persona;Dato base;2017;1.118
Trabajador estacional temporero;Gasto medio por persona;Dato base;2016;1.500
Trabajador estacional temporero;Gasto medio por persona;Tasa de variación anual;2025;-2,14
Trabajador estacional temporero;Gasto medio por persona;Tasa de variación anual;2024;-11,42
Trabajador estacional temporero;Gasto medio por persona;Tasa de variación anual;2023;64,53
Trabajador estacional temporero;Gasto medio por persona;Tasa de variación anual;2022;23,22
Trabajador estacional temporero;Gasto medio por persona;Tasa de variación anual;2021;.
Trabajador estacional temporero;Gasto medio por persona;Tasa de variación anual;2020;.
Trabajador estacional temporero;Gasto medio por persona;Tasa de variación anual;2019;-5,03
Trabajador estacional temporero;Gasto medio por persona;Tasa de variación anual;2018;2,75
Trabajador estacional temporero;Gasto medio por persona;Tasa de variación anual;2017;-25,47
Trabajador estacional temporero;Gasto medio por persona;Tasa de variación anual;2016;-23,00
Trabajador estacional temporero;Gasto medio diario por persona;Dato base;2025;177
Trabajador estacional temporero;Gasto medio diario por persona;Dato base;2024;173
Trabajador estacional temporero;Gasto medio diario por persona;Dato base;2023;128
Trabajador estacional temporero;Gasto medio diario por persona;Dato base;2022;105
Trabajador estacional temporero;Gasto medio diario por persona;Dato base;2021;.
Trabajador estacional temporero;Gasto medio diario por persona;Dato base;2020;.
Trabajador estacional temporero;Gasto medio diario por persona;Dato base;2019;112
Trabajador estacional temporero;Gasto medio diario por persona;Dato base;2018;121
Trabajador estacional temporero;Gasto medio diario por persona;Dato base;2017;105
Trabajador estacional temporero;Gasto medio diario por persona;Dato base;2016;96
Trabajador estacional temporero;Gasto medio diario por persona;Tasa de variación anual;2025;2,32
Trabajador estacional temporero;Gasto medio diario por persona;Tasa de variación anual;2024;35,18
Trabajador estacional temporero;Gasto medio diario por persona;Tasa de variación anual;2023;21,44
Trabajador estacional temporero;Gasto medio diario por persona;Tasa de variación anual;2022;17,96
Trabajador estacional temporero;Gasto medio diario por persona;Tasa de variación anual;2021;.
Trabajador estacional temporero;Gasto medio diario por persona;Tasa de variación anual;2020;.
Trabajador estacional temporero;Gasto medio diario por persona;Tasa de variación anual;2019;-7,41
Trabajador estacional temporero;Gasto medio diario por persona;Tasa de variación anual;2018;15,05
Trabajador estacional temporero;Gasto medio diario por persona;Tasa de variación anual;2017;9,63
Trabajador estacional temporero;Gasto medio diario por persona;Tasa de variación anual;2016;32,67
Trabajador estacional temporero;Duración media de los viajes;Dato base;2025;7,36
Trabajador estacional temporero;Duración media de los viajes;Dato base;2024;7,69
Trabajador estacional temporero;Duración media de los viajes;Dato base;2023;11,74
Trabajador estacional temporero;Duración media de los viajes;Dato base;2022;8,66
Trabajador estacional temporero;Duración media de los viajes;Dato base;2021;.
Trabajador estacional temporero;Duración media de los viajes;Dato base;2020;.
Trabajador estacional temporero;Duración media de los viajes;Dato base;2019;9,72
Trabajador estacional temporero;Duración media de los viajes;Dato base;2018;9,48
Trabajador estacional temporero;Duración media de los viajes;Dato base;2017;10,62
Trabajador estacional temporero;Duración media de los viajes;Dato base;2016;15,62
Trabajador estacional temporero;Duración media de los viajes;Tasa de variación anual;2025;-4,35
Trabajador estacional temporero;Duración media de los viajes;Tasa de variación anual;2024;-34,47
Trabajador estacional temporero;Duración media de los viajes;Tasa de variación anual;2023;35,48
Trabajador estacional temporero;Duración media de los viajes;Tasa de variación anual;2022;4,45
Trabajador estacional temporero;Duración media de los viajes;Tasa de variación anual;2021;.
Trabajador estacional temporero;Duración media de los viajes;Tasa de variación anual;2020;.
Trabajador estacional temporero;Duración media de los viajes;Tasa de variación anual;2019;2,57
Trabajador estacional temporero;Duración media de los viajes;Tasa de variación anual;2018;-10,69
Trabajador estacional temporero;Duración media de los viajes;Tasa de variación anual;2017;-32,02
Trabajador estacional temporero;Duración media de los viajes;Tasa de variación anual;2016;-41,96
Otros motivos de trabajo y negocio;Gasto total;Dato base;2025;6.148,54
Otros motivos de trabajo y negocio;Gasto total;Dato base;2024;6.253,52
Otros motivos de trabajo y negocio;Gasto total;Dato base;2023;5.475,53
Otros motivos de trabajo y negocio;Gasto total;Dato base;2022;4.918,40
Otros motivos de trabajo y negocio;Gasto total;Dato base;2021;2.059,60
Otros motivos de trabajo y negocio;Gasto total;Dato base;2020;1.271,69
Otros motivos de trabajo y negocio;Gasto total;Dato base;2019;5.382,19
Otros motivos de trabajo y negocio;Gasto total;Dato base;2018;4.703,43
Otros motivos de trabajo y negocio;Gasto total;Dato base;2017;4.637,45
Otros motivos de trabajo y negocio;Gasto total;Dato base;2016;4.419,73
Otros motivos de trabajo y negocio;Gasto total;Tasa de variación anual;2025;-1,68
Otros motivos de trabajo y negocio;Gasto total;Tasa de variación anual;2024;14,21
Otros motivos de trabajo y negocio;Gasto total;Tasa de variación anual;2023;11,33
Otros motivos de trabajo y negocio;Gasto total;Tasa de variación anual;2022;138,80
Otros motivos de trabajo y negocio;Gasto total;Tasa de variación anual;2021;61,96
Otros motivos de trabajo y negocio;Gasto total;Tasa de variación anual;2020;-76,37
Otros motivos de trabajo y negocio;Gasto total;Tasa de variación anual;2019;14,43
Otros motivos de trabajo y negocio;Gasto total;Tasa de variación anual;2018;1,42
Otros motivos de trabajo y negocio;Gasto total;Tasa de variación anual;2017;4,93
Otros motivos de trabajo y negocio;Gasto total;Tasa de variación anual;2016;10,75
Otros motivos de trabajo y negocio;Gasto medio por persona;Dato base;2025;1.459
Otros motivos de trabajo y negocio;Gasto medio por persona;Dato base;2024;1.384
Otros motivos de trabajo y negocio;Gasto medio por persona;Dato base;2023;1.325
Otros motivos de trabajo y negocio;Gasto medio por persona;Dato base;2022;1.271
Otros motivos de trabajo y negocio;Gasto medio por persona;Dato base;2021;1.112
Otros motivos de trabajo y negocio;Gasto medio por persona;Dato base;2020;1.098
Otros motivos de trabajo y negocio;Gasto medio por persona;Dato base;2019;1.107
Otros motivos de trabajo y negocio;Gasto medio por persona;Dato base;2018;1.070
Otros motivos de trabajo y negocio;Gasto medio por persona;Dato base;2017;1.140
Otros motivos de trabajo y negocio;Gasto medio por persona;Dato base;2016;1.098
Otros motivos de trabajo y negocio;Gasto medio por persona;Tasa de variación anual;2025;5,38
Otros motivos de trabajo y negocio;Gasto medio por persona;Tasa de variación anual;2024;4,46
Otros motivos de trabajo y negocio;Gasto medio por persona;Tasa de variación anual;2023;4,28
Otros motivos de trabajo y negocio;Gasto medio por persona;Tasa de variación anual;2022;14,22
Otros motivos de trabajo y negocio;Gasto medio por persona;Tasa de variación anual;2021;1,32
Otros motivos de trabajo y negocio;Gasto medio por persona;Tasa de variación anual;2020;-0,80
Otros motivos de trabajo y negocio;Gasto medio por persona;Tasa de variación anual;2019;3,41
Otros motivos de trabajo y negocio;Gasto medio por persona;Tasa de variación anual;2018;-6,15
Otros motivos de trabajo y negocio;Gasto medio por persona;Tasa de variación anual;2017;3,89
Otros motivos de trabajo y negocio;Gasto medio por persona;Tasa de variación anual;2016;8,51
Otros motivos de trabajo y negocio;Gasto medio diario por persona;Dato base;2025;266
Otros motivos de trabajo y negocio;Gasto medio diario por persona;Dato base;2024;246
Otros motivos de trabajo y negocio;Gasto medio diario por persona;Dato base;2023;232
Otros motivos de trabajo y negocio;Gasto medio diario por persona;Dato base;2022;212
Otros motivos de trabajo y negocio;Gasto medio diario por persona;Dato base;2021;181
Otros motivos de trabajo y negocio;Gasto medio diario por persona;Dato base;2020;191
Otros motivos de trabajo y negocio;Gasto medio diario por persona;Dato base;2019;228
Otros motivos de trabajo y negocio;Gasto medio diario por persona;Dato base;2018;221
Otros motivos de trabajo y negocio;Gasto medio diario por persona;Dato base;2017;201
Otros motivos de trabajo y negocio;Gasto medio diario por persona;Dato base;2016;208
Otros motivos de trabajo y negocio;Gasto medio diario por persona;Tasa de variación anual;2025;8,05
Otros motivos de trabajo y negocio;Gasto medio diario por persona;Tasa de variación anual;2024;6,00
Otros motivos de trabajo y negocio;Gasto medio diario por persona;Tasa de variación anual;2023;9,49
Otros motivos de trabajo y negocio;Gasto medio diario por persona;Tasa de variación anual;2022;16,94
Otros motivos de trabajo y negocio;Gasto medio diario por persona;Tasa de variación anual;2021;-5,13
Otros motivos de trabajo y negocio;Gasto medio diario por persona;Tasa de variación anual;2020;-16,26
Otros motivos de trabajo y negocio;Gasto medio diario por persona;Tasa de variación anual;2019;3,16
Otros motivos de trabajo y negocio;Gasto medio diario por persona;Tasa de variación anual;2018;10,21
Otros motivos de trabajo y negocio;Gasto medio diario por persona;Tasa de variación anual;2017;-3,64
Otros motivos de trabajo y negocio;Gasto medio diario por persona;Tasa de variación anual;2016;11,52
Otros motivos de trabajo y negocio;Duración media de los viajes;Dato base;2025;5,49
Otros motivos de trabajo y negocio;Duración media de los viajes;Dato base;2024;5,63
Otros motivos de trabajo y negocio;Duración media de los viajes;Dato base;2023;5,71
Otros motivos de trabajo y negocio;Duración media de los viajes;Dato base;2022;6,00
Otros motivos de trabajo y negocio;Duración media de los viajes;Dato base;2021;6,14
Otros motivos de trabajo y negocio;Duración media de los viajes;Dato base;2020;5,75
Otros motivos de trabajo y negocio;Duración media de los viajes;Dato base;2019;4,85
Otros motivos de trabajo y negocio;Duración media de los viajes;Dato base;2018;4,84
Otros motivos de trabajo y negocio;Duración media de los viajes;Dato base;2017;5,69
Otros motivos de trabajo y negocio;Duración media de los viajes;Dato base;2016;5,27
Otros motivos de trabajo y negocio;Duración media de los viajes;Tasa de variación anual;2025;-2,47
Otros motivos de trabajo y negocio;Duración media de los viajes;Tasa de variación anual;2024;-1,46
Otros motivos de trabajo y negocio;Duración media de los viajes;Tasa de variación anual;2023;-4,76
Otros motivos de trabajo y negocio;Duración media de los viajes;Tasa de variación anual;2022;-2,33
Otros motivos de trabajo y negocio;Duración media de los viajes;Tasa de variación anual;2021;6,80
Otros motivos de trabajo y negocio;Duración media de los viajes;Tasa de variación anual;2020;18,45
Otros motivos de trabajo y negocio;Duración media de los viajes;Tasa de variación anual;2019;0,24
Otros motivos de trabajo y negocio;Duración media de los viajes;Tasa de variación anual;2018;-14,84
Otros motivos de trabajo y negocio;Duración media de los viajes;Tasa de variación anual;2017;7,81
Otros motivos de trabajo y negocio;Duración media de los viajes;Tasa de variación anual;2016;-2,70
Estudios (educación y formación);Gasto total;Dato base;2025;4.207,24
Estudios (educación y formación);Gasto total;Dato base;2024;3.698,45
Estudios (educación y formación);Gasto total;Dato base;2023;2.500,44
Estudios (educación y formación);Gasto total;Dato base;2022;1.824,05
Estudios (educación y formación);Gasto total;Dato base;2021;683,78
Estudios (educación y formación);Gasto total;Dato base;2020;497,98
Estudios (educación y formación);Gasto total;Dato base;2019;1.643,91
Estudios (educación y formación);Gasto total;Dato base;2018;1.832,20
Estudios (educación y formación);Gasto total;Dato base;2017;2.041,86
Estudios (educación y formación);Gasto total;Dato base;2016;2.272,50
Estudios (educación y formación);Gasto total;Tasa de variación anual;2025;13,76
Estudios (educación y formación);Gasto total;Tasa de variación anual;2024;47,91
Estudios (educación y formación);Gasto total;Tasa de variación anual;2023;37,08
Estudios (educación y formación);Gasto total;Tasa de variación anual;2022;166,76
Estudios (educación y formación);Gasto total;Tasa de variación anual;2021;37,31
Estudios (educación y formación);Gasto total;Tasa de variación anual;2020;-69,71
Estudios (educación y formación);Gasto total;Tasa de variación anual;2019;-10,28
Estudios (educación y formación);Gasto total;Tasa de variación anual;2018;-10,27
Estudios (educación y formación);Gasto total;Tasa de variación anual;2017;-10,15
Estudios (educación y formación);Gasto total;Tasa de variación anual;2016;-21,84
Estudios (educación y formación);Gasto medio por persona;Dato base;2025;5.056
Estudios (educación y formación);Gasto medio por persona;Dato base;2024;5.554
Estudios (educación y formación);Gasto medio por persona;Dato base;2023;4.383
Estudios (educación y formación);Gasto medio por persona;Dato base;2022;4.724
Estudios (educación y formación);Gasto medio por persona;Dato base;2021;3.834
Estudios (educación y formación);Gasto medio por persona;Dato base;2020;2.786
Estudios (educación y formación);Gasto medio por persona;Dato base;2019;3.061
Estudios (educación y formación);Gasto medio por persona;Dato base;2018;3.764
Estudios (educación y formación);Gasto medio por persona;Dato base;2017;3.082
Estudios (educación y formación);Gasto medio por persona;Dato base;2016;2.854
Estudios (educación y formación);Gasto medio por persona;Tasa de variación anual;2025;-8,97
Estudios (educación y formación);Gasto medio por persona;Tasa de variación anual;2024;26,73
Estudios (educación y formación);Gasto medio por persona;Tasa de variación anual;2023;-7,24
Estudios (educación y formación);Gasto medio por persona;Tasa de variación anual;2022;23,24
Estudios (educación y formación);Gasto medio por persona;Tasa de variación anual;2021;37,61
Estudios (educación y formación);Gasto medio por persona;Tasa de variación anual;2020;-8,98
Estudios (educación y formación);Gasto medio por persona;Tasa de variación anual;2019;-18,70
Estudios (educación y formación);Gasto medio por persona;Tasa de variación anual;2018;22,15
Estudios (educación y formación);Gasto medio por persona;Tasa de variación anual;2017;7,98
Estudios (educación y formación);Gasto medio por persona;Tasa de variación anual;2016;13,68
Estudios (educación y formación);Gasto medio diario por persona;Dato base;2025;129
Estudios (educación y formación);Gasto medio diario por persona;Dato base;2024;112
Estudios (educación y formación);Gasto medio diario por persona;Dato base;2023;102
Estudios (educación y formación);Gasto medio diario por persona;Dato base;2022;96
Estudios (educación y formación);Gasto medio diario por persona;Dato base;2021;86
Estudios (educación y formación);Gasto medio diario por persona;Dato base;2020;91
Estudios (educación y formación);Gasto medio diario por persona;Dato base;2019;93
Estudios (educación y formación);Gasto medio diario por persona;Dato base;2018;94
Estudios (educación y formación);Gasto medio diario por persona;Dato base;2017;94
Estudios (educación y formación);Gasto medio diario por persona;Dato base;2016;87
Estudios (educación y formación);Gasto medio diario por persona;Tasa de variación anual;2025;15,43
Estudios (educación y formación);Gasto medio diario por persona;Tasa de variación anual;2024;9,90
Estudios (educación y formación);Gasto medio diario por persona;Tasa de variación anual;2023;5,88
Estudios (educación y formación);Gasto medio diario por persona;Tasa de variación anual;2022;11,98
Estudios (educación y formación);Gasto medio diario por persona;Tasa de variación anual;2021;-5,89
Estudios (educación y formación);Gasto medio diario por persona;Tasa de variación anual;2020;-1,96
Estudios (educación y formación);Gasto medio diario por persona;Tasa de variación anual;2019;-1,45
Estudios (educación y formación);Gasto medio diario por persona;Tasa de variación anual;2018;0,62
Estudios (educación y formación);Gasto medio diario por persona;Tasa de variación anual;2017;7,31
Estudios (educación y formación);Gasto medio diario por persona;Tasa de variación anual;2016;-3,23
Estudios (educación y formación);Duración media de los viajes;Dato base;2025;39,19
Estudios (educación y formación);Duración media de los viajes;Dato base;2024;49,69
Estudios (educación y formación);Duración media de los viajes;Dato base;2023;43,09
Estudios (educación y formación);Duración media de los viajes;Dato base;2022;49,19
Estudios (educación y formación);Duración media de los viajes;Dato base;2021;44,69
Estudios (educación y formación);Duración media de los viajes;Dato base;2020;30,56
Estudios (educación y formación);Duración media de los viajes;Dato base;2019;32,92
Estudios (educación y formación);Duración media de los viajes;Dato base;2018;39,90
Estudios (educación y formación);Duración media de los viajes;Dato base;2017;32,87
Estudios (educación y formación);Duración media de los viajes;Dato base;2016;32,67
Estudios (educación y formación);Duración media de los viajes;Tasa de variación anual;2025;-21,13
Estudios (educación y formación);Duración media de los viajes;Tasa de variación anual;2024;15,31
Estudios (educación y formación);Duración media de los viajes;Tasa de variación anual;2023;-12,39
Estudios (educación y formación);Duración media de los viajes;Tasa de variación anual;2022;10,06
Estudios (educación y formación);Duración media de los viajes;Tasa de variación anual;2021;46,23
Estudios (educación y formación);Duración media de los viajes;Tasa de variación anual;2020;-7,16
Estudios (educación y formación);Duración media de los viajes;Tasa de variación anual;2019;-17,50
Estudios (educación y formación);Duración media de los viajes;Tasa de variación anual;2018;21,40
Estudios (educación y formación);Duración media de los viajes;Tasa de variación anual;2017;0,62
Estudios (educación y formación);Duración media de los viajes;Tasa de variación anual;2016;17,48
Visitas a familiares o amigos;Gasto total;Dato base;2025;6.612,44
Visitas a familiares o amigos;Gasto total;Dato base;2024;5.768,97
Visitas a familiares o amigos;Gasto total;Dato base;2023;4.483,69
Visitas a familiares o amigos;Gasto total;Dato base;2022;3.752,11
Visitas a familiares o amigos;Gasto total;Dato base;2021;2.020,19
Visitas a familiares o amigos;Gasto total;Dato base;2020;1.189,61
Visitas a familiares o amigos;Gasto total;Dato base;2019;2.974,45
Visitas a familiares o amigos;Gasto total;Dato base;2018;2.895,99
Visitas a familiares o amigos;Gasto total;Dato base;2017;3.688,75
Visitas a familiares o amigos;Gasto total;Dato base;2016;3.581,16
Visitas a familiares o amigos;Gasto total;Tasa de variación anual;2025;14,62
Visitas a familiares o amigos;Gasto total;Tasa de variación anual;2024;28,67
Visitas a familiares o amigos;Gasto total;Tasa de variación anual;2023;19,50
Visitas a familiares o amigos;Gasto total;Tasa de variación anual;2022;85,73
Visitas a familiares o amigos;Gasto total;Tasa de variación anual;2021;69,82
Visitas a familiares o amigos;Gasto total;Tasa de variación anual;2020;-60,01
Visitas a familiares o amigos;Gasto total;Tasa de variación anual;2019;2,71
Visitas a familiares o amigos;Gasto total;Tasa de variación anual;2018;-21,49
Visitas a familiares o amigos;Gasto total;Tasa de variación anual;2017;3,00
Visitas a familiares o amigos;Gasto total;Tasa de variación anual;2016;31,26
Visitas a familiares o amigos;Gasto medio por persona;Dato base;2025;1.205
Visitas a familiares o amigos;Gasto medio por persona;Dato base;2024;1.152
Visitas a familiares o amigos;Gasto medio por persona;Dato base;2023;1.075
Visitas a familiares o amigos;Gasto medio por persona;Dato base;2022;1.073
Visitas a familiares o amigos;Gasto medio por persona;Dato base;2021;1.079
Visitas a familiares o amigos;Gasto medio por persona;Dato base;2020;813
Visitas a familiares o amigos;Gasto medio por persona;Dato base;2019;851
Visitas a familiares o amigos;Gasto medio por persona;Dato base;2018;848
Visitas a familiares o amigos;Gasto medio por persona;Dato base;2017;881
Visitas a familiares o amigos;Gasto medio por persona;Dato base;2016;797
Visitas a familiares o amigos;Gasto medio por persona;Tasa de variación anual;2025;4,57
Visitas a familiares o amigos;Gasto medio por persona;Tasa de variación anual;2024;7,16
Visitas a familiares o amigos;Gasto medio por persona;Tasa de variación anual;2023;0,17
Visitas a familiares o amigos;Gasto medio por persona;Tasa de variación anual;2022;-0,59
Visitas a familiares o amigos;Gasto medio por persona;Tasa de variación anual;2021;32,74
Visitas a familiares o amigos;Gasto medio por persona;Tasa de variación anual;2020;-4,45
Visitas a familiares o amigos;Gasto medio por persona;Tasa de variación anual;2019;0,38
Visitas a familiares o amigos;Gasto medio por persona;Tasa de variación anual;2018;-3,78
Visitas a familiares o amigos;Gasto medio por persona;Tasa de variación anual;2017;10,55
Visitas a familiares o amigos;Gasto medio por persona;Tasa de variación anual;2016;-4,55
Visitas a familiares o amigos;Gasto medio diario por persona;Dato base;2025;125
Visitas a familiares o amigos;Gasto medio diario por persona;Dato base;2024;118
Visitas a familiares o amigos;Gasto medio diario por persona;Dato base;2023;112
Visitas a familiares o amigos;Gasto medio diario por persona;Dato base;2022;105
Visitas a familiares o amigos;Gasto medio diario por persona;Dato base;2021;93
Visitas a familiares o amigos;Gasto medio diario por persona;Dato base;2020;82
Visitas a familiares o amigos;Gasto medio diario por persona;Dato base;2019;99
Visitas a familiares o amigos;Gasto medio diario por persona;Dato base;2018;100
Visitas a familiares o amigos;Gasto medio diario por persona;Dato base;2017;98
Visitas a familiares o amigos;Gasto medio diario por persona;Dato base;2016;91
Visitas a familiares o amigos;Gasto medio diario por persona;Tasa de variación anual;2025;6,16
Visitas a familiares o amigos;Gasto medio diario por persona;Tasa de variación anual;2024;4,72
Visitas a familiares o amigos;Gasto medio diario por persona;Tasa de variación anual;2023;7,04
Visitas a familiares o amigos;Gasto medio diario por persona;Tasa de variación anual;2022;13,17
Visitas a familiares o amigos;Gasto medio diario por persona;Tasa de variación anual;2021;12,73
Visitas a familiares o amigos;Gasto medio diario por persona;Tasa de variación anual;2020;-17,25
Visitas a familiares o amigos;Gasto medio diario por persona;Tasa de variación anual;2019;-0,12
Visitas a familiares o amigos;Gasto medio diario por persona;Tasa de variación anual;2018;1,14
Visitas a familiares o amigos;Gasto medio diario por persona;Tasa de variación anual;2017;7,69
Visitas a familiares o amigos;Gasto medio diario por persona;Tasa de variación anual;2016;-1,51
Visitas a familiares o amigos;Duración media de los viajes;Dato base;2025;9,64
Visitas a familiares o amigos;Duración media de los viajes;Dato base;2024;9,78
Visitas a familiares o amigos;Duración media de los viajes;Dato base;2023;9,56
Visitas a familiares o amigos;Duración media de los viajes;Dato base;2022;10,22
Visitas a familiares o amigos;Duración media de los viajes;Dato base;2021;11,63
Visitas a familiares o amigos;Duración media de los viajes;Dato base;2020;9,88
Visitas a familiares o amigos;Duración media de los viajes;Dato base;2019;8,55
Visitas a familiares o amigos;Duración media de los viajes;Dato base;2018;8,51
Visitas a familiares o amigos;Duración media de los viajes;Dato base;2017;8,95
Visitas a familiares o amigos;Duración media de los viajes;Dato base;2016;8,72
Visitas a familiares o amigos;Duración media de los viajes;Tasa de variación anual;2025;-1,49
Visitas a familiares o amigos;Duración media de los viajes;Tasa de variación anual;2024;2,33
Visitas a familiares o amigos;Duración media de los viajes;Tasa de variación anual;2023;-6,42
Visitas a familiares o amigos;Duración media de los viajes;Tasa de variación anual;2022;-12,16
Visitas a familiares o amigos;Duración media de los viajes;Tasa de variación anual;2021;17,75
Visitas a familiares o amigos;Duración media de los viajes;Tasa de variación anual;2020;15,48
Visitas a familiares o amigos;Duración media de los viajes;Tasa de variación anual;2019;0,49
Visitas a familiares o amigos;Duración media de los viajes;Tasa de variación anual;2018;-4,86
Visitas a familiares o amigos;Duración media de los viajes;Tasa de variación anual;2017;2,66
Visitas a familiares o amigos;Duración media de los viajes;Tasa de variación anual;2016;-3,09
Tratamiento de salud voluntario;Gasto total;Dato base;2025;86,14
Tratamiento de salud voluntario;Gasto total;Dato base;2024;.
Tratamiento de salud voluntario;Gasto total;Dato base;2023;83,59
Tratamiento de salud voluntario;Gasto total;Dato base;2022;60,04
Tratamiento de salud voluntario;Gasto total;Dato base;2021;57,97
Tratamiento de salud voluntario;Gasto total;Dato base;2020;40,94
Tratamiento de salud voluntario;Gasto total;Dato base;2019;87,49
Tratamiento de salud voluntario;Gasto total;Dato base;2018;81,79
Tratamiento de salud voluntario;Gasto total;Dato base;2017;103,22
Tratamiento de salud voluntario;Gasto total;Dato base;2016;87,61
Tratamiento de salud voluntario;Gasto total;Tasa de variación anual;2025;6,43
Tratamiento de salud voluntario;Gasto total;Tasa de variación anual;2024;.
Tratamiento de salud voluntario;Gasto total;Tasa de variación anual;2023;39,22
Tratamiento de salud voluntario;Gasto total;Tasa de variación anual;2022;3,56
Tratamiento de salud voluntario;Gasto total;Tasa de variación anual;2021;41,59
Tratamiento de salud voluntario;Gasto total;Tasa de variación anual;2020;-53,20
Tratamiento de salud voluntario;Gasto total;Tasa de variación anual;2019;6,96
Tratamiento de salud voluntario;Gasto total;Tasa de variación anual;2018;-20,76
Tratamiento de salud voluntario;Gasto total;Tasa de variación anual;2017;17,82
Tratamiento de salud voluntario;Gasto total;Tasa de variación anual;2016;19,24
Tratamiento de salud voluntario;Gasto medio por persona;Dato base;2025;1.575
Tratamiento de salud voluntario;Gasto medio por persona;Dato base;2024;.
Tratamiento de salud voluntario;Gasto medio por persona;Dato base;2023;1.456
Tratamiento de salud voluntario;Gasto medio por persona;Dato base;2022;1.536
Tratamiento de salud voluntario;Gasto medio por persona;Dato base;2021;1.082
Tratamiento de salud voluntario;Gasto medio por persona;Dato base;2020;1.017
Tratamiento de salud voluntario;Gasto medio por persona;Dato base;2019;1.569
Tratamiento de salud voluntario;Gasto medio por persona;Dato base;2018;1.392
Tratamiento de salud voluntario;Gasto medio por persona;Dato base;2017;1.611
Tratamiento de salud voluntario;Gasto medio por persona;Dato base;2016;1.422
Tratamiento de salud voluntario;Gasto medio por persona;Tasa de variación anual;2025;63,57
Tratamiento de salud voluntario;Gasto medio por persona;Tasa de variación anual;2024;.
Tratamiento de salud voluntario;Gasto medio por persona;Tasa de variación anual;2023;-5,19
Tratamiento de salud voluntario;Gasto medio por persona;Tasa de variación anual;2022;41,98
Tratamiento de salud voluntario;Gasto medio por persona;Tasa de variación anual;2021;6,38
Tratamiento de salud voluntario;Gasto medio por persona;Tasa de variación anual;2020;-35,17
Tratamiento de salud voluntario;Gasto medio por persona;Tasa de variación anual;2019;12,65
Tratamiento de salud voluntario;Gasto medio por persona;Tasa de variación anual;2018;-13,57
Tratamiento de salud voluntario;Gasto medio por persona;Tasa de variación anual;2017;13,32
Tratamiento de salud voluntario;Gasto medio por persona;Tasa de variación anual;2016;1,66
Tratamiento de salud voluntario;Gasto medio diario por persona;Dato base;2025;201
Tratamiento de salud voluntario;Gasto medio diario por persona;Dato base;2024;.
Tratamiento de salud voluntario;Gasto medio diario por persona;Dato base;2023;130
Tratamiento de salud voluntario;Gasto medio diario por persona;Dato base;2022;214
Tratamiento de salud voluntario;Gasto medio diario por persona;Dato base;2021;152
Tratamiento de salud voluntario;Gasto medio diario por persona;Dato base;2020;144
Tratamiento de salud voluntario;Gasto medio diario por persona;Dato base;2019;191
Tratamiento de salud voluntario;Gasto medio diario por persona;Dato base;2018;170
Tratamiento de salud voluntario;Gasto medio diario por persona;Dato base;2017;146
Tratamiento de salud voluntario;Gasto medio diario por persona;Dato base;2016;187
Tratamiento de salud voluntario;Gasto medio diario por persona;Tasa de variación anual;2025;36,79
Tratamiento de salud voluntario;Gasto medio diario por persona;Tasa de variación anual;2024;.
Tratamiento de salud voluntario;Gasto medio diario por persona;Tasa de variación anual;2023;-39,25
Tratamiento de salud voluntario;Gasto medio diario por persona;Tasa de variación anual;2022;40,91
Tratamiento de salud voluntario;Gasto medio diario por persona;Tasa de variación anual;2021;5,27
Tratamiento de salud voluntario;Gasto medio diario por persona;Tasa de variación anual;2020;-24,59
Tratamiento de salud voluntario;Gasto medio diario por persona;Tasa de variación anual;2019;12,27
Tratamiento de salud voluntario;Gasto medio diario por persona;Tasa de variación anual;2018;16,50
Tratamiento de salud voluntario;Gasto medio diario por persona;Tasa de variación anual;2017;-21,93
Tratamiento de salud voluntario;Gasto medio diario por persona;Tasa de variación anual;2016;16,00
Tratamiento de salud voluntario;Duración media de los viajes;Dato base;2025;7,85
Tratamiento de salud voluntario;Duración media de los viajes;Dato base;2024;.
Tratamiento de salud voluntario;Duración media de los viajes;Dato base;2023;11,22
Tratamiento de salud voluntario;Duración media de los viajes;Dato base;2022;7,19
Tratamiento de salud voluntario;Duración media de los viajes;Dato base;2021;7,13
Tratamiento de salud voluntario;Duración media de los viajes;Dato base;2020;7,06
Tratamiento de salud voluntario;Duración media de los viajes;Dato base;2019;8,21
Tratamiento de salud voluntario;Duración media de los viajes;Dato base;2018;8,18
Tratamiento de salud voluntario;Duración media de los viajes;Dato base;2017;11,03
Tratamiento de salud voluntario;Duración media de los viajes;Dato base;2016;7,60
Tratamiento de salud voluntario;Duración media de los viajes;Tasa de variación anual;2025;19,57
Tratamiento de salud voluntario;Duración media de los viajes;Tasa de variación anual;2024;.
Tratamiento de salud voluntario;Duración media de los viajes;Tasa de variación anual;2023;56,07
Tratamiento de salud voluntario;Duración media de los viajes;Tasa de variación anual;2022;0,76
Tratamiento de salud voluntario;Duración media de los viajes;Tasa de variación anual;2021;1,05
Tratamiento de salud voluntario;Duración media de los viajes;Tasa de variación anual;2020;-14,03
Tratamiento de salud voluntario;Duración media de los viajes;Tasa de variación anual;2019;0,34
Tratamiento de salud voluntario;Duración media de los viajes;Tasa de variación anual;2018;-25,81
Tratamiento de salud voluntario;Duración media de los viajes;Tasa de variación anual;2017;45,15
Tratamiento de salud voluntario;Duración media de los viajes;Tasa de variación anual;2016;-12,37
Motivos religiosos o peregrinaciones;Gasto total;Dato base;2025;514,60
Motivos religiosos o peregrinaciones;Gasto total;Dato base;2024;492,93
Motivos religiosos o peregrinaciones;Gasto total;Dato base;2023;567,88
Motivos religiosos o peregrinaciones;Gasto total;Dato base;2022;179,69
Motivos religiosos o peregrinaciones;Gasto total;Dato base;2021;62,07
Motivos religiosos o peregrinaciones;Gasto total;Dato base;2020;.
Motivos religiosos o peregrinaciones;Gasto total;Dato base;2019;343,54
Motivos religiosos o peregrinaciones;Gasto total;Dato base;2018;290,28
Motivos religiosos o peregrinaciones;Gasto total;Dato base;2017;228,58
Motivos religiosos o peregrinaciones;Gasto total;Dato base;2016;172,11
Motivos religiosos o peregrinaciones;Gasto total;Tasa de variación anual;2025;4,40
Motivos religiosos o peregrinaciones;Gasto total;Tasa de variación anual;2024;-13,20
Motivos religiosos o peregrinaciones;Gasto total;Tasa de variación anual;2023;216,03
Motivos religiosos o peregrinaciones;Gasto total;Tasa de variación anual;2022;189,52
Motivos religiosos o peregrinaciones;Gasto total;Tasa de variación anual;2021;57,45
Motivos religiosos o peregrinaciones;Gasto total;Tasa de variación anual;2020;.
Motivos religiosos o peregrinaciones;Gasto total;Tasa de variación anual;2019;18,35
Motivos religiosos o peregrinaciones;Gasto total;Tasa de variación anual;2018;26,99
Motivos religiosos o peregrinaciones;Gasto total;Tasa de variación anual;2017;32,81
Motivos religiosos o peregrinaciones;Gasto total;Tasa de variación anual;2016;57,41
Motivos religiosos o peregrinaciones;Gasto medio por persona;Dato base;2025;1.926
Motivos religiosos o peregrinaciones;Gasto medio por persona;Dato base;2024;1.725
Motivos religiosos o peregrinaciones;Gasto medio por persona;Dato base;2023;1.886
Motivos religiosos o peregrinaciones;Gasto medio por persona;Dato base;2022;1.594
Motivos religiosos o peregrinaciones;Gasto medio por persona;Dato base;2021;1.522
Motivos religiosos o peregrinaciones;Gasto medio por persona;Dato base;2020;.
Motivos religiosos o peregrinaciones;Gasto medio por persona;Dato base;2019;1.508
Motivos religiosos o peregrinaciones;Gasto medio por persona;Dato base;2018;1.332
Motivos religiosos o peregrinaciones;Gasto medio por persona;Dato base;2017;1.188
Motivos religiosos o peregrinaciones;Gasto medio por persona;Dato base;2016;1.294
Motivos religiosos o peregrinaciones;Gasto medio por persona;Tasa de variación anual;2025;11,63
Motivos religiosos o peregrinaciones;Gasto medio por persona;Tasa de variación anual;2024;-8,53
Motivos religiosos o peregrinaciones;Gasto medio por persona;Tasa de variación anual;2023;18,33
Motivos religiosos o peregrinaciones;Gasto medio por persona;Tasa de variación anual;2022;4,70
Motivos religiosos o peregrinaciones;Gasto medio por persona;Tasa de variación anual;2021;-18,81
Motivos religiosos o peregrinaciones;Gasto medio por persona;Tasa de variación anual;2020;.
Motivos religiosos o peregrinaciones;Gasto medio por persona;Tasa de variación anual;2019;13,19
Motivos religiosos o peregrinaciones;Gasto medio por persona;Tasa de variación anual;2018;12,10
Motivos religiosos o peregrinaciones;Gasto medio por persona;Tasa de variación anual;2017;-8,13
Motivos religiosos o peregrinaciones;Gasto medio por persona;Tasa de variación anual;2016;65,44
Motivos religiosos o peregrinaciones;Gasto medio diario por persona;Dato base;2025;169
Motivos religiosos o peregrinaciones;Gasto medio diario por persona;Dato base;2024;188
Motivos religiosos o peregrinaciones;Gasto medio diario por persona;Dato base;2023;172
Motivos religiosos o peregrinaciones;Gasto medio diario por persona;Dato base;2022;162
Motivos religiosos o peregrinaciones;Gasto medio diario por persona;Dato base;2021;99
Motivos religiosos o peregrinaciones;Gasto medio diario por persona;Dato base;2020;.
Motivos religiosos o peregrinaciones;Gasto medio diario por persona;Dato base;2019;112
Motivos religiosos o peregrinaciones;Gasto medio diario por persona;Dato base;2018;102
Motivos religiosos o peregrinaciones;Gasto medio diario por persona;Dato base;2017;101
Motivos religiosos o peregrinaciones;Gasto medio diario por persona;Dato base;2016;102
Motivos religiosos o peregrinaciones;Gasto medio diario por persona;Tasa de variación anual;2025;-9,90
Motivos religiosos o peregrinaciones;Gasto medio diario por persona;Tasa de variación anual;2024;8,85
Motivos religiosos o peregrinaciones;Gasto medio diario por persona;Tasa de variación anual;2023;6,54
Motivos religiosos o peregrinaciones;Gasto medio diario por persona;Tasa de variación anual;2022;62,65
Motivos religiosos o peregrinaciones;Gasto medio diario por persona;Tasa de variación anual;2021;-36,03
Motivos religiosos o peregrinaciones;Gasto medio diario por persona;Tasa de variación anual;2020;.
Motivos religiosos o peregrinaciones;Gasto medio diario por persona;Tasa de variación anual;2019;9,57
Motivos religiosos o peregrinaciones;Gasto medio diario por persona;Tasa de variación anual;2018;1,52
Motivos religiosos o peregrinaciones;Gasto medio diario por persona;Tasa de variación anual;2017;-1,85
Motivos religiosos o peregrinaciones;Gasto medio diario por persona;Tasa de variación anual;2016;-36,85
Motivos religiosos o peregrinaciones;Duración media de los viajes;Dato base;2025;11,40
Motivos religiosos o peregrinaciones;Duración media de los viajes;Dato base;2024;9,20
Motivos religiosos o peregrinaciones;Duración media de los viajes;Dato base;2023;10,95
Motivos religiosos o peregrinaciones;Duración media de los viajes;Dato base;2022;9,86
Motivos religiosos o peregrinaciones;Duración media de los viajes;Dato base;2021;15,31
Motivos religiosos o peregrinaciones;Duración media de los viajes;Dato base;2020;.
Motivos religiosos o peregrinaciones;Duración media de los viajes;Dato base;2019;13,49
Motivos religiosos o peregrinaciones;Duración media de los viajes;Dato base;2018;13,06
Motivos religiosos o peregrinaciones;Duración media de los viajes;Dato base;2017;11,82
Motivos religiosos o peregrinaciones;Duración media de los viajes;Dato base;2016;12,63
Motivos religiosos o peregrinaciones;Duración media de los viajes;Tasa de variación anual;2025;23,89
Motivos religiosos o peregrinaciones;Duración media de los viajes;Tasa de variación anual;2024;-15,97
Motivos religiosos o peregrinaciones;Duración media de los viajes;Tasa de variación anual;2023;11,07
Motivos religiosos o peregrinaciones;Duración media de los viajes;Tasa de variación anual;2022;-35,63
Motivos religiosos o peregrinaciones;Duración media de los viajes;Tasa de variación anual;2021;26,91
Motivos religiosos o peregrinaciones;Duración media de los viajes;Tasa de variación anual;2020;.
Motivos religiosos o peregrinaciones;Duración media de los viajes;Tasa de variación anual;2019;3,30
Motivos religiosos o peregrinaciones;Duración media de los viajes;Tasa de variación anual;2018;10,41
Motivos religiosos o peregrinaciones;Duración media de los viajes;Tasa de variación anual;2017;-6,41
Motivos religiosos o peregrinaciones;Duración media de los viajes;Tasa de variación anual;2016;161,99
Compras, servicios personales;Gasto total;Dato base;2025;107,99
Compras, servicios personales;Gasto total;Dato base;2024;.
Compras, servicios personales;Gasto total;Dato base;2023;95,71
Compras, servicios personales;Gasto total;Dato base;2022;76,43
Compras, servicios personales;Gasto total;Dato base;2021;57,25
Compras, servicios personales;Gasto total;Dato base;2020;.
Compras, servicios personales;Gasto total;Dato base;2019;43,71
Compras, servicios personales;Gasto total;Dato base;2018;64,69
Compras, servicios personales;Gasto total;Dato base;2017;74,87
Compras, servicios personales;Gasto total;Dato base;2016;68,34
Compras, servicios personales;Gasto total;Tasa de variación anual;2025;-9,26
Compras, servicios personales;Gasto total;Tasa de variación anual;2024;.
Compras, servicios personales;Gasto total;Tasa de variación anual;2023;25,23
Compras, servicios personales;Gasto total;Tasa de variación anual;2022;33,49
Compras, servicios personales;Gasto total;Tasa de variación anual;2021;111,04
Compras, servicios personales;Gasto total;Tasa de variación anual;2020;.
Compras, servicios personales;Gasto total;Tasa de variación anual;2019;-32,43
Compras, servicios personales;Gasto total;Tasa de variación anual;2018;-13,59
Compras, servicios personales;Gasto total;Tasa de variación anual;2017;9,54
Compras, servicios personales;Gasto total;Tasa de variación anual;2016;-7,98
Compras, servicios personales;Gasto medio por persona;Dato base;2025;689
Compras, servicios personales;Gasto medio por persona;Dato base;2024;.
Compras, servicios personales;Gasto medio por persona;Dato base;2023;684
Compras, servicios personales;Gasto medio por persona;Dato base;2022;754
Compras, servicios personales;Gasto medio por persona;Dato base;2021;584
Compras, servicios personales;Gasto medio por persona;Dato base;2020;.
Compras, servicios personales;Gasto medio por persona;Dato base;2019;544
Compras, servicios personales;Gasto medio por persona;Dato base;2018;714
Compras, servicios personales;Gasto medio por persona;Dato base;2017;862
Compras, servicios personales;Gasto medio por persona;Dato base;2016;604
Compras, servicios personales;Gasto medio por persona;Tasa de variación anual;2025;-0,94
Compras, servicios personales;Gasto medio por persona;Tasa de variación anual;2024;.
Compras, servicios personales;Gasto medio por persona;Tasa de variación anual;2023;-9,36
Compras, servicios personales;Gasto medio por persona;Tasa de variación anual;2022;29,21
Compras, servicios personales;Gasto medio por persona;Tasa de variación anual;2021;13,64
Compras, servicios personales;Gasto medio por persona;Tasa de variación anual;2020;.
Compras, servicios personales;Gasto medio por persona;Tasa de variación anual;2019;-23,79
Compras, servicios personales;Gasto medio por persona;Tasa de variación anual;2018;-17,21
Compras, servicios personales;Gasto medio por persona;Tasa de variación anual;2017;42,71
Compras, servicios personales;Gasto medio por persona;Tasa de variación anual;2016;-10,27
Compras, servicios personales;Gasto medio diario por persona;Dato base;2025;177
Compras, servicios personales;Gasto medio diario por persona;Dato base;2024;.
Compras, servicios personales;Gasto medio diario por persona;Dato base;2023;133
Compras, servicios personales;Gasto medio diario por persona;Dato base;2022;153
Compras, servicios personales;Gasto medio diario por persona;Dato base;2021;98
Compras, servicios personales;Gasto medio diario por persona;Dato base;2020;.
Compras, servicios personales;Gasto medio diario por persona;Dato base;2019;129
Compras, servicios personales;Gasto medio diario por persona;Dato base;2018;146
Compras, servicios personales;Gasto medio diario por persona;Dato base;2017;186
Compras, servicios personales;Gasto medio diario por persona;Dato base;2016;153
Compras, servicios personales;Gasto medio diario por persona;Tasa de variación anual;2025;-0,33
Compras, servicios personales;Gasto medio diario por persona;Tasa de variación anual;2024;.
Compras, servicios personales;Gasto medio diario por persona;Tasa de variación anual;2023;-13,01
Compras, servicios personales;Gasto medio diario por persona;Tasa de variación anual;2022;56,20
Compras, servicios personales;Gasto medio diario por persona;Tasa de variación anual;2021;-23,32
Compras, servicios personales;Gasto medio diario por persona;Tasa de variación anual;2020;.
Compras, servicios personales;Gasto medio diario por persona;Tasa de variación anual;2019;-11,69
Compras, servicios personales;Gasto medio diario por persona;Tasa de variación anual;2018;-21,46
Compras, servicios personales;Gasto medio diario por persona;Tasa de variación anual;2017;21,30
Compras, servicios personales;Gasto medio diario por persona;Tasa de variación anual;2016;47,91
Compras, servicios personales;Duración media de los viajes;Dato base;2025;3,89
Compras, servicios personales;Duración media de los viajes;Dato base;2024;.
Compras, servicios personales;Duración media de los viajes;Dato base;2023;5,15
Compras, servicios personales;Duración media de los viajes;Dato base;2022;4,94
Compras, servicios personales;Duración media de los viajes;Dato base;2021;5,97
Compras, servicios personales;Duración media de los viajes;Dato base;2020;.
Compras, servicios personales;Duración media de los viajes;Dato base;2019;4,22
Compras, servicios personales;Duración media de los viajes;Dato base;2018;4,88
Compras, servicios personales;Duración media de los viajes;Dato base;2017;4,63
Compras, servicios personales;Duración media de los viajes;Dato base;2016;3,94
Compras, servicios personales;Duración media de los viajes;Tasa de variación anual;2025;-0,61
Compras, servicios personales;Duración media de los viajes;Tasa de variación anual;2024;.
Compras, servicios personales;Duración media de los viajes;Tasa de variación anual;2023;4,19
Compras, servicios personales;Duración media de los viajes;Tasa de variación anual;2022;-17,28
Compras, servicios personales;Duración media de los viajes;Tasa de variación anual;2021;48,20
Compras, servicios personales;Duración media de los viajes;Tasa de variación anual;2020;.
Compras, servicios personales;Duración media de los viajes;Tasa de variación anual;2019;-13,70
Compras, servicios personales;Duración media de los viajes;Tasa de variación anual;2018;5,42
Compras, servicios personales;Duración media de los viajes;Tasa de variación anual;2017;17,64
Compras, servicios personales;Duración media de los viajes;Tasa de variación anual;2016;-39,34
Ocio, recreo y vacaciones;Gasto total;Dato base;2025;114.535,55
Ocio, recreo y vacaciones;Gasto total;Dato base;2024;107.751,75
Ocio, recreo y vacaciones;Gasto total;Dato base;2023;93.412,44
Ocio, recreo y vacaciones;Gasto total;Dato base;2022;75.041,31
Ocio, recreo y vacaciones;Gasto total;Dato base;2021;29.415,47
Ocio, recreo y vacaciones;Gasto total;Dato base;2020;16.393,62
Ocio, recreo y vacaciones;Gasto total;Dato base;2019;80.305,58
Ocio, recreo y vacaciones;Gasto total;Dato base;2018;78.085,87
Ocio, recreo y vacaciones;Gasto total;Dato base;2017;74.869,41
Ocio, recreo y vacaciones;Gasto total;Dato base;2016;65.365,41
Ocio, recreo y vacaciones;Gasto total;Tasa de variación anual;2025;6,30
Ocio, recreo y vacaciones;Gasto total;Tasa de variación anual;2024;15,35
Ocio, recreo y vacaciones;Gasto total;Tasa de variación anual;2023;24,48
Ocio, recreo y vacaciones;Gasto total;Tasa de variación anual;2022;155,11
Ocio, recreo y vacaciones;Gasto total;Tasa de variación anual;2021;79,43
Ocio, recreo y vacaciones;Gasto total;Tasa de variación anual;2020;-79,59
Ocio, recreo y vacaciones;Gasto total;Tasa de variación anual;2019;2,84
Ocio, recreo y vacaciones;Gasto total;Tasa de variación anual;2018;4,30
Ocio, recreo y vacaciones;Gasto total;Tasa de variación anual;2017;14,54
Ocio, recreo y vacaciones;Gasto total;Tasa de variación anual;2016;9,66
Ocio, recreo y vacaciones;Gasto medio por persona;Dato base;2025;1.371
Ocio, recreo y vacaciones;Gasto medio por persona;Dato base;2024;1.329
Ocio, recreo y vacaciones;Gasto medio por persona;Dato base;2023;1.266
Ocio, recreo y vacaciones;Gasto medio por persona;Dato base;2022;1.208
Ocio, recreo y vacaciones;Gasto medio por persona;Dato base;2021;1.116
Ocio, recreo y vacaciones;Gasto medio por persona;Dato base;2020;1.055
Ocio, recreo y vacaciones;Gasto medio por persona;Dato base;2019;1.100
Ocio, recreo y vacaciones;Gasto medio por persona;Dato base;2018;1.082
Ocio, recreo y vacaciones;Gasto medio por persona;Dato base;2017;1.053
Ocio, recreo y vacaciones;Gasto medio por persona;Dato base;2016;1.016
Ocio, recreo y vacaciones;Gasto medio por persona;Tasa de variación anual;2025;3,12
Ocio, recreo y vacaciones;Gasto medio por persona;Tasa de variación anual;2024;5,00
Ocio, recreo y vacaciones;Gasto medio por persona;Tasa de variación anual;2023;4,84
Ocio, recreo y vacaciones;Gasto medio por persona;Tasa de variación anual;2022;8,19
Ocio, recreo y vacaciones;Gasto medio por persona;Tasa de variación anual;2021;5,78
Ocio, recreo y vacaciones;Gasto medio por persona;Tasa de variación anual;2020;-4,09
Ocio, recreo y vacaciones;Gasto medio por persona;Tasa de variación anual;2019;1,71
Ocio, recreo y vacaciones;Gasto medio por persona;Tasa de variación anual;2018;2,73
Ocio, recreo y vacaciones;Gasto medio por persona;Tasa de variación anual;2017;3,62
Ocio, recreo y vacaciones;Gasto medio por persona;Tasa de variación anual;2016;-0,76
Ocio, recreo y vacaciones;Gasto medio diario por persona;Dato base;2025;203
Ocio, recreo y vacaciones;Gasto medio diario por persona;Dato base;2024;194
Ocio, recreo y vacaciones;Gasto medio diario por persona;Dato base;2023;184
Ocio, recreo y vacaciones;Gasto medio diario por persona;Dato base;2022;167
Ocio, recreo y vacaciones;Gasto medio diario por persona;Dato base;2021;142
Ocio, recreo y vacaciones;Gasto medio diario por persona;Dato base;2020;139
Ocio, recreo y vacaciones;Gasto medio diario por persona;Dato base;2019;157
Ocio, recreo y vacaciones;Gasto medio diario por persona;Dato base;2018;147
Ocio, recreo y vacaciones;Gasto medio diario por persona;Dato base;2017;139
Ocio, recreo y vacaciones;Gasto medio diario por persona;Dato base;2016;132
Ocio, recreo y vacaciones;Gasto medio diario por persona;Tasa de variación anual;2025;4,63
Ocio, recreo y vacaciones;Gasto medio diario por persona;Tasa de variación anual;2024;5,64
Ocio, recreo y vacaciones;Gasto medio diario por persona;Tasa de variación anual;2023;10,13
Ocio, recreo y vacaciones;Gasto medio diario por persona;Tasa de variación anual;2022;17,27
Ocio, recreo y vacaciones;Gasto medio diario por persona;Tasa de variación anual;2021;2,09
Ocio, recreo y vacaciones;Gasto medio diario por persona;Tasa de variación anual;2020;-11,33
Ocio, recreo y vacaciones;Gasto medio diario por persona;Tasa de variación anual;2019;6,73
Ocio, recreo y vacaciones;Gasto medio diario por persona;Tasa de variación anual;2018;5,87
Ocio, recreo y vacaciones;Gasto medio diario por persona;Tasa de variación anual;2017;5,07
Ocio, recreo y vacaciones;Gasto medio diario por persona;Tasa de variación anual;2016;4,52
Ocio, recreo y vacaciones;Duración media de los viajes;Dato base;2025;6,75
Ocio, recreo y vacaciones;Duración media de los viajes;Dato base;2024;6,84
Ocio, recreo y vacaciones;Duración media de los viajes;Dato base;2023;6,89
Ocio, recreo y vacaciones;Duración media de los viajes;Dato base;2022;7,23
Ocio, recreo y vacaciones;Duración media de los viajes;Dato base;2021;7,84
Ocio, recreo y vacaciones;Duración media de los viajes;Dato base;2020;7,57
Ocio, recreo y vacaciones;Duración media de los viajes;Dato base;2019;7,00
Ocio, recreo y vacaciones;Duración media de los viajes;Dato base;2018;7,34
Ocio, recreo y vacaciones;Duración media de los viajes;Dato base;2017;7,57
Ocio, recreo y vacaciones;Duración media de los viajes;Dato base;2016;7,67
Ocio, recreo y vacaciones;Duración media de los viajes;Tasa de variación anual;2025;-1,44
Ocio, recreo y vacaciones;Duración media de los viajes;Tasa de variación anual;2024;-0,61
Ocio, recreo y vacaciones;Duración media de los viajes;Tasa de variación anual;2023;-4,81
Ocio, recreo y vacaciones;Duración media de los viajes;Tasa de variación anual;2022;-7,74
Ocio, recreo y vacaciones;Duración media de los viajes;Tasa de variación anual;2021;3,61
Ocio, recreo y vacaciones;Duración media de los viajes;Tasa de variación anual;2020;8,16
Ocio, recreo y vacaciones;Duración media de los viajes;Tasa de variación anual;2019;-4,70
Ocio, recreo y vacaciones;Duración media de los viajes;Tasa de variación anual;2018;-2,97
Ocio, recreo y vacaciones;Duración media de los viajes;Tasa de variación anual;2017;-1,38
Ocio, recreo y vacaciones;Duración media de los viajes;Tasa de variación anual;2016;-5,05
Turismo cultural;Gasto total;Dato base;2025;31.254,69
Turismo cultural;Gasto total;Dato base;2024;26.163,10
Turismo cultural;Gasto total;Dato base;2023;21.902,64
Turismo cultural;Gasto total;Dato base;2022;15.008,99
Turismo cultural;Gasto total;Dato base;2021;5.012,48
Turismo cultural;Gasto total;Dato base;2020;3.328,31
Turismo cultural;Gasto total;Dato base;2019;15.316,49
Turismo cultural;Gasto total;Dato base;2018;13.341,06
Turismo cultural;Gasto total;Dato base;2017;13.923,58
Turismo cultural;Gasto total;Dato base;2016;8.567,13
Turismo cultural;Gasto total;Tasa de variación anual;2025;19,46
Turismo cultural;Gasto total;Tasa de variación anual;2024;19,45
Turismo cultural;Gasto total;Tasa de variación anual;2023;45,93
Turismo cultural;Gasto total;Tasa de variación anual;2022;199,43
Turismo cultural;Gasto total;Tasa de variación anual;2021;50,60
Turismo cultural;Gasto total;Tasa de variación anual;2020;-78,27
Turismo cultural;Gasto total;Tasa de variación anual;2019;14,81
Turismo cultural;Gasto total;Tasa de variación anual;2018;-4,18
Turismo cultural;Gasto total;Tasa de variación anual;2017;62,52
Turismo cultural;Gasto total;Tasa de variación anual;2016;6,50
Turismo cultural;Gasto medio por persona;Dato base;2025;1.387
Turismo cultural;Gasto medio por persona;Dato base;2024;1.366
Turismo cultural;Gasto medio por persona;Dato base;2023;1.309
Turismo cultural;Gasto medio por persona;Dato base;2022;1.251
Turismo cultural;Gasto medio por persona;Dato base;2021;1.120
Turismo cultural;Gasto medio por persona;Dato base;2020;1.014
Turismo cultural;Gasto medio por persona;Dato base;2019;1.061
Turismo cultural;Gasto medio por persona;Dato base;2018;1.059
Turismo cultural;Gasto medio por persona;Dato base;2017;1.084
Turismo cultural;Gasto medio por persona;Dato base;2016;1.069
Turismo cultural;Gasto medio por persona;Tasa de variación anual;2025;1,57
Turismo cultural;Gasto medio por persona;Tasa de variación anual;2024;4,37
Turismo cultural;Gasto medio por persona;Tasa de variación anual;2023;4,58
Turismo cultural;Gasto medio por persona;Tasa de variación anual;2022;11,71
Turismo cultural;Gasto medio por persona;Tasa de variación anual;2021;10,44
Turismo cultural;Gasto medio por persona;Tasa de variación anual;2020;-4,38
Turismo cultural;Gasto medio por persona;Tasa de variación anual;2019;0,12
Turismo cultural;Gasto medio por persona;Tasa de variación anual;2018;-2,28
Turismo cultural;Gasto medio por persona;Tasa de variación anual;2017;1,42
Turismo cultural;Gasto medio por persona;Tasa de variación anual;2016;-5,08
Turismo cultural;Gasto medio diario por persona;Dato base;2025;249
Turismo cultural;Gasto medio diario por persona;Dato base;2024;235
Turismo cultural;Gasto medio diario por persona;Dato base;2023;208
Turismo cultural;Gasto medio diario por persona;Dato base;2022;205
Turismo cultural;Gasto medio diario por persona;Dato base;2021;182
Turismo cultural;Gasto medio diario por persona;Dato base;2020;166
Turismo cultural;Gasto medio diario por persona;Dato base;2019;183
Turismo cultural;Gasto medio diario por persona;Dato base;2018;172
Turismo cultural;Gasto medio diario por persona;Dato base;2017;169
Turismo cultural;Gasto medio diario por persona;Dato base;2016;184
Turismo cultural;Gasto medio diario por persona;Tasa de variación anual;2025;5,97
Turismo cultural;Gasto medio diario por persona;Tasa de variación anual;2024;12,80
Turismo cultural;Gasto medio diario por persona;Tasa de variación anual;2023;1,66
Turismo cultural;Gasto medio diario por persona;Tasa de variación anual;2022;12,72
Turismo cultural;Gasto medio diario por persona;Tasa de variación anual;2021;9,13
Turismo cultural;Gasto medio diario por persona;Tasa de variación anual;2020;-9,26
Turismo cultural;Gasto medio diario por persona;Tasa de variación anual;2019;6,73
Turismo cultural;Gasto medio diario por persona;Tasa de variación anual;2018;1,81
Turismo cultural;Gasto medio diario por persona;Tasa de variación anual;2017;-8,06
Turismo cultural;Gasto medio diario por persona;Tasa de variación anual;2016;-9,25
Turismo cultural;Duración media de los viajes;Dato base;2025;5,57
Turismo cultural;Duración media de los viajes;Dato base;2024;5,82
Turismo cultural;Duración media de los viajes;Dato base;2023;6,29
Turismo cultural;Duración media de los viajes;Dato base;2022;6,11
Turismo cultural;Duración media de los viajes;Dato base;2021;6,17
Turismo cultural;Duración media de los viajes;Dato base;2020;6,09
Turismo cultural;Duración media de los viajes;Dato base;2019;5,78
Turismo cultural;Duración media de los viajes;Dato base;2018;6,16
Turismo cultural;Duración media de los viajes;Dato base;2017;6,42
Turismo cultural;Duración media de los viajes;Dato base;2016;5,82
Turismo cultural;Duración media de los viajes;Tasa de variación anual;2025;-4,16
Turismo cultural;Duración media de los viajes;Tasa de variación anual;2024;-7,47
Turismo cultural;Duración media de los viajes;Tasa de variación anual;2023;2,88
Turismo cultural;Duración media de los viajes;Tasa de variación anual;2022;-0,89
Turismo cultural;Duración media de los viajes;Tasa de variación anual;2021;1,20
Turismo cultural;Duración media de los viajes;Tasa de variación anual;2020;5,38
Turismo cultural;Duración media de los viajes;Tasa de variación anual;2019;-6,19
Turismo cultural;Duración media de los viajes;Tasa de variación anual;2018;-4,02
Turismo cultural;Duración media de los viajes;Tasa de variación anual;2017;10,30
Turismo cultural;Duración media de los viajes;Tasa de variación anual;2016;4,58
Práctica deportiva;Gasto total;Dato base;2025;2.187,90
Práctica deportiva;Gasto total;Dato base;2024;1.771,99
Práctica deportiva;Gasto total;Dato base;2023;1.551,25
Práctica deportiva;Gasto total;Dato base;2022;1.243,97
Práctica deportiva;Gasto total;Dato base;2021;650,70
Práctica deportiva;Gasto total;Dato base;2020;399,18
Práctica deportiva;Gasto total;Dato base;2019;1.428,50
Práctica deportiva;Gasto total;Dato base;2018;1.399,96
Práctica deportiva;Gasto total;Dato base;2017;1.254,95
Práctica deportiva;Gasto total;Dato base;2016;1.393,43
Práctica deportiva;Gasto total;Tasa de variación anual;2025;23,47
Práctica deportiva;Gasto total;Tasa de variación anual;2024;14,23
Práctica deportiva;Gasto total;Tasa de variación anual;2023;24,70
Práctica deportiva;Gasto total;Tasa de variación anual;2022;91,17
Práctica deportiva;Gasto total;Tasa de variación anual;2021;63,01
Práctica deportiva;Gasto total;Tasa de variación anual;2020;-72,06
Práctica deportiva;Gasto total;Tasa de variación anual;2019;2,04
Práctica deportiva;Gasto total;Tasa de variación anual;2018;11,55
Práctica deportiva;Gasto total;Tasa de variación anual;2017;-9,94
Práctica deportiva;Gasto total;Tasa de variación anual;2016;51,55
Práctica deportiva;Gasto medio por persona;Dato base;2025;1.279
Práctica deportiva;Gasto medio por persona;Dato base;2024;1.203
Práctica deportiva;Gasto medio por persona;Dato base;2023;1.206
Práctica deportiva;Gasto medio por persona;Dato base;2022;1.223
Práctica deportiva;Gasto medio por persona;Dato base;2021;1.099
Práctica deportiva;Gasto medio por persona;Dato base;2020;968
Práctica deportiva;Gasto medio por persona;Dato base;2019;947
Práctica deportiva;Gasto medio por persona;Dato base;2018;967
Práctica deportiva;Gasto medio por persona;Dato base;2017;986
Práctica deportiva;Gasto medio por persona;Dato base;2016;977
Práctica deportiva;Gasto medio por persona;Tasa de variación anual;2025;6,35
Práctica deportiva;Gasto medio por persona;Tasa de variación anual;2024;-0,27
Práctica deportiva;Gasto medio por persona;Tasa de variación anual;2023;-1,45
Práctica deportiva;Gasto medio por persona;Tasa de variación anual;2022;11,37
Práctica deportiva;Gasto medio por persona;Tasa de variación anual;2021;13,44
Práctica deportiva;Gasto medio por persona;Tasa de variación anual;2020;2,28
Práctica deportiva;Gasto medio por persona;Tasa de variación anual;2019;-2,07
Práctica deportiva;Gasto medio por persona;Tasa de variación anual;2018;-1,97
Práctica deportiva;Gasto medio por persona;Tasa de variación anual;2017;0,97
Práctica deportiva;Gasto medio por persona;Tasa de variación anual;2016;-1,36
Práctica deportiva;Gasto medio diario por persona;Dato base;2025;205
Práctica deportiva;Gasto medio diario por persona;Dato base;2024;188
Práctica deportiva;Gasto medio diario por persona;Dato base;2023;178
Práctica deportiva;Gasto medio diario por persona;Dato base;2022;176
Práctica deportiva;Gasto medio diario por persona;Dato base;2021;152
Práctica deportiva;Gasto medio diario por persona;Dato base;2020;138
Práctica deportiva;Gasto medio diario por persona;Dato base;2019;156
Práctica deportiva;Gasto medio diario por persona;Dato base;2018;160
Práctica deportiva;Gasto medio diario por persona;Dato base;2017;161
Práctica deportiva;Gasto medio diario por persona;Dato base;2016;153
Práctica deportiva;Gasto medio diario por persona;Tasa de variación anual;2025;8,78
Práctica deportiva;Gasto medio diario por persona;Tasa de variación anual;2024;5,92
Práctica deportiva;Gasto medio diario por persona;Tasa de variación anual;2023;0,89
Práctica deportiva;Gasto medio diario por persona;Tasa de variación anual;2022;16,24
Práctica deportiva;Gasto medio diario por persona;Tasa de variación anual;2021;10,02
Práctica deportiva;Gasto medio diario por persona;Tasa de variación anual;2020;-11,52
Práctica deportiva;Gasto medio diario por persona;Tasa de variación anual;2019;-2,53
Práctica deportiva;Gasto medio diario por persona;Tasa de variación anual;2018;-0,61
Práctica deportiva;Gasto medio diario por persona;Tasa de variación anual;2017;4,77
Práctica deportiva;Gasto medio diario por persona;Tasa de variación anual;2016;12,88
Práctica deportiva;Duración media de los viajes;Dato base;2025;6,25
Práctica deportiva;Duración media de los viajes;Dato base;2024;6,39
Práctica deportiva;Duración media de los viajes;Dato base;2023;6,79
Práctica deportiva;Duración media de los viajes;Dato base;2022;6,95
Práctica deportiva;Duración media de los viajes;Dato base;2021;7,25
Práctica deportiva;Duración media de los viajes;Dato base;2020;7,03
Práctica deportiva;Duración media de los viajes;Dato base;2019;6,08
Práctica deportiva;Duración media de los viajes;Dato base;2018;6,06
Práctica deportiva;Duración media de los viajes;Dato base;2017;6,14
Práctica deportiva;Duración media de los viajes;Dato base;2016;6,37
Práctica deportiva;Duración media de los viajes;Tasa de variación anual;2025;-2,23
Práctica deportiva;Duración media de los viajes;Tasa de variación anual;2024;-5,84
Práctica deportiva;Duración media de los viajes;Tasa de variación anual;2023;-2,32
Práctica deportiva;Duración media de los viajes;Tasa de variación anual;2022;-4,19
Práctica deportiva;Duración media de los viajes;Tasa de variación anual;2021;3,10
Práctica deportiva;Duración media de los viajes;Tasa de variación anual;2020;15,60
Práctica deportiva;Duración media de los viajes;Tasa de variación anual;2019;0,47
Práctica deportiva;Duración media de los viajes;Tasa de variación anual;2018;-1,36
Práctica deportiva;Duración media de los viajes;Tasa de variación anual;2017;-3,63
Práctica deportiva;Duración media de los viajes;Tasa de variación anual;2016;-12,61
Turismo de sol y playa;Gasto total;Dato base;2025;49.407,92
Turismo de sol y playa;Gasto total;Dato base;2024;47.277,65
Turismo de sol y playa;Gasto total;Dato base;2023;36.929,09
Turismo de sol y playa;Gasto total;Dato base;2022;34.467,32
Turismo de sol y playa;Gasto total;Dato base;2021;15.164,34
Turismo de sol y playa;Gasto total;Dato base;2020;7.438,14
Turismo de sol y playa;Gasto total;Dato base;2019;36.133,65
Turismo de sol y playa;Gasto total;Dato base;2018;38.935,71
Turismo de sol y playa;Gasto total;Dato base;2017;41.139,57
Turismo de sol y playa;Gasto total;Dato base;2016;39.959,69
Turismo de sol y playa;Gasto total;Tasa de variación anual;2025;4,51
Turismo de sol y playa;Gasto total;Tasa de variación anual;2024;28,02
Turismo de sol y playa;Gasto total;Tasa de variación anual;2023;7,14
Turismo de sol y playa;Gasto total;Tasa de variación anual;2022;127,29
Turismo de sol y playa;Gasto total;Tasa de variación anual;2021;103,87
Turismo de sol y playa;Gasto total;Tasa de variación anual;2020;-79,41
Turismo de sol y playa;Gasto total;Tasa de variación anual;2019;-7,20
Turismo de sol y playa;Gasto total;Tasa de variación anual;2018;-5,36
Turismo de sol y playa;Gasto total;Tasa de variación anual;2017;2,95
Turismo de sol y playa;Gasto total;Tasa de variación anual;2016;5,60
Turismo de sol y playa;Gasto medio por persona;Dato base;2025;1.408
Turismo de sol y playa;Gasto medio por persona;Dato base;2024;1.364
Turismo de sol y playa;Gasto medio por persona;Dato base;2023;1.270
Turismo de sol y playa;Gasto medio por persona;Dato base;2022;1.219
Turismo de sol y playa;Gasto medio por persona;Dato base;2021;1.144
Turismo de sol y playa;Gasto medio por persona;Dato base;2020;1.060
Turismo de sol y playa;Gasto medio por persona;Dato base;2019;1.118
Turismo de sol y playa;Gasto medio por persona;Dato base;2018;1.086
Turismo de sol y playa;Gasto medio por persona;Dato base;2017;1.051
Turismo de sol y playa;Gasto medio por persona;Dato base;2016;1.015
Turismo de sol y playa;Gasto medio por persona;Tasa de variación anual;2025;3,22
Turismo de sol y playa;Gasto medio por persona;Tasa de variación anual;2024;7,45
Turismo de sol y playa;Gasto medio por persona;Tasa de variación anual;2023;4,14
Turismo de sol y playa;Gasto medio por persona;Tasa de variación anual;2022;6,59
Turismo de sol y playa;Gasto medio por persona;Tasa de variación anual;2021;7,89
Turismo de sol y playa;Gasto medio por persona;Tasa de variación anual;2020;-5,18
Turismo de sol y playa;Gasto medio por persona;Tasa de variación anual;2019;2,95
Turismo de sol y playa;Gasto medio por persona;Tasa de variación anual;2018;3,34
Turismo de sol y playa;Gasto medio por persona;Tasa de variación anual;2017;3,50
Turismo de sol y playa;Gasto medio por persona;Tasa de variación anual;2016;-0,66
Turismo de sol y playa;Gasto medio diario por persona;Dato base;2025;186
Turismo de sol y playa;Gasto medio diario por persona;Dato base;2024;175
Turismo de sol y playa;Gasto medio diario por persona;Dato base;2023;166
Turismo de sol y playa;Gasto medio diario por persona;Dato base;2022;152
Turismo de sol y playa;Gasto medio diario por persona;Dato base;2021;134
Turismo de sol y playa;Gasto medio diario por persona;Dato base;2020;125
Turismo de sol y playa;Gasto medio diario por persona;Dato base;2019;138
Turismo de sol y playa;Gasto medio diario por persona;Dato base;2018;130
Turismo de sol y playa;Gasto medio diario por persona;Dato base;2017;123
Turismo de sol y playa;Gasto medio diario por persona;Dato base;2016;119
Turismo de sol y playa;Gasto medio diario por persona;Tasa de variación anual;2025;5,95
Turismo de sol y playa;Gasto medio diario por persona;Tasa de variación anual;2024;5,59
Turismo de sol y playa;Gasto medio diario por persona;Tasa de variación anual;2023;9,56
Turismo de sol y playa;Gasto medio diario por persona;Tasa de variación anual;2022;12,98
Turismo de sol y playa;Gasto medio diario por persona;Tasa de variación anual;2021;6,96
Turismo de sol y playa;Gasto medio diario por persona;Tasa de variación anual;2020;-8,98
Turismo de sol y playa;Gasto medio diario por persona;Tasa de variación anual;2019;5,92
Turismo de sol y playa;Gasto medio diario por persona;Tasa de variación anual;2018;5,59
Turismo de sol y playa;Gasto medio diario por persona;Tasa de variación anual;2017;3,27
Turismo de sol y playa;Gasto medio diario por persona;Tasa de variación anual;2016;4,26
Turismo de sol y playa;Duración media de los viajes;Dato base;2025;7,58
Turismo de sol y playa;Duración media de los viajes;Dato base;2024;7,78
Turismo de sol y playa;Duración media de los viajes;Dato base;2023;7,65
Turismo de sol y playa;Duración media de los viajes;Dato base;2022;8,05
Turismo de sol y playa;Duración media de los viajes;Dato base;2021;8,53
Turismo de sol y playa;Duración media de los viajes;Dato base;2020;8,46
Turismo de sol y playa;Duración media de los viajes;Dato base;2019;8,12
Turismo de sol y playa;Duración media de los viajes;Dato base;2018;8,35
Turismo de sol y playa;Duración media de los viajes;Dato base;2017;8,53
Turismo de sol y playa;Duración media de los viajes;Dato base;2016;8,51
Turismo de sol y playa;Duración media de los viajes;Tasa de variación anual;2025;-2,58
Turismo de sol y playa;Duración media de los viajes;Tasa de variación anual;2024;1,76
Turismo de sol y playa;Duración media de los viajes;Tasa de variación anual;2023;-4,94
Turismo de sol y playa;Duración media de los viajes;Tasa de variación anual;2022;-5,66
Turismo de sol y playa;Duración media de los viajes;Tasa de variación anual;2021;0,87
Turismo de sol y playa;Duración media de los viajes;Tasa de variación anual;2020;4,18
Turismo de sol y playa;Duración media de los viajes;Tasa de variación anual;2019;-2,80
Turismo de sol y playa;Duración media de los viajes;Tasa de variación anual;2018;-2,13
Turismo de sol y playa;Duración media de los viajes;Tasa de variación anual;2017;0,22
Turismo de sol y playa;Duración media de los viajes;Tasa de variación anual;2016;-4,72
Otro tipo de ocio;Gasto total;Dato base;2025;31.685,03
Otro tipo de ocio;Gasto total;Dato base;2024;32.539,01
Otro tipo de ocio;Gasto total;Dato base;2023;33.029,45
Otro tipo de ocio;Gasto total;Dato base;2022;24.321,03
Otro tipo de ocio;Gasto total;Dato base;2021;8.587,96
Otro tipo de ocio;Gasto total;Dato base;2020;5.227,99
Otro tipo de ocio;Gasto total;Dato base;2019;27.426,94
Otro tipo de ocio;Gasto total;Dato base;2018;24.409,15
Otro tipo de ocio;Gasto total;Dato base;2017;18.551,31
Otro tipo de ocio;Gasto total;Dato base;2016;15.445,16
Otro tipo de ocio;Gasto total;Tasa de variación anual;2025;-2,62
Otro tipo de ocio;Gasto total;Tasa de variación anual;2024;-1,48
Otro tipo de ocio;Gasto total;Tasa de variación anual;2023;35,81
Otro tipo de ocio;Gasto total;Tasa de variación anual;2022;183,20
Otro tipo de ocio;Gasto total;Tasa de variación anual;2021;64,27
Otro tipo de ocio;Gasto total;Tasa de variación anual;2020;-80,94
Otro tipo de ocio;Gasto total;Tasa de variación anual;2019;12,36
Otro tipo de ocio;Gasto total;Tasa de variación anual;2018;31,58
Otro tipo de ocio;Gasto total;Tasa de variación anual;2017;20,11
Otro tipo de ocio;Gasto total;Tasa de variación anual;2016;20,61
Otro tipo de ocio;Gasto medio por persona;Dato base;2025;1.308
Otro tipo de ocio;Gasto medio por persona;Dato base;2024;1.263
Otro tipo de ocio;Gasto medio por persona;Dato base;2023;1.238
Otro tipo de ocio;Gasto medio por persona;Dato base;2022;1.166
Otro tipo de ocio;Gasto medio por persona;Dato base;2021;1.070
Otro tipo de ocio;Gasto medio por persona;Dato base;2020;1.084
Otro tipo de ocio;Gasto medio por persona;Dato base;2019;1.110
Otro tipo de ocio;Gasto medio por persona;Dato base;2018;1.095
Otro tipo de ocio;Gasto medio por persona;Dato base;2017;1.040
Otro tipo de ocio;Gasto medio por persona;Dato base;2016;995
Otro tipo de ocio;Gasto medio por persona;Tasa de variación anual;2025;3,58
Otro tipo de ocio;Gasto medio por persona;Tasa de variación anual;2024;1,95
Otro tipo de ocio;Gasto medio por persona;Tasa de variación anual;2023;6,18
Otro tipo de ocio;Gasto medio por persona;Tasa de variación anual;2022;9,01
Otro tipo de ocio;Gasto medio por persona;Tasa de variación anual;2021;-1,27
Otro tipo de ocio;Gasto medio por persona;Tasa de variación anual;2020;-2,36
Otro tipo de ocio;Gasto medio por persona;Tasa de variación anual;2019;1,32
Otro tipo de ocio;Gasto medio por persona;Tasa de variación anual;2018;5,27
Otro tipo de ocio;Gasto medio por persona;Tasa de variación anual;2017;4,55
Otro tipo de ocio;Gasto medio por persona;Tasa de variación anual;2016;1,92
Otro tipo de ocio;Gasto medio diario por persona;Dato base;2025;196
Otro tipo de ocio;Gasto medio diario por persona;Dato base;2024;198
Otro tipo de ocio;Gasto medio diario por persona;Dato base;2023;192
Otro tipo de ocio;Gasto medio diario por persona;Dato base;2022;172
Otro tipo de ocio;Gasto medio diario por persona;Dato base;2021;139
Otro tipo de ocio;Gasto medio diario por persona;Dato base;2020;148
Otro tipo de ocio;Gasto medio diario por persona;Dato base;2019;176
Otro tipo de ocio;Gasto medio diario por persona;Dato base;2018;169
Otro tipo de ocio;Gasto medio diario por persona;Dato base;2017;163
Otro tipo de ocio;Gasto medio diario por persona;Dato base;2016;150
Otro tipo de ocio;Gasto medio diario por persona;Tasa de variación anual;2025;-0,86
Otro tipo de ocio;Gasto medio diario por persona;Tasa de variación anual;2024;2,98
Otro tipo de ocio;Gasto medio diario por persona;Tasa de variación anual;2023;12,07
Otro tipo de ocio;Gasto medio diario por persona;Tasa de variación anual;2022;23,27
Otro tipo de ocio;Gasto medio diario por persona;Tasa de variación anual;2021;-5,83
Otro tipo de ocio;Gasto medio diario por persona;Tasa de variación anual;2020;-16,05
Otro tipo de ocio;Gasto medio diario por persona;Tasa de variación anual;2019;4,08
Otro tipo de ocio;Gasto medio diario por persona;Tasa de variación anual;2018;3,72
Otro tipo de ocio;Gasto medio diario por persona;Tasa de variación anual;2017;8,52
Otro tipo de ocio;Gasto medio diario por persona;Tasa de variación anual;2016;9,29
Otro tipo de ocio;Duración media de los viajes;Dato base;2025;6,66
Otro tipo de ocio;Duración media de los viajes;Dato base;2024;6,37
Otro tipo de ocio;Duración media de los viajes;Dato base;2023;6,44
Otro tipo de ocio;Duración media de los viajes;Dato base;2022;6,79
Otro tipo de ocio;Duración media de los viajes;Dato base;2021;7,68
Otro tipo de ocio;Duración media de los viajes;Dato base;2020;7,33
Otro tipo de ocio;Duración media de los viajes;Dato base;2019;6,30
Otro tipo de ocio;Duración media de los viajes;Dato base;2018;6,47
Otro tipo de ocio;Duración media de los viajes;Dato base;2017;6,37
Otro tipo de ocio;Duración media de los viajes;Dato base;2016;6,62
Otro tipo de ocio;Duración media de los viajes;Tasa de variación anual;2025;4,49
Otro tipo de ocio;Duración media de los viajes;Tasa de variación anual;2024;-1,00
Otro tipo de ocio;Duración media de los viajes;Tasa de variación anual;2023;-5,26
Otro tipo de ocio;Duración media de los viajes;Tasa de variación anual;2022;-11,57
Otro tipo de ocio;Duración media de los viajes;Tasa de variación anual;2021;4,85
Otro tipo de ocio;Duración media de los viajes;Tasa de variación anual;2020;16,31
Otro tipo de ocio;Duración media de los viajes;Tasa de variación anual;2019;-2,65
Otro tipo de ocio;Duración media de los viajes;Tasa de variación anual;2018;1,50
Otro tipo de ocio;Duración media de los viajes;Tasa de variación anual;2017;-3,66
Otro tipo de ocio;Duración media de los viajes;Tasa de variación anual;2016;-6,74
Otros;Gasto total;Dato base;2025;1.477,89
Otros;Gasto total;Dato base;2024;1.121,44
Otros;Gasto total;Dato base;2023;1.193,20
Otros;Gasto total;Dato base;2022;735,83
Otros;Gasto total;Dato base;2021;372,06
Otros;Gasto total;Dato base;2020;201,44
Otros;Gasto total;Dato base;2019;471,24
Otros;Gasto total;Dato base;2018;1.052,21
Otros;Gasto total;Dato base;2017;545,39
Otros;Gasto total;Dato base;2016;545,57
Otros;Gasto total;Tasa de variación anual;2025;31,79
Otros;Gasto total;Tasa de variación anual;2024;-6,01
Otros;Gasto total;Tasa de variación anual;2023;62,16
Otros;Gasto total;Tasa de variación anual;2022;97,77
Otros;Gasto total;Tasa de variación anual;2021;84,70
Otros;Gasto total;Tasa de variación anual;2020;-57,25
Otros;Gasto total;Tasa de variación anual;2019;-55,21
Otros;Gasto total;Tasa de variación anual;2018;92,93
Otros;Gasto total;Tasa de variación anual;2017;-0,03
Otros;Gasto total;Tasa de variación anual;2016;100,43
Otros;Gasto medio por persona;Dato base;2025;1.011
Otros;Gasto medio por persona;Dato base;2024;833
Otros;Gasto medio por persona;Dato base;2023;898
Otros;Gasto medio por persona;Dato base;2022;750
Otros;Gasto medio por persona;Dato base;2021;726
Otros;Gasto medio por persona;Dato base;2020;676
Otros;Gasto medio por persona;Dato base;2019;648
Otros;Gasto medio por persona;Dato base;2018;784
Otros;Gasto medio por persona;Dato base;2017;628
Otros;Gasto medio por persona;Dato base;2016;751
Otros;Gasto medio por persona;Tasa de variación anual;2025;21,44
Otros;Gasto medio por persona;Tasa de variación anual;2024;-7,33
Otros;Gasto medio por persona;Tasa de variación anual;2023;19,79
Otros;Gasto medio por persona;Tasa de variación anual;2022;3,24
Otros;Gasto medio por persona;Tasa de variación anual;2021;7,40
Otros;Gasto medio por persona;Tasa de variación anual;2020;4,41
Otros;Gasto medio por persona;Tasa de variación anual;2019;-17,36
Otros;Gasto medio por persona;Tasa de variación anual;2018;24,85
Otros;Gasto medio por persona;Tasa de variación anual;2017;-16,40
Otros;Gasto medio por persona;Tasa de variación anual;2016;14,92
Otros;Gasto medio diario por persona;Dato base;2025;164
Otros;Gasto medio diario por persona;Dato base;2024;145
Otros;Gasto medio diario por persona;Dato base;2023;150
Otros;Gasto medio diario por persona;Dato base;2022;158
Otros;Gasto medio diario por persona;Dato base;2021;126
Otros;Gasto medio diario por persona;Dato base;2020;93
Otros;Gasto medio diario por persona;Dato base;2019;111
Otros;Gasto medio diario por persona;Dato base;2018;125
Otros;Gasto medio diario por persona;Dato base;2017;114
Otros;Gasto medio diario por persona;Dato base;2016;93
Otros;Gasto medio diario por persona;Tasa de variación anual;2025;12,91
Otros;Gasto medio diario por persona;Tasa de variación anual;2024;-2,72
Otros;Gasto medio diario por persona;Tasa de variación anual;2023;-5,54
Otros;Gasto medio diario por persona;Tasa de variación anual;2022;25,87
Otros;Gasto medio diario por persona;Tasa de variación anual;2021;34,78
Otros;Gasto medio diario por persona;Tasa de variación anual;2020;-16,08
Otros;Gasto medio diario por persona;Tasa de variación anual;2019;-10,86
Otros;Gasto medio diario por persona;Tasa de variación anual;2018;9,86
Otros;Gasto medio diario por persona;Tasa de variación anual;2017;21,73
Otros;Gasto medio diario por persona;Tasa de variación anual;2016;0,89
Otros;Duración media de los viajes;Dato base;2025;6,15
Otros;Duración media de los viajes;Dato base;2024;5,72
Otros;Duración media de los viajes;Dato base;2023;6,01
Otros;Duración media de los viajes;Dato base;2022;4,74
Otros;Duración media de los viajes;Dato base;2021;5,78
Otros;Duración media de los viajes;Dato base;2020;7,25
Otros;Duración media de los viajes;Dato base;2019;5,83
Otros;Duración media de los viajes;Dato base;2018;6,28
Otros;Duración media de los viajes;Dato base;2017;5,53
Otros;Duración media de los viajes;Dato base;2016;8,05
Otros;Duración media de los viajes;Tasa de variación anual;2025;7,56
Otros;Duración media de los viajes;Tasa de variación anual;2024;-4,74
Otros;Duración media de los viajes;Tasa de variación anual;2023;26,81
Otros;Duración media de los viajes;Tasa de variación anual;2022;-17,98
Otros;Duración media de los viajes;Tasa de variación anual;2021;-20,32
Otros;Duración media de los viajes;Tasa de variación anual;2020;24,42
Otros;Duración media de los viajes;Tasa de variación anual;2019;-7,28
Otros;Duración media de los viajes;Tasa de variación anual;2018;13,65
Otros;Duración media de los viajes;Tasa de variación anual;2017;-31,33
Otros;Duración media de los viajes;Tasa de variación anual;2016;13,90
